countrycode,period,variable,category,share,d_prev,d_next,flag
ARG,2021Q1,educat7,1,7.478604781912039,,0.545871432238072,
ARG,2021Q2,educat7,1,8.024476214150111,0.545871432238072,0.2490563387452145,
ARG,2021Q3,educat7,1,8.273532552895325,0.2490563387452145,0.5693153348512556,
ARG,2021Q4,educat7,1,8.842847887746581,0.5693153348512556,-0.9400239310565484,
ARG,2022Q1,educat7,1,7.902823956690033,-0.9400239310565484,-0.25831768066060334,
ARG,2022Q2,educat7,1,7.644506276029429,-0.25831768066060334,0.3705335424052203,
ARG,2022Q3,educat7,1,8.01503981843465,0.3705335424052203,0.10008523007604175,
ARG,2022Q4,educat7,1,8.115125048510691,0.10008523007604175,-0.49481419622441614,
ARG,2023Q1,educat7,1,7.620310852286275,-0.49481419622441614,-0.2634490046488862,
ARG,2023Q2,educat7,1,7.356861847637389,-0.2634490046488862,0.046709970394753775,
ARG,2023Q3,educat7,1,7.403571818032143,0.046709970394753775,0.3850812882264991,
ARG,2023Q4,educat7,1,7.788653106258642,0.3850812882264991,-0.8711381651643766,
ARG,2024Q1,educat7,1,6.917514941094265,-0.8711381651643766,0.28039571154118104,
ARG,2024Q2,educat7,1,7.197910652635446,0.28039571154118104,0.1915889611786854,
ARG,2024Q3,educat7,1,7.389499613814132,0.1915889611786854,0.0019439849777258544,
ARG,2024Q4,educat7,1,7.391443598791858,0.0019439849777258544,-1.1631428864096014,
ARG,2025Q1,educat7,1,6.228300712382256,-1.1631428864096014,0.25418780966784205,
ARG,2025Q2,educat7,1,6.482488522050098,0.25418780966784205,0.34329350809318715,
ARG,2025Q3,educat7,1,6.825782030143285,0.34329350809318715,-0.25674879658438154,
ARG,2025Q4,educat7,1,6.569033233558904,-0.25674879658438154,-0.18577878847526375,
ARG,2026Q1,educat7,1,6.38325444508364,-0.18577878847526375,,
ARG,2021Q1,educat7,2,14.848653135899859,,-0.4293067135210631,
ARG,2021Q2,educat7,2,14.419346422378796,-0.4293067135210631,0.5004203287478024,
ARG,2021Q3,educat7,2,14.919766751126598,0.5004203287478024,-0.2798090701097955,
ARG,2021Q4,educat7,2,14.639957681016803,-0.2798090701097955,0.3689568817517106,
ARG,2022Q1,educat7,2,15.008914562768513,0.3689568817517106,-0.06614309925306117,
ARG,2022Q2,educat7,2,14.942771463515452,-0.06614309925306117,0.041585029695536235,
ARG,2022Q3,educat7,2,14.984356493210989,0.041585029695536235,-0.25109021757719496,
ARG,2022Q4,educat7,2,14.733266275633794,-0.25109021757719496,-0.4696259437521313,
ARG,2023Q1,educat7,2,14.263640331881662,-0.4696259437521313,0.4328718075545268,
ARG,2023Q2,educat7,2,14.696512139436189,0.4328718075545268,0.5518947286619351,
ARG,2023Q3,educat7,2,15.248406868098124,0.5518947286619351,-0.47315330892280194,
ARG,2023Q4,educat7,2,14.775253559175322,-0.47315330892280194,-0.21779454171273827,
ARG,2024Q1,educat7,2,14.557459017462584,-0.21779454171273827,-0.1819841190411946,
ARG,2024Q2,educat7,2,14.37547489842139,-0.1819841190411946,0.36163691580428114,
ARG,2024Q3,educat7,2,14.73711181422567,0.36163691580428114,-0.13155391155227392,
ARG,2024Q4,educat7,2,14.605557902673397,-0.13155391155227392,-0.27863560536274257,
ARG,2025Q1,educat7,2,14.326922297310654,-0.27863560536274257,0.31921494044313725,
ARG,2025Q2,educat7,2,14.646137237753791,0.31921494044313725,-0.18697785759621155,
ARG,2025Q3,educat7,2,14.45915938015758,-0.18697785759621155,0.6445216186988354,
ARG,2025Q4,educat7,2,15.103680998856415,0.6445216186988354,-0.9055438467755597,
ARG,2026Q1,educat7,2,14.198137152080855,-0.9055438467755597,,
ARG,2021Q1,educat7,3,11.066180888917184,,-0.3869480052664471,
ARG,2021Q2,educat7,3,10.679232883650737,-0.3869480052664471,-0.09828799647708664,
ARG,2021Q3,educat7,3,10.58094488717365,-0.09828799647708664,0.28267995548158886,
ARG,2021Q4,educat7,3,10.86362484265524,0.28267995548158886,-0.22254507215170172,
ARG,2022Q1,educat7,3,10.641079770503538,-0.22254507215170172,0.2686668449241836,
ARG,2022Q2,educat7,3,10.909746615427721,0.2686668449241836,0.1279501782440633,
ARG,2022Q3,educat7,3,11.037696793671785,0.1279501782440633,-0.5593020266732616,
ARG,2022Q4,educat7,3,10.478394766998523,-0.5593020266732616,0.3837943027370887,
ARG,2023Q1,educat7,3,10.862189069735612,0.3837943027370887,-0.2963925061758026,
ARG,2023Q2,educat7,3,10.56579656355981,-0.2963925061758026,-0.42386282442029,
ARG,2023Q3,educat7,3,10.14193373913952,-0.42386282442029,0.3556650303250777,
ARG,2023Q4,educat7,3,10.497598769464597,0.3556650303250777,-0.3685468861510781,
ARG,2024Q1,educat7,3,10.129051883313519,-0.3685468861510781,0.3301713074630097,
ARG,2024Q2,educat7,3,10.459223190776529,0.3301713074630097,-0.5521820239181565,
ARG,2024Q3,educat7,3,9.907041166858372,-0.5521820239181565,-0.27280420005791406,
ARG,2024Q4,educat7,3,9.634236966800458,-0.27280420005791406,0.5349254243642942,
ARG,2025Q1,educat7,3,10.169162391164752,0.5349254243642942,-0.2445878443973708,
ARG,2025Q2,educat7,3,9.924574546767381,-0.2445878443973708,0.2638423395155627,
ARG,2025Q3,educat7,3,10.188416886282944,0.2638423395155627,0.43551708978218073,
ARG,2025Q4,educat7,3,10.623933976065125,0.43551708978218073,0.08839021833952643,
ARG,2026Q1,educat7,3,10.712324194404651,0.08839021833952643,,
ARG,2021Q1,educat7,4,21.491826088381288,,0.15726285765475723,
ARG,2021Q2,educat7,4,21.649088946036045,0.15726285765475723,-1.2120443066926896,
ARG,2021Q3,educat7,4,20.437044639343355,-1.2120443066926896,-0.10588494365170575,
ARG,2021Q4,educat7,4,20.33115969569165,-0.10588494365170575,0.3839108598007499,
ARG,2022Q1,educat7,4,20.7150705554924,0.3839108598007499,-0.046517915658498055,
ARG,2022Q2,educat7,4,20.6685526398339,-0.046517915658498055,0.2920925636515328,
ARG,2022Q3,educat7,4,20.960645203485434,0.2920925636515328,-0.20223744950986244,
ARG,2022Q4,educat7,4,20.758407753975572,-0.20223744950986244,0.1944353450296994,
ARG,2023Q1,educat7,4,20.95284309900527,0.1944353450296994,0.18552580266582552,
ARG,2023Q2,educat7,4,21.138368901671097,0.18552580266582552,-1.1618614434899293,
ARG,2023Q3,educat7,4,19.976507458181167,-1.1618614434899293,0.15669556085697778,
ARG,2023Q4,educat7,4,20.133203019038145,0.15669556085697778,0.528077638074663,
ARG,2024Q1,educat7,4,20.66128065711281,0.528077638074663,0.4451761000961554,
ARG,2024Q2,educat7,4,21.106456757208964,0.4451761000961554,-0.8131809336892601,
ARG,2024Q3,educat7,4,20.293275823519703,-0.8131809336892601,-0.25791942084766717,
ARG,2024Q4,educat7,4,20.035356402672036,-0.25791942084766717,1.0644206013716975,
ARG,2025Q1,educat7,4,21.099777004043734,1.0644206013716975,-0.13546370954904674,
ARG,2025Q2,educat7,4,20.964313294494687,-0.13546370954904674,-0.155841111088467,
ARG,2025Q3,educat7,4,20.80847218340622,-0.155841111088467,-0.3562124915265734,
ARG,2025Q4,educat7,4,20.452259691879647,-0.3562124915265734,-0.2138209000270308,
ARG,2026Q1,educat7,4,20.238438791852616,-0.2138209000270308,,
ARG,2021Q1,educat7,5,18.73421788724725,,-0.7578148545834722,
ARG,2021Q2,educat7,5,17.97640303266378,-0.7578148545834722,0.4125904976803767,
ARG,2021Q3,educat7,5,18.388993530344155,0.4125904976803767,0.837584578297367,
ARG,2021Q4,educat7,5,19.226578108641522,0.837584578297367,0.2700307115388405,
ARG,2022Q1,educat7,5,19.496608820180363,0.2700307115388405,-0.03864214855783388,
ARG,2022Q2,educat7,5,19.45796667162253,-0.03864214855783388,-0.2812873273862806,
ARG,2022Q3,educat7,5,19.17667934423625,-0.2812873273862806,0.8303375592306956,
ARG,2022Q4,educat7,5,20.007016903466944,0.8303375592306956,0.8846163604445643,
ARG,2023Q1,educat7,5,20.89163326391151,0.8846163604445643,-0.9026289309873619,
ARG,2023Q2,educat7,5,19.989004332924146,-0.9026289309873619,0.2993058823945134,
ARG,2023Q3,educat7,5,20.28831021531866,0.2993058823945134,-0.0020183783510532294,
ARG,2023Q4,educat7,5,20.286291836967607,-0.0020183783510532294,1.0424695473146137,
ARG,2024Q1,educat7,5,21.32876138428222,1.0424695473146137,-1.162056400909691,
ARG,2024Q2,educat7,5,20.16670498337253,-1.162056400909691,0.21893243528743866,
ARG,2024Q3,educat7,5,20.385637418659968,0.21893243528743866,0.6317334656190958,
ARG,2024Q4,educat7,5,21.017370884279064,0.6317334656190958,0.3538019616094168,
ARG,2025Q1,educat7,5,21.37117284588848,0.3538019616094168,0.22681536289333692,
ARG,2025Q2,educat7,5,21.597988208781818,0.22681536289333692,-0.3571569047803038,
ARG,2025Q3,educat7,5,21.240831304001514,-0.3571569047803038,-0.3505264051319621,
ARG,2025Q4,educat7,5,20.89030489886955,-0.3505264051319621,0.7051154590537969,
ARG,2026Q1,educat7,5,21.59542035792335,0.7051154590537969,,
ARG,2021Q1,educat7,7,26.380517217642378,,0.8709352834781541,
ARG,2021Q2,educat7,7,27.251452501120532,0.8709352834781541,0.1482651379963862,
ARG,2021Q3,educat7,7,27.39971763911692,0.1482651379963862,-1.3038858548687138,
ARG,2021Q4,educat7,7,26.095831784248205,-1.3038858548687138,0.13967055011694995,
ARG,2022Q1,educat7,7,26.235502334365155,0.13967055011694995,0.14095399920581286,
ARG,2022Q2,educat7,7,26.376456333570967,0.14095399920581286,-0.5508739866100747,
ARG,2022Q3,educat7,7,25.825582346960893,-0.5508739866100747,0.08220690445358159,
ARG,2022Q4,educat7,7,25.907789251414474,0.08220690445358159,-0.4984058682348049,
ARG,2023Q1,educat7,7,25.40938338317967,-0.4984058682348049,0.8440728315917028,
ARG,2023Q2,educat7,7,26.253456214771372,0.8440728315917028,0.6878136864590161,
ARG,2023Q3,educat7,7,26.94126990123039,0.6878136864590161,-0.4222701921347003,
ARG,2023Q4,educat7,7,26.518999709095688,-0.4222701921347003,-0.11306759236108732,
ARG,2024Q1,educat7,7,26.4059321167346,-0.11306759236108732,0.2882974008505421,
ARG,2024Q2,educat7,7,26.694229517585143,0.2882974008505421,0.5932046453370106,
ARG,2024Q3,educat7,7,27.287434162922153,0.5932046453370106,0.02860008186103613,
ARG,2024Q4,educat7,7,27.31603424478319,0.02860008186103613,-0.5113694955730637,
ARG,2025Q1,educat7,7,26.804664749210126,-0.5113694955730637,-0.42016655905790046,
ARG,2025Q2,educat7,7,26.384498190152225,-0.42016655905790046,0.09284002585623341,
ARG,2025Q3,educat7,7,26.47733821600846,0.09284002585623341,-0.11655101523809819,
ARG,2025Q4,educat7,7,26.36078720077036,-0.11655101523809819,0.51163785788453,
ARG,2026Q1,educat7,7,26.87242505865489,0.51163785788453,,
ARG,2021Q1,empstat,1,71.7679630264997,,0.8777451831705605,
ARG,2021Q2,empstat,1,72.64570820967026,0.8777451831705605,-0.5997967931050852,
ARG,2021Q3,empstat,1,72.04591141656518,-0.5997967931050852,0.9621491156479323,
ARG,2021Q4,empstat,1,73.00806053221311,0.9621491156479323,0.459349651387825,
ARG,2022Q1,empstat,1,73.46741018360093,0.459349651387825,0.07956203623757574,
ARG,2022Q2,empstat,1,73.54697221983851,0.07956203623757574,-1.0958437230097076,
ARG,2022Q3,empstat,1,72.4511284968288,-1.0958437230097076,1.1261852704168689,
ARG,2022Q4,empstat,1,73.57731376724567,1.1261852704168689,0.6768211927482213,
ARG,2023Q1,empstat,1,74.25413495999389,0.6768211927482213,-0.0640462643866897,
ARG,2023Q2,empstat,1,74.1900886956072,-0.0640462643866897,0.6394562754226456,
ARG,2023Q3,empstat,1,74.82954497102985,0.6394562754226456,-1.1227064201474093,
ARG,2023Q4,empstat,1,73.70683855088244,-1.1227064201474093,0.9588070131316329,
ARG,2024Q1,empstat,1,74.66564556401407,0.9588070131316329,-0.9057190914076045,
ARG,2024Q2,empstat,1,73.75992647260647,-0.9057190914076045,-0.7006148607321734,
ARG,2024Q3,empstat,1,73.05931161187429,-0.7006148607321734,-0.7373569065254628,
ARG,2024Q4,empstat,1,72.32195470534883,-0.7373569065254628,0.335121808838835,
ARG,2025Q1,empstat,1,72.65707651418766,0.335121808838835,-0.2826759314021956,
ARG,2025Q2,empstat,1,72.37440058278547,-0.2826759314021956,-0.5174784116663034,
ARG,2025Q3,empstat,1,71.85692217111917,-0.5174784116663034,-0.3302240096288216,
ARG,2025Q4,empstat,1,71.52669816149034,-0.3302240096288216,0.2475688985757074,
ARG,2026Q1,empstat,1,71.77426706006605,0.2475688985757074,,
ARG,2021Q1,empstat,2,0.7314479643484841,,-0.2713044762318241,
ARG,2021Q2,empstat,2,0.46014348811666006,-0.2713044762318241,0.20877855654511301,
ARG,2021Q3,empstat,2,0.6689220446617731,0.20877855654511301,-0.23164880990915315,
ARG,2021Q4,empstat,2,0.4372732347526199,-0.23164880990915315,0.013975206022502296,
ARG,2022Q1,empstat,2,0.4512484407751222,0.013975206022502296,0.09819775307992501,
ARG,2022Q2,empstat,2,0.5494461938550472,0.09819775307992501,-0.03133385283557988,
ARG,2022Q3,empstat,2,0.5181123410194673,-0.03133385283557988,-0.07391551903614618,
ARG,2022Q4,empstat,2,0.44419682198332117,-0.07391551903614618,-0.09985024546252091,
ARG,2023Q1,empstat,2,0.34434657652080025,-0.09985024546252091,-0.01778891041479902,
ARG,2023Q2,empstat,2,0.32655766610600123,-0.01778891041479902,0.062037549164715045,
ARG,2023Q3,empstat,2,0.3885952152707163,0.062037549164715045,-0.07185309700222603,
ARG,2023Q4,empstat,2,0.31674211826849025,-0.07185309700222603,-0.04131739426512526,
ARG,2024Q1,empstat,2,0.275424724003365,-0.04131739426512526,-0.012826889954216936,
ARG,2024Q2,empstat,2,0.26259783404914805,-0.012826889954216936,0.08646605265376428,
ARG,2024Q3,empstat,2,0.34906388670291233,0.08646605265376428,-0.012072352715154888,
ARG,2024Q4,empstat,2,0.33699153398775744,-0.012072352715154888,0.07748762473607668,
ARG,2025Q1,empstat,2,0.4144791587238341,0.07748762473607668,-0.05257581275080464,
ARG,2025Q2,empstat,2,0.3619033459730295,-0.05257581275080464,0.02311759253085033,
ARG,2025Q3,empstat,2,0.3850209385038798,0.02311759253085033,0.023980272525978397,
ARG,2025Q4,empstat,2,0.4090012110298582,0.023980272525978397,-0.09523085678335097,
ARG,2026Q1,empstat,2,0.31377035424650723,-0.09523085678335097,,
ARG,2021Q1,empstat,3,3.074423298906934,,0.5836389772058665,
ARG,2021Q2,empstat,3,3.6580622761128008,0.5836389772058665,0.3210201437580458,
ARG,2021Q3,empstat,3,3.9790824198708465,0.3210201437580458,-0.4368346612847116,
ARG,2021Q4,empstat,3,3.542247758586135,-0.4368346612847116,-0.5347406723923189,
ARG,2022Q1,empstat,3,3.007507086193816,-0.5347406723923189,0.5846693221223385,
ARG,2022Q2,empstat,3,3.5921764083161545,0.5846693221223385,-0.08290961029313948,
ARG,2022Q3,empstat,3,3.509266798023015,-0.08290961029313948,0.08090499605684132,
ARG,2022Q4,empstat,3,3.5901717940798563,0.08090499605684132,-0.1696756072193799,
ARG,2023Q1,empstat,3,3.4204961868604764,-0.1696756072193799,-0.25050500843391177,
ARG,2023Q2,empstat,3,3.1699911784265646,-0.25050500843391177,0.052907371475862774,
ARG,2023Q3,empstat,3,3.2228985499024274,0.052907371475862774,0.19234151224610896,
ARG,2023Q4,empstat,3,3.4152400621485364,0.19234151224610896,-0.23753464848452976,
ARG,2024Q1,empstat,3,3.1777054136640066,-0.23753464848452976,-0.22050186702909036,
ARG,2024Q2,empstat,3,2.9572035466349162,-0.22050186702909036,0.33933057504634734,
ARG,2024Q3,empstat,3,3.2965341216812636,0.33933057504634734,0.2504637639485803,
ARG,2024Q4,empstat,3,3.546997885629844,0.2504637639485803,-0.14594580018234993,
ARG,2025Q1,empstat,3,3.401052085447494,-0.14594580018234993,0.11291072124001733,
ARG,2025Q2,empstat,3,3.5139628066875113,0.11291072124001733,-0.2911405099424731,
ARG,2025Q3,empstat,3,3.222822296745038,-0.2911405099424731,0.10566953378365218,
ARG,2025Q4,empstat,3,3.3284918305286904,0.10566953378365218,0.3522192575678109,
ARG,2026Q1,empstat,3,3.6807110880965013,0.3522192575678109,,
ARG,2021Q1,empstat,4,24.426165710244888,,-1.1900796841446066,
ARG,2021Q2,empstat,4,23.23608602610028,-1.1900796841446066,0.06999809280192082,
ARG,2021Q3,empstat,4,23.306084118902202,0.06999809280192082,-0.29366564445405885,
ARG,2021Q4,empstat,4,23.012418474448143,-0.29366564445405885,0.061415814981977235,
ARG,2022Q1,empstat,4,23.07383428943012,0.061415814981977235,-0.7624291114398325,
ARG,2022Q2,empstat,4,22.311405177990288,-0.7624291114398325,1.2100871861384235,
ARG,2022Q3,empstat,4,23.52149236412871,1.2100871861384235,-1.133174747437561,
ARG,2022Q4,empstat,4,22.38831761669115,-1.133174747437561,-0.4072953400663195,
ARG,2023Q1,empstat,4,21.98102227662483,-0.4072953400663195,0.33234018323540937,
ARG,2023Q2,empstat,4,22.31336245986024,0.33234018323540937,-0.7544011960632311,
ARG,2023Q3,empstat,4,21.55896126379701,-0.7544011960632311,1.0022180049035327,
ARG,2023Q4,empstat,4,22.561179268700542,1.0022180049035327,-0.679954970381992,
ARG,2024Q1,empstat,4,21.88122429831855,-0.679954970381992,1.1390478483909199,
ARG,2024Q2,empstat,4,23.02027214670947,1.1390478483909199,0.27481823303206454,
ARG,2024Q3,empstat,4,23.295090379741534,0.27481823303206454,0.4989654952920404,
ARG,2024Q4,empstat,4,23.794055875033575,0.4989654952920404,-0.2666636333925645,
ARG,2025Q1,empstat,4,23.52739224164101,-0.2666636333925645,0.22234102291297475,
ARG,2025Q2,empstat,4,23.749733264553985,0.22234102291297475,0.7855013290779382,
ARG,2025Q3,empstat,4,24.535234593631923,0.7855013290779382,0.20057420331918152,
ARG,2025Q4,empstat,4,24.735808796951105,0.20057420331918152,-0.5045572993601652,
ARG,2026Q1,empstat,4,24.23125149759094,-0.5045572993601652,,
ARG,2021Q1,industrycat10,1,0.49221385401269424,,0.09290584739314212,
ARG,2021Q2,industrycat10,1,0.5851197014058364,0.09290584739314212,0.08123049641675262,
ARG,2021Q3,industrycat10,1,0.666350197822589,0.08123049641675262,-0.13589925441114115,
ARG,2021Q4,industrycat10,1,0.5304509434114478,-0.13589925441114115,0.1329164483121702,
ARG,2022Q1,industrycat10,1,0.663367391723618,0.1329164483121702,-0.024328628179581924,
ARG,2022Q2,industrycat10,1,0.6390387635440361,-0.024328628179581924,-0.05086041700425903,
ARG,2022Q3,industrycat10,1,0.5881783465397771,-0.05086041700425903,0.1259880385018527,
ARG,2022Q4,industrycat10,1,0.7141663850416298,0.1259880385018527,-0.018605100652551165,
ARG,2023Q1,industrycat10,1,0.6955612843890786,-0.018605100652551165,-0.06676001819613575,
ARG,2023Q2,industrycat10,1,0.6288012661929429,-0.06676001819613575,-0.052630497791570585,
ARG,2023Q3,industrycat10,1,0.5761707684013723,-0.052630497791570585,-0.010041484029060133,
ARG,2023Q4,industrycat10,1,0.5661292843723121,-0.010041484029060133,0.031060207593786804,
ARG,2024Q1,industrycat10,1,0.5971894919660989,0.031060207593786804,0.1444839495792999,
ARG,2024Q2,industrycat10,1,0.7416734415453988,0.1444839495792999,-0.1838953379490601,
ARG,2024Q3,industrycat10,1,0.5577781035963387,-0.1838953379490601,0.007456261405672127,
ARG,2024Q4,industrycat10,1,0.5652343650020109,0.007456261405672127,-0.003464450373932282,
ARG,2025Q1,industrycat10,1,0.5617699146280786,-0.003464450373932282,0.004840437255259733,
ARG,2025Q2,industrycat10,1,0.5666103518833383,0.004840437255259733,-0.09464422273099804,
ARG,2025Q3,industrycat10,1,0.47196612915234026,-0.09464422273099804,0.1616676795013875,
ARG,2025Q4,industrycat10,1,0.6336338086537278,0.1616676795013875,-0.09760388623005178,
ARG,2026Q1,industrycat10,1,0.536029922423676,-0.09760388623005178,,
ARG,2021Q1,industrycat10,10,27.67520946233709,,0.22185333791797035,
ARG,2021Q2,industrycat10,10,27.89706280025506,0.22185333791797035,0.9050338273361973,
ARG,2021Q3,industrycat10,10,28.802096627591258,0.9050338273361973,-0.9474190528343591,
ARG,2021Q4,industrycat10,10,27.8546775747569,-0.9474190528343591,1.2309763484821552,
ARG,2022Q1,industrycat10,10,29.085653923239054,1.2309763484821552,-0.7834912258723783,
ARG,2022Q2,industrycat10,10,28.302162697366676,-0.7834912258723783,0.5111394119420183,
ARG,2022Q3,industrycat10,10,28.813302109308694,0.5111394119420183,-0.018427067371192152,
ARG,2022Q4,industrycat10,10,28.7948750419375,-0.018427067371192152,-0.6501900469623827,
ARG,2023Q1,industrycat10,10,28.14468499497512,-0.6501900469623827,-0.9613303114962726,
ARG,2023Q2,industrycat10,10,27.183354683478846,-0.9613303114962726,-0.07473837566264763,
ARG,2023Q3,industrycat10,10,27.1086163078162,-0.07473837566264763,0.7394421644196179,
ARG,2023Q4,industrycat10,10,27.848058472235817,0.7394421644196179,0.28354328735902,
ARG,2024Q1,industrycat10,10,28.131601759594837,0.28354328735902,0.10382426741498918,
ARG,2024Q2,industrycat10,10,28.235426027009826,0.10382426741498918,-0.181507875957017,
ARG,2024Q3,industrycat10,10,28.05391815105281,-0.181507875957017,-0.0029455613744779896,
ARG,2024Q4,industrycat10,10,28.05097258967833,-0.0029455613744779896,-0.8011947250149198,
ARG,2025Q1,industrycat10,10,27.24977786466341,-0.8011947250149198,0.8709441741898054,
ARG,2025Q2,industrycat10,10,28.120722038853216,0.8709441741898054,-0.43726309311546885,
ARG,2025Q3,industrycat10,10,27.683458945737748,-0.43726309311546885,0.05809293055873255,
ARG,2025Q4,industrycat10,10,27.74155187629648,0.05809293055873255,-1.1524204597409842,
ARG,2026Q1,industrycat10,10,26.589131416555496,-1.1524204597409842,,
ARG,2021Q1,industrycat10,2,0.4412540257304569,,0.00034417415803766893,
ARG,2021Q2,industrycat10,2,0.4415981998884946,0.00034417415803766893,-0.007665559056499682,
ARG,2021Q3,industrycat10,2,0.4339326408319949,-0.007665559056499682,-0.022917787604483875,
ARG,2021Q4,industrycat10,2,0.411014853227511,-0.022917787604483875,0.03215188174029765,
ARG,2022Q1,industrycat10,2,0.4431667349678087,0.03215188174029765,-0.12490954557007067,
ARG,2022Q2,industrycat10,2,0.318257189397738,-0.12490954557007067,0.03208057688345728,
ARG,2022Q3,industrycat10,2,0.3503377662811953,0.03208057688345728,0.05641964209062511,
ARG,2022Q4,industrycat10,2,0.4067574083718204,0.05641964209062511,-0.039403349908861185,
ARG,2023Q1,industrycat10,2,0.3673540584629592,-0.039403349908861185,-0.009455889311367538,
ARG,2023Q2,industrycat10,2,0.35789816915159167,-0.009455889311367538,0.12552989501166895,
ARG,2023Q3,industrycat10,2,0.4834280641632606,0.12552989501166895,-0.018186955257367632,
ARG,2023Q4,industrycat10,2,0.465241108905893,-0.018186955257367632,0.054176109184674526,
ARG,2024Q1,industrycat10,2,0.5194172180905675,0.054176109184674526,-0.040191210918458176,
ARG,2024Q2,industrycat10,2,0.47922600717210934,-0.040191210918458176,0.015304230618920611,
ARG,2024Q3,industrycat10,2,0.49453023779102995,0.015304230618920611,-0.0431929655962478,
ARG,2024Q4,industrycat10,2,0.45133727219478215,-0.0431929655962478,0.0037186834344150044,
ARG,2025Q1,industrycat10,2,0.45505595562919715,0.0037186834344150044,-0.0226645501214926,
ARG,2025Q2,industrycat10,2,0.43239140550770455,-0.0226645501214926,-0.0007449142165185108,
ARG,2025Q3,industrycat10,2,0.43164649129118604,-0.0007449142165185108,0.08814177213880037,
ARG,2025Q4,industrycat10,2,0.5197882634299864,0.08814177213880037,-0.1065273944456997,
ARG,2026Q1,industrycat10,2,0.4132608689842867,-0.1065273944456997,,
ARG,2021Q1,industrycat10,3,11.989130016582392,,-1.1051156878016393,
ARG,2021Q2,industrycat10,3,10.884014328780752,-1.1051156878016393,-0.5684737144818328,
ARG,2021Q3,industrycat10,3,10.31554061429892,-0.5684737144818328,1.5439308550995463,
ARG,2021Q4,industrycat10,3,11.859471469398466,1.5439308550995463,0.10903419458995423,
ARG,2022Q1,industrycat10,3,11.96850566398842,0.10903419458995423,-0.41659781018877773,
ARG,2022Q2,industrycat10,3,11.551907853799642,-0.41659781018877773,-0.2793756239401173,
ARG,2022Q3,industrycat10,3,11.272532229859525,-0.2793756239401173,0.7265012360761975,
ARG,2022Q4,industrycat10,3,11.999033465935723,0.7265012360761975,0.43061651483578345,
ARG,2023Q1,industrycat10,3,12.429649980771506,0.43061651483578345,-0.22164669352808986,
ARG,2023Q2,industrycat10,3,12.208003287243416,-0.22164669352808986,-0.7393347795574314,
ARG,2023Q3,industrycat10,3,11.468668507685985,-0.7393347795574314,-0.20113559937312608,
ARG,2023Q4,industrycat10,3,11.267532908312859,-0.20113559937312608,0.1765134521673879,
ARG,2024Q1,industrycat10,3,11.444046360480247,0.1765134521673879,-0.665961909407855,
ARG,2024Q2,industrycat10,3,10.778084451072392,-0.665961909407855,-0.3386632644212444,
ARG,2024Q3,industrycat10,3,10.439421186651147,-0.3386632644212444,-0.6562301793289596,
ARG,2024Q4,industrycat10,3,9.783191007322188,-0.6562301793289596,1.2255202577695705,
ARG,2025Q1,industrycat10,3,11.008711265091758,1.2255202577695705,-0.9960244666604741,
ARG,2025Q2,industrycat10,3,10.012686798431284,-0.9960244666604741,1.5045008987433945,
ARG,2025Q3,industrycat10,3,11.517187697174679,1.5045008987433945,-1.654370357253267,
ARG,2025Q4,industrycat10,3,9.862817339921412,-1.654370357253267,0.9571825472489373,
ARG,2026Q1,industrycat10,3,10.819999887170349,0.9571825472489373,,
ARG,2021Q1,industrycat10,4,1.1410377928134958,,0.5228468024118018,
ARG,2021Q2,industrycat10,4,1.6638845952252976,0.5228468024118018,-0.4305832581390565,
ARG,2021Q3,industrycat10,4,1.2333013370862411,-0.4305832581390565,-0.44234668515295195,
ARG,2021Q4,industrycat10,4,0.7909546519332892,-0.44234668515295195,0.188584646334659,
ARG,2022Q1,industrycat10,4,0.9795392982679482,0.188584646334659,-0.20980974992117007,
ARG,2022Q2,industrycat10,4,0.7697295483467781,-0.20980974992117007,0.36742299364310416,
ARG,2022Q3,industrycat10,4,1.1371525419898822,0.36742299364310416,-0.041839145003931044,
ARG,2022Q4,industrycat10,4,1.0953133969859512,-0.041839145003931044,0.024101044025859553,
ARG,2023Q1,industrycat10,4,1.1194144410118108,0.024101044025859553,0.009453999750099085,
ARG,2023Q2,industrycat10,4,1.1288684407619098,0.009453999750099085,-0.06059550788138157,
ARG,2023Q3,industrycat10,4,1.0682729328805283,-0.06059550788138157,-0.10944319428949922,
ARG,2023Q4,industrycat10,4,0.958829738591029,-0.10944319428949922,0.25892896802990106,
ARG,2024Q1,industrycat10,4,1.21775870662093,0.25892896802990106,0.02370789777024407,
ARG,2024Q2,industrycat10,4,1.2414666043911742,0.02370789777024407,-0.27000033110054966,
ARG,2024Q3,industrycat10,4,0.9714662732906245,-0.27000033110054966,0.024622127210563893,
ARG,2024Q4,industrycat10,4,0.9960884005011884,0.024622127210563893,-0.1375120381748286,
ARG,2025Q1,industrycat10,4,0.8585763623263598,-0.1375120381748286,0.2310947768269762,
ARG,2025Q2,industrycat10,4,1.089671139153336,0.2310947768269762,-0.12404300571811833,
ARG,2025Q3,industrycat10,4,0.9656281334352177,-0.12404300571811833,-0.05986251899622863,
ARG,2025Q4,industrycat10,4,0.9057656144389891,-0.05986251899622863,-0.010106022686361515,
ARG,2026Q1,industrycat10,4,0.8956595917526275,-0.010106022686361515,,
ARG,2021Q1,industrycat10,6,29.584684076188697,,0.015457141757668325,
ARG,2021Q2,industrycat10,6,29.600141217946366,0.015457141757668325,0.9033328714626414,
ARG,2021Q3,industrycat10,6,30.503474089409007,0.9033328714626414,0.45312507687156156,
ARG,2021Q4,industrycat10,6,30.95659916628057,0.45312507687156156,-1.173105442476082,
ARG,2022Q1,industrycat10,6,29.783493723804487,-1.173105442476082,1.962368459411202,
ARG,2022Q2,industrycat10,6,31.74586218321569,1.962368459411202,-0.04224835137828009,
ARG,2022Q3,industrycat10,6,31.70361383183741,-0.04224835137828009,-0.789614385236348,
ARG,2022Q4,industrycat10,6,30.91399944660106,-0.789614385236348,-0.20805485149825031,
ARG,2023Q1,industrycat10,6,30.70594459510281,-0.20805485149825031,0.8682237200300662,
ARG,2023Q2,industrycat10,6,31.574168315132876,0.8682237200300662,1.1191726780829647,
ARG,2023Q3,industrycat10,6,32.69334099321584,1.1191726780829647,-0.610583099019415,
ARG,2023Q4,industrycat10,6,32.082757894196426,-0.610583099019415,-1.320456926858494,
ARG,2024Q1,industrycat10,6,30.762300967337932,-1.320456926858494,0.37237961119848606,
ARG,2024Q2,industrycat10,6,31.13468057853642,0.37237961119848606,1.4740788207472448,
ARG,2024Q3,industrycat10,6,32.60875939928366,1.4740788207472448,-0.3326430150772737,
ARG,2024Q4,industrycat10,6,32.27611638420639,-0.3326430150772737,0.09635387311460875,
ARG,2025Q1,industrycat10,6,32.372470257321,0.09635387311460875,1.4321840140802777,
ARG,2025Q2,industrycat10,6,33.804654271401276,1.4321840140802777,-1.992364454785072,
ARG,2025Q3,industrycat10,6,31.812289816616204,-1.992364454785072,1.4515004498673854,
ARG,2025Q4,industrycat10,6,33.26379026648359,1.4515004498673854,-0.2054371458974913,
ARG,2026Q1,industrycat10,6,33.0583531205861,-0.2054371458974913,,
ARG,2021Q1,industrycat10,7,7.860507610298693,,0.15441208242708004,
ARG,2021Q2,industrycat10,7,8.014919692725773,0.15441208242708004,-0.3594426828597168,
ARG,2021Q3,industrycat10,7,7.655477009866056,-0.3594426828597168,-0.19394435242768093,
ARG,2021Q4,industrycat10,7,7.461532657438375,-0.19394435242768093,0.5968180531517673,
ARG,2022Q1,industrycat10,7,8.058350710590142,0.5968180531517673,-0.7049256861640263,
ARG,2022Q2,industrycat10,7,7.353425024426116,-0.7049256861640263,-0.4028679903958139,
ARG,2022Q3,industrycat10,7,6.950557034030302,-0.4028679903958139,0.2627240505213688,
ARG,2022Q4,industrycat10,7,7.213281084551671,0.2627240505213688,0.3498050898013769,
ARG,2023Q1,industrycat10,7,7.563086174353048,0.3498050898013769,-0.3060431630220215,
ARG,2023Q2,industrycat10,7,7.257043011331026,-0.3060431630220215,-0.13115016498547227,
ARG,2023Q3,industrycat10,7,7.125892846345554,-0.13115016498547227,0.1269964073919061,
ARG,2023Q4,industrycat10,7,7.25288925373746,0.1269964073919061,0.6215935099318237,
ARG,2024Q1,industrycat10,7,7.874482763669284,0.6215935099318237,0.47821891458805954,
ARG,2024Q2,industrycat10,7,8.352701678257343,0.47821891458805954,-0.6628982366159359,
ARG,2024Q3,industrycat10,7,7.689803441641407,-0.6628982366159359,0.6499187983141574,
ARG,2024Q4,industrycat10,7,8.339722239955565,0.6499187983141574,0.3713995508478174,
ARG,2025Q1,industrycat10,7,8.711121790803382,0.3713995508478174,-0.5554172901580685,
ARG,2025Q2,industrycat10,7,8.155704500645314,-0.5554172901580685,0.7688922643909315,
ARG,2025Q3,industrycat10,7,8.924596765036245,0.7688922643909315,-0.8419111150772682,
ARG,2025Q4,industrycat10,7,8.082685649958977,-0.8419111150772682,0.29506446146030463,
ARG,2026Q1,industrycat10,7,8.377750111419282,0.29506446146030463,,
ARG,2021Q1,industrycat10,8,11.37474110095429,,-0.43958117079541204,
ARG,2021Q2,industrycat10,8,10.935159930158878,-0.43958117079541204,-0.4153066431370629,
ARG,2021Q3,industrycat10,8,10.519853287021816,-0.4153066431370629,0.8082814140462844,
ARG,2021Q4,industrycat10,8,11.3281347010681,0.8082814140462844,-0.5850842330006518,
ARG,2022Q1,industrycat10,8,10.743050468067448,-0.5850842330006518,-0.23095824182562197,
ARG,2022Q2,industrycat10,8,10.512092226241826,-0.23095824182562197,0.2525195036928025,
ARG,2022Q3,industrycat10,8,10.764611729934629,0.2525195036928025,-0.21815094890711606,
ARG,2022Q4,industrycat10,8,10.546460781027513,-0.21815094890711606,0.19779070295507317,
ARG,2023Q1,industrycat10,8,10.744251483982586,0.19779070295507317,0.31869432952356824,
ARG,2023Q2,industrycat10,8,11.062945813506154,0.31869432952356824,-0.5537134206234544,
ARG,2023Q3,industrycat10,8,10.5092323928827,-0.5537134206234544,1.1742441612690175,
ARG,2023Q4,industrycat10,8,11.683476554151717,1.1742441612690175,-0.10799741472072455,
ARG,2024Q1,industrycat10,8,11.575479139430993,-0.10799741472072455,-0.2066623615049128,
ARG,2024Q2,industrycat10,8,11.36881677792608,-0.2066623615049128,0.1771540599828434,
ARG,2024Q3,industrycat10,8,11.545970837908923,0.1771540599828434,0.49606149927471854,
ARG,2024Q4,industrycat10,8,12.042032337183642,0.49606149927471854,-0.4540458144122521,
ARG,2025Q1,industrycat10,8,11.58798652277139,-0.4540458144122521,-0.6229968701148696,
ARG,2025Q2,industrycat10,8,10.96498965265652,-0.6229968701148696,0.01276303538670831,
ARG,2025Q3,industrycat10,8,10.977752688043228,0.01276303538670831,0.13328519039064268,
ARG,2025Q4,industrycat10,8,11.111037878433871,0.13328519039064268,0.22549170119550688,
ARG,2026Q1,industrycat10,8,11.336529579629378,0.22549170119550688,,
ARG,2021Q1,industrycat10,9,9.44122206108219,,0.5368774725313532,
ARG,2021Q2,industrycat10,9,9.978099533613543,0.5368774725313532,-0.10812533754142173,
ARG,2021Q3,industrycat10,9,9.869974196072121,-0.10812533754142173,-1.0628102135867774,
ARG,2021Q4,industrycat10,9,8.807163982485344,-1.0628102135867774,-0.5322918971342663,
ARG,2022Q1,industrycat10,9,8.274872085351078,-0.5322918971342663,0.5326524283104224,
ARG,2022Q2,industrycat10,9,8.8075245136615,0.5326524283104224,-0.38781010344291467,
ARG,2022Q3,industrycat10,9,8.419714410218585,-0.38781010344291467,-0.10360142067145439,
ARG,2022Q4,industrycat10,9,8.31611298954713,-0.10360142067145439,-0.0860600025960494,
ARG,2023Q1,industrycat10,9,8.230052986951081,-0.0860600025960494,0.3688640262501526,
ARG,2023Q2,industrycat10,9,8.598917013201234,0.3688640262501526,0.36746017340732884,
ARG,2023Q3,industrycat10,9,8.966377186608563,0.36746017340732884,-1.091292401112078,
ARG,2023Q4,industrycat10,9,7.875084785496485,-1.091292401112078,0.0026388073126257794,
ARG,2024Q1,industrycat10,9,7.877723592809111,0.0026388073126257794,-0.2097991587198509,
ARG,2024Q2,industrycat10,9,7.66792443408926,-0.2097991587198509,-0.02957206530520473,
ARG,2024Q3,industrycat10,9,7.638352368784055,-0.02957206530520473,-0.14304696482814983,
ARG,2024Q4,industrycat10,9,7.495305403955905,-0.14304696482814983,-0.30077533719048155,
ARG,2025Q1,industrycat10,9,7.194530066765424,-0.30077533719048155,-0.3419602252974139,
ARG,2025Q2,industrycat10,9,6.85256984146801,-0.3419602252974139,0.3629034920451426,
ARG,2025Q3,industrycat10,9,7.2154733335131525,0.3629034920451426,0.6634559688698136,
ARG,2025Q4,industrycat10,9,7.878929302382966,0.6634559688698136,0.09435619909584503,
ARG,2026Q1,industrycat10,9,7.973285501478811,0.09435619909584503,,
ARG,2021Q1,lstatus,1,41.593812616859054,,-0.09582902080747147,
ARG,2021Q2,lstatus,1,41.49798359605158,-0.09582902080747147,1.36216207098186,
ARG,2021Q3,lstatus,1,42.86014566703344,1.36216207098186,0.7288414133207723,
ARG,2021Q4,lstatus,1,43.588987080354215,0.7288414133207723,-0.3052394796846656,
ARG,2022Q1,lstatus,1,43.28374760066955,-0.3052394796846656,1.309623240713627,
ARG,2022Q2,lstatus,1,44.59337084138318,1.309623240713627,-0.3453737478532588,
ARG,2022Q3,lstatus,1,44.24799709352992,-0.3453737478532588,0.37586691752794366,
ARG,2022Q4,lstatus,1,44.62386401105786,0.37586691752794366,0.3438922527150723,
ARG,2023Q1,lstatus,1,44.967756263772934,0.3438922527150723,-0.38221069844084354,
ARG,2023Q2,lstatus,1,44.58554556533209,-0.38221069844084354,0.8810723228649593,
ARG,2023Q3,lstatus,1,45.46661788819705,0.8810723228649593,0.31249938146108747,
ARG,2023Q4,lstatus,1,45.77911726965814,0.31249938146108747,-1.4651471817859658,
ARG,2024Q1,lstatus,1,44.31397008787217,-1.4651471817859658,0.5260206297962426,
ARG,2024Q2,lstatus,1,44.839990717668414,0.5260206297962426,0.13973599631632538,
ARG,2024Q3,lstatus,1,44.97972671398474,0.13973599631632538,0.6712232240901841,
ARG,2024Q4,lstatus,1,45.65094993807492,0.6712232240901841,-1.2286296771778993,
ARG,2025Q1,lstatus,1,44.422320260897024,-1.2286296771778993,0.060742605839926966,
ARG,2025Q2,lstatus,1,44.48306286673695,0.060742605839926966,0.9158893547440954,
ARG,2025Q3,lstatus,1,45.398952221481046,0.9158893547440954,-0.43675179657816443,
ARG,2025Q4,lstatus,1,44.96220042490288,-0.43675179657816443,-0.19865201637940544,
ARG,2026Q1,lstatus,1,44.76354840852348,-0.19865201637940544,,
ARG,2021Q1,lstatus,2,4.704212546209901,,-0.2968883156521711,
ARG,2021Q2,lstatus,2,4.40732423055773,-0.2968883156521711,-0.5604483225230505,
ARG,2021Q3,lstatus,2,3.8468759080346797,-0.5604483225230505,-0.5826306223098348,
ARG,2021Q4,lstatus,2,3.264245285724845,-0.5826306223098348,-0.021728075295933014,
ARG,2022Q1,lstatus,2,3.242517210428912,-0.021728075295933014,0.04090949491269713,
ARG,2022Q2,lstatus,2,3.283426705341609,0.04090949491269713,0.10304923735216942,
ARG,2022Q3,lstatus,2,3.3864759426937785,0.10304923735216942,-0.39539869836686004,
ARG,2022Q4,lstatus,2,2.9910772443269185,-0.39539869836686004,0.3284450148873246,
ARG,2023Q1,lstatus,2,3.319522259214243,0.3284450148873246,-0.353015368622287,
ARG,2023Q2,lstatus,2,2.966506890591956,-0.353015368622287,-0.2049470262715838,
ARG,2023Q3,lstatus,2,2.7615598643203723,-0.2049470262715838,0.022350384079400154,
ARG,2023Q4,lstatus,2,2.7839102483997724,0.022350384079400154,0.8934260490365249,
ARG,2024Q1,lstatus,2,3.6773362974362973,0.8934260490365249,-0.00788171669265747,
ARG,2024Q2,lstatus,2,3.66945458074364,-0.00788171669265747,-0.32379795625543517,
ARG,2024Q3,lstatus,2,3.3456566244882047,-0.32379795625543517,-0.2004765616394657,
ARG,2024Q4,lstatus,2,3.145180062848739,-0.2004765616394657,0.6597558677776005,
ARG,2025Q1,lstatus,2,3.8049359306263395,0.6597558677776005,-0.15853258451519103,
ARG,2025Q2,lstatus,2,3.6464033461111485,-0.15853258451519103,-0.45019572084178305,
ARG,2025Q3,lstatus,2,3.1962076252693654,-0.45019572084178305,0.4430834218859978,
ARG,2025Q4,lstatus,2,3.6392910471553632,0.4430834218859978,0.16392570874010604,
ARG,2026Q1,lstatus,2,3.8032167558954693,0.16392570874010604,,
ARG,2021Q1,lstatus,3,39.50983606910204,,-0.08489521114404397,
ARG,2021Q2,lstatus,3,39.424940857958,-0.08489521114404397,-1.0388091540251025,
ARG,2021Q3,lstatus,3,38.3861317039329,-1.0388091540251025,-0.18849179258653237,
ARG,2021Q4,lstatus,3,38.197639911346364,-0.18849179258653237,0.5638455315260558,
ARG,2022Q1,lstatus,3,38.76148544287242,0.5638455315260558,-0.8814576625892556,
ARG,2022Q2,lstatus,3,37.880027780283164,-0.8814576625892556,0.19347701241340332,
ARG,2022Q3,lstatus,3,38.07350479269657,0.19347701241340332,-0.19943180002277217,
ARG,2022Q4,lstatus,3,37.874072992673796,-0.19943180002277217,-0.7764711562423869,
ARG,2023Q1,lstatus,3,37.09760183643141,-0.7764711562423869,1.1944362917227735,
ARG,2023Q2,lstatus,3,38.29203812815418,1.1944362917227735,-0.5869361520661514,
ARG,2023Q3,lstatus,3,37.70510197608803,-0.5869361520661514,-0.4047244777906158,
ARG,2023Q4,lstatus,3,37.300377498297415,-0.4047244777906158,0.5349890827032127,
ARG,2024Q1,lstatus,3,37.83536658100063,0.5349890827032127,-0.24443577773433134,
ARG,2024Q2,lstatus,3,37.590930803266296,-0.24443577773433134,0.24980987952646672,
ARG,2024Q3,lstatus,3,37.84074068279276,0.24980987952646672,-0.3727209794482391,
ARG,2024Q4,lstatus,3,37.468019703344524,-0.3727209794482391,1.28980524077582,
ARG,2025Q1,lstatus,3,38.757824944120344,1.28980524077582,-0.13817336184219187,
ARG,2025Q2,lstatus,3,38.61965158227815,-0.13817336184219187,-0.46319176731904577,
ARG,2025Q3,lstatus,3,38.156459814959106,-0.46319176731904577,0.3323696277042245,
ARG,2025Q4,lstatus,3,38.48882944266333,0.3323696277042245,-0.4118539294045789,
ARG,2026Q1,lstatus,3,38.07697551325875,-0.4118539294045789,,
ARG,2021Q1,lstatus,NA,14.192138767829002,,0.4776125476036839,
ARG,2021Q2,lstatus,NA,14.669751315432686,0.4776125476036839,0.23709540556629527,
ARG,2021Q3,lstatus,NA,14.906846720998981,0.23709540556629527,0.042281001575592114,
ARG,2021Q4,lstatus,NA,14.949127722574573,0.042281001575592114,-0.23687797654545406,
ARG,2022Q1,lstatus,NA,14.71224974602912,-0.23687797654545406,-0.46907507303706986,
ARG,2022Q2,lstatus,NA,14.24317467299205,-0.46907507303706986,0.048847498087683405,
ARG,2022Q3,lstatus,NA,14.292022171079733,0.048847498087683405,0.21896358086169343,
ARG,2022Q4,lstatus,NA,14.510985751941426,0.21896358086169343,0.10413388863998563,
ARG,2023Q1,lstatus,NA,14.615119640581412,0.10413388863998563,-0.4592102246596408,
ARG,2023Q2,lstatus,NA,14.155909415921771,-0.4592102246596408,-0.08918914452721793,
ARG,2023Q3,lstatus,NA,14.066720271394553,-0.08918914452721793,0.06987471225012243,
ARG,2023Q4,lstatus,NA,14.136594983644676,0.06987471225012243,0.03673205004622382,
ARG,2024Q1,lstatus,NA,14.1733270336909,0.03673205004622382,-0.27370313536925117,
ARG,2024Q2,lstatus,NA,13.899623898321648,-0.27370313536925117,-0.06574791958735915,
ARG,2024Q3,lstatus,NA,13.833875978734289,-0.06574791958735915,-0.09802568300247749,
ARG,2024Q4,lstatus,NA,13.735850295731812,-0.09802568300247749,-0.7209314313755222,
ARG,2025Q1,lstatus,NA,13.01491886435629,-0.7209314313755222,0.23596334051745593,
ARG,2025Q2,lstatus,NA,13.250882204873745,0.23596334051745593,-0.002501866583264345,
ARG,2025Q3,lstatus,NA,13.248380338290481,-0.002501866583264345,-0.3387012530120632,
ARG,2025Q4,lstatus,NA,12.909679085278418,-0.3387012530120632,0.4465802370438876,
ARG,2026Q1,lstatus,NA,13.356259322322305,0.4465802370438876,,
ARG,2021Q1,occup,0,0.14933249385097813,,0.07292719359998787,
ARG,2021Q2,occup,0,0.222259687450966,0.07292719359998787,0.02309772589351683,
ARG,2021Q3,occup,0,0.24535741334448283,0.02309772589351683,-0.07122163441727691,
ARG,2021Q4,occup,0,0.17413577892720591,-0.07122163441727691,0.03589321270238782,
ARG,2022Q1,occup,0,0.21002899162959374,0.03589321270238782,-0.016751936170477044,
ARG,2022Q2,occup,0,0.1932770554591167,-0.016751936170477044,0.05557566593657584,
ARG,2022Q3,occup,0,0.24885272139569253,0.05557566593657584,-0.05074539477042003,
ARG,2022Q4,occup,0,0.1981073266252725,-0.05074539477042003,0.09484955629226724,
ARG,2023Q1,occup,0,0.29295688291753974,0.09484955629226724,-0.08091259332427278,
ARG,2023Q2,occup,0,0.21204428959326696,-0.08091259332427278,0.09985008166210826,
ARG,2023Q3,occup,0,0.3118943712553752,0.09985008166210826,-0.09856300271888921,
ARG,2023Q4,occup,0,0.21333136853648602,-0.09856300271888921,0.020115086255701353,
ARG,2024Q1,occup,0,0.23344645479218737,0.020115086255701353,-0.02366146692079324,
ARG,2024Q2,occup,0,0.20978498787139413,-0.02366146692079324,-0.02755184075334241,
ARG,2024Q3,occup,0,0.18223314711805172,-0.02755184075334241,0.3112473732870765,
ARG,2024Q4,occup,0,0.49348052040512824,0.3112473732870765,-0.3175521998448124,
ARG,2025Q1,occup,0,0.1759283205603158,-0.3175521998448124,0.05991880378165848,
ARG,2025Q2,occup,0,0.23584712434197427,0.05991880378165848,-0.08918683022616461,
ARG,2025Q3,occup,0,0.14666029411580966,-0.08918683022616461,0.3017754793492546,
ARG,2025Q4,occup,0,0.44843577346506425,0.3017754793492546,-0.2143958988722531,
ARG,2026Q1,occup,0,0.23403987459281114,-0.2143958988722531,,
ARG,2021Q1,occup,1,4.515578259265346,,0.3186325394005953,
ARG,2021Q2,occup,1,4.834210798665941,0.3186325394005953,0.2625930326280006,
ARG,2021Q3,occup,1,5.096803831293942,0.2625930326280006,-0.1849046558862133,
ARG,2021Q4,occup,1,4.911899175407728,-0.1849046558862133,-0.7215466342357288,
ARG,2022Q1,occup,1,4.1903525411719995,-0.7215466342357288,0.6803323867502744,
ARG,2022Q2,occup,1,4.870684927922274,0.6803323867502744,-0.2911819508135203,
ARG,2022Q3,occup,1,4.579502977108754,-0.2911819508135203,0.09026378529766532,
ARG,2022Q4,occup,1,4.669766762406419,0.09026378529766532,-0.10373297711315033,
ARG,2023Q1,occup,1,4.566033785293269,-0.10373297711315033,-0.5156933692961543,
ARG,2023Q2,occup,1,4.050340415997114,-0.5156933692961543,0.35696099674658743,
ARG,2023Q3,occup,1,4.407301412743702,0.35696099674658743,0.6143080236666023,
ARG,2023Q4,occup,1,5.021609436410304,0.6143080236666023,-0.6214098928410543,
ARG,2024Q1,occup,1,4.40019954356925,-0.6214098928410543,-0.3544332230048237,
ARG,2024Q2,occup,1,4.045766320564426,-0.3544332230048237,0.6453327485586469,
ARG,2024Q3,occup,1,4.691099069123073,0.6453327485586469,0.09605031449698664,
ARG,2024Q4,occup,1,4.78714938362006,0.09605031449698664,-0.32762364492060314,
ARG,2025Q1,occup,1,4.4595257386994565,-0.32762364492060314,0.20827504060775048,
ARG,2025Q2,occup,1,4.667800779307207,0.20827504060775048,-0.22363006481397285,
ARG,2025Q3,occup,1,4.444170714493234,-0.22363006481397285,0.05834543275668125,
ARG,2025Q4,occup,1,4.502516147249915,0.05834543275668125,-0.01787894357249975,
ARG,2026Q1,occup,1,4.484637203677416,-0.01787894357249975,,
ARG,2021Q1,occup,2,13.160555089902868,,0.42582155138017974,
ARG,2021Q2,occup,2,13.586376641283048,0.42582155138017974,-0.6476731842532875,
ARG,2021Q3,occup,2,12.93870345702976,-0.6476731842532875,-0.31795247048180286,
ARG,2021Q4,occup,2,12.620750986547957,-0.31795247048180286,0.527651938854719,
ARG,2022Q1,occup,2,13.148402925402676,0.527651938854719,-1.1211641982621146,
ARG,2022Q2,occup,2,12.027238727140562,-1.1211641982621146,-0.4052122470813213,
ARG,2022Q3,occup,2,11.62202648005924,-0.4052122470813213,1.3798626407821715,
ARG,2022Q4,occup,2,13.001889120841412,1.3798626407821715,-1.7263505316086558,
ARG,2023Q1,occup,2,11.275538589232756,-1.7263505316086558,0.5220856816218191,
ARG,2023Q2,occup,2,11.797624270854575,0.5220856816218191,0.9884624125203096,
ARG,2023Q3,occup,2,12.786086683374885,0.9884624125203096,0.07421145235396231,
ARG,2023Q4,occup,2,12.860298135728847,0.07421145235396231,-0.39158548151875827,
ARG,2024Q1,occup,2,12.468712654210089,-0.39158548151875827,0.07704926716381877,
ARG,2024Q2,occup,2,12.545761921373908,0.07704926716381877,0.5540417895665151,
ARG,2024Q3,occup,2,13.099803710940423,0.5540417895665151,0.35627802313141466,
ARG,2024Q4,occup,2,13.456081734071837,0.35627802313141466,-1.4347078685911594,
ARG,2025Q1,occup,2,12.021373865480678,-1.4347078685911594,0.8959050368598369,
ARG,2025Q2,occup,2,12.917278902340515,0.8959050368598369,-0.07467314248254375,
ARG,2025Q3,occup,2,12.842605759857971,-0.07467314248254375,-0.10815988062904047,
ARG,2025Q4,occup,2,12.73444587922893,-0.10815988062904047,-1.033328063991048,
ARG,2026Q1,occup,2,11.701117815237883,-1.033328063991048,,
ARG,2021Q1,occup,3,9.539920215236421,,0.2632760510011387,
ARG,2021Q2,occup,3,9.80319626623756,0.2632760510011387,0.6334388293295277,
ARG,2021Q3,occup,3,10.436635095567087,0.6334388293295277,-0.571115972900742,
ARG,2021Q4,occup,3,9.865519122666345,-0.571115972900742,-0.13508175775380593,
ARG,2022Q1,occup,3,9.73043736491254,-0.13508175775380593,-0.3419118480389898,
ARG,2022Q2,occup,3,9.38852551687355,-0.3419118480389898,0.21820174829795747,
ARG,2022Q3,occup,3,9.606727265171507,0.21820174829795747,-1.0603044595001325,
ARG,2022Q4,occup,3,8.546422805671375,-1.0603044595001325,0.47197188461115225,
ARG,2023Q1,occup,3,9.018394690282527,0.47197188461115225,0.15423357633360446,
ARG,2023Q2,occup,3,9.172628266616131,0.15423357633360446,-1.139545457025772,
ARG,2023Q3,occup,3,8.03308280959036,-1.139545457025772,0.6075255909370281,
ARG,2023Q4,occup,3,8.640608400527388,0.6075255909370281,0.4218555690780583,
ARG,2024Q1,occup,3,9.062463969605446,0.4218555690780583,0.03019659389250684,
ARG,2024Q2,occup,3,9.092660563497953,0.03019659389250684,0.26176237359679,
ARG,2024Q3,occup,3,9.354422937094743,0.26176237359679,-0.8400158300808993,
ARG,2024Q4,occup,3,8.514407107013843,-0.8400158300808993,1.151679794155033,
ARG,2025Q1,occup,3,9.666086901168876,1.151679794155033,-0.9821203190332621,
ARG,2025Q2,occup,3,8.683966582135614,-0.9821203190332621,0.542086724306202,
ARG,2025Q3,occup,3,9.226053306441816,0.542086724306202,-0.40787789069599967,
ARG,2025Q4,occup,3,8.818175415745817,-0.40787789069599967,0.6184438634567986,
ARG,2026Q1,occup,3,9.436619279202615,0.6184438634567986,,
ARG,2021Q1,occup,4,13.377063420282463,,0.014771311319977443,
ARG,2021Q2,occup,4,13.39183473160244,0.014771311319977443,-0.4603711443582199,
ARG,2021Q3,occup,4,12.93146358724422,-0.4603711443582199,0.1460092365172745,
ARG,2021Q4,occup,4,13.077472823761495,0.1460092365172745,-1.0019580639999344,
ARG,2022Q1,occup,4,12.07551475976156,-1.0019580639999344,0.33228266451940414,
ARG,2022Q2,occup,4,12.407797424280965,0.33228266451940414,-0.7391376606713163,
ARG,2022Q3,occup,4,11.668659763609648,-0.7391376606713163,0.28847830942584274,
ARG,2022Q4,occup,4,11.957138073035491,0.28847830942584274,0.8427769622667807,
ARG,2023Q1,occup,4,12.799915035302272,0.8427769622667807,0.7568284789187096,
ARG,2023Q2,occup,4,13.556743514220981,0.7568284789187096,-0.5288868127469364,
ARG,2023Q3,occup,4,13.027856701474045,-0.5288868127469364,-0.5542521862288563,
ARG,2023Q4,occup,4,12.473604515245189,-0.5542521862288563,-0.16300619565703833,
ARG,2024Q1,occup,4,12.31059831958815,-0.16300619565703833,0.4398575606293367,
ARG,2024Q2,occup,4,12.750455880217487,0.4398575606293367,-0.005446140569789648,
ARG,2024Q3,occup,4,12.745009739647697,-0.005446140569789648,-0.1938531318070229,
ARG,2024Q4,occup,4,12.551156607840674,-0.1938531318070229,-0.016373129173775425,
ARG,2025Q1,occup,4,12.534783478666899,-0.016373129173775425,0.19192661780433085,
ARG,2025Q2,occup,4,12.72671009647123,0.19192661780433085,-0.12202400792956958,
ARG,2025Q3,occup,4,12.60468608854166,-0.12202400792956958,-0.6494967852389255,
ARG,2025Q4,occup,4,11.955189303302735,-0.6494967852389255,0.4025228557846994,
ARG,2026Q1,occup,4,12.357712159087434,0.4025228557846994,,
ARG,2021Q1,occup,5,22.536821313526712,,0.6833067507858779,
ARG,2021Q2,occup,5,23.22012806431259,0.6833067507858779,-0.762051989566821,
ARG,2021Q3,occup,5,22.45807607474577,-0.762051989566821,0.533280330424855,
ARG,2021Q4,occup,5,22.991356405170624,0.533280330424855,-0.1903690861378564,
ARG,2022Q1,occup,5,22.800987319032767,-0.1903690861378564,1.7443136503540657,
ARG,2022Q2,occup,5,24.545300969386833,1.7443136503540657,0.6551830695477037,
ARG,2022Q3,occup,5,25.200484038934537,0.6551830695477037,-1.002479919527154,
ARG,2022Q4,occup,5,24.198004119407383,-1.002479919527154,0.371901897113581,
ARG,2023Q1,occup,5,24.569906016520964,0.371901897113581,-0.6392881531513659,
ARG,2023Q2,occup,5,23.930617863369598,-0.6392881531513659,1.3302209923000916,
ARG,2023Q3,occup,5,25.26083885566969,1.3302209923000916,-0.7896344107902671,
ARG,2023Q4,occup,5,24.471204444879422,-0.7896344107902671,1.5858853912093522,
ARG,2024Q1,occup,5,26.057089836088775,1.5858853912093522,-0.21100329957447883,
ARG,2024Q2,occup,5,25.846086536514296,-0.21100329957447883,-0.7496999308488412,
ARG,2024Q3,occup,5,25.096386605665455,-0.7496999308488412,-0.2216763496904548,
ARG,2024Q4,occup,5,24.874710255975,-0.2216763496904548,0.5619711231745157,
ARG,2025Q1,occup,5,25.436681379149515,0.5619711231745157,0.5344404640989602,
ARG,2025Q2,occup,5,25.971121843248476,0.5344404640989602,-0.24938305408850425,
ARG,2025Q3,occup,5,25.72173878915997,-0.24938305408850425,-0.5683901801484375,
ARG,2025Q4,occup,5,25.153348609011534,-0.5683901801484375,0.7855722466291617,
ARG,2026Q1,occup,5,25.938920855640696,0.7855722466291617,,
ARG,2021Q1,occup,6,0.18478571208598374,,0.052956202936200486,
ARG,2021Q2,occup,6,0.23774191502218422,0.052956202936200486,0.06904152047823509,
ARG,2021Q3,occup,6,0.3067834355004193,0.06904152047823509,-0.04042695519286088,
ARG,2021Q4,occup,6,0.26635648030755843,-0.04042695519286088,-0.08602398287848653,
ARG,2022Q1,occup,6,0.1803324974290719,-0.08602398287848653,0.033378221162444544,
ARG,2022Q2,occup,6,0.21371071859151644,0.033378221162444544,0.07321630666544446,
ARG,2022Q3,occup,6,0.2869270252569609,0.07321630666544446,-0.09131565953912177,
ARG,2022Q4,occup,6,0.19561136571783913,-0.09131565953912177,0.05202039873770112,
ARG,2023Q1,occup,6,0.24763176445554025,0.05202039873770112,-0.04680993834330141,
ARG,2023Q2,occup,6,0.20082182611223884,-0.04680993834330141,0.04465819874853885,
ARG,2023Q3,occup,6,0.2454800248607777,0.04465819874853885,0.006481498558069454,
ARG,2023Q4,occup,6,0.25196152341884714,0.006481498558069454,-0.022030415058331504,
ARG,2024Q1,occup,6,0.22993110836051564,-0.022030415058331504,0.04002126983811885,
ARG,2024Q2,occup,6,0.2699523781986345,0.04002126983811885,-0.08543766998411689,
ARG,2024Q3,occup,6,0.1845147082145176,-0.08543766998411689,0.03348282703062372,
ARG,2024Q4,occup,6,0.21799753524514132,0.03348282703062372,-0.004267931025033755,
ARG,2025Q1,occup,6,0.21372960422010756,-0.004267931025033755,0.016194659073314355,
ARG,2025Q2,occup,6,0.22992426329342192,0.016194659073314355,-0.06798425224116683,
ARG,2025Q3,occup,6,0.16194001105225508,-0.06798425224116683,0.03429229606663506,
ARG,2025Q4,occup,6,0.19623230711889014,0.03429229606663506,-0.005735770543822349,
ARG,2026Q1,occup,6,0.1904965365750678,-0.005735770543822349,,
ARG,2021Q1,occup,7,11.44169994509258,,-1.2618306801937536,
ARG,2021Q2,occup,7,10.179869264898826,-1.2618306801937536,0.5761746961064933,
ARG,2021Q3,occup,7,10.75604396100532,0.5761746961064933,0.011925116112225354,
ARG,2021Q4,occup,7,10.767969077117545,0.011925116112225354,0.027274747628796447,
ARG,2022Q1,occup,7,10.795243824746342,0.027274747628796447,-0.03654691523206566,
ARG,2022Q2,occup,7,10.758696909514276,-0.03654691523206566,0.6086728394143233,
ARG,2022Q3,occup,7,11.3673697489286,0.6086728394143233,-0.16251888718661078,
ARG,2022Q4,occup,7,11.204850861741988,-0.16251888718661078,-0.47498000156311804,
ARG,2023Q1,occup,7,10.72987086017887,-0.47498000156311804,0.8917339154790493,
ARG,2023Q2,occup,7,11.62160477565792,0.8917339154790493,0.014730657325250363,
ARG,2023Q3,occup,7,11.63633543298317,0.014730657325250363,-0.3696310534613545,
ARG,2023Q4,occup,7,11.266704379521816,-0.3696310534613545,-1.1493009592803745,
ARG,2024Q1,occup,7,10.117403420241441,-1.1493009592803745,0.7348656709482135,
ARG,2024Q2,occup,7,10.852269091189655,0.7348656709482135,-0.18271693545104206,
ARG,2024Q3,occup,7,10.669552155738613,-0.18271693545104206,0.04268786160704785,
ARG,2024Q4,occup,7,10.71224001734566,0.04268786160704785,0.22520541987272047,
ARG,2025Q1,occup,7,10.937445437218381,0.22520541987272047,-0.10717832445304509,
ARG,2025Q2,occup,7,10.830267112765336,-0.10717832445304509,-0.3787716885591621,
ARG,2025Q3,occup,7,10.451495424206174,-0.3787716885591621,1.2516237126797467,
ARG,2025Q4,occup,7,11.70311913688592,1.2516237126797467,-0.3015937393766652,
ARG,2026Q1,occup,7,11.401525397509255,-0.3015937393766652,,
ARG,2021Q1,occup,8,10.297574183647503,,0.4617477031310919,
ARG,2021Q2,occup,8,10.759321886778595,0.4617477031310919,-0.33673117112956064,
ARG,2021Q3,occup,8,10.422590715649035,-0.33673117112956064,0.4949087714425193,
ARG,2021Q4,occup,8,10.917499487091554,0.4949087714425193,0.47781695380785294,
ARG,2022Q1,occup,8,11.395316440899407,0.47781695380785294,-0.5222218030235535,
ARG,2022Q2,occup,8,10.873094637875854,-0.5222218030235535,-0.11677877252237856,
ARG,2022Q3,occup,8,10.756315865353475,-0.11677877252237856,0.6045938036775151,
ARG,2022Q4,occup,8,11.36090966903099,0.6045938036775151,0.5356717375426001,
ARG,2023Q1,occup,8,11.89658140657359,0.5356717375426001,-0.6577839389289597,
ARG,2023Q2,occup,8,11.23879746764463,-0.6577839389289597,-0.1981905851864525,
ARG,2023Q3,occup,8,11.040606882458178,-0.1981905851864525,0.2516709259085861,
ARG,2023Q4,occup,8,11.292277808366764,0.2516709259085861,0.24854352296889637,
ARG,2024Q1,occup,8,11.54082133133566,0.24854352296889637,-1.3982582305876559,
ARG,2024Q2,occup,8,10.142563100748005,-1.3982582305876559,0.8600146892645935,
ARG,2024Q3,occup,8,11.002577790012598,0.8600146892645935,0.4924601918656588,
ARG,2024Q4,occup,8,11.495037981878257,0.4924601918656588,-0.11818656181481124,
ARG,2025Q1,occup,8,11.376851420063446,-0.11818656181481124,-0.09880699244219748,
ARG,2025Q2,occup,8,11.278044427621248,-0.09880699244219748,0.04363050863793205,
ARG,2025Q3,occup,8,11.32167493625918,0.04363050863793205,0.4646677898561933,
ARG,2025Q4,occup,8,11.786342726115373,0.4646677898561933,-0.49340102252421403,
ARG,2026Q1,occup,8,11.29294170359116,-0.49340102252421403,,
ARG,2021Q1,occup,9,13.729542520785575,,-0.7331347314306704,
ARG,2021Q2,occup,9,12.996407789354905,-0.7331347314306704,0.5121975779201424,
ARG,2021Q3,occup,9,13.508605367275047,0.5121975779201424,-0.24927743315005024,
ARG,2021Q4,occup,9,13.259327934124997,-0.24927743315005024,0.6956085696527836,
ARG,2022Q1,occup,9,13.95493650377778,0.6956085696527836,-0.23283509200791386,
ARG,2022Q2,occup,9,13.722101411769867,-0.23283509200791386,0.0885397525423457,
ARG,2022Q3,occup,9,13.810641164312212,0.0885397525423457,0.46570397103701033,
ARG,2022Q4,occup,9,14.276345135349223,0.46570397103701033,-0.14608973562208227,
ARG,2023Q1,occup,9,14.13025539972714,-0.14608973562208227,-0.27513625889636195,
ARG,2023Q2,occup,9,13.855119140830778,-0.27513625889636195,-0.9280969893284343,
ARG,2023Q3,occup,9,12.927022151502344,-0.9280969893284343,0.28833016150222157,
ARG,2023Q4,occup,9,13.215352313004566,0.28833016150222157,-0.05041805379557829,
ARG,2024Q1,occup,9,13.164934259208987,-0.05041805379557829,0.662774339313442,
ARG,2024Q2,occup,9,13.82770859852243,0.662774339313442,-1.2957592626437222,
ARG,2024Q3,occup,9,12.531949335878707,-1.2957592626437222,-0.2287980211711691,
ARG,2024Q4,occup,9,12.303151314707538,-0.2287980211711691,0.4895889683752035,
ARG,2025Q1,occup,9,12.792740283082741,0.4895889683752035,-0.651995065398431,
ARG,2025Q2,occup,9,12.14074521768431,-0.651995065398431,0.47770658024742296,
ARG,2025Q3,occup,9,12.618451797931733,0.47770658024742296,-0.1954389869939117,
ARG,2025Q4,occup,9,12.423012810937822,-0.1954389869939117,0.41163474040635073,
ARG,2026Q1,occup,9,12.834647551344172,0.41163474040635073,,
ARG,2021Q1,occup,NA,1.0671268463235688,,-0.29847389193062235,
ARG,2021Q2,occup,NA,0.7686529543929465,-0.29847389193062235,0.1302841069519698,
ARG,2021Q3,occup,NA,0.8989370613449162,0.1302841069519698,0.24877566753207436,
ARG,2021Q4,occup,NA,1.1477127288769906,0.24877566753207436,0.3707341023592712,
ARG,2022Q1,occup,NA,1.5184468312362618,0.3707341023592712,-0.5188751300510709,
ARG,2022Q2,occup,NA,0.9995717011851909,-0.5188751300510709,-0.14707875131581594,
ARG,2022Q3,occup,NA,0.852492949869375,-0.14707875131581594,-0.46153818969676474,
ARG,2022Q4,occup,NA,0.3909547601726102,-0.46153818969676474,0.08196080934292349,
ARG,2023Q1,occup,NA,0.4729155695155337,0.08196080934292349,-0.10925740041276849,
ARG,2023Q2,occup,NA,0.3636581691027652,-0.10925740041276849,-0.040163495015288764,
ARG,2023Q3,occup,NA,0.32349467408747645,-0.040163495015288764,-0.03044699972710624,
ARG,2023Q4,occup,NA,0.2930476743603702,-0.03044699972710624,0.12135142863912773,
ARG,2024Q1,occup,NA,0.41439910299949795,0.12135142863912773,0.0025915183023150212,
ARG,2024Q2,occup,NA,0.41699062130181297,0.0025915183023150212,0.025460179264313376,
ARG,2024Q3,occup,NA,0.44245080056612635,0.025460179264313376,0.15213674133073468,
ARG,2024Q4,occup,NA,0.594587541896861,0.15213674133073468,-0.20973397020727713,
ARG,2025Q1,occup,NA,0.3848535716895839,-0.20973397020727713,-0.06655992089891577,
ARG,2025Q2,occup,NA,0.3182936507906681,-0.06655992089891577,0.14222922714952901,
ARG,2025Q3,occup,NA,0.46052287794019714,0.14222922714952901,-0.18134098700220036,
ARG,2025Q4,occup,NA,0.2791818909379968,-0.18134098700220036,-0.1518402673965056,
ARG,2026Q1,occup,NA,0.12734162354149117,-0.1518402673965056,,
ARG,2021Q1,socialsec,0,23.264797399629963,,-0.3413856007536964,
ARG,2021Q2,socialsec,0,22.923411798876266,-0.3413856007536964,0.8965015194043744,
ARG,2021Q3,socialsec,0,23.81991331828064,0.8965015194043744,0.4948496974533505,
ARG,2021Q4,socialsec,0,24.31476301573399,0.4948496974533505,2.0682635902428004,
ARG,2022Q1,socialsec,0,26.38302660597679,2.0682635902428004,1.4308061758528723,
ARG,2022Q2,socialsec,0,27.813832781829664,1.4308061758528723,-0.7356200360849883,
ARG,2022Q3,socialsec,0,27.078212745744676,-0.7356200360849883,-0.9621315758709557,
ARG,2022Q4,socialsec,0,26.11608116987372,-0.9621315758709557,1.1470420211298453,
ARG,2023Q1,socialsec,0,27.263123191003565,1.1470420211298453,0.04827133244951298,
ARG,2023Q2,socialsec,0,27.311394523453078,0.04827133244951298,-0.5210923169022976,
ARG,2023Q3,socialsec,0,26.79030220655078,-0.5210923169022976,-0.4563727023668207,
ARG,2023Q4,socialsec,0,26.33392950418396,-0.4563727023668207,0.2860656643117032,
ARG,2024Q1,socialsec,0,26.619995168495663,0.2860656643117032,0.20170398537831957,
ARG,2024Q2,socialsec,0,26.821699153873983,0.20170398537831957,-0.01894422495396242,
ARG,2024Q3,socialsec,0,26.80275492892002,-0.01894422495396242,-0.6809869777349924,
ARG,2024Q4,socialsec,0,26.121767951185028,-0.6809869777349924,0.2450874730088053,
ARG,2025Q1,socialsec,0,26.366855424193833,0.2450874730088053,0.9384885824157188,
ARG,2025Q2,socialsec,0,27.305344006609552,0.9384885824157188,-0.9680288579277629,
ARG,2025Q3,socialsec,0,26.33731514868179,-0.9680288579277629,-0.35695896682721084,
ARG,2025Q4,socialsec,0,25.980356181854578,-0.35695896682721084,1.2236151843551397,
ARG,2026Q1,socialsec,0,27.203971366209718,1.2236151843551397,,
ARG,2021Q1,socialsec,1,48.50316562686973,,1.2279193476075463,
ARG,2021Q2,socialsec,1,49.73108497447728,1.2279193476075463,-1.5050868761927418,
ARG,2021Q3,socialsec,1,48.225998098284535,-1.5050868761927418,0.4672994181945782,
ARG,2021Q4,socialsec,1,48.69329751647911,0.4672994181945782,-1.6089139388549611,
ARG,2022Q1,socialsec,1,47.08438357762415,-1.6089139388549611,-1.3512441396153037,
ARG,2022Q2,socialsec,1,45.73313943800885,-1.3512441396153037,-0.3602236869247193,
ARG,2022Q3,socialsec,1,45.37291575108413,-0.3602236869247193,2.0883168462878245,
ARG,2022Q4,socialsec,1,47.46123259737195,2.0883168462878245,-0.4702208283816276,
ARG,2023Q1,socialsec,1,46.991011768990326,-0.4702208283816276,-0.11231759683621334,
ARG,2023Q2,socialsec,1,46.87869417215411,-0.11231759683621334,1.1605485923249574,
ARG,2023Q3,socialsec,1,48.03924276447907,1.1605485923249574,-0.6663337177805957,
ARG,2023Q4,socialsec,1,47.372909046698474,-0.6663337177805957,0.6727413488199403,
ARG,2024Q1,socialsec,1,48.045650395518415,0.6727413488199403,-1.1074230767859348,
ARG,2024Q2,socialsec,1,46.93822731873248,-1.1074230767859348,-0.681670635778211,
ARG,2024Q3,socialsec,1,46.25655668295427,-0.681670635778211,-0.05636992879047398,
ARG,2024Q4,socialsec,1,46.200186754163795,-0.05636992879047398,0.09003433583003329,
ARG,2025Q1,socialsec,1,46.29022108999383,0.09003433583003329,-1.2211645138179037,
ARG,2025Q2,socialsec,1,45.069056576175925,-1.2211645138179037,0.45055044626144536,
ARG,2025Q3,socialsec,1,45.51960702243737,0.45055044626144536,0.02673495719839991,
ARG,2025Q4,socialsec,1,45.54634197963577,0.02673495719839991,-0.9760462857794323,
ARG,2026Q1,socialsec,1,44.57029569385634,-0.9760462857794323,,
ARG,2021Q1,socialsec,NA,28.232036973500303,,-0.8865337468538463,
ARG,2021Q2,socialsec,NA,27.345503226646457,-0.8865337468538463,0.6085853567883674,
ARG,2021Q3,socialsec,NA,27.954088583434824,0.6085853567883674,-0.9621491156479252,
ARG,2021Q4,socialsec,NA,26.9919394677869,-0.9621491156479252,-0.45934965138783923,
ARG,2022Q1,socialsec,NA,26.53258981639906,-0.45934965138783923,-0.07956203623756863,
ARG,2022Q2,socialsec,NA,26.45302778016149,-0.07956203623756863,1.095843723009704,
ARG,2022Q3,socialsec,NA,27.548871503171195,1.095843723009704,-1.1261852704168689,
ARG,2022Q4,socialsec,NA,26.422686232754327,-1.1261852704168689,-0.6768211927482213,
ARG,2023Q1,socialsec,NA,25.745865040006105,-0.6768211927482213,0.06404626438670036,
ARG,2023Q2,socialsec,NA,25.809911304392806,0.06404626438670036,-0.6394562754226527,
ARG,2023Q3,socialsec,NA,25.170455028970153,-0.6394562754226527,1.1227064201474164,
ARG,2023Q4,socialsec,NA,26.29316144911757,1.1227064201474164,-0.9588070131316471,
ARG,2024Q1,socialsec,NA,25.334354435985922,-0.9588070131316471,0.9057190914076116,
ARG,2024Q2,socialsec,NA,26.240073527393534,0.9057190914076116,0.7006148607321734,
ARG,2024Q3,socialsec,NA,26.940688388125707,0.7006148607321734,0.7373569065254699,
ARG,2024Q4,socialsec,NA,27.678045294651177,0.7373569065254699,-0.3351218088388386,
ARG,2025Q1,socialsec,NA,27.34292348581234,-0.3351218088388386,0.28267593140218494,
ARG,2025Q2,socialsec,NA,27.625599417214524,0.28267593140218494,0.5174784116663176,
ARG,2025Q3,socialsec,NA,28.14307782888084,0.5174784116663176,0.33022400962881093,
ARG,2025Q4,socialsec,NA,28.473301838509652,0.33022400962881093,-0.24756889857570386,
ARG,2026Q1,socialsec,NA,28.22573293993395,-0.24756889857570386,,
ARG,2021Q1,urban,1,100.0,,0.0,
ARG,2021Q2,urban,1,100.0,0.0,0.0,
ARG,2021Q3,urban,1,100.0,0.0,0.0,
ARG,2021Q4,urban,1,100.0,0.0,0.0,
ARG,2022Q1,urban,1,100.0,0.0,0.0,
ARG,2022Q2,urban,1,100.0,0.0,0.0,
ARG,2022Q3,urban,1,100.0,0.0,0.0,
ARG,2022Q4,urban,1,100.0,0.0,0.0,
ARG,2023Q1,urban,1,100.0,0.0,0.0,
ARG,2023Q2,urban,1,100.0,0.0,0.0,
ARG,2023Q3,urban,1,100.0,0.0,0.0,
ARG,2023Q4,urban,1,100.0,0.0,0.0,
ARG,2024Q1,urban,1,100.0,0.0,0.0,
ARG,2024Q2,urban,1,100.0,0.0,0.0,
ARG,2024Q3,urban,1,100.0,0.0,0.0,
ARG,2024Q4,urban,1,100.0,0.0,0.0,
ARG,2025Q1,urban,1,100.0,0.0,0.0,
ARG,2025Q2,urban,1,100.0,0.0,0.0,
ARG,2025Q3,urban,1,100.0,0.0,0.0,
ARG,2025Q4,urban,1,100.0,0.0,0.0,
ARG,2026Q1,urban,1,100.0,0.0,,
BOL,2021Q1,educat7,1,3.6935482797937085,,0.14345274409555797,
BOL,2021Q2,educat7,1,3.8370010238892664,0.14345274409555797,-0.2212541985677987,
BOL,2021Q3,educat7,1,3.6157468253214677,-0.2212541985677987,0.10724306630745728,
BOL,2021Q4,educat7,1,3.722989891628925,0.10724306630745728,-0.45986433891705936,
BOL,2022Q1,educat7,1,3.2631255527118657,-0.45986433891705936,-0.15886484256201516,
BOL,2022Q2,educat7,1,3.1042607101498505,-0.15886484256201516,0.3524001514579611,
BOL,2022Q3,educat7,1,3.4566608616078116,0.3524001514579611,-0.20313942407362218,
BOL,2022Q4,educat7,1,3.2535214375341894,-0.20313942407362218,-0.13649285038709236,
BOL,2023Q1,educat7,1,3.117028587147097,-0.13649285038709236,-0.006894714843618477,
BOL,2023Q2,educat7,1,3.1101338723034786,-0.006894714843618477,-0.1706966215377097,
BOL,2023Q3,educat7,1,2.939437250765769,-0.1706966215377097,-0.14975470897565568,
BOL,2023Q4,educat7,1,2.789682541790113,-0.14975470897565568,0.1620394588775853,
BOL,2024Q1,educat7,1,2.9517220006676985,0.1620394588775853,-0.0679284557429094,
BOL,2024Q2,educat7,1,2.883793544924789,-0.0679284557429094,-0.008486712713390077,
BOL,2024Q3,educat7,1,2.875306832211399,-0.008486712713390077,0.10548197382961932,
BOL,2024Q4,educat7,1,2.9807888060410184,0.10548197382961932,-0.19556216530409598,
BOL,2025Q1,educat7,1,2.7852266407369224,-0.19556216530409598,0.15946878467389425,
BOL,2025Q2,educat7,1,2.9446954254108166,0.15946878467389425,-0.47128788353281026,
BOL,2025Q3,educat7,1,2.4734075418780064,-0.47128788353281026,0.22078402531896835,
BOL,2025Q4,educat7,1,2.6941915671969747,0.22078402531896835,,
BOL,2021Q1,educat7,2,13.97763525614129,,0.11275842435294514,
BOL,2021Q2,educat7,2,14.090393680494236,0.11275842435294514,0.41118171613030974,
BOL,2021Q3,educat7,2,14.501575396624546,0.41118171613030974,1.122760273484312,
BOL,2021Q4,educat7,2,15.624335670108858,1.122760273484312,-2.3985526996923383,
BOL,2022Q1,educat7,2,13.22578297041652,-2.3985526996923383,0.8247433537606419,
BOL,2022Q2,educat7,2,14.050526324177161,0.8247433537606419,0.2497057409034209,
BOL,2022Q3,educat7,2,14.300232065080582,0.2497057409034209,0.30770396169926606,
BOL,2022Q4,educat7,2,14.607936026779848,0.30770396169926606,-1.2575701408127813,
BOL,2023Q1,educat7,2,13.350365885967067,-1.2575701408127813,0.8362306301978979,
BOL,2023Q2,educat7,2,14.186596516164965,0.8362306301978979,0.4653155927902155,
BOL,2023Q3,educat7,2,14.65191210895518,0.4653155927902155,-0.07615859464854324,
BOL,2023Q4,educat7,2,14.575753514306637,-0.07615859464854324,-1.0520830999363167,
BOL,2024Q1,educat7,2,13.52367041437032,-1.0520830999363167,0.2368923284737896,
BOL,2024Q2,educat7,2,13.76056274284411,0.2368923284737896,0.18802499863787858,
BOL,2024Q3,educat7,2,13.948587741481989,0.18802499863787858,0.5879611192834453,
BOL,2024Q4,educat7,2,14.536548860765434,0.5879611192834453,-1.2888017371201705,
BOL,2025Q1,educat7,2,13.247747123645263,-1.2888017371201705,0.5771694010304405,
BOL,2025Q2,educat7,2,13.824916524675704,0.5771694010304405,-0.12170476827782295,
BOL,2025Q3,educat7,2,13.70321175639788,-0.12170476827782295,0.704632756746328,
BOL,2025Q4,educat7,2,14.407844513144209,0.704632756746328,,
BOL,2021Q1,educat7,3,8.508599524152052,,-0.5055186866046171,
BOL,2021Q2,educat7,3,8.003080837547435,-0.5055186866046171,-0.44276315221370144,
BOL,2021Q3,educat7,3,7.560317685333733,-0.44276315221370144,0.5507776757233094,
BOL,2021Q4,educat7,3,8.111095361057043,0.5507776757233094,-0.1181794288636544,
BOL,2022Q1,educat7,3,7.992915932193388,-0.1181794288636544,-0.10314543753672645,
BOL,2022Q2,educat7,3,7.889770494656662,-0.10314543753672645,-0.26785164576804643,
BOL,2022Q3,educat7,3,7.621918848888615,-0.26785164576804643,0.3939157689394879,
BOL,2022Q4,educat7,3,8.015834617828103,0.3939157689394879,-0.21060831276008862,
BOL,2023Q1,educat7,3,7.805226305068015,-0.21060831276008862,0.2734479854062375,
BOL,2023Q2,educat7,3,8.078674290474252,0.2734479854062375,-0.2996242185380824,
BOL,2023Q3,educat7,3,7.77905007193617,-0.2996242185380824,-0.17131641586962232,
BOL,2023Q4,educat7,3,7.607733656066547,-0.17131641586962232,0.2647761248452376,
BOL,2024Q1,educat7,3,7.872509780911785,0.2647761248452376,-0.22468167110965265,
BOL,2024Q2,educat7,3,7.647828109802132,-0.22468167110965265,0.1524729492047543,
BOL,2024Q3,educat7,3,7.800301059006887,0.1524729492047543,-0.0696286855789996,
BOL,2024Q4,educat7,3,7.730672373427887,-0.0696286855789996,-0.16231387900933125,
BOL,2025Q1,educat7,3,7.568358494418556,-0.16231387900933125,0.3106106978486709,
BOL,2025Q2,educat7,3,7.878969192267227,0.3106106978486709,-0.23098485047481976,
BOL,2025Q3,educat7,3,7.647984341792407,-0.23098485047481976,0.09753137005871171,
BOL,2025Q4,educat7,3,7.745515711851119,0.09753137005871171,,
BOL,2021Q1,educat7,4,18.521695315675466,,-0.07621959945311119,
BOL,2021Q2,educat7,4,18.445475716222354,-0.07621959945311119,0.3435570240554924,
BOL,2021Q3,educat7,4,18.789032740277847,0.3435570240554924,-0.44292280198593303,
BOL,2021Q4,educat7,4,18.346109938291914,-0.44292280198593303,0.15486001004898498,
BOL,2022Q1,educat7,4,18.5009699483409,0.15486001004898498,-0.004374301843956374,
BOL,2022Q2,educat7,4,18.496595646496942,-0.004374301843956374,0.027421823173046533,
BOL,2022Q3,educat7,4,18.52401746966999,0.027421823173046533,-0.10929152562192357,
BOL,2022Q4,educat7,4,18.414725944048065,-0.10929152562192357,-0.042183351081263254,
BOL,2023Q1,educat7,4,18.372542592966802,-0.042183351081263254,0.06812455643035165,
BOL,2023Q2,educat7,4,18.440667149397154,0.06812455643035165,-0.3385179977408832,
BOL,2023Q3,educat7,4,18.10214915165627,-0.3385179977408832,0.3310213974979419,
BOL,2023Q4,educat7,4,18.433170549154212,0.3310213974979419,-0.4112411458752092,
BOL,2024Q1,educat7,4,18.021929403279003,-0.4112411458752092,0.09158842085022911,
BOL,2024Q2,educat7,4,18.113517824129232,0.09158842085022911,0.7575855643399088,
BOL,2024Q3,educat7,4,18.87110338846914,0.7575855643399088,-0.12253144314425413,
BOL,2024Q4,educat7,4,18.748571945324887,-0.12253144314425413,0.2399724969234569,
BOL,2025Q1,educat7,4,18.988544442248344,0.2399724969234569,-0.455814949140926,
BOL,2025Q2,educat7,4,18.532729493107418,-0.455814949140926,0.28838957928554265,
BOL,2025Q3,educat7,4,18.82111907239296,0.28838957928554265,-0.20114797927633177,
BOL,2025Q4,educat7,4,18.61997109311663,-0.20114797927633177,,
BOL,2021Q1,educat7,5,11.160398456754532,,0.23487514683302102,
BOL,2021Q2,educat7,5,11.395273603587553,0.23487514683302102,-0.4554232598748218,
BOL,2021Q3,educat7,5,10.939850343712731,-0.4554232598748218,-0.11548757139029142,
BOL,2021Q4,educat7,5,10.82436277232244,-0.11548757139029142,0.566695633002702,
BOL,2022Q1,educat7,5,11.391058405325142,0.566695633002702,-0.3996046550929062,
BOL,2022Q2,educat7,5,10.991453750232235,-0.3996046550929062,-0.07016030311655896,
BOL,2022Q3,educat7,5,10.921293447115676,-0.07016030311655896,0.17217783124888975,
BOL,2022Q4,educat7,5,11.093471278364566,0.17217783124888975,0.23174360111730508,
BOL,2023Q1,educat7,5,11.325214879481871,0.23174360111730508,-0.645236388066758,
BOL,2023Q2,educat7,5,10.679978491415113,-0.645236388066758,0.051169859765254344,
BOL,2023Q3,educat7,5,10.731148351180368,0.051169859765254344,0.16026095229977422,
BOL,2023Q4,educat7,5,10.891409303480142,0.16026095229977422,0.1231134109972789,
BOL,2024Q1,educat7,5,11.01452271447742,0.1231134109972789,0.17540603738032523,
BOL,2024Q2,educat7,5,11.189928751857746,0.17540603738032523,-0.10937456209350316,
BOL,2024Q3,educat7,5,11.080554189764243,-0.10937456209350316,0.6273383748372261,
BOL,2024Q4,educat7,5,11.707892564601469,0.6273383748372261,0.4813310904587347,
BOL,2025Q1,educat7,5,12.189223655060204,0.4813310904587347,-0.06593484828797713,
BOL,2025Q2,educat7,5,12.123288806772226,-0.06593484828797713,-0.1205445314821123,
BOL,2025Q3,educat7,5,12.002744275290114,-0.1205445314821123,-0.4847603232592572,
BOL,2025Q4,educat7,5,11.517983952030857,-0.4847603232592572,,
BOL,2021Q1,educat7,6,7.672686638194821,,0.14209711562134686,
BOL,2021Q2,educat7,6,7.814783753816168,0.14209711562134686,-0.08190967430891494,
BOL,2021Q3,educat7,6,7.732874079507253,-0.08190967430891494,-0.2685761911886333,
BOL,2021Q4,educat7,6,7.46429788831862,-0.2685761911886333,0.6576714278519171,
BOL,2022Q1,educat7,6,8.121969316170537,0.6576714278519171,0.1593628973675294,
BOL,2022Q2,educat7,6,8.281332213538066,0.1593628973675294,0.313047988204346,
BOL,2022Q3,educat7,6,8.594380201742412,0.313047988204346,-0.03526810616316034,
BOL,2022Q4,educat7,6,8.559112095579252,-0.03526810616316034,0.2894062127026782,
BOL,2023Q1,educat7,6,8.84851830828193,0.2894062127026782,0.04218042498060548,
BOL,2023Q2,educat7,6,8.890698733262536,0.04218042498060548,-0.14036696486934375,
BOL,2023Q3,educat7,6,8.750331768393192,-0.14036696486934375,0.025212025426080586,
BOL,2023Q4,educat7,6,8.775543793819272,0.025212025426080586,0.19215562041806855,
BOL,2024Q1,educat7,6,8.967699414237341,0.19215562041806855,0.4548092445837355,
BOL,2024Q2,educat7,6,9.422508658821076,0.4548092445837355,-0.33075650967902526,
BOL,2024Q3,educat7,6,9.091752149142051,-0.33075650967902526,-0.15513498769376355,
BOL,2024Q4,educat7,6,8.936617161448288,-0.15513498769376355,0.4072552313720639,
BOL,2025Q1,educat7,6,9.343872392820352,0.4072552313720639,0.07574550306310712,
BOL,2025Q2,educat7,6,9.419617895883459,0.07574550306310712,0.37937211005097105,
BOL,2025Q3,educat7,6,9.79899000593443,0.37937211005097105,-0.023890311810792042,
BOL,2025Q4,educat7,6,9.775099694123638,-0.023890311810792042,,
BOL,2021Q1,educat7,7,14.2075038520176,,-0.0009838582985821631,
BOL,2021Q2,educat7,7,14.206519993719018,-0.0009838582985821631,0.3418249470652448,
BOL,2021Q3,educat7,7,14.548344940784263,0.3418249470652448,-0.6999962420490071,
BOL,2021Q4,educat7,7,13.848348698735256,-0.6999962420490071,1.2301670380194913,
BOL,2022Q1,educat7,7,15.078515736754747,1.2301670380194913,-0.07535731062308493,
BOL,2022Q2,educat7,7,15.003158426131662,-0.07535731062308493,-0.37635297336246865,
BOL,2022Q3,educat7,7,14.626805452769194,-0.37635297336246865,-0.483118196251338,
BOL,2022Q4,educat7,7,14.143687256517856,-0.483118196251338,1.2483888402241927,
BOL,2023Q1,educat7,7,15.392076096742048,1.2483888402241927,-0.1803514044113843,
BOL,2023Q2,educat7,7,15.211724692330664,-0.1803514044113843,0.24198472720078534,
BOL,2023Q3,educat7,7,15.45370941953145,0.24198472720078534,0.3097020027444035,
BOL,2023Q4,educat7,7,15.763411422275853,0.3097020027444035,0.7775154221436456,
BOL,2024Q1,educat7,7,16.5409268444195,0.7775154221436456,-0.3294693749551847,
BOL,2024Q2,educat7,7,16.211457469464314,-0.3294693749551847,-0.506736630942429,
BOL,2024Q3,educat7,7,15.704720838521885,-0.506736630942429,-0.5930653269687323,
BOL,2024Q4,educat7,7,15.111655511553153,-0.5930653269687323,0.5925370357506772,
BOL,2025Q1,educat7,7,15.70419254730383,0.5925370357506772,-0.4702473922021273,
BOL,2025Q2,educat7,7,15.233945155101702,-0.4702473922021273,0.34665892309332236,
BOL,2025Q3,educat7,7,15.580604078195025,0.34665892309332236,-0.12071218768047132,
BOL,2025Q4,educat7,7,15.459891890514553,-0.12071218768047132,,
BOL,2021Q1,educat7,NA,22.257932677270514,,-0.05046128654656101,
BOL,2021Q2,educat7,NA,22.207471390723953,-0.05046128654656101,0.10478659771421306,
BOL,2021Q3,educat7,NA,22.312257988438166,0.10478659771421306,-0.2537982089012054,
BOL,2021Q4,educat7,NA,22.05845977953696,-0.2537982089012054,0.367202358549946,
BOL,2022Q1,educat7,NA,22.425662138086906,0.367202358549946,-0.24275970346947418,
BOL,2022Q2,educat7,NA,22.182902434617432,-0.24275970346947418,-0.22821078149170404,
BOL,2022Q3,educat7,NA,21.954691653125728,-0.22821078149170404,-0.042980309777604475,
BOL,2022Q4,educat7,NA,21.911711343348124,-0.042980309777604475,-0.1226839990029518,
BOL,2023Q1,educat7,NA,21.789027344345172,-0.1226839990029518,-0.38750108969333397,
BOL,2023Q2,educat7,NA,21.401526254651838,-0.38750108969333397,0.19073562292977542,
BOL,2023Q3,educat7,NA,21.592261877581613,0.19073562292977542,-0.4289666584743834,
BOL,2023Q4,educat7,NA,21.16329521910723,-0.4289666584743834,-0.05627579147033046,
BOL,2024Q1,educat7,NA,21.1070194276369,-0.05627579147033046,-0.33661652948030607,
BOL,2024Q2,educat7,NA,20.770402898156593,-0.33661652948030607,-0.14272909675417722,
BOL,2024Q3,educat7,NA,20.627673801402416,-0.14272909675417722,-0.3804210245645443,
BOL,2024Q4,educat7,NA,20.247252776837872,-0.3804210245645443,-0.07441807307133885,
BOL,2025Q1,educat7,NA,20.172834703766533,-0.07441807307133885,-0.13099719698507428,
BOL,2025Q2,educat7,NA,20.04183750678146,-0.13099719698507428,-0.06989857866228633,
BOL,2025Q3,educat7,NA,19.971938928119172,-0.06989857866228633,-0.1924373500971548,
BOL,2025Q4,educat7,NA,19.779501578022018,-0.1924373500971548,,
BOL,2021Q1,empstat,1,28.199390070090423,,-0.07355308467862542,
BOL,2021Q2,empstat,1,28.125836985411798,-0.07355308467862542,2.1463886791543096,
BOL,2021Q3,empstat,1,30.272225664566108,2.1463886791543096,-0.5635883875185108,
BOL,2021Q4,empstat,1,29.708637277047597,-0.5635883875185108,-0.1415585523544607,
BOL,2022Q1,empstat,1,29.567078724693136,-0.1415585523544607,0.4045423700551005,
BOL,2022Q2,empstat,1,29.971621094748237,0.4045423700551005,0.6747234262862065,
BOL,2022Q3,empstat,1,30.646344521034443,0.6747234262862065,0.29945513832286963,
BOL,2022Q4,empstat,1,30.945799659357313,0.29945513832286963,-0.4796061833565588,
BOL,2023Q1,empstat,1,30.466193476000754,-0.4796061833565588,0.4309921733169766,
BOL,2023Q2,empstat,1,30.89718564931773,0.4309921733169766,0.7995989787613489,
BOL,2023Q3,empstat,1,31.69678462807908,0.7995989787613489,0.17532359858805435,
BOL,2023Q4,empstat,1,31.872108226667134,0.17532359858805435,-0.29955167434025753,
BOL,2024Q1,empstat,1,31.572556552326876,-0.29955167434025753,0.054715480852291165,
BOL,2024Q2,empstat,1,31.627272033179167,0.054715480852291165,-0.14422458305305952,
BOL,2024Q3,empstat,1,31.483047450126108,-0.14422458305305952,0.34899080852777686,
BOL,2024Q4,empstat,1,31.832038258653885,0.34899080852777686,0.5135919247485212,
BOL,2025Q1,empstat,1,32.345630183402406,0.5135919247485212,-0.15061703919408842,
BOL,2025Q2,empstat,1,32.19501314420832,-0.15061703919408842,-0.6748813968335163,
BOL,2025Q3,empstat,1,31.5201317473748,-0.6748813968335163,0.14845677163889093,
BOL,2025Q4,empstat,1,31.668588519013692,0.14845677163889093,,
BOL,2021Q1,empstat,2,20.478628097759252,,0.661995051018021,
BOL,2021Q2,empstat,2,21.140623148777273,0.661995051018021,-1.444364096295665,
BOL,2021Q3,empstat,2,19.696259052481608,-1.444364096295665,0.7317455936488351,
BOL,2021Q4,empstat,2,20.428004646130443,0.7317455936488351,-1.849751637427488,
BOL,2022Q1,empstat,2,18.578253008702955,-1.849751637427488,0.14437867446119768,
BOL,2022Q2,empstat,2,18.722631683164153,0.14437867446119768,0.4020825370480381,
BOL,2022Q3,empstat,2,19.12471422021219,0.4020825370480381,-1.0036748936873607,
BOL,2022Q4,empstat,2,18.12103932652483,-1.0036748936873607,0.9575090321811786,
BOL,2023Q1,empstat,2,19.07854835870601,0.9575090321811786,0.8889498680433334,
BOL,2023Q2,empstat,2,19.967498226749342,0.8889498680433334,-1.160102149165649,
BOL,2023Q3,empstat,2,18.807396077583693,-1.160102149165649,-0.3682951405256496,
BOL,2023Q4,empstat,2,18.439100937058043,-0.3682951405256496,-0.1834179637358666,
BOL,2024Q1,empstat,2,18.255682973322177,-0.1834179637358666,0.026963612222505873,
BOL,2024Q2,empstat,2,18.282646585544683,0.026963612222505873,0.7052372032847387,
BOL,2024Q3,empstat,2,18.98788378882942,0.7052372032847387,-0.4916867676090817,
BOL,2024Q4,empstat,2,18.49619702122034,-0.4916867676090817,-0.08936994899744022,
BOL,2025Q1,empstat,2,18.4068270722229,-0.08936994899744022,-0.32209695142741523,
BOL,2025Q2,empstat,2,18.084730120795484,-0.32209695142741523,0.3228570949803462,
BOL,2025Q3,empstat,2,18.40758721577583,0.3228570949803462,-0.19313092801469978,
BOL,2025Q4,empstat,2,18.21445628776113,-0.19313092801469978,,
BOL,2021Q1,empstat,3,2.905413095516402,,0.26619456775096184,
BOL,2021Q2,empstat,3,3.171607663267364,0.26619456775096184,0.03003978429202414,
BOL,2021Q3,empstat,3,3.201647447559388,0.03003978429202414,0.003978642432907797,
BOL,2021Q4,empstat,3,3.205626089992296,0.003978642432907797,0.03790670864005241,
BOL,2022Q1,empstat,3,3.2435327986323483,0.03790670864005241,-0.0057853445576556695,
BOL,2022Q2,empstat,3,3.2377474540746927,-0.0057853445576556695,0.024447434988389638,
BOL,2022Q3,empstat,3,3.2621948890630823,0.024447434988389638,0.151130912642365,
BOL,2022Q4,empstat,3,3.4133258017054473,0.151130912642365,-0.0499200381248559,
BOL,2023Q1,empstat,3,3.3634057635805914,-0.0499200381248559,0.2528786633116664,
BOL,2023Q2,empstat,3,3.616284426892258,0.2528786633116664,-0.3240211013534595,
BOL,2023Q3,empstat,3,3.2922633255387983,-0.3240211013534595,0.3062470264072923,
BOL,2023Q4,empstat,3,3.5985103519460906,0.3062470264072923,0.07510759119349153,
BOL,2024Q1,empstat,3,3.673617943139582,0.07510759119349153,-0.20696892055473182,
BOL,2024Q2,empstat,3,3.4666490225848503,-0.20696892055473182,0.057665038808545344,
BOL,2024Q3,empstat,3,3.5243140613933956,0.057665038808545344,-0.2186868401740938,
BOL,2024Q4,empstat,3,3.305627221219302,-0.2186868401740938,0.19766841295263626,
BOL,2025Q1,empstat,3,3.503295634171938,0.19766841295263626,-0.13031568641406688,
BOL,2025Q2,empstat,3,3.3729799477578712,-0.13031568641406688,0.3768944337114073,
BOL,2025Q3,empstat,3,3.7498743814692785,0.3768944337114073,-0.08474245351040555,
BOL,2025Q4,empstat,3,3.665131927958873,-0.08474245351040555,,
BOL,2021Q1,empstat,4,48.125138347079364,,-0.8868190368603166,
BOL,2021Q2,empstat,4,47.23831931021905,-0.8868190368603166,-0.6585381753201602,
BOL,2021Q3,empstat,4,46.57978113489889,-0.6585381753201602,-0.28415838350496614,
BOL,2021Q4,empstat,4,46.29562275139392,-0.28415838350496614,2.125142563980539,
BOL,2022Q1,empstat,4,48.42076531537446,2.125142563980539,-0.7709605645659963,
BOL,2022Q2,empstat,4,47.649804750808464,-0.7709605645659963,-0.8786632378399588,
BOL,2022Q3,empstat,4,46.771141512968505,-0.8786632378399588,0.2012711090131063,
BOL,2022Q4,empstat,4,46.97241262198161,0.2012711090131063,-0.2105014266045302,
BOL,2023Q1,empstat,4,46.76191119537708,-0.2105014266045302,-1.5222789899527385,
BOL,2023Q2,empstat,4,45.23963220542434,-1.5222789899527385,0.6863464586119719,
BOL,2023Q3,empstat,4,45.925978664036315,0.6863464586119719,-0.11197635663767613,
BOL,2023Q4,empstat,4,45.81400230739864,-0.11197635663767613,0.4475445931988489,
BOL,2024Q1,empstat,4,46.26154690059749,0.4475445931988489,0.07172324597373603,
BOL,2024Q2,empstat,4,46.33327014657122,0.07172324597373603,-0.7011558896913925,
BOL,2024Q3,empstat,4,45.63211425687983,-0.7011558896913925,0.5038222718256549,
BOL,2024Q4,empstat,4,46.135936528705486,0.5038222718256549,-0.7365426457008581,
BOL,2025Q1,empstat,4,45.39939388300463,-0.7365426457008581,0.5739533693407068,
BOL,2025Q2,empstat,4,45.973347252345334,0.5739533693407068,-0.06392331349776015,
BOL,2025Q3,empstat,4,45.909423938847574,-0.06392331349776015,0.37607651240491435,
BOL,2025Q4,empstat,4,46.28550045125249,0.37607651240491435,,
BOL,2021Q1,empstat,5,0.2914303895545613,,0.032182502769972865,
BOL,2021Q2,empstat,5,0.32361289232453416,0.032182502769972865,-0.07352619183052755,
BOL,2021Q3,empstat,5,0.2500867004940066,-0.07352619183052755,0.11202253494173381,
BOL,2021Q4,empstat,5,0.3621092354357404,0.11202253494173381,-0.1717390828386375,
BOL,2022Q1,empstat,5,0.1903701525971029,-0.1717390828386375,0.2278248646073446,
BOL,2022Q2,empstat,5,0.4181950172044475,0.2278248646073446,-0.22259016048267502,
BOL,2022Q3,empstat,5,0.1956048567217725,-0.22259016048267502,0.3518177337090349,
BOL,2022Q4,empstat,5,0.5474225904308074,0.3518177337090349,-0.2174813840952427,
BOL,2023Q1,empstat,5,0.32994120633556473,-0.2174813840952427,-0.050541714719237685,
BOL,2023Q2,empstat,5,0.27939949161632704,-0.050541714719237685,-0.0018221868542048214,
BOL,2023Q3,empstat,5,0.2775773047621222,-0.0018221868542048214,-0.0012991278320214072,
BOL,2023Q4,empstat,5,0.2762781769301008,-0.0012991278320214072,-0.03968254631622001,
BOL,2024Q1,empstat,5,0.2365956306138808,-0.03968254631622001,0.05356658150618329,
BOL,2024Q2,empstat,5,0.2901622121200641,0.05356658150618329,0.08247823065116056,
BOL,2024Q3,empstat,5,0.37264044277122466,0.08247823065116056,-0.14243947257024384,
BOL,2024Q4,empstat,5,0.23020097020098082,-0.14243947257024384,0.11465225699714751,
BOL,2025Q1,empstat,5,0.34485322719812833,0.11465225699714751,0.029076307694863857,
BOL,2025Q2,empstat,5,0.3739295348929922,0.029076307694863857,0.03905318163951377,
BOL,2025Q3,empstat,5,0.41298271653250596,0.03905318163951377,-0.24665990251869324,
BOL,2025Q4,empstat,5,0.16632281401381271,-0.24665990251869324,,
BOL,2021Q1,industrycat10,1,29.93386820089869,,0.17745998422996934,
BOL,2021Q2,industrycat10,1,30.11132818512866,0.17745998422996934,-2.3359450205027166,
BOL,2021Q3,industrycat10,1,27.775383164625943,-2.3359450205027166,0.5785327902355846,
BOL,2021Q4,industrycat10,1,28.353915954861527,0.5785327902355846,-2.5772254724906034,
BOL,2022Q1,industrycat10,1,25.776690482370924,-2.5772254724906034,0.4939391498083161,
BOL,2022Q2,industrycat10,1,26.27062963217924,0.4939391498083161,0.19062356904126787,
BOL,2022Q3,industrycat10,1,26.461253201220508,0.19062356904126787,-0.22906887658859532,
BOL,2022Q4,industrycat10,1,26.232184324631913,-0.22906887658859532,0.255592205748556,
BOL,2023Q1,industrycat10,1,26.48777653038047,0.255592205748556,0.7662787605304651,
BOL,2023Q2,industrycat10,1,27.254055290910934,0.7662787605304651,-0.5096951364836713,
BOL,2023Q3,industrycat10,1,26.744360154427262,-0.5096951364836713,-0.37005738625958884,
BOL,2023Q4,industrycat10,1,26.374302768167674,-0.37005738625958884,-1.124290220965218,
BOL,2024Q1,industrycat10,1,25.250012547202456,-1.124290220965218,0.17735372115197023,
BOL,2024Q2,industrycat10,1,25.427366268354426,0.17735372115197023,-1.8086936488494914,
BOL,2024Q3,industrycat10,1,23.618672619504935,-1.8086936488494914,1.0087278379663474,
BOL,2024Q4,industrycat10,1,24.627400457471282,1.0087278379663474,-2.3531027700045506,
BOL,2025Q1,industrycat10,1,22.27429768746673,-2.3531027700045506,1.4297937543998884,
BOL,2025Q2,industrycat10,1,23.70409144186662,1.4297937543998884,0.8765639136375043,
BOL,2025Q3,industrycat10,1,24.580655355504124,0.8765639136375043,-1.089217994768795,
BOL,2025Q4,industrycat10,1,23.49143736073533,-1.089217994768795,,
BOL,2021Q1,industrycat10,10,10.940684636621006,,-0.37928697484938745,
BOL,2021Q2,industrycat10,10,10.561397661771618,-0.37928697484938745,1.150292716559802,
BOL,2021Q3,industrycat10,10,11.71169037833142,1.150292716559802,-0.720108384195024,
BOL,2021Q4,industrycat10,10,10.991581994136396,-0.720108384195024,0.43535108055139915,
BOL,2022Q1,industrycat10,10,11.426933074687796,0.43535108055139915,0.0010282834138841679,
BOL,2022Q2,industrycat10,10,11.42796135810168,0.0010282834138841679,0.7895196991073608,
BOL,2022Q3,industrycat10,10,12.21748105720904,0.7895196991073608,-0.6689288796002213,
BOL,2022Q4,industrycat10,10,11.54855217760882,-0.6689288796002213,0.1830347556205716,
BOL,2023Q1,industrycat10,10,11.73158693322939,0.1830347556205716,0.9589688836218482,
BOL,2023Q2,industrycat10,10,12.690555816851239,0.9589688836218482,0.11968381281974239,
BOL,2023Q3,industrycat10,10,12.810239629670981,0.11968381281974239,0.019709279059574314,
BOL,2023Q4,industrycat10,10,12.829948908730556,0.019709279059574314,-0.5679984050716484,
BOL,2024Q1,industrycat10,10,12.261950503658907,-0.5679984050716484,0.657329954744478,
BOL,2024Q2,industrycat10,10,12.919280458403385,0.657329954744478,-0.18715693533133226,
BOL,2024Q3,industrycat10,10,12.732123523072053,-0.18715693533133226,-0.13519360550511905,
BOL,2024Q4,industrycat10,10,12.596929917566934,-0.13519360550511905,-0.03671207350240202,
BOL,2025Q1,industrycat10,10,12.560217844064532,-0.03671207350240202,-0.07193103582886806,
BOL,2025Q2,industrycat10,10,12.488286808235664,-0.07193103582886806,0.5462862138049402,
BOL,2025Q3,industrycat10,10,13.034573022040604,0.5462862138049402,-0.29139570700327155,
BOL,2025Q4,industrycat10,10,12.743177315037332,-0.29139570700327155,,
BOL,2021Q1,industrycat10,2,1.1167576976685074,,-0.11629995301196616,
BOL,2021Q2,industrycat10,2,1.0004577446565412,-0.11629995301196616,-0.10419579781783961,
BOL,2021Q3,industrycat10,2,0.8962619468387016,-0.10419579781783961,0.6693021230186582,
BOL,2021Q4,industrycat10,2,1.5655640698573599,0.6693021230186582,-0.2515027595851551,
BOL,2022Q1,industrycat10,2,1.3140613102722047,-0.2515027595851551,0.01942513612062835,
BOL,2022Q2,industrycat10,2,1.333486446392833,0.01942513612062835,-0.4774806816529754,
BOL,2022Q3,industrycat10,2,0.8560057647398577,-0.4774806816529754,0.5250861482681778,
BOL,2022Q4,industrycat10,2,1.3810919130080355,0.5250861482681778,-0.35379558311543335,
BOL,2023Q1,industrycat10,2,1.0272963298926021,-0.35379558311543335,-0.010857084842846199,
BOL,2023Q2,industrycat10,2,1.016439245049756,-0.010857084842846199,0.15055964212065054,
BOL,2023Q3,industrycat10,2,1.1669988871704065,0.15055964212065054,-0.026988818447770457,
BOL,2023Q4,industrycat10,2,1.140010068722636,-0.026988818447770457,-0.0002476821180827926,
BOL,2024Q1,industrycat10,2,1.1397623866045532,-0.0002476821180827926,0.28607970060429966,
BOL,2024Q2,industrycat10,2,1.4258420872088529,0.28607970060429966,-0.09645404661720525,
BOL,2024Q3,industrycat10,2,1.3293880405916476,-0.09645404661720525,-0.06522572236349622,
BOL,2024Q4,industrycat10,2,1.2641623182281514,-0.06522572236349622,-0.15709915608168123,
BOL,2025Q1,industrycat10,2,1.1070631621464702,-0.15709915608168123,0.03865874888606413,
BOL,2025Q2,industrycat10,2,1.1457219110325343,0.03865874888606413,0.19000135764083015,
BOL,2025Q3,industrycat10,2,1.3357232686733644,0.19000135764083015,-0.4004495848463786,
BOL,2025Q4,industrycat10,2,0.9352736838269858,-0.4004495848463786,,
BOL,2021Q1,industrycat10,3,10.87566813948689,,0.04204767591607883,
BOL,2021Q2,industrycat10,3,10.91771581540297,0.04204767591607883,0.7511851742606019,
BOL,2021Q3,industrycat10,3,11.668900989663571,0.7511851742606019,0.09023474858082281,
BOL,2021Q4,industrycat10,3,11.759135738244394,0.09023474858082281,-0.15066981652229394,
BOL,2022Q1,industrycat10,3,11.6084659217221,-0.15066981652229394,-0.14791316798081766,
BOL,2022Q2,industrycat10,3,11.460552753741283,-0.14791316798081766,-0.1955815418825324,
BOL,2022Q3,industrycat10,3,11.26497121185875,-0.1955815418825324,-0.4081301764076919,
BOL,2022Q4,industrycat10,3,10.856841035451058,-0.4081301764076919,-0.14549108045711812,
BOL,2023Q1,industrycat10,3,10.71134995499394,-0.14549108045711812,0.7354522578471325,
BOL,2023Q2,industrycat10,3,11.446802212841073,0.7354522578471325,0.03348519612324985,
BOL,2023Q3,industrycat10,3,11.480287408964323,0.03348519612324985,0.4849677759701727,
BOL,2023Q4,industrycat10,3,11.965255184934495,0.4849677759701727,1.0855330864039594,
BOL,2024Q1,industrycat10,3,13.050788271338455,1.0855330864039594,-0.9998721776709161,
BOL,2024Q2,industrycat10,3,12.050916093667539,-0.9998721776709161,0.42829879424400197,
BOL,2024Q3,industrycat10,3,12.47921488791154,0.42829879424400197,-0.545423004140126,
BOL,2024Q4,industrycat10,3,11.933791883771415,-0.545423004140126,1.1875008724262308,
BOL,2025Q1,industrycat10,3,13.121292756197645,1.1875008724262308,-0.6428260543570499,
BOL,2025Q2,industrycat10,3,12.478466701840595,-0.6428260543570499,-0.7288485653756229,
BOL,2025Q3,industrycat10,3,11.749618136464973,-0.7288485653756229,1.1639683540615984,
BOL,2025Q4,industrycat10,3,12.913586490526571,1.1639683540615984,,
BOL,2021Q1,industrycat10,4,0.3556092532021655,,-0.03638374958562929,
BOL,2021Q2,industrycat10,4,0.31922550361653623,-0.03638374958562929,0.026970189897075503,
BOL,2021Q3,industrycat10,4,0.34619569351361174,0.026970189897075503,-0.03890163203127356,
BOL,2021Q4,industrycat10,4,0.3072940614823382,-0.03890163203127356,0.0801063444920802,
BOL,2022Q1,industrycat10,4,0.3874004059744184,0.0801063444920802,-0.05719609104263623,
BOL,2022Q2,industrycat10,4,0.33020431493178215,-0.05719609104263623,0.00573512522587849,
BOL,2022Q3,industrycat10,4,0.33593944015766064,0.00573512522587849,-0.06699176763299419,
BOL,2022Q4,industrycat10,4,0.26894767252466645,-0.06699176763299419,0.010164168800282536,
BOL,2023Q1,industrycat10,4,0.279111841324949,0.010164168800282536,-0.03470451450334325,
BOL,2023Q2,industrycat10,4,0.24440732682160574,-0.03470451450334325,0.07037647905427294,
BOL,2023Q3,industrycat10,4,0.3147838058758787,0.07037647905427294,0.030756528260887095,
BOL,2023Q4,industrycat10,4,0.34554033413676577,0.030756528260887095,-0.027565152096812984,
BOL,2024Q1,industrycat10,4,0.3179751820399528,-0.027565152096812984,0.015077683769017025,
BOL,2024Q2,industrycat10,4,0.3330528658089698,0.015077683769017025,-0.013248133403391538,
BOL,2024Q3,industrycat10,4,0.3198047324055783,-0.013248133403391538,0.003624704502313836,
BOL,2024Q4,industrycat10,4,0.3234294369078921,0.003624704502313836,0.06386400433737005,
BOL,2025Q1,industrycat10,4,0.38729344124526216,0.06386400433737005,-0.020600610865960267,
BOL,2025Q2,industrycat10,4,0.3666928303793019,-0.020600610865960267,-0.019165252397265464,
BOL,2025Q3,industrycat10,4,0.34752757798203643,-0.019165252397265464,0.07830363577452348,
BOL,2025Q4,industrycat10,4,0.4258312137565599,0.07830363577452348,,
BOL,2021Q1,industrycat10,5,7.160701109655796,,-0.02949046924686094,
BOL,2021Q2,industrycat10,5,7.131210640408935,-0.02949046924686094,-0.048600286448144736,
BOL,2021Q3,industrycat10,5,7.08261035396079,-0.048600286448144736,0.002437207488368287,
BOL,2021Q4,industrycat10,5,7.085047561449159,0.002437207488368287,0.23228647469268093,
BOL,2022Q1,industrycat10,5,7.3173340361418395,0.23228647469268093,-0.4352600569120648,
BOL,2022Q2,industrycat10,5,6.882073979229775,-0.4352600569120648,0.28080578853190374,
BOL,2022Q3,industrycat10,5,7.1628797677616785,0.28080578853190374,0.13828085512042776,
BOL,2022Q4,industrycat10,5,7.301160622882106,0.13828085512042776,-0.48095594077369963,
BOL,2023Q1,industrycat10,5,6.820204682108407,-0.48095594077369963,-0.1356516085788293,
BOL,2023Q2,industrycat10,5,6.684553073529577,-0.1356516085788293,0.03306940210362619,
BOL,2023Q3,industrycat10,5,6.7176224756332035,0.03306940210362619,0.1671918798313934,
BOL,2023Q4,industrycat10,5,6.884814355464597,0.1671918798313934,-0.17100449043966304,
BOL,2024Q1,industrycat10,5,6.713809865024934,-0.17100449043966304,0.2625555489462963,
BOL,2024Q2,industrycat10,5,6.97636541397123,0.2625555489462963,-0.16455362195696122,
BOL,2024Q3,industrycat10,5,6.811811792014269,-0.16455362195696122,0.7336745803524609,
BOL,2024Q4,industrycat10,5,7.54548637236673,0.7336745803524609,0.18668372585148774,
BOL,2025Q1,industrycat10,5,7.7321700982182175,0.18668372585148774,-0.1553249205661391,
BOL,2025Q2,industrycat10,5,7.576845177652078,-0.1553249205661391,-0.23538311663761746,
BOL,2025Q3,industrycat10,5,7.341462061014461,-0.23538311663761746,0.16751868912525314,
BOL,2025Q4,industrycat10,5,7.508980750139714,0.16751868912525314,,
BOL,2021Q1,industrycat10,6,25.875299653252192,,0.3731850404357431,
BOL,2021Q2,industrycat10,6,26.248484693687935,0.3731850404357431,0.19665223429204914,
BOL,2021Q3,industrycat10,6,26.445136927979984,0.19665223429204914,-0.5068237261408939,
BOL,2021Q4,industrycat10,6,25.93831320183909,-0.5068237261408939,1.4160168903094856,
BOL,2022Q1,industrycat10,6,27.354330092148576,1.4160168903094856,-0.09046881489907577,
BOL,2022Q2,industrycat10,6,27.2638612772495,-0.09046881489907577,-0.19704986374853917,
BOL,2022Q3,industrycat10,6,27.06681141350096,-0.19704986374853917,0.28289913323521176,
BOL,2022Q4,industrycat10,6,27.349710546736173,0.28289913323521176,0.45150396669276915,
BOL,2023Q1,industrycat10,6,27.801214513428942,0.45150396669276915,-1.5585308703832972,
BOL,2023Q2,industrycat10,6,26.242683643045645,-1.5585308703832972,-0.16129260963701242,
BOL,2023Q3,industrycat10,6,26.081391033408632,-0.16129260963701242,-0.05808473789277002,
BOL,2023Q4,industrycat10,6,26.023306295515862,-0.05808473789277002,0.5452295116555419,
BOL,2024Q1,industrycat10,6,26.568535807171404,0.5452295116555419,-0.7062187510044922,
BOL,2024Q2,industrycat10,6,25.862317056166912,-0.7062187510044922,2.192816141443245,
BOL,2024Q3,industrycat10,6,28.055133197610157,2.192816141443245,-0.7561423786659986,
BOL,2024Q4,industrycat10,6,27.29899081894416,-0.7561423786659986,1.079946412385901,
BOL,2025Q1,industrycat10,6,28.37893723133006,1.079946412385901,-0.5634645547131889,
BOL,2025Q2,industrycat10,6,27.81547267661687,-0.5634645547131889,-1.099509793233704,
BOL,2025Q3,industrycat10,6,26.715962883383167,-1.099509793233704,1.0141028987523768,
BOL,2025Q4,industrycat10,6,27.730065782135544,1.0141028987523768,,
BOL,2021Q1,industrycat10,7,6.921989918471709,,0.13654075315587022,
BOL,2021Q2,industrycat10,7,7.0585306716275795,0.13654075315587022,0.009600172565350285,
BOL,2021Q3,industrycat10,7,7.06813084419293,0.009600172565350285,-0.1641170442421629,
BOL,2021Q4,industrycat10,7,6.904013799950767,-0.1641170442421629,0.7291333237616033,
BOL,2022Q1,industrycat10,7,7.63314712371237,0.7291333237616033,-0.19185250674907195,
BOL,2022Q2,industrycat10,7,7.441294616963298,-0.19185250674907195,0.06446823902582022,
BOL,2022Q3,industrycat10,7,7.5057628559891185,0.06446823902582022,0.23254191837302063,
BOL,2022Q4,industrycat10,7,7.738304774362139,0.23254191837302063,0.028260172399227734,
BOL,2023Q1,industrycat10,7,7.766564946761367,0.028260172399227734,-0.6375845462009897,
BOL,2023Q2,industrycat10,7,7.128980400560377,-0.6375845462009897,0.18482816593732299,
BOL,2023Q3,industrycat10,7,7.3138085664977,0.18482816593732299,-0.18270592719834866,
BOL,2023Q4,industrycat10,7,7.1311026392993515,-0.18270592719834866,0.350694702885062,
BOL,2024Q1,industrycat10,7,7.4817973421844135,0.350694702885062,0.07612046587570465,
BOL,2024Q2,industrycat10,7,7.557917808060118,0.07612046587570465,0.20323999351030508,
BOL,2024Q3,industrycat10,7,7.761157801570423,0.20323999351030508,-0.4484485335382713,
BOL,2024Q4,industrycat10,7,7.312709268032152,-0.4484485335382713,0.5466776222490681,
BOL,2025Q1,industrycat10,7,7.85938689028122,0.5466776222490681,-0.1883156526120997,
BOL,2025Q2,industrycat10,7,7.67107123766912,-0.1883156526120997,0.30241388888389054,
BOL,2025Q3,industrycat10,7,7.973485126553011,0.30241388888389054,-0.6391305170079482,
BOL,2025Q4,industrycat10,7,7.334354609545063,-0.6391305170079482,,
BOL,2021Q1,industrycat10,8,4.605929437664272,,0.0022139521820756514,
BOL,2021Q2,industrycat10,8,4.608143389846347,0.0022139521820756514,0.32036613811765235,
BOL,2021Q3,industrycat10,8,4.928509527964,0.32036613811765235,-0.03705298161835646,
BOL,2021Q4,industrycat10,8,4.891456546345643,-0.03705298161835646,0.19647016161075026,
BOL,2022Q1,industrycat10,8,5.0879267079563935,0.19647016161075026,0.11926685041637519,
BOL,2022Q2,industrycat10,8,5.207193558372769,0.11926685041637519,-0.3330749180766919,
BOL,2022Q3,industrycat10,8,4.874118640296077,-0.3330749180766919,0.19957240713421243,
BOL,2022Q4,industrycat10,8,5.073691047430289,0.19957240713421243,0.21712090323565292,
BOL,2023Q1,industrycat10,8,5.290811950665942,0.21712090323565292,-0.20844841545130688,
BOL,2023Q2,industrycat10,8,5.082363535214635,-0.20844841545130688,0.03942535631556243,
BOL,2023Q3,industrycat10,8,5.121788891530198,0.03942535631556243,0.02467835957832598,
BOL,2023Q4,industrycat10,8,5.146467251108524,0.02467835957832598,0.017590445029506796,
BOL,2024Q1,industrycat10,8,5.1640576961380305,0.017590445029506796,0.08844735545495386,
BOL,2024Q2,industrycat10,8,5.252505051592984,0.08844735545495386,-0.4184165860905207,
BOL,2024Q3,industrycat10,8,4.834088465502464,-0.4184165860905207,0.08860841011708143,
BOL,2024Q4,industrycat10,8,4.922696875619545,0.08860841011708143,-0.36088895561586565,
BOL,2025Q1,industrycat10,8,4.561807920003679,-0.36088895561586565,0.1054527743093816,
BOL,2025Q2,industrycat10,8,4.667260694313061,0.1054527743093816,0.26315768559801445,
BOL,2025Q3,industrycat10,8,4.9304183799110755,0.26315768559801445,-0.02205959015433212,
BOL,2025Q4,industrycat10,8,4.908358789756743,-0.02205959015433212,,
BOL,2021Q1,industrycat10,9,2.2134919530787647,,-0.16998625922589117,
BOL,2021Q2,industrycat10,9,2.0435056938528735,-0.16998625922589117,0.03367447907620136,
BOL,2021Q3,industrycat10,9,2.077180172929075,0.03367447907620136,0.1264968989042501,
BOL,2021Q4,industrycat10,9,2.203677071833325,0.1264968989042501,-0.10996622681995394,
BOL,2022Q1,industrycat10,9,2.093710845013371,-0.10996622681995394,0.28903121782447405,
BOL,2022Q2,industrycat10,9,2.382742062837845,0.28903121782447405,-0.12796541557150487,
BOL,2022Q3,industrycat10,9,2.25477664726634,-0.12796541557150487,-0.005260761901535904,
BOL,2022Q4,industrycat10,9,2.2495158853648043,-0.005260761901535904,-0.16543356815081278,
BOL,2023Q1,industrycat10,9,2.0840823172139915,-0.16543356815081278,0.12507713796115683,
BOL,2023Q2,industrycat10,9,2.2091594551751483,0.12507713796115683,0.03955969164626394,
BOL,2023Q3,industrycat10,9,2.2487191468214123,0.03955969164626394,-0.0894669529018639,
BOL,2023Q4,industrycat10,9,2.1592521939195484,-0.0894669529018639,-0.1079417952826427,
BOL,2024Q1,industrycat10,9,2.0513103986369057,-0.1079417952826427,0.1431264981286584,
BOL,2024Q2,industrycat10,9,2.194436896765564,0.1431264981286584,-0.1358319569486368,
BOL,2024Q3,industrycat10,9,2.0586049398169273,-0.1358319569486368,0.11579771127478589,
BOL,2024Q4,industrycat10,9,2.174402651091713,0.11579771127478589,-0.1568696820455293,
BOL,2025Q1,industrycat10,9,2.017532969046184,-0.1568696820455293,0.06855755134797636,
BOL,2025Q2,industrycat10,9,2.08609052039416,0.06855755134797636,-0.09551633192097109,
BOL,2025Q3,industrycat10,9,1.9905741884731891,-0.09551633192097109,0.01835981606697512,
BOL,2025Q4,industrycat10,9,2.0089340045401642,0.01835981606697512,,
BOL,2021Q1,lstatus,1,51.420254554820154,,1.0366329303517574,
BOL,2021Q2,lstatus,1,52.45688748517191,1.0366329303517574,1.2874286500988177,
BOL,2021Q3,lstatus,1,53.74431613527073,1.2874286500988177,1.251701464151182,
BOL,2021Q4,lstatus,1,54.99601759942191,1.251701464151182,-1.0080642653684606,
BOL,2022Q1,lstatus,1,53.98795333405345,-1.0080642653684606,0.9118772808916447,
BOL,2022Q2,lstatus,1,54.899830614945095,0.9118772808916447,0.5472136279346174,
BOL,2022Q3,lstatus,1,55.44704424287971,0.5472136279346174,-0.7595325413491167,
BOL,2022Q4,lstatus,1,54.687511701530596,-0.7595325413491167,0.28060414900686226,
BOL,2023Q1,lstatus,1,54.96811585053746,0.28060414900686226,0.4633323467445649,
BOL,2023Q2,lstatus,1,55.43144819728202,0.4633323467445649,0.5052699963989298,
BOL,2023Q3,lstatus,1,55.93671819368095,0.5052699963989298,0.34603097168167096,
BOL,2023Q4,lstatus,1,56.282749165362624,0.34603097168167096,0.41577661427812984,
BOL,2024Q1,lstatus,1,56.698525779640754,0.41577661427812984,0.22650114437063706,
BOL,2024Q2,lstatus,1,56.92502692401139,0.22650114437063706,0.2019976567988806,
BOL,2024Q3,lstatus,1,57.12702458081027,0.2019976567988806,0.7621494956586901,
BOL,2024Q4,lstatus,1,57.88917407646896,0.7621494956586901,-0.1550980158729729,
BOL,2025Q1,lstatus,1,57.73407606059599,-0.1550980158729729,0.16912760579627673,
BOL,2025Q2,lstatus,1,57.903203666392265,0.16912760579627673,0.9164491731672868,
BOL,2025Q3,lstatus,1,58.81965283955955,0.9164491731672868,0.9565794268467585,
BOL,2025Q4,lstatus,1,59.77623226640631,0.9565794268467585,,
BOL,2021Q1,lstatus,2,3.371524388534016,,-0.40695923090668584,
BOL,2021Q2,lstatus,2,2.96456515762733,-0.40695923090668584,-0.3588654888085161,
BOL,2021Q3,lstatus,2,2.605699668818814,-0.3588654888085161,-0.47236022748025164,
BOL,2021Q4,lstatus,2,2.1333394413385625,-0.47236022748025164,0.36358792553615515,
BOL,2022Q1,lstatus,2,2.4969273668747176,0.36358792553615515,-0.6333643366994366,
BOL,2022Q2,lstatus,2,1.863563030175281,-0.6333643366994366,-0.18728091694629545,
BOL,2022Q3,lstatus,2,1.6762821132289856,-0.18728091694629545,0.10917817797213902,
BOL,2022Q4,lstatus,2,1.7854602912011246,0.10917817797213902,0.21690628386247068,
BOL,2023Q1,lstatus,2,2.0023665750635953,0.21690628386247068,-0.43317732863651237,
BOL,2023Q2,lstatus,2,1.569189246427083,-0.43317732863651237,-0.03723527622023215,
BOL,2023Q3,lstatus,2,1.5319539702068508,-0.03723527622023215,0.06271676802418447,
BOL,2023Q4,lstatus,2,1.5946707382310352,0.06271676802418447,0.1285813139613099,
BOL,2024Q1,lstatus,2,1.7232520521923451,0.1285813139613099,-0.1494427662626947,
BOL,2024Q2,lstatus,2,1.5738092859296504,-0.1494427662626947,-0.031334844495553016,
BOL,2024Q3,lstatus,2,1.5424744414340974,-0.031334844495553016,-0.0898768394478986,
BOL,2024Q4,lstatus,2,1.4525976019861988,-0.0898768394478986,0.2927016219016376,
BOL,2025Q1,lstatus,2,1.7452992238878364,0.2927016219016376,-0.33822919845151334,
BOL,2025Q2,lstatus,2,1.407070025436323,-0.33822919845151334,-0.1035460408442781,
BOL,2025Q3,lstatus,2,1.303523984592045,-0.1035460408442781,-0.2713319252191937,
BOL,2025Q4,lstatus,2,1.0321920593728513,-0.2713319252191937,,
BOL,2021Q1,lstatus,3,17.826122696916187,,-0.5221416520607427,
BOL,2021Q2,lstatus,3,17.303981044855444,-0.5221416520607427,-0.8208429229130019,
BOL,2021Q3,lstatus,3,16.483138121942442,-0.8208429229130019,-0.6726156165269952,
BOL,2021Q4,lstatus,3,15.810522505415447,-0.6726156165269952,0.7749246829737739,
BOL,2022Q1,lstatus,3,16.58544718838922,0.7749246829737739,-0.14727108174475845,
BOL,2022Q2,lstatus,3,16.438176106644462,-0.14727108174475845,-0.22826530937958012,
BOL,2022Q3,lstatus,3,16.209910797264882,-0.22826530937958012,0.7810467279892457,
BOL,2022Q4,lstatus,3,16.990957525254128,0.7810467279892457,-0.3532036683218145,
BOL,2023Q1,lstatus,3,16.637753856932314,-0.3532036683218145,0.11517261491390585,
BOL,2023Q2,lstatus,3,16.75292647184622,0.11517261491390585,-0.32191324714210623,
BOL,2023Q3,lstatus,3,16.431013224704113,-0.32191324714210623,-0.2633945555642292,
BOL,2023Q4,lstatus,3,16.167618669139884,-0.2633945555642292,-0.35793189968172534,
BOL,2024Q1,lstatus,3,15.809686769458159,-0.35793189968172534,0.10873288098526679,
BOL,2024Q2,lstatus,3,15.918419650443425,0.10873288098526679,0.016042055121287646,
BOL,2024Q3,lstatus,3,15.934461705564713,0.016042055121287646,-0.48670335464876047,
BOL,2024Q4,lstatus,3,15.447758350915953,-0.48670335464876047,0.0702249002780917,
BOL,2025Q1,lstatus,3,15.517983251194044,0.0702249002780917,0.3781509621491139,
BOL,2025Q2,lstatus,3,15.896134213343158,0.3781509621491139,-0.6029795920918417,
BOL,2025Q3,lstatus,3,15.293154621251317,-0.6029795920918417,-0.4767253610688975,
BOL,2025Q4,lstatus,3,14.816429260182419,-0.4767253610688975,,
BOL,2021Q1,lstatus,NA,27.382098359729635,,-0.10753204738433197,
BOL,2021Q2,lstatus,NA,27.274566312345303,-0.10753204738433197,-0.10772023837727218,
BOL,2021Q3,lstatus,NA,27.16684607396803,-0.10772023837727218,-0.10672562014395837,
BOL,2021Q4,lstatus,NA,27.060120453824073,-0.10672562014395837,-0.13044834314146314,
BOL,2022Q1,lstatus,NA,26.92967211068261,-0.13044834314146314,-0.13124186244743186,
BOL,2022Q2,lstatus,NA,26.798430248235178,-0.13124186244743186,-0.131667401608766,
BOL,2022Q3,lstatus,NA,26.666762846626412,-0.131667401608766,-0.13069236461225486,
BOL,2022Q4,lstatus,NA,26.536070482014157,-0.13069236461225486,-0.14430676454753666,
BOL,2023Q1,lstatus,NA,26.39176371746662,-0.14430676454753666,-0.1453276330219495,
BOL,2023Q2,lstatus,NA,26.24643608444467,-0.1453276330219495,-0.14612147303659384,
BOL,2023Q3,lstatus,NA,26.100314611408077,-0.14612147303659384,-0.14535318414162646,
BOL,2023Q4,lstatus,NA,25.95496142726645,-0.14535318414162646,-0.18642602855771173,
BOL,2024Q1,lstatus,NA,25.76853539870874,-0.18642602855771173,-0.18579125909321093,
BOL,2024Q2,lstatus,NA,25.582744139615528,-0.18579125909321093,-0.18670486742459858,
BOL,2024Q3,lstatus,NA,25.39603927219093,-0.18670486742459858,-0.18556930156205453,
BOL,2024Q4,lstatus,NA,25.210469970628875,-0.18556930156205453,-0.20782850630675753,
BOL,2025Q1,lstatus,NA,25.002641464322117,-0.20782850630675753,-0.2090493694938651,
BOL,2025Q2,lstatus,NA,24.793592094828252,-0.2090493694938651,-0.20992354023116278,
BOL,2025Q3,lstatus,NA,24.58366855459709,-0.20992354023116278,-0.2085221405586566,
BOL,2025Q4,lstatus,NA,24.375146414038433,-0.2085221405586566,,
BOL,2021Q1,occup,0,0.0999963854288176,,-0.02767039920110438,
BOL,2021Q2,occup,0,0.07232598622771322,-0.02767039920110438,-0.007650888850886245,
BOL,2021Q3,occup,0,0.06467509737682697,-0.007650888850886245,-0.01172284991971189,
BOL,2021Q4,occup,0,0.05295224745711508,-0.01172284991971189,0.023627905846840068,
BOL,2022Q1,occup,0,0.07658015330395515,0.023627905846840068,-0.03090366988419138,
BOL,2022Q2,occup,0,0.04567648341976377,-0.03090366988419138,0.022721389773043457,
BOL,2022Q3,occup,0,0.06839787319280723,0.022721389773043457,0.012122454930844226,
BOL,2022Q4,occup,0,0.08052032812365145,0.012122454930844226,0.01087658938176024,
BOL,2023Q1,occup,0,0.09139691750541169,0.01087658938176024,0.00893865237371158,
BOL,2023Q2,occup,0,0.10033556987912327,0.00893865237371158,-0.0010514011577862775,
BOL,2023Q3,occup,0,0.099284168721337,-0.0010514011577862775,-0.013777923343821594,
BOL,2023Q4,occup,0,0.0855062453775154,-0.013777923343821594,-0.04232949926257647,
BOL,2024Q1,occup,0,0.043176746114938935,-0.04232949926257647,0.060910497204457806,
BOL,2024Q2,occup,0,0.10408724331939674,0.060910497204457806,-0.035491023248730075,
BOL,2024Q3,occup,0,0.06859622007066667,-0.035491023248730075,0.019680936843249494,
BOL,2024Q4,occup,0,0.08827715691391616,0.019680936843249494,-0.024785402290611644,
BOL,2025Q1,occup,0,0.06349175462330452,-0.024785402290611644,0.04322079184266213,
BOL,2025Q2,occup,0,0.10671254646596665,0.04322079184266213,-0.03677518219136243,
BOL,2025Q3,occup,0,0.06993736427460422,-0.03677518219136243,-0.0014094239989302926,
BOL,2025Q4,occup,0,0.06852794027567392,-0.0014094239989302926,,
BOL,2021Q1,occup,1,1.8395078429219434,,0.10450228753087498,
BOL,2021Q2,occup,1,1.9440101304528183,0.10450228753087498,0.044083786522017165,
BOL,2021Q3,occup,1,1.9880939169748355,0.044083786522017165,-0.3658022184178962,
BOL,2021Q4,occup,1,1.6222916985569393,-0.3658022184178962,0.05357220686569697,
BOL,2022Q1,occup,1,1.6758639054226363,0.05357220686569697,0.010561764408760332,
BOL,2022Q2,occup,1,1.6864256698313966,0.010561764408760332,0.04332970789607837,
BOL,2022Q3,occup,1,1.729755377727475,0.04332970789607837,-0.1272102607700174,
BOL,2022Q4,occup,1,1.6025451169574576,-0.1272102607700174,0.055239653817928946,
BOL,2023Q1,occup,1,1.6577847707753866,0.055239653817928946,0.0014039877982161553,
BOL,2023Q2,occup,1,1.6591887585736027,0.0014039877982161553,0.03370862404496844,
BOL,2023Q3,occup,1,1.6928973826185711,0.03370862404496844,-0.028428894475789335,
BOL,2023Q4,occup,1,1.6644684881427818,-0.028428894475789335,0.18433821219935842,
BOL,2024Q1,occup,1,1.8488067003421402,0.18433821219935842,-0.1480405712261572,
BOL,2024Q2,occup,1,1.700766129115983,-0.1480405712261572,-0.07538903889758841,
BOL,2024Q3,occup,1,1.6253770902183946,-0.07538903889758841,-0.32462081270645493,
BOL,2024Q4,occup,1,1.3007562775119397,-0.32462081270645493,-0.09881500560916101,
BOL,2025Q1,occup,1,1.2019412719027787,-0.09881500560916101,-0.24262898821796852,
BOL,2025Q2,occup,1,0.9593122836848101,-0.24262898821796852,0.1133194902132767,
BOL,2025Q3,occup,1,1.0726317738980868,0.1133194902132767,0.09731651608340997,
BOL,2025Q4,occup,1,1.1699482899814968,0.09731651608340997,,
BOL,2021Q1,occup,2,6.540816487134913,,-0.27162024189271605,
BOL,2021Q2,occup,2,6.269196245242197,-0.27162024189271605,0.6494536231976173,
BOL,2021Q3,occup,2,6.9186498684398146,0.6494536231976173,-0.2624380421697863,
BOL,2021Q4,occup,2,6.656211826270028,-0.2624380421697863,0.16792226408198196,
BOL,2022Q1,occup,2,6.82413409035201,0.16792226408198196,0.1947932029182562,
BOL,2022Q2,occup,2,7.018927293270266,0.1947932029182562,-0.18305830626451858,
BOL,2022Q3,occup,2,6.835868987005748,-0.18305830626451858,-0.21360002238124487,
BOL,2022Q4,occup,2,6.622268964624503,-0.21360002238124487,0.2644686092181816,
BOL,2023Q1,occup,2,6.886737573842685,0.2644686092181816,0.3885948348969883,
BOL,2023Q2,occup,2,7.275332408739673,0.3885948348969883,-0.06426231839129137,
BOL,2023Q3,occup,2,7.2110700903483815,-0.06426231839129137,0.01755705396829388,
BOL,2023Q4,occup,2,7.228627144316675,0.01755705396829388,-0.5047545228265635,
BOL,2024Q1,occup,2,6.723872621490112,-0.5047545228265635,0.7597404451719019,
BOL,2024Q2,occup,2,7.483613066662014,0.7597404451719019,-0.6782240156167818,
BOL,2024Q3,occup,2,6.805389051045232,-0.6782240156167818,-0.035389918897045014,
BOL,2024Q4,occup,2,6.769999132148187,-0.035389918897045014,-0.09337113164247857,
BOL,2025Q1,occup,2,6.676628000505708,-0.09337113164247857,0.4864239087847011,
BOL,2025Q2,occup,2,7.1630519092904095,0.4864239087847011,-0.2845265760818956,
BOL,2025Q3,occup,2,6.878525333208514,-0.2845265760818956,0.23063966162716287,
BOL,2025Q4,occup,2,7.109164994835677,0.23063966162716287,,
BOL,2021Q1,occup,3,4.808778824750035,,0.08166047220348993,
BOL,2021Q2,occup,3,4.890439296953525,0.08166047220348993,0.30539157474012324,
BOL,2021Q3,occup,3,5.195830871693648,0.30539157474012324,0.03624287481756561,
BOL,2021Q4,occup,3,5.2320737465112135,0.03624287481756561,-0.0012323222941494905,
BOL,2022Q1,occup,3,5.230841424217064,-0.0012323222941494905,0.169601317952492,
BOL,2022Q2,occup,3,5.400442742169556,0.169601317952492,0.071167122460837,
BOL,2022Q3,occup,3,5.471609864630393,0.071167122460837,0.22027675660766466,
BOL,2022Q4,occup,3,5.691886621238058,0.22027675660766466,-0.149210494630597,
BOL,2023Q1,occup,3,5.542676126607461,-0.149210494630597,0.6948480123671814,
BOL,2023Q2,occup,3,6.237524138974642,0.6948480123671814,0.04577041767888268,
BOL,2023Q3,occup,3,6.283294556653525,0.04577041767888268,0.29414987165311146,
BOL,2023Q4,occup,3,6.577444428306636,0.29414987165311146,-0.8210824493225228,
BOL,2024Q1,occup,3,5.756361978984113,-0.8210824493225228,0.2791998650866381,
BOL,2024Q2,occup,3,6.0355618440707515,0.2791998650866381,0.055934543820330695,
BOL,2024Q3,occup,3,6.091496387891082,0.055934543820330695,-0.4714204096929624,
BOL,2024Q4,occup,3,5.62007597819812,-0.4714204096929624,0.31344217270069397,
BOL,2025Q1,occup,3,5.933518150898814,0.31344217270069397,-0.7448309934965378,
BOL,2025Q2,occup,3,5.188687157402276,-0.7448309934965378,0.2816593569388379,
BOL,2025Q3,occup,3,5.470346514341114,0.2816593569388379,-0.2580260987795091,
BOL,2025Q4,occup,3,5.212320415561605,-0.2580260987795091,,
BOL,2021Q1,occup,4,2.2730600688483924,,-0.06920770934503029,
BOL,2021Q2,occup,4,2.203852359503362,-0.06920770934503029,0.2989264763787718,
BOL,2021Q3,occup,4,2.502778835882134,0.2989264763787718,-0.20966798184564528,
BOL,2021Q4,occup,4,2.2931108540364886,-0.20966798184564528,0.07823486868110363,
BOL,2022Q1,occup,4,2.3713457227175923,0.07823486868110363,-0.006657512908169405,
BOL,2022Q2,occup,4,2.364688209809423,-0.006657512908169405,0.3548661823529069,
BOL,2022Q3,occup,4,2.7195543921623297,0.3548661823529069,-0.020437319689635913,
BOL,2022Q4,occup,4,2.699117072472694,-0.020437319689635913,-0.06368101765754774,
BOL,2023Q1,occup,4,2.635436054815146,-0.06368101765754774,0.03654680905296992,
BOL,2023Q2,occup,4,2.671982863868116,0.03654680905296992,0.13651223663654388,
BOL,2023Q3,occup,4,2.80849510050466,0.13651223663654388,0.00782485594356297,
BOL,2023Q4,occup,4,2.816319956448223,0.00782485594356297,0.18906527400033868,
BOL,2024Q1,occup,4,3.0053852304485615,0.18906527400033868,0.12429961034470605,
BOL,2024Q2,occup,4,3.1296848407932676,0.12429961034470605,0.04935840779943712,
BOL,2024Q3,occup,4,3.1790432485927047,0.04935840779943712,-0.08879869041631228,
BOL,2024Q4,occup,4,3.0902445581763924,-0.08879869041631228,-0.32365555846001026,
BOL,2025Q1,occup,4,2.766588999716382,-0.32365555846001026,-0.07518229553541556,
BOL,2025Q2,occup,4,2.6914067041809666,-0.07518229553541556,0.16387196293848616,
BOL,2025Q3,occup,4,2.8552786671194528,0.16387196293848616,0.05083310613795522,
BOL,2025Q4,occup,4,2.906111773257408,0.05083310613795522,,
BOL,2021Q1,occup,5,22.875767199059215,,-0.346692698401025,
BOL,2021Q2,occup,5,22.52907450065819,-0.346692698401025,0.3620254035145116,
BOL,2021Q3,occup,5,22.8910999041727,0.3620254035145116,-0.5664124783378668,
BOL,2021Q4,occup,5,22.324687425834835,-0.5664124783378668,0.9650758588042301,
BOL,2022Q1,occup,5,23.289763284639065,0.9650758588042301,0.28972759222567745,
BOL,2022Q2,occup,5,23.579490876864742,0.28972759222567745,-0.20444897273085516,
BOL,2022Q3,occup,5,23.375041904133887,-0.20444897273085516,0.19830965567231118,
BOL,2022Q4,occup,5,23.5733515598062,0.19830965567231118,0.37583420860114103,
BOL,2023Q1,occup,5,23.94918576840734,0.37583420860114103,-1.2033325410254818,
BOL,2023Q2,occup,5,22.745853227381858,-1.2033325410254818,-0.34877359350503667,
BOL,2023Q3,occup,5,22.39707963387682,-0.34877359350503667,0.12063344831878453,
BOL,2023Q4,occup,5,22.517713082195606,0.12063344831878453,0.7032715763999988,
BOL,2024Q1,occup,5,23.220984658595604,0.7032715763999988,-0.9395453157634748,
BOL,2024Q2,occup,5,22.28143934283213,-0.9395453157634748,1.6351555301228906,
BOL,2024Q3,occup,5,23.91659487295502,1.6351555301228906,-0.30342357137314835,
BOL,2024Q4,occup,5,23.613171301581872,-0.30342357137314835,0.8615029682151416,
BOL,2025Q1,occup,5,24.474674269797013,0.8615029682151416,-0.4674829895134458,
BOL,2025Q2,occup,5,24.007191280283568,-0.4674829895134458,-1.0303240513084049,
BOL,2025Q3,occup,5,22.976867228975163,-1.0303240513084049,0.7172004056312353,
BOL,2025Q4,occup,5,23.694067634606398,0.7172004056312353,,
BOL,2021Q1,occup,6,29.247437170754463,,-0.12443911210829839,
BOL,2021Q2,occup,6,29.122998058646164,-0.12443911210829839,-2.235610357897322,
BOL,2021Q3,occup,6,26.887387700748842,-2.235610357897322,1.1043769638063843,
BOL,2021Q4,occup,6,27.991764664555227,1.1043769638063843,-3.078027946151689,
BOL,2022Q1,occup,6,24.913736718403538,-3.078027946151689,0.6964475059038016,level_shift
BOL,2022Q2,occup,6,25.61018422430734,0.6964475059038016,0.12781489472868657,
BOL,2022Q3,occup,6,25.737999119036026,0.12781489472868657,-0.1880871752670501,
BOL,2022Q4,occup,6,25.549911943768976,-0.1880871752670501,0.2719561070633958,
BOL,2023Q1,occup,6,25.82186805083237,0.2719561070633958,0.7946500212409155,
BOL,2023Q2,occup,6,26.616518072073287,0.7946500212409155,-0.6795108703445258,
BOL,2023Q3,occup,6,25.93700720172876,-0.6795108703445258,-0.2290348873016228,
BOL,2023Q4,occup,6,25.70797231442714,-0.2290348873016228,-1.2237914802614327,
BOL,2024Q1,occup,6,24.484180834165706,-1.2237914802614327,0.20261307179252697,
BOL,2024Q2,occup,6,24.686793905958233,0.20261307179252697,-1.780337633761718,
BOL,2024Q3,occup,6,22.906456272196515,-1.780337633761718,1.0827420041538929,
BOL,2024Q4,occup,6,23.989198276350407,1.0827420041538929,-2.2953272793693564,
BOL,2025Q1,occup,6,21.69387099698105,-2.2953272793693564,1.3522833606550186,
BOL,2025Q2,occup,6,23.04615435763607,1.3522833606550186,0.8854083988612373,
BOL,2025Q3,occup,6,23.931562756497307,0.8854083988612373,-1.1989113882100568,
BOL,2025Q4,occup,6,22.73265136828725,-1.1989113882100568,,
BOL,2021Q1,occup,7,17.722414623309557,,0.04272667220546822,
BOL,2021Q2,occup,7,17.765141295515026,0.04272667220546822,0.5415380653013848,
BOL,2021Q3,occup,7,18.30667936081641,0.5415380653013848,0.5147211518765147,
BOL,2021Q4,occup,7,18.821400512692925,0.5147211518765147,0.7784633228073083,
BOL,2022Q1,occup,7,19.599863835500233,0.7784633228073083,-0.766733626062198,
BOL,2022Q2,occup,7,18.833130209438036,-0.766733626062198,0.03469453686859936,
BOL,2022Q3,occup,7,18.867824746306635,0.03469453686859936,-0.5635996579767237,
BOL,2022Q4,occup,7,18.30422508832991,-0.5635996579767237,-0.6335240536977622,
BOL,2023Q1,occup,7,17.67070103463215,-0.6335240536977622,0.049810719663209824,
BOL,2023Q2,occup,7,17.72051175429536,0.049810719663209824,0.10577798075382816,
BOL,2023Q3,occup,7,17.826289735049187,0.10577798075382816,0.17360334241285713,
BOL,2023Q4,occup,7,17.999893077462044,0.17360334241285713,1.073199554347049,
BOL,2024Q1,occup,7,19.073092631809093,1.073199554347049,-0.9606335682679727,
BOL,2024Q2,occup,7,18.11245906354112,-0.9606335682679727,0.31242755561391533,
BOL,2024Q3,occup,7,18.424886619155036,0.31242755561391533,0.9212625991587196,
BOL,2024Q4,occup,7,19.346149218313755,0.9212625991587196,0.6683701862123286,
BOL,2025Q1,occup,7,20.014519404526084,0.6683701862123286,-0.2438770060043609,
BOL,2025Q2,occup,7,19.770642398521723,-0.2438770060043609,-0.5739945988015265,
BOL,2025Q3,occup,7,19.196647799720196,-0.5739945988015265,1.203671555294349,
BOL,2025Q4,occup,7,20.400319355014545,1.203671555294349,,
BOL,2021Q1,occup,8,8.236400328053426,,-0.10087889927817173,
BOL,2021Q2,occup,8,8.135521428775254,-0.10087889927817173,-0.14414056942738185,
BOL,2021Q3,occup,8,7.991380859347872,-0.14414056942738185,0.10173058132147439,
BOL,2021Q4,occup,8,8.093111440669347,0.10173058132147439,0.626303611235846,
BOL,2022Q1,occup,8,8.719415051905193,0.626303611235846,-0.32905667133395866,
BOL,2022Q2,occup,8,8.390358380571234,-0.32905667133395866,-0.20968563265899043,
BOL,2022Q3,occup,8,8.180672747912244,-0.20968563265899043,0.6803388457873663,
BOL,2022Q4,occup,8,8.86101159369961,0.6803388457873663,-0.20130824155131677,
BOL,2023Q1,occup,8,8.659703352148293,-0.20130824155131677,-0.7374922172585192,
BOL,2023Q2,occup,8,7.922211134889774,-0.7374922172585192,0.6851433479049396,
BOL,2023Q3,occup,8,8.607354482794713,0.6851433479049396,-0.4141012576090244,
BOL,2023Q4,occup,8,8.193253225185689,-0.4141012576090244,0.26269443638908285,
BOL,2024Q1,occup,8,8.455947661574772,0.26269443638908285,0.16309873911308514,
BOL,2024Q2,occup,8,8.619046400687857,0.16309873911308514,0.13226372590212243,
BOL,2024Q3,occup,8,8.75131012658998,0.13226372590212243,-0.4232258193846139,
BOL,2024Q4,occup,8,8.328084307205366,-0.4232258193846139,0.5462171326429015,
BOL,2025Q1,occup,8,8.874301439848267,0.5462171326429015,0.14238639885380167,
BOL,2025Q2,occup,8,9.016687838702069,0.14238639885380167,-0.13485905694051503,
BOL,2025Q3,occup,8,8.881828781761554,-0.13485905694051503,-0.550370291251145,
BOL,2025Q4,occup,8,8.331458490510409,-0.550370291251145,,
BOL,2021Q1,occup,9,6.355030359509968,,0.7124103385157703,
BOL,2021Q2,occup,9,7.067440698025738,0.7124103385157703,0.1836405674956989,
BOL,2021Q3,occup,9,7.251081265521437,0.1836405674956989,-0.34020553288609,
BOL,2021Q4,occup,9,6.910875732635347,-0.34020553288609,0.3875800809033647,
BOL,2022Q1,occup,9,7.298455813538712,0.3875800809033647,-0.2277799032204637,
BOL,2022Q2,occup,9,7.070675910318248,-0.2277799032204637,-0.05740092242578765,
BOL,2022Q3,occup,9,7.01327498789246,-0.05740092242578765,0.0018867230864776374,
BOL,2022Q4,occup,9,7.015161710978938,0.0018867230864776374,0.06934863945482395,
BOL,2023Q1,occup,9,7.084510350433762,0.06934863945482395,-0.033968279109191535,
BOL,2023Q2,occup,9,7.05054207132457,-0.033968279109191535,0.08668557637948116,
BOL,2023Q3,occup,9,7.1372276477040515,0.08668557637948116,0.07157439043364633,
BOL,2023Q4,occup,9,7.208802038137698,0.07157439043364633,0.17938889833725735,
BOL,2024Q1,occup,9,7.388190936474955,0.17938889833725735,0.4583572265443028,
BOL,2024Q2,occup,9,7.846548163019258,0.4583572265443028,0.384301948266109,
BOL,2024Q3,occup,9,8.230850111285367,0.384301948266109,-0.37680631768533246,
BOL,2024Q4,occup,9,7.8540437936000345,-0.37680631768533246,0.44642191760056704,
BOL,2025Q1,occup,9,8.300465711200602,0.44642191760056704,-0.25031218736845595,
BOL,2025Q2,occup,9,8.050153523832146,-0.25031218736845595,0.6162202563718662,
BOL,2025Q3,occup,9,8.666373780204012,0.6162202563718662,-0.2909440425344645,
BOL,2025Q4,occup,9,8.375429737669547,-0.2909440425344645,,
BOL,2021Q1,occup,NA,0.0007907102292792538,,0.0015516087962087132,
BOL,2021Q3,occup,NA,0.002342319025487967,0.0015516087962087132,-0.0008224682449544359,
BOL,2021Q4,occup,NA,0.0015198507805335311,-0.0008224682449544359,,
BOL,2022Q1,socialsec,0,10.508575129996965,,1.2170579725094512,
BOL,2022Q2,socialsec,0,11.725633102506416,1.2170579725094512,0.21530579566964825,
BOL,2022Q3,socialsec,0,11.940938898176064,0.21530579566964825,-0.3179322462635241,
BOL,2022Q4,socialsec,0,11.62300665191254,-0.3179322462635241,0.5705136750165387,
BOL,2023Q1,socialsec,0,12.193520326929079,0.5705136750165387,0.30047954143534916,
BOL,2023Q2,socialsec,0,12.493999868364428,0.30047954143534916,-0.24771133171143056,
BOL,2023Q3,socialsec,0,12.246288536652997,-0.24771133171143056,0.5263867676532978,
BOL,2023Q4,socialsec,0,12.772675304306295,0.5263867676532978,0.14176234881805527,
BOL,2024Q1,socialsec,0,12.91443765312435,0.14176234881805527,-0.21449441526615587,
BOL,2024Q2,socialsec,0,12.699943237858195,-0.21449441526615587,-0.2597598996876336,
BOL,2024Q3,socialsec,0,12.440183338170561,-0.2597598996876336,0.22220196963822758,
BOL,2024Q4,socialsec,0,12.662385307808789,0.22220196963822758,-0.8245843252640679,
BOL,2025Q1,socialsec,0,11.83780098254472,-0.8245843252640679,0.012777540296562861,
BOL,2025Q2,socialsec,0,11.850578522841284,0.012777540296562861,0.42602421476382446,
BOL,2025Q3,socialsec,0,12.276602737605108,0.42602421476382446,-0.19099245238595053,
BOL,2025Q4,socialsec,0,12.085610285219158,-0.19099245238595053,,
BOL,2022Q1,socialsec,1,12.991655364425275,,0.34319799031436915,
BOL,2022Q2,socialsec,1,13.334853354739645,0.34319799031436915,0.10410572644974536,
BOL,2022Q3,socialsec,1,13.43895908118939,0.10410572644974536,0.12468555918601609,
BOL,2022Q4,socialsec,1,13.563644640375406,0.12468555918601609,-0.03700489449175315,
BOL,2023Q1,socialsec,1,13.526639745883653,-0.03700489449175315,0.15165812449321514,
BOL,2023Q2,socialsec,1,13.678297870376868,0.15165812449321514,0.6183424323532254,
BOL,2023Q3,socialsec,1,14.296640302730093,0.6183424323532254,-0.304460662938169,
BOL,2023Q4,socialsec,1,13.992179639791924,-0.304460662938169,-0.6166931896335335,
BOL,2024Q1,socialsec,1,13.375486450158391,-0.6166931896335335,0.7067737714813287,
BOL,2024Q2,socialsec,1,14.08226022163972,0.7067737714813287,0.03757548380681364,
BOL,2024Q3,socialsec,1,14.119835705446533,0.03757548380681364,-0.7826504837762922,
BOL,2024Q4,socialsec,1,13.337185221670241,-0.7826504837762922,-0.49125271344535193,
BOL,2025Q1,socialsec,1,12.84593250822489,-0.49125271344535193,0.35152400658619065,
BOL,2025Q2,socialsec,1,13.19745651481108,0.35152400658619065,-0.778016552862498,
BOL,2025Q3,socialsec,1,12.419439961948582,-0.778016552862498,-0.16908026904269136,
BOL,2025Q4,socialsec,1,12.25035969290589,-0.16908026904269136,,
BOL,2021Q1,socialsec,NA,100.00000000000001,,-1.4210854715202004e-14,
BOL,2021Q2,socialsec,NA,100.0,-1.4210854715202004e-14,0.0,
BOL,2021Q3,socialsec,NA,100.0,0.0,0.0,
BOL,2021Q4,socialsec,NA,100.0,0.0,-23.50023049442224,
BOL,2022Q1,socialsec,NA,76.49976950557776,-23.50023049442224,-1.5602559628238168,level_shift
BOL,2022Q2,socialsec,NA,74.93951354275394,-1.5602559628238168,-0.3194115221193954,
BOL,2022Q3,socialsec,NA,74.62010202063455,-0.3194115221193954,0.19324668707749026,
BOL,2022Q4,socialsec,NA,74.81334870771204,0.19324668707749026,-0.5335087805247554,
BOL,2023Q1,socialsec,NA,74.27983992718728,-0.5335087805247554,-0.45213766592858917,
BOL,2023Q2,socialsec,NA,73.8277022612587,-0.45213766592858917,-0.3706311006417877,
BOL,2023Q3,socialsec,NA,73.4570711606169,-0.3706311006417877,-0.22192610471512353,
BOL,2023Q4,socialsec,NA,73.23514505590178,-0.22192610471512353,0.47493084081548886,
BOL,2024Q1,socialsec,NA,73.71007589671727,0.47493084081548886,-0.49227935621519237,
BOL,2024Q2,socialsec,NA,73.21779654050208,-0.49227935621519237,0.22218441588083238,
BOL,2024Q3,socialsec,NA,73.43998095638291,0.22218441588083238,0.5604485141380451,
BOL,2024Q4,socialsec,NA,74.00042947052096,0.5604485141380451,1.3158370387094465,
BOL,2025Q1,socialsec,NA,75.3162665092304,1.3158370387094465,-0.36430154688275707,
BOL,2025Q2,socialsec,NA,74.95196496234765,-0.36430154688275707,0.35199233809866826,
BOL,2025Q3,socialsec,NA,75.30395730044631,0.35199233809866826,0.36007272142863656,
BOL,2025Q4,socialsec,NA,75.66403002187495,0.36007272142863656,,
BOL,2021Q1,urban,0,31.323129708529443,,-0.040381184385086755,
BOL,2021Q2,urban,0,31.282748524144356,-0.040381184385086755,-0.04099988777819519,
BOL,2021Q3,urban,0,31.24174863636616,-0.04099988777819519,-0.04106187869253475,
BOL,2021Q4,urban,0,31.200686757673626,-0.04106187869253475,-0.03751225928277435,
BOL,2022Q1,urban,0,31.163174498390852,-0.03751225928277435,-0.038040107768015474,
BOL,2022Q2,urban,0,31.125134390622836,-0.038040107768015474,-0.03865772324895289,
BOL,2022Q3,urban,0,31.086476667373883,-0.03865772324895289,-0.03873520250269635,
BOL,2022Q4,urban,0,31.047741464871187,-0.03873520250269635,-0.037548280037430715,
BOL,2023Q1,urban,0,31.010193184833756,-0.037548280037430715,-0.038153688883912906,
BOL,2023Q2,urban,0,30.972039495949844,-0.038153688883912906,-0.03874832024820307,
BOL,2023Q3,urban,0,30.93329117570164,-0.03874832024820307,-0.03891850910907024,
BOL,2023Q4,urban,0,30.89437266659257,-0.03891850910907024,-0.03706120103807109,
BOL,2024Q1,urban,0,30.8573114655545,-0.03706120103807109,-0.03702656534580484,
BOL,2024Q2,urban,0,30.820284900208694,-0.03702656534580484,-0.037538527524581866,
BOL,2024Q3,urban,0,30.782746372684112,-0.037538527524581866,-0.03750469680029411,
BOL,2024Q4,urban,0,30.74524167588382,-0.03750469680029411,-0.036811401717006476,
BOL,2025Q1,urban,0,30.708430274166812,-0.036811401717006476,-0.03724418826710618,
BOL,2025Q2,urban,0,30.671186085899706,-0.03724418826710618,-0.03761455614168341,
BOL,2025Q3,urban,0,30.633571529758022,-0.03761455614168341,-0.037534229029230204,
BOL,2025Q4,urban,0,30.596037300728792,-0.037534229029230204,,
BOL,2021Q1,urban,1,68.67687029147055,,0.0403811843850832,
BOL,2021Q2,urban,1,68.71725147585563,0.0403811843850832,0.04099988777821295,
BOL,2021Q3,urban,1,68.75825136363385,0.04099988777821295,0.041061878692531195,
BOL,2021Q4,urban,1,68.79931324232638,0.041061878692531195,0.037512259282763694,
BOL,2022Q1,urban,1,68.83682550160914,0.037512259282763694,0.03804010776802613,
BOL,2022Q2,urban,1,68.87486560937717,0.03804010776802613,0.038657723248959996,
BOL,2022Q3,urban,1,68.91352333262613,0.038657723248959996,0.03873520250267859,
BOL,2022Q4,urban,1,68.9522585351288,0.03873520250267859,0.03754828003744137,
BOL,2023Q1,urban,1,68.98980681516625,0.03754828003744137,0.038153688883909354,
BOL,2023Q2,urban,1,69.02796050405016,0.038153688883909354,0.03874832024820307,
BOL,2023Q3,urban,1,69.06670882429836,0.03874832024820307,0.03891850910906669,
BOL,2023Q4,urban,1,69.10562733340743,0.03891850910906669,0.03706120103807109,
BOL,2024Q1,urban,1,69.1426885344455,0.03706120103807109,0.037026565345797735,
BOL,2024Q2,urban,1,69.1797150997913,0.037026565345797735,0.03753852752460318,
BOL,2024Q3,urban,1,69.2172536273159,0.03753852752460318,0.037504696800297666,
BOL,2024Q4,urban,1,69.2547583241162,0.037504696800297666,0.03681140171698871,
BOL,2025Q1,urban,1,69.29156972583318,0.03681140171698871,0.037244188267109735,
BOL,2025Q2,urban,1,69.3288139141003,0.037244188267109735,0.0376145561416763,
BOL,2025Q3,urban,1,69.36642847024197,0.0376145561416763,0.03753422902924797,
BOL,2025Q4,urban,1,69.40396269927122,0.03753422902924797,,
BRA,2021Q1,educat7,1,6.528980754601633,,0.24672086979794727,
BRA,2021Q2,educat7,1,6.775701624399581,0.24672086979794727,0.5028993884731303,
BRA,2021Q3,educat7,1,7.278601012872711,0.5028993884731303,0.18691029105659673,
BRA,2021Q4,educat7,1,7.465511303929308,0.18691029105659673,-0.6008649113503424,
BRA,2022Q1,educat7,1,6.864646392578965,-0.6008649113503424,0.21727266550999058,
BRA,2022Q2,educat7,1,7.081919058088956,0.21727266550999058,0.3098028312176506,
BRA,2022Q3,educat7,1,7.391721889306607,0.3098028312176506,0.16571065245663164,
BRA,2022Q4,educat7,1,7.557432541763238,0.16571065245663164,-0.47230477630220147,
BRA,2023Q1,educat7,1,7.085127765461037,-0.47230477630220147,0.06498878217277504,
BRA,2023Q2,educat7,1,7.150116547633812,0.06498878217277504,0.20008020384780778,
BRA,2023Q3,educat7,1,7.3501967514816196,0.20008020384780778,0.05412055404300897,
BRA,2023Q4,educat7,1,7.4043173055246285,0.05412055404300897,-0.6939878106867097,
BRA,2024Q1,educat7,1,6.710329494837919,-0.6939878106867097,0.17587603188749767,
BRA,2024Q2,educat7,1,6.8862055267254165,0.17587603188749767,0.21156870361122682,
BRA,2024Q3,educat7,1,7.097774230336643,0.21156870361122682,-0.1315043330294845,
BRA,2024Q4,educat7,1,6.966269897307159,-0.1315043330294845,-0.7511525188320762,
BRA,2025Q1,educat7,1,6.215117378475083,-0.7511525188320762,0.2172101363394896,
BRA,2025Q2,educat7,1,6.432327514814572,0.2172101363394896,0.16608728239653914,
BRA,2025Q3,educat7,1,6.598414797211111,0.16608728239653914,0.11256547348473411,
BRA,2025Q4,educat7,1,6.7109802706958455,0.11256547348473411,-0.8087813064641729,
BRA,2026Q1,educat7,1,5.902198964231673,-0.8087813064641729,0.2223879873822021,
BRA,2026Q2,educat7,1,6.124586951613875,0.2223879873822021,,
BRA,2021Q1,educat7,2,30.476505978282752,,0.15570547425311432,
BRA,2021Q2,educat7,2,30.632211452535866,0.15570547425311432,0.3791327424002944,
BRA,2021Q3,educat7,2,31.01134419493616,0.3791327424002944,0.023513879818796823,
BRA,2021Q4,educat7,2,31.034858074754958,0.023513879818796823,-0.2243403684270504,
BRA,2022Q1,educat7,2,30.810517706327907,-0.2243403684270504,-0.14199008535606694,
BRA,2022Q2,educat7,2,30.66852762097184,-0.14199008535606694,-0.13304318741108645,
BRA,2022Q3,educat7,2,30.535484433560754,-0.13304318741108645,-0.1615717687799716,
BRA,2022Q4,educat7,2,30.373912664780782,-0.1615717687799716,-0.2744162547707987,
BRA,2023Q1,educat7,2,30.099496410009984,-0.2744162547707987,-0.0969605014749142,
BRA,2023Q2,educat7,2,30.00253590853507,-0.0969605014749142,-0.2769293734135587,
BRA,2023Q3,educat7,2,29.72560653512151,-0.2769293734135587,-0.053964470518856444,
BRA,2023Q4,educat7,2,29.671642064602654,-0.053964470518856444,-0.17042608154474692,
BRA,2024Q1,educat7,2,29.501215983057907,-0.17042608154474692,-0.1725204582975408,
BRA,2024Q2,educat7,2,29.328695524760366,-0.1725204582975408,-0.11146608047007334,
BRA,2024Q3,educat7,2,29.217229444290293,-0.11146608047007334,-0.2156278583614153,
BRA,2024Q4,educat7,2,29.001601585928878,-0.2156278583614153,-0.2638845696996377,
BRA,2025Q1,educat7,2,28.73771701622924,-0.2638845696996377,-0.07327947356629849,
BRA,2025Q2,educat7,2,28.66443754266294,-0.07327947356629849,-0.0037277837112910106,
BRA,2025Q3,educat7,2,28.66070975895165,-0.0037277837112910106,-0.08598247501674905,
BRA,2025Q4,educat7,2,28.5747272839349,-0.08598247501674905,-0.13909102946502827,
BRA,2026Q1,educat7,2,28.435636254469873,-0.13909102946502827,0.06075687746551495,
BRA,2026Q2,educat7,2,28.49639313193539,0.06075687746551495,,
BRA,2021Q1,educat7,3,7.426001183394895,,-0.15016244340025509,
BRA,2021Q2,educat7,3,7.27583873999464,-0.15016244340025509,-0.027791112386069905,
BRA,2021Q3,educat7,3,7.24804762760857,-0.027791112386069905,-0.04838126761454742,
BRA,2021Q4,educat7,3,7.199666359994023,-0.04838126761454742,0.03218058589386885,
BRA,2022Q1,educat7,3,7.231846945887892,0.03218058589386885,-0.12140373707258867,
BRA,2022Q2,educat7,3,7.110443208815303,-0.12140373707258867,-0.1595610087088133,
BRA,2022Q3,educat7,3,6.95088220010649,-0.1595610087088133,-0.05607000014624308,
BRA,2022Q4,educat7,3,6.8948121999602465,-0.05607000014624308,0.07618647940724,
BRA,2023Q1,educat7,3,6.9709986793674865,0.07618647940724,-0.0021453453895468044,
BRA,2023Q2,educat7,3,6.96885333397794,-0.0021453453895468044,-0.07007482437764523,
BRA,2023Q3,educat7,3,6.8987785096002945,-0.07007482437764523,-0.0004940895974998583,
BRA,2023Q4,educat7,3,6.898284420002795,-0.0004940895974998583,0.07932454572206904,
BRA,2024Q1,educat7,3,6.977608965724864,0.07932454572206904,-0.03014153008749698,
BRA,2024Q2,educat7,3,6.947467435637367,-0.03014153008749698,-0.07217287459383748,
BRA,2024Q3,educat7,3,6.875294561043529,-0.07217287459383748,-0.17706986090416965,
BRA,2024Q4,educat7,3,6.6982247001393596,-0.17706986090416965,0.04093984712292542,
BRA,2025Q1,educat7,3,6.739164547262285,0.04093984712292542,-0.04785523405480241,
BRA,2025Q2,educat7,3,6.691309313207483,-0.04785523405480241,-0.10125832719313888,
BRA,2025Q3,educat7,3,6.590050986014344,-0.10125832719313888,-0.15906085433964723,
BRA,2025Q4,educat7,3,6.4309901316746965,-0.15906085433964723,0.13866248621883148,
BRA,2026Q1,educat7,3,6.569652617893528,0.13866248621883148,-0.028448949278893743,
BRA,2026Q2,educat7,3,6.541203668614634,-0.028448949278893743,,
BRA,2021Q1,educat7,4,6.640704141199545,,0.10202599526622613,
BRA,2021Q2,educat7,4,6.742730136465771,0.10202599526622613,0.01997264444345337,
BRA,2021Q3,educat7,4,6.762702780909224,0.01997264444345337,-0.016084494834438523,
BRA,2021Q4,educat7,4,6.746618286074786,-0.016084494834438523,0.07193829967984389,
BRA,2022Q1,educat7,4,6.81855658575463,0.07193829967984389,-0.03575200703899917,
BRA,2022Q2,educat7,4,6.782804578715631,-0.03575200703899917,-0.06506517224963826,
BRA,2022Q3,educat7,4,6.717739406465992,-0.06506517224963826,0.04914552310076292,
BRA,2022Q4,educat7,4,6.766884929566755,0.04914552310076292,0.06576977046021959,
BRA,2023Q1,educat7,4,6.832654700026975,0.06576977046021959,-0.10488464984986567,
BRA,2023Q2,educat7,4,6.727770050177109,-0.10488464984986567,-0.028668592241261948,
BRA,2023Q3,educat7,4,6.699101457935847,-0.028668592241261948,-0.12785388406436748,
BRA,2023Q4,educat7,4,6.57124757387148,-0.12785388406436748,0.11587245782704692,
BRA,2024Q1,educat7,4,6.687120031698527,0.11587245782704692,-0.049943249946990065,
BRA,2024Q2,educat7,4,6.637176781751537,-0.049943249946990065,0.028280364125540913,
BRA,2024Q3,educat7,4,6.6654571458770775,0.028280364125540913,-0.1711565280393117,
BRA,2024Q4,educat7,4,6.494300617837766,-0.1711565280393117,-0.051962466502136095,
BRA,2025Q1,educat7,4,6.44233815133563,-0.051962466502136095,0.14186191366899337,
BRA,2025Q2,educat7,4,6.584200065004623,0.14186191366899337,-0.026458477973707595,
BRA,2025Q3,educat7,4,6.5577415870309155,-0.026458477973707595,-0.20901925020459267,
BRA,2025Q4,educat7,4,6.348722336826323,-0.20901925020459267,0.20837515079138313,
BRA,2026Q1,educat7,4,6.557097487617706,0.20837515079138313,0.11997731713263704,
BRA,2026Q2,educat7,4,6.677074804750343,0.11997731713263704,,
BRA,2021Q1,educat7,5,24.097746889112454,,0.10411563377128275,
BRA,2021Q2,educat7,5,24.201862522883737,0.10411563377128275,-0.09211662543847865,
BRA,2021Q3,educat7,5,24.109745897445258,-0.09211662543847865,0.03785556597466311,
BRA,2021Q4,educat7,5,24.14760146341992,0.03785556597466311,0.5136884206374646,
BRA,2022Q1,educat7,5,24.661289884057386,0.5136884206374646,0.030420049700712326,
BRA,2022Q2,educat7,5,24.691709933758098,0.030420049700712326,-0.10337662923779334,
BRA,2022Q3,educat7,5,24.588333304520305,-0.10337662923779334,-0.0027449136426795917,
BRA,2022Q4,educat7,5,24.585588390877625,-0.0027449136426795917,0.5262092693498737,
BRA,2023Q1,educat7,5,25.1117976602275,0.5262092693498737,0.11098182706950865,
BRA,2023Q2,educat7,5,25.222779487297007,0.11098182706950865,0.02376787563626337,
BRA,2023Q3,educat7,5,25.24654736293327,0.02376787563626337,0.08069259856101496,
BRA,2023Q4,educat7,5,25.327239961494286,0.08069259856101496,0.3222586415463411,
BRA,2024Q1,educat7,5,25.649498603040627,0.3222586415463411,0.06762418812635929,
BRA,2024Q2,educat7,5,25.717122791166986,0.06762418812635929,0.026294989923755452,
BRA,2024Q3,educat7,5,25.74341778109074,0.026294989923755452,0.5734292805448931,
BRA,2024Q4,educat7,5,26.316847061635634,0.5734292805448931,0.5901752769152608,
BRA,2025Q1,educat7,5,26.907022338550895,0.5901752769152608,-0.46172328155686415,
BRA,2025Q2,educat7,5,26.44529905699403,-0.46172328155686415,-0.09187641991426432,
BRA,2025Q3,educat7,5,26.353422637079767,-0.09187641991426432,0.027205403457724486,
BRA,2025Q4,educat7,5,26.38062804053749,0.027205403457724486,0.3390366693434572,
BRA,2026Q1,educat7,5,26.71966470988095,0.3390366693434572,-0.2784733733209457,
BRA,2026Q2,educat7,5,26.441191336560003,-0.2784733733209457,,
BRA,2021Q1,educat7,7,18.062737055299213,,-0.4224124878091935,
BRA,2021Q2,educat7,7,17.64032456749002,-0.4224124878091935,-0.7435882857829483,
BRA,2021Q3,educat7,7,16.89673628170707,-0.7435882857829483,-0.14393367811459967,
BRA,2021Q4,educat7,7,16.75280260359247,-0.14393367811459967,0.24720846231260296,
BRA,2022Q1,educat7,7,17.000011065905074,0.24720846231260296,0.08989335341844651,
BRA,2022Q2,educat7,7,17.08990441932352,0.08989335341844651,0.19805838401194364,
BRA,2022Q3,educat7,7,17.287962803335464,0.19805838401194364,0.05970793430726218,
BRA,2022Q4,educat7,7,17.347670737642726,0.05970793430726218,0.13262808853401964,
BRA,2023Q1,educat7,7,17.480298826176746,0.13262808853401964,0.08022455149846053,
BRA,2023Q2,educat7,7,17.560523377675207,0.08022455149846053,0.20603441296608338,
BRA,2023Q3,educat7,7,17.76655779064129,0.20603441296608338,0.10195705016780465,
BRA,2023Q4,educat7,7,17.868514840809095,0.10195705016780465,0.4013004563591096,
BRA,2024Q1,educat7,7,18.269815297168204,0.4013004563591096,0.06215539549882365,
BRA,2024Q2,educat7,7,18.331970692667028,0.06215539549882365,-0.031956329308670206,
BRA,2024Q3,educat7,7,18.300014363358358,-0.031956329308670206,0.1686537618501518,
BRA,2024Q4,educat7,7,18.46866812520851,0.1686537618501518,0.4825159513923545,
BRA,2025Q1,educat7,7,18.951184076600864,0.4825159513923545,0.26881034799237824,
BRA,2025Q2,educat7,7,19.219994424593242,0.26881034799237824,0.10068331540412245,
BRA,2025Q3,educat7,7,19.320677739997365,0.10068331540412245,0.3545247355976855,
BRA,2025Q4,educat7,7,19.67520247559505,0.3545247355976855,0.3019568430306734,
BRA,2026Q1,educat7,7,19.977159318625723,0.3019568430306734,-0.0574213007629325,
BRA,2026Q2,educat7,7,19.91973801786279,-0.0574213007629325,,
BRA,2021Q1,educat7,NA,6.767323998109503,,-0.03599304187912988,
BRA,2021Q2,educat7,NA,6.731330956230373,-0.03599304187912988,-0.03850875170936696,
BRA,2021Q3,educat7,NA,6.692822204521006,-0.03850875170936696,-0.039880296286479044,
BRA,2021Q4,educat7,NA,6.652941908234527,-0.039880296286479044,-0.039810488746367056,
BRA,2022Q1,educat7,NA,6.61313141948816,-0.039810488746367056,-0.03844023916150796,
BRA,2022Q2,educat7,NA,6.574691180326652,-0.03844023916150796,-0.04681521762226204,
BRA,2022Q3,educat7,NA,6.52787596270439,-0.04681521762226204,-0.05417742729576869,
BRA,2022Q4,educat7,NA,6.473698535408621,-0.05417742729576869,-0.05407257667834209,
BRA,2023Q1,educat7,NA,6.419625958730279,-0.05407257667834209,-0.05220466402642998,
BRA,2023Q2,educat7,NA,6.367421294703849,-0.05220466402642998,-0.05420970241766998,
BRA,2023Q3,educat7,NA,6.313211592286179,-0.05420970241766998,-0.0544577585911199,
BRA,2023Q4,educat7,NA,6.258753833695059,-0.0544577585911199,-0.05434220922311095,
BRA,2024Q1,educat7,NA,6.204411624471948,-0.05434220922311095,-0.0530503771806492,
BRA,2024Q2,educat7,NA,6.151361247291299,-0.0530503771806492,-0.050548773287944826,
BRA,2024Q3,educat7,NA,6.100812474003354,-0.050548773287944826,-0.046724462060670824,
BRA,2024Q4,educat7,NA,6.054088011942683,-0.046724462060670824,-0.0466315203966845,
BRA,2025Q1,educat7,NA,6.007456491545999,-0.0466315203966845,-0.04502440882287928,
BRA,2025Q2,educat7,NA,5.96243208272312,-0.04502440882287928,-0.04344958900827578,
BRA,2025Q3,educat7,NA,5.918982493714844,-0.04344958900827578,-0.04023303297915337,
BRA,2025Q4,educat7,NA,5.8787494607356905,-0.04023303297915337,-0.040158813455130726,
BRA,2026Q1,educat7,NA,5.83859064728056,-0.040158813455130726,-0.038778558617599046,
BRA,2026Q2,educat7,NA,5.799812088662961,-0.038778558617599046,,
BRA,2021Q1,empstat,1,66.38881163412722,,-0.36849210134282373,
BRA,2021Q2,empstat,1,66.0203195327844,-0.36849210134282373,0.31350806447834145,
BRA,2021Q3,empstat,1,66.33382759726274,0.31350806447834145,0.47715654042549716,
BRA,2021Q4,empstat,1,66.81098413768824,0.47715654042549716,0.2883271358832076,
BRA,2022Q1,empstat,1,67.09931127357144,0.2883271358832076,0.5960481211980806,
BRA,2022Q2,empstat,1,67.69535939476953,0.5960481211980806,0.31178514033274496,
BRA,2022Q3,empstat,1,68.00714453510227,0.31178514033274496,0.48192892736001625,
BRA,2022Q4,empstat,1,68.48907346246229,0.48192892736001625,-0.02556015484961449,
BRA,2023Q1,empstat,1,68.46351330761267,-0.02556015484961449,0.25863312403556904,
BRA,2023Q2,empstat,1,68.72214643164824,0.25863312403556904,0.051992988955333885,
BRA,2023Q3,empstat,1,68.77413942060357,0.051992988955333885,0.30693977328857613,
BRA,2023Q4,empstat,1,69.08107919389215,0.30693977328857613,0.0828145136173788,
BRA,2024Q1,empstat,1,69.16389370750953,0.0828145136173788,0.268297762134992,
BRA,2024Q2,empstat,1,69.43219146964452,0.268297762134992,0.46843218468099224,
BRA,2024Q3,empstat,1,69.90062365432551,0.46843218468099224,-0.3815476964447697,
BRA,2024Q4,empstat,1,69.51907595788074,-0.3815476964447697,-0.14111155288739496,
BRA,2025Q1,empstat,1,69.37796440499335,-0.14111155288739496,0.10852585954110339,
BRA,2025Q2,empstat,1,69.48649026453445,0.10852585954110339,-0.09543377620080662,
BRA,2025Q3,empstat,1,69.39105648833365,-0.09543377620080662,0.07415123295704973,
BRA,2025Q4,empstat,1,69.4652077212907,0.07415123295704973,-0.2663239250563265,
BRA,2026Q1,empstat,1,69.19888379623437,-0.2663239250563265,0.097107080305733,
BRA,2026Q2,empstat,1,69.2959908765401,0.097107080305733,,
BRA,2021Q1,empstat,2,2.2659969808803844,,-0.04901506908489672,
BRA,2021Q2,empstat,2,2.2169819117954876,-0.04901506908489672,-0.04476255151922004,
BRA,2021Q3,empstat,2,2.1722193602762676,-0.04476255151922004,-0.1401580403713334,
BRA,2021Q4,empstat,2,2.032061319904934,-0.1401580403713334,0.02452057127897067,
BRA,2022Q1,empstat,2,2.056581891183905,0.02452057127897067,-0.23107556529594508,
BRA,2022Q2,empstat,2,1.8255063258879598,-0.23107556529594508,-0.07884989452757818,
BRA,2022Q3,empstat,2,1.7466564313603816,-0.07884989452757818,-0.11694364213532626,
BRA,2022Q4,empstat,2,1.6297127892250554,-0.11694364213532626,-0.08033886310493266,
BRA,2023Q1,empstat,2,1.5493739261201227,-0.08033886310493266,0.04276282810063692,
BRA,2023Q2,empstat,2,1.5921367542207596,0.04276282810063692,-0.07643858517207391,
BRA,2023Q3,empstat,2,1.5156981690486857,-0.07643858517207391,-0.10251882638303078,
BRA,2023Q4,empstat,2,1.413179342665655,-0.10251882638303078,-0.018041100087743622,
BRA,2024Q1,empstat,2,1.3951382425779113,-0.018041100087743622,-0.08431047961248472,
BRA,2024Q2,empstat,2,1.3108277629654266,-0.08431047961248472,0.018918809265637604,
BRA,2024Q3,empstat,2,1.3297465722310642,0.018918809265637604,-0.0442237856076344,
BRA,2024Q4,empstat,2,1.2855227866234298,-0.0442237856076344,-0.06724631138838943,
BRA,2025Q1,empstat,2,1.2182764752350403,-0.06724631138838943,-0.02710314549602355,
BRA,2025Q2,empstat,2,1.1911733297390168,-0.02710314549602355,0.022519404863748038,
BRA,2025Q3,empstat,2,1.2136927346027648,0.022519404863748038,-0.05876807363415737,
BRA,2025Q4,empstat,2,1.1549246609686075,-0.05876807363415737,0.040430202050367514,
BRA,2026Q1,empstat,2,1.195354863018975,0.040430202050367514,0.00826469529762175,
BRA,2026Q2,empstat,2,1.2036195583165967,0.00826469529762175,,
BRA,2021Q1,empstat,3,4.255296315117321,,-0.08799120905022484,
BRA,2021Q2,empstat,3,4.167305106067096,-0.08799120905022484,-0.07569338235400558,
BRA,2021Q3,empstat,3,4.091611723713091,-0.07569338235400558,-0.04026943673218231,
BRA,2021Q4,empstat,3,4.051342286980908,-0.04026943673218231,0.24433648679933295,
BRA,2022Q1,empstat,3,4.295678773780241,0.24433648679933295,0.012340188657407936,
BRA,2022Q2,empstat,3,4.308018962437649,0.012340188657407936,0.07435645081309605,
BRA,2022Q3,empstat,3,4.382375413250745,0.07435645081309605,-0.1094117718877019,
BRA,2022Q4,empstat,3,4.272963641363043,-0.1094117718877019,-0.025343256613558296,
BRA,2023Q1,empstat,3,4.247620384749485,-0.025343256613558296,-0.034830435370318824,
BRA,2023Q2,empstat,3,4.212789949379166,-0.034830435370318824,0.0036532663014572364,
BRA,2023Q3,empstat,3,4.2164432156806235,0.0036532663014572364,-0.0369891326957017,
BRA,2023Q4,empstat,3,4.179454082984922,-0.0369891326957017,-0.061514774930112814,
BRA,2024Q1,empstat,3,4.117939308054809,-0.061514774930112814,0.09876358351785264,
BRA,2024Q2,empstat,3,4.216702891572662,0.09876358351785264,-0.047524842640838116,
BRA,2024Q3,empstat,3,4.1691780489318235,-0.047524842640838116,0.013578903803981746,
BRA,2024Q4,empstat,3,4.182756952735805,0.013578903803981746,-0.002533218375422308,
BRA,2025Q1,empstat,3,4.180223734360383,-0.002533218375422308,-0.05285739725824179,
BRA,2025Q2,empstat,3,4.127366337102141,-0.05285739725824179,-0.006781200315130853,
BRA,2025Q3,empstat,3,4.12058513678701,-0.006781200315130853,-0.08961351719599264,
BRA,2025Q4,empstat,3,4.030971619591018,-0.08961351719599264,0.11808776914057706,
BRA,2026Q1,empstat,3,4.149059388731595,0.11808776914057706,0.03253571518359877,
BRA,2026Q2,empstat,3,4.1815951039151935,0.03253571518359877,,
BRA,2021Q1,empstat,4,27.089895069875062,,0.505498379477956,
BRA,2021Q2,empstat,4,27.59539344935302,0.505498379477956,-0.1930521306051034,
BRA,2021Q3,empstat,4,27.402341318747915,-0.1930521306051034,-0.2967290633219939,
BRA,2021Q4,empstat,4,27.10561225542592,-0.2967290633219939,-0.5571841939615076,
BRA,2022Q1,empstat,4,26.548428061464413,-0.5571841939615076,-0.3773127445595428,
BRA,2022Q2,empstat,4,26.17111531690487,-0.3773127445595428,-0.3072916966182788,
BRA,2022Q3,empstat,4,25.863823620286592,-0.3072916966182788,-0.25557351333697653,
BRA,2022Q4,empstat,4,25.608250106949615,-0.25557351333697653,0.13124227456811255,
BRA,2023Q1,empstat,4,25.739492381517728,0.13124227456811255,-0.2665655167658798,
BRA,2023Q2,empstat,4,25.472926864751848,-0.2665655167658798,0.020792329915256147,
BRA,2023Q3,empstat,4,25.493719194667104,0.020792329915256147,-0.16743181420983433,
BRA,2023Q4,empstat,4,25.32628738045727,-0.16743181420983433,-0.003258638599515251,
BRA,2024Q1,empstat,4,25.323028741857755,-0.003258638599515251,-0.2827508660403453,
BRA,2024Q2,empstat,4,25.04027787581741,-0.2827508660403453,-0.43982615130582303,
BRA,2024Q3,empstat,4,24.600451724511586,-0.43982615130582303,0.412192578248451,
BRA,2024Q4,empstat,4,25.012644302760037,0.412192578248451,0.2108910826511945,
BRA,2025Q1,empstat,4,25.223535385411232,0.2108910826511945,-0.028565316786835382,
BRA,2025Q2,empstat,4,25.194970068624396,-0.028565316786835382,0.07969557165217012,
BRA,2025Q3,empstat,4,25.274665640276567,0.07969557165217012,0.07423035787311605,
BRA,2025Q4,empstat,4,25.348895998149683,0.07423035787311605,0.10780595386536973,
BRA,2026Q1,empstat,4,25.456701952015052,0.10780595386536973,-0.1379074907869473,
BRA,2026Q2,empstat,4,25.318794461228105,-0.1379074907869473,,
BRA,2021Q1,industrycat10,1,9.900138717381887,,0.0942337361897696,
BRA,2021Q2,industrycat10,1,9.994372453571657,0.0942337361897696,-0.16251974191064988,
BRA,2021Q3,industrycat10,1,9.831852711661007,-0.16251974191064988,-0.45913937514193215,
BRA,2021Q4,industrycat10,1,9.372713336519075,-0.45913937514193215,-0.0995005951816843,
BRA,2022Q1,industrycat10,1,9.27321274133739,-0.0995005951816843,-0.25246275261029893,
BRA,2022Q2,industrycat10,1,9.020749988727092,-0.25246275261029893,-0.1530926916318336,
BRA,2022Q3,industrycat10,1,8.867657297095258,-0.1530926916318336,-0.24082502136856299,
BRA,2022Q4,industrycat10,1,8.626832275726695,-0.24082502136856299,-0.06569437335624428,
BRA,2023Q1,industrycat10,1,8.56113790237045,-0.06569437335624428,-0.046906385562113684,
BRA,2023Q2,industrycat10,1,8.514231516808337,-0.046906385562113684,-0.028130247615198556,
BRA,2023Q3,industrycat10,1,8.486101269193139,-0.028130247615198556,-0.5101878064156509,
BRA,2023Q4,industrycat10,1,7.975913462777488,-0.5101878064156509,0.07461255930110511,
BRA,2024Q1,industrycat10,1,8.050526022078593,0.07461255930110511,-0.13138302373066857,
BRA,2024Q2,industrycat10,1,7.919142998347924,-0.13138302373066857,-0.08926711578928614,
BRA,2024Q3,industrycat10,1,7.829875882558638,-0.08926711578928614,-0.25628503241649714,
BRA,2024Q4,industrycat10,1,7.573590850142141,-0.25628503241649714,-0.029716049892896557,
BRA,2025Q1,industrycat10,1,7.543874800249244,-0.029716049892896557,-0.010366238459099009,
BRA,2025Q2,industrycat10,1,7.533508561790145,-0.010366238459099009,0.24559333711049636,
BRA,2025Q3,industrycat10,1,7.779101898900642,0.24559333711049636,-0.16769435350849626,
BRA,2025Q4,industrycat10,1,7.6114075453921455,-0.16769435350849626,0.010364015016347317,
BRA,2026Q1,industrycat10,1,7.621771560408493,0.010364015016347317,0.06151406780844493,
BRA,2026Q2,industrycat10,1,7.683285628216938,0.06151406780844493,,
BRA,2021Q1,industrycat10,10,23.113991716250286,,-0.1929175697272072,
BRA,2021Q2,industrycat10,10,22.92107414652308,-0.1929175697272072,-0.32088775423024174,
BRA,2021Q3,industrycat10,10,22.600186392292837,-0.32088775423024174,0.48040384885823784,
BRA,2021Q4,industrycat10,10,23.080590241151075,0.48040384885823784,0.053703492571109734,
BRA,2022Q1,industrycat10,10,23.134293733722185,0.053703492571109734,0.3154818600872922,
BRA,2022Q2,industrycat10,10,23.449775593809477,0.3154818600872922,0.28067064561090405,
BRA,2022Q3,industrycat10,10,23.73044623942038,0.28067064561090405,0.13963749455786356,
BRA,2022Q4,industrycat10,10,23.870083733978245,0.13963749455786356,-0.29714025178126136,
BRA,2023Q1,industrycat10,10,23.572943482196983,-0.29714025178126136,0.5487954296126851,
BRA,2023Q2,industrycat10,10,24.12173891180967,0.5487954296126851,0.017789494256540195,
BRA,2023Q3,industrycat10,10,24.13952840606621,0.017789494256540195,0.2597803515299333,
BRA,2023Q4,industrycat10,10,24.399308757596142,0.2597803515299333,-0.4296000109926439,
BRA,2024Q1,industrycat10,10,23.969708746603498,-0.4296000109926439,0.40109753254261094,
BRA,2024Q2,industrycat10,10,24.37080627914611,0.40109753254261094,-0.021758278661064168,
BRA,2024Q3,industrycat10,10,24.349048000485045,-0.021758278661064168,-0.17236569235938504,
BRA,2024Q4,industrycat10,10,24.17668230812566,-0.17236569235938504,-0.24157377236579336,
BRA,2025Q1,industrycat10,10,23.935108535759866,-0.24157377236579336,0.407459160270367,
BRA,2025Q2,industrycat10,10,24.342567696030233,0.407459160270367,-0.11823165517307643,
BRA,2025Q3,industrycat10,10,24.224336040857157,-0.11823165517307643,0.23783257733155594,
BRA,2025Q4,industrycat10,10,24.462168618188713,0.23783257733155594,-0.36760568628662327,
BRA,2026Q1,industrycat10,10,24.09456293190209,-0.36760568628662327,-0.01020148632428075,
BRA,2026Q2,industrycat10,10,24.08436144557781,-0.01020148632428075,,
BRA,2021Q1,industrycat10,2,0.47878974279522696,,0.009599892270752697,
BRA,2021Q2,industrycat10,2,0.48838963506597965,0.009599892270752697,-0.023267267492312282,
BRA,2021Q3,industrycat10,2,0.4651223675736674,-0.023267267492312282,0.018544723835516086,
BRA,2021Q4,industrycat10,2,0.48366709140918346,0.018544723835516086,-0.005251029523414774,
BRA,2022Q1,industrycat10,2,0.4784160618857687,-0.005251029523414774,0.04460183107197946,
BRA,2022Q2,industrycat10,2,0.5230178929577481,0.04460183107197946,-0.03168360573087897,
BRA,2022Q3,industrycat10,2,0.49133428722686917,-0.03168360573087897,0.048631179608465136,
BRA,2022Q4,industrycat10,2,0.5399654668353343,0.048631179608465136,-0.03368011662118042,
BRA,2023Q1,industrycat10,2,0.5062853502141539,-0.03368011662118042,0.026546912934060085,
BRA,2023Q2,industrycat10,2,0.532832263148214,0.026546912934060085,0.016685337768155728,
BRA,2023Q3,industrycat10,2,0.5495176009163697,0.016685337768155728,0.01724282480378192,
BRA,2023Q4,industrycat10,2,0.5667604257201516,0.01724282480378192,-0.008645577224329126,
BRA,2024Q1,industrycat10,2,0.5581148484958225,-0.008645577224329126,-0.015522827939125405,
BRA,2024Q2,industrycat10,2,0.5425920205566971,-0.015522827939125405,0.013905783770041591,
BRA,2024Q3,industrycat10,2,0.5564978043267387,0.013905783770041591,0.016834076645227958,
BRA,2024Q4,industrycat10,2,0.5733318809719666,0.016834076645227958,0.00047983336684664923,
BRA,2025Q1,industrycat10,2,0.5738117143388133,0.00047983336684664923,0.012433633359139273,
BRA,2025Q2,industrycat10,2,0.5862453476979526,0.012433633359139273,-0.0021449994180146037,
BRA,2025Q3,industrycat10,2,0.584100348279938,-0.0021449994180146037,-0.0043892551523310175,
BRA,2025Q4,industrycat10,2,0.5797110931276069,-0.0043892551523310175,0.05566137770699142,
BRA,2026Q1,industrycat10,2,0.6353724708345984,0.05566137770699142,-0.02800797554701584,
BRA,2026Q2,industrycat10,2,0.6073644952875825,-0.02800797554701584,,
BRA,2021Q1,industrycat10,3,11.83110677865246,,-0.16784988630267783,
BRA,2021Q2,industrycat10,3,11.663256892349782,-0.16784988630267783,0.3190482893095101,
BRA,2021Q3,industrycat10,3,11.982305181659292,0.3190482893095101,-0.24159974390253147,
BRA,2021Q4,industrycat10,3,11.74070543775676,-0.24159974390253147,-0.037021372327355806,
BRA,2022Q1,industrycat10,3,11.703684065429405,-0.037021372327355806,-0.07019293054173481,
BRA,2022Q2,industrycat10,3,11.63349113488767,-0.07019293054173481,0.00350012869804317,
BRA,2022Q3,industrycat10,3,11.636991263585713,0.00350012869804317,0.033794099761980334,
BRA,2022Q4,industrycat10,3,11.670785363347694,0.033794099761980334,-0.022557503337335305,
BRA,2023Q1,industrycat10,3,11.648227860010358,-0.022557503337335305,-0.028276489569089236,
BRA,2023Q2,industrycat10,3,11.61995137044127,-0.028276489569089236,-0.2175349614187958,
BRA,2023Q3,industrycat10,3,11.402416409022473,-0.2175349614187958,0.15887085687593405,
BRA,2023Q4,industrycat10,3,11.561287265898407,0.15887085687593405,0.04126810374449441,
BRA,2024Q1,industrycat10,3,11.602555369642902,0.04126810374449441,-0.16053722035993268,
BRA,2024Q2,industrycat10,3,11.44201814928297,-0.16053722035993268,0.18656005999987357,
BRA,2024Q3,industrycat10,3,11.628578209282843,0.18656005999987357,-0.03243798288562694,
BRA,2024Q4,industrycat10,3,11.596140226397216,-0.03243798288562694,0.1472325288161489,
BRA,2025Q1,industrycat10,3,11.743372755213365,0.1472325288161489,-0.10381833284767517,
BRA,2025Q2,industrycat10,3,11.63955442236569,-0.10381833284767517,-0.0013373229539475062,
BRA,2025Q3,industrycat10,3,11.638217099411742,-0.0013373229539475062,-0.26711885504217925,
BRA,2025Q4,industrycat10,3,11.371098244369563,-0.26711885504217925,-0.07968115290879396,
BRA,2026Q1,industrycat10,3,11.291417091460769,-0.07968115290879396,-0.04114790786799105,
BRA,2026Q2,industrycat10,3,11.250269183592778,-0.04114790786799105,,
BRA,2021Q1,industrycat10,4,0.8094018408874617,,-0.08401302978915692,
BRA,2021Q2,industrycat10,4,0.7253888110983048,-0.08401302978915692,-0.012839132480514381,
BRA,2021Q3,industrycat10,4,0.7125496786177904,-0.012839132480514381,0.06173625184781861,
BRA,2021Q4,industrycat10,4,0.774285930465609,0.06173625184781861,0.00935687882567926,
BRA,2022Q1,industrycat10,4,0.7836428092912883,0.00935687882567926,-0.02047041542551764,
BRA,2022Q2,industrycat10,4,0.7631723938657706,-0.02047041542551764,-0.061382506720593755,
BRA,2022Q3,industrycat10,4,0.7017898871451769,-0.061382506720593755,0.03577556122010961,
BRA,2022Q4,industrycat10,4,0.7375654483652865,0.03577556122010961,0.013481951886687882,
BRA,2023Q1,industrycat10,4,0.7510474002519744,0.013481951886687882,-0.009717571539665015,
BRA,2023Q2,industrycat10,4,0.7413298287123093,-0.009717571539665015,0.022039803655131807,
BRA,2023Q3,industrycat10,4,0.7633696323674412,0.022039803655131807,-0.00909991862150683,
BRA,2023Q4,industrycat10,4,0.7542697137459343,-0.00909991862150683,0.0007009002534212883,
BRA,2024Q1,industrycat10,4,0.7549706139993556,0.0007009002534212883,-0.05264550821099345,
BRA,2024Q2,industrycat10,4,0.7023251057883622,-0.05264550821099345,0.058010148083958435,
BRA,2024Q3,industrycat10,4,0.7603352538723206,0.058010148083958435,-0.005765259453372029,
BRA,2024Q4,industrycat10,4,0.7545699944189486,-0.005765259453372029,-0.01486975805701185,
BRA,2025Q1,industrycat10,4,0.7397002363619367,-0.01486975805701185,0.020544007919209406,
BRA,2025Q2,industrycat10,4,0.7602442442811461,0.020544007919209406,-0.030072581294372513,
BRA,2025Q3,industrycat10,4,0.7301716629867736,-0.030072581294372513,0.03608223493298768,
BRA,2025Q4,industrycat10,4,0.7662538979197613,0.03608223493298768,0.031363842268629205,
BRA,2026Q1,industrycat10,4,0.7976177401883905,0.031363842268629205,0.012068116211923052,
BRA,2026Q2,industrycat10,4,0.8096858564003135,0.012068116211923052,,
BRA,2021Q1,industrycat10,5,7.34916403329378,,0.19104206498841503,
BRA,2021Q2,industrycat10,5,7.540206098282195,0.19104206498841503,0.23325702510044088,
BRA,2021Q3,industrycat10,5,7.773463123382636,0.23325702510044088,0.024068049215484777,
BRA,2021Q4,industrycat10,5,7.797531172598121,0.024068049215484777,-0.2243108668880005,
BRA,2022Q1,industrycat10,5,7.57322030571012,-0.2243108668880005,0.04647899896803054,
BRA,2022Q2,industrycat10,5,7.619699304678151,0.04647899896803054,-0.1479957573759636,
BRA,2022Q3,industrycat10,5,7.471703547302187,-0.1479957573759636,-0.052409272474619684,
BRA,2022Q4,industrycat10,5,7.419294274827568,-0.052409272474619684,-0.10736175804994463,
BRA,2023Q1,industrycat10,5,7.311932516777623,-0.10736175804994463,-0.09740654227871115,
BRA,2023Q2,industrycat10,5,7.214525974498912,-0.09740654227871115,0.03191666755180034,
BRA,2023Q3,industrycat10,5,7.246442642050712,0.03191666755180034,0.11634177325850636,
BRA,2023Q4,industrycat10,5,7.362784415309219,0.11634177325850636,-0.01800932097162189,
BRA,2024Q1,industrycat10,5,7.344775094337597,-0.01800932097162189,0.0045227988800657926,
BRA,2024Q2,industrycat10,5,7.3492978932176625,0.0045227988800657926,-0.05726363777049315,
BRA,2024Q3,industrycat10,5,7.292034255447169,-0.05726363777049315,0.2576770340456278,
BRA,2024Q4,industrycat10,5,7.549711289492797,0.2576770340456278,-0.28002533080362646,
BRA,2025Q1,industrycat10,5,7.269685958689171,-0.28002533080362646,-0.14202938190191094,
BRA,2025Q2,industrycat10,5,7.12765657678726,-0.14202938190191094,0.23474551179557146,
BRA,2025Q3,industrycat10,5,7.362402088582831,0.23474551179557146,-0.11139450165805354,
BRA,2025Q4,industrycat10,5,7.251007586924778,-0.11139450165805354,-0.058358807519653944,
BRA,2026Q1,industrycat10,5,7.192648779405124,-0.058358807519653944,0.04887638866572708,
BRA,2026Q2,industrycat10,5,7.241525168070851,0.04887638866572708,,
BRA,2021Q1,industrycat10,6,23.332749419149703,,0.15243401154497604,
BRA,2021Q2,industrycat10,6,23.48518343069468,0.15243401154497604,0.9474832679864207,
BRA,2021Q3,industrycat10,6,24.4326666986811,0.9474832679864207,0.1915927789431855,
BRA,2021Q4,industrycat10,6,24.624259477624285,0.1915927789431855,0.1625050260563441,
BRA,2022Q1,industrycat10,6,24.78676450368063,0.1625050260563441,0.015002705374083547,
BRA,2022Q2,industrycat10,6,24.801767209054713,0.015002705374083547,-0.07783112269457604,
BRA,2022Q3,industrycat10,6,24.723936086360137,-0.07783112269457604,-0.05638925972895947,
BRA,2022Q4,industrycat10,6,24.667546826631177,-0.05638925972895947,0.1503658233231775,
BRA,2023Q1,industrycat10,6,24.817912649954355,0.1503658233231775,-0.252428224158713,
BRA,2023Q2,industrycat10,6,24.565484425795642,-0.252428224158713,-0.057554704211760566,
BRA,2023Q3,industrycat10,6,24.50792972158388,-0.057554704211760566,-0.09321818638569823,
BRA,2023Q4,industrycat10,6,24.414711535198183,-0.09321818638569823,0.031197288891195996,
BRA,2024Q1,industrycat10,6,24.44590882408938,0.031197288891195996,-0.08074889767014781,
BRA,2024Q2,industrycat10,6,24.36515992641923,-0.08074889767014781,0.017210879447667082,
BRA,2024Q3,industrycat10,6,24.3823708058669,0.017210879447667082,0.13464682446305432,
BRA,2024Q4,industrycat10,6,24.517017630329953,0.13464682446305432,0.026067056844510716,
BRA,2025Q1,industrycat10,6,24.543084687174463,0.026067056844510716,-0.23456417210195113,
BRA,2025Q2,industrycat10,6,24.308520515072512,-0.23456417210195113,-0.2365739911868694,
BRA,2025Q3,industrycat10,6,24.071946523885643,-0.2365739911868694,0.12569852426391748,
BRA,2025Q4,industrycat10,6,24.19764504814956,0.12569852426391748,-0.016184239868820782,
BRA,2026Q1,industrycat10,6,24.18146080828074,-0.016184239868820782,-0.04863446318509901,
BRA,2026Q2,industrycat10,6,24.13282634509564,-0.04863446318509901,,
BRA,2021Q1,industrycat10,7,6.834926440780933,,0.11540355953889936,
BRA,2021Q2,industrycat10,7,6.950330000319832,0.11540355953889936,-0.17416179120792563,
BRA,2021Q3,industrycat10,7,6.776168209111907,-0.17416179120792563,0.03716654634051064,
BRA,2021Q4,industrycat10,7,6.813334755452417,0.03716654634051064,0.09243718311271731,
BRA,2022Q1,industrycat10,7,6.905771938565135,0.09243718311271731,0.07801301766883206,
BRA,2022Q2,industrycat10,7,6.983784956233967,0.07801301766883206,-0.06149538026326784,
BRA,2022Q3,industrycat10,7,6.922289575970699,-0.06149538026326784,0.11107947861408896,
BRA,2022Q4,industrycat10,7,7.033369054584788,0.11107947861408896,0.10853532959332046,
BRA,2023Q1,industrycat10,7,7.141904384178108,0.10853532959332046,-0.052244890444411496,
BRA,2023Q2,industrycat10,7,7.089659493733697,-0.052244890444411496,0.1484586964332566,
BRA,2023Q3,industrycat10,7,7.238118190166953,0.1484586964332566,0.20491984292507137,
BRA,2023Q4,industrycat10,7,7.443038033092025,0.20491984292507137,-0.015757484704162827,
BRA,2024Q1,industrycat10,7,7.427280548387862,-0.015757484704162827,0.0020937791676347572,
BRA,2024Q2,industrycat10,7,7.429374327555497,0.0020937791676347572,-0.11918937992607592,
BRA,2024Q3,industrycat10,7,7.310184947629421,-0.11918937992607592,0.19282081914145532,
BRA,2024Q4,industrycat10,7,7.503005766770876,0.19282081914145532,0.04309166834184541,
BRA,2025Q1,industrycat10,7,7.5460974351127215,0.04309166834184541,-0.02871931076143941,
BRA,2025Q2,industrycat10,7,7.517378124351282,-0.02871931076143941,-0.0010944845294282857,
BRA,2025Q3,industrycat10,7,7.516283639821854,-0.0010944845294282857,0.0021710863990902496,
BRA,2025Q4,industrycat10,7,7.518454726220944,0.0021710863990902496,0.1687258048694691,
BRA,2026Q1,industrycat10,7,7.687180531090413,0.1687258048694691,0.1372888141701818,
BRA,2026Q2,industrycat10,7,7.824469345260595,0.1372888141701818,,
BRA,2021Q1,industrycat10,8,10.737163181125842,,-0.170146757623165,
BRA,2021Q2,industrycat10,8,10.567016423502677,-0.170146757623165,-0.40588058512002334,
BRA,2021Q3,industrycat10,8,10.161135838382654,-0.40588058512002334,-0.08050849862731901,
BRA,2021Q4,industrycat10,8,10.080627339755335,-0.08050849862731901,0.019700595447512015,
BRA,2022Q1,industrycat10,8,10.100327935202847,0.019700595447512015,-0.11905454736501397,
BRA,2022Q2,industrycat10,8,9.981273387837833,-0.11905454736501397,0.15464132913111506,
BRA,2022Q3,industrycat10,8,10.135914716968948,0.15464132913111506,0.08508540959339683,
BRA,2022Q4,industrycat10,8,10.221000126562345,0.08508540959339683,0.2802359348077843,
BRA,2023Q1,industrycat10,8,10.501236061370129,0.2802359348077843,-0.16745329971375789,
BRA,2023Q2,industrycat10,8,10.333782761656371,-0.16745329971375789,0.2227759858595011,
BRA,2023Q3,industrycat10,8,10.556558747515872,0.2227759858595011,-0.034398543411327864,
BRA,2023Q4,industrycat10,8,10.522160204104544,-0.034398543411327864,0.24263725015455861,
BRA,2024Q1,industrycat10,8,10.764797454259103,0.24263725015455861,-0.007080908601688307,
BRA,2024Q2,industrycat10,8,10.757716545657415,-0.007080908601688307,0.02967725102474894,
BRA,2024Q3,industrycat10,8,10.787393796682164,0.02967725102474894,-0.09033476374259841,
BRA,2024Q4,industrycat10,8,10.697059032939565,-0.09033476374259841,0.2962323589611451,
BRA,2025Q1,industrycat10,8,10.99329139190071,0.2962323589611451,0.03978646570580224,
BRA,2025Q2,industrycat10,8,11.033077857606512,0.03978646570580224,-0.08640460066887456,
BRA,2025Q3,industrycat10,8,10.946673256937638,-0.08640460066887456,0.10026627907036278,
BRA,2025Q4,industrycat10,8,11.046939536008,0.10026627907036278,0.11471251876753108,
BRA,2026Q1,industrycat10,8,11.161652054775532,0.11471251876753108,-0.12357992460419354,
BRA,2026Q2,industrycat10,8,11.038072130171338,-0.12357992460419354,,
BRA,2021Q1,industrycat10,9,5.558876935421363,,0.0314147657822188,
BRA,2021Q2,industrycat10,9,5.590291701203582,0.0314147657822188,-0.38478331160645496,
BRA,2021Q3,industrycat10,9,5.205508389597127,-0.38478331160645496,-0.007371788249453282,
BRA,2021Q4,industrycat10,9,5.198136601347674,-0.007371788249453282,0.010452936546058389,
BRA,2022Q1,industrycat10,9,5.208589537893732,0.010452936546058389,-0.03261247205672646,
BRA,2022Q2,industrycat10,9,5.175977065837006,-0.03261247205672646,0.12013978059590258,
BRA,2022Q3,industrycat10,9,5.296116846432908,0.12013978059590258,-0.10191167143410684,
BRA,2022Q4,industrycat10,9,5.194205174998801,-0.10191167143410684,-0.046794821918144436,
BRA,2023Q1,industrycat10,9,5.147410353080657,-0.046794821918144436,0.08141042326963799,
BRA,2023Q2,industrycat10,9,5.228820776350295,0.08141042326963799,-0.14879764786627536,
BRA,2023Q3,industrycat10,9,5.08002312848402,-0.14879764786627536,-0.12237348919352531,
BRA,2023Q4,industrycat10,9,4.957649639290494,-0.12237348919352531,0.09671012934882661,
BRA,2024Q1,industrycat10,9,5.054359768639321,0.09671012934882661,0.0523237160694654,
BRA,2024Q2,industrycat10,9,5.106683484708786,0.0523237160694654,-0.017965477100933214,
BRA,2024Q3,industrycat10,9,5.088718007607853,-0.017965477100933214,-0.04875997616284522,
BRA,2024Q4,industrycat10,9,5.039958031445008,-0.04875997616284522,0.05711058768531885,
BRA,2025Q1,industrycat10,9,5.097068619130327,0.05711058768531885,0.02642702741243852,
BRA,2025Q2,industrycat10,9,5.123495646542765,0.02642702741243852,-0.005863898275355162,
BRA,2025Q3,industrycat10,9,5.11763174826741,-0.005863898275355162,0.02521258085917122,
BRA,2025Q4,industrycat10,9,5.142844329126581,0.02521258085917122,0.07023997089326794,
BRA,2026Q1,industrycat10,9,5.213084300019849,0.07023997089326794,0.03515821984045697,
BRA,2026Q2,industrycat10,9,5.248242519860306,0.03515821984045697,,
BRA,2021Q1,industrycat10,NA,0.05369119426105541,,0.020799213127170854,
BRA,2021Q2,industrycat10,NA,0.07449040738822627,0.020799213127170854,-0.015448998348229187,
BRA,2021Q3,industrycat10,NA,0.05904140903999708,-0.015448998348229187,-0.024892793119546557,
BRA,2021Q4,industrycat10,NA,0.03414861592045052,-0.024892793119546557,0.017927751361053172,
BRA,2022Q1,industrycat10,NA,0.052076367281503694,0.017927751361053172,-0.004785295170932048,
BRA,2022Q2,industrycat10,NA,0.047291072110571646,-0.004785295170932048,-0.025470819618854747,
BRA,2022Q3,industrycat10,NA,0.021820252491716898,-0.025470819618854747,-0.002467998349649541,
BRA,2022Q4,industrycat10,NA,0.019352254142067357,-0.002467998349649541,0.020609785453128728,
BRA,2023Q1,industrycat10,NA,0.039962039595196085,0.020609785453128728,-0.0023193625499015533,
BRA,2023Q2,industrycat10,NA,0.03764267704529453,-0.0023193625499015533,-0.0076484244123546374,
BRA,2023Q3,industrycat10,NA,0.029994252632939894,-0.0076484244123546374,0.012122294634475075,
BRA,2023Q4,industrycat10,NA,0.04211654726741497,0.012122294634475075,-0.015113837800856428,
BRA,2024Q1,industrycat10,NA,0.02700270946655854,-0.015113837800856428,-0.012119440147217372,
BRA,2024Q2,industrycat10,NA,0.01488326931934117,-0.012119440147217372,7.976692156354444e-05,
BRA,2024Q3,industrycat10,NA,0.014963036240904714,7.976692156354444e-05,0.003969952724968485,
BRA,2024Q4,industrycat10,NA,0.0189329889658732,0.003969952724968485,-0.0040291228964896425,
BRA,2025Q1,industrycat10,NA,0.014903866069383556,-0.0040291228964896425,0.012847141405106743,
BRA,2025Q2,industrycat10,NA,0.0277510074744903,0.012847141405106743,0.001384684593882659,
BRA,2025Q3,industrycat10,NA,0.029135692068372958,0.001384684593882659,0.023333682503992856,
BRA,2025Q4,industrycat10,NA,0.052469374572365814,0.023333682503992856,0.07076235706165343,
BRA,2026Q1,industrycat10,NA,0.12323173163401925,0.07076235706165343,-0.04333384916818363,
BRA,2026Q2,industrycat10,NA,0.07989788246583562,-0.04333384916818363,,
BRA,2021Q1,lstatus,1,40.954911683571964,,1.0247523111700048,
BRA,2021Q2,lstatus,1,41.97966399474197,1.0247523111700048,1.6307878040696977,
BRA,2021Q3,lstatus,1,43.61045179881167,1.6307878040696977,1.2459989490270331,
BRA,2021Q4,lstatus,1,44.8564507478387,1.2459989490270331,-0.275474762667109,
BRA,2022Q1,lstatus,1,44.58097598517159,-0.275474762667109,1.3400318483282447,
BRA,2022Q2,lstatus,1,45.921007833499836,1.3400318483282447,0.4171456312636437,
BRA,2022Q3,lstatus,1,46.33815346476348,0.4171456312636437,-0.01460950724359833,
BRA,2022Q4,lstatus,1,46.32354395751988,-0.01460950724359833,-0.7827866747343748,
BRA,2023Q1,lstatus,1,45.540757282785506,-0.7827866747343748,0.45313068856710714,
BRA,2023Q2,lstatus,1,45.99388797135261,0.45313068856710714,0.3756298227640258,
BRA,2023Q3,lstatus,1,46.36951779411664,0.3756298227640258,0.48152387420044107,
BRA,2023Q4,lstatus,1,46.85104166831708,0.48152387420044107,-0.41427338099520483,
BRA,2024Q1,lstatus,1,46.436768287321875,-0.41427338099520483,0.7043632812901706,
BRA,2024Q2,lstatus,1,47.141131568612046,0.7043632812901706,0.5055202085419381,
BRA,2024Q3,lstatus,1,47.646651777153984,0.5055202085419381,0.3162605594643111,
BRA,2024Q4,lstatus,1,47.962912336618295,0.3162605594643111,-0.6692570860897149,
BRA,2025Q1,lstatus,1,47.29365525052858,-0.6692570860897149,0.8038515473995247,
BRA,2025Q2,lstatus,1,48.097506797928105,0.8038515473995247,0.009069918783474407,
BRA,2025Q3,lstatus,1,48.10657671671158,0.009069918783474407,0.2197866852684598,
BRA,2025Q4,lstatus,1,48.32636340198004,0.2197866852684598,-0.5238342516526373,
BRA,2026Q1,lstatus,1,47.8025291503274,-0.5238342516526373,0.4643200508737948,
BRA,2026Q2,lstatus,1,48.2668492012012,0.4643200508737948,,
BRA,2021Q1,lstatus,2,7.17542072940005,,-0.2037648102417835,
BRA,2021Q2,lstatus,2,6.971655919158266,-0.2037648102417835,-0.655706383599485,
BRA,2021Q3,lstatus,2,6.315949535558781,-0.655706383599485,-0.6874334501061021,
BRA,2021Q4,lstatus,2,5.628516085452679,-0.6874334501061021,-0.03938969318268981,
BRA,2022Q1,lstatus,2,5.589126392269989,-0.03938969318268981,-0.8778683209374334,
BRA,2022Q2,lstatus,2,4.711258071332556,-0.8778683209374334,-0.30143722633609205,
BRA,2022Q3,lstatus,2,4.409820844996464,-0.30143722633609205,-0.4145882213886063,
BRA,2022Q4,lstatus,2,3.9952326236078575,-0.4145882213886063,0.3922096847549126,
BRA,2023Q1,lstatus,2,4.38744230836277,0.3922096847549126,-0.3740011389433091,
BRA,2023Q2,lstatus,2,4.013441169419461,-0.3740011389433091,-0.1549695969136229,
BRA,2023Q3,lstatus,2,3.858471572505838,-0.1549695969136229,-0.10984107566189216,
BRA,2023Q4,lstatus,2,3.748630496843946,-0.10984107566189216,0.2447605356767708,
BRA,2024Q1,lstatus,2,3.9933910325207167,0.2447605356767708,-0.5063982510309963,
BRA,2024Q2,lstatus,2,3.4869927814897204,-0.5063982510309963,-0.25562905212370834,
BRA,2024Q3,lstatus,2,3.231363729366012,-0.25562905212370834,-0.08300624051951333,
BRA,2024Q4,lstatus,2,3.1483574888464987,-0.08300624051951333,0.4119119552121919,
BRA,2025Q1,lstatus,2,3.5602694440586906,0.4119119552121919,-0.620606170546063,
BRA,2025Q2,lstatus,2,2.9396632735126276,-0.620606170546063,-0.1007800578216238,
BRA,2025Q3,lstatus,2,2.8388832156910038,-0.1007800578216238,-0.2570945832642102,
BRA,2025Q4,lstatus,2,2.5817886324267936,-0.2570945832642102,0.5023499667450375,
BRA,2026Q1,lstatus,2,3.084138599171831,0.5023499667450375,-0.3389216539396993,
BRA,2026Q2,lstatus,2,2.7452169452321318,-0.3389216539396993,,
BRA,2021Q1,lstatus,3,32.54952427359516,,-0.7639152758401728,
BRA,2021Q2,lstatus,3,31.785608997754988,-0.7639152758401728,-0.9141505942817396,
BRA,2021Q3,lstatus,3,30.871458403473248,-0.9141505942817396,-0.4955968232351111,
BRA,2021Q4,lstatus,3,30.375861580238137,-0.4955968232351111,0.37772162742446014,
BRA,2022Q1,lstatus,3,30.753583207662597,0.37772162742446014,-0.4014677015129031,
BRA,2022Q2,lstatus,3,30.352115506149694,-0.4014677015129031,-0.04892416728406701,
BRA,2022Q3,lstatus,3,30.303191338865627,-0.04892416728406701,0.5001820275685134,
BRA,2022Q4,lstatus,3,30.80337336643414,0.5001820275685134,0.46142361291769163,
BRA,2023Q1,lstatus,3,31.264796979351832,0.46142361291769163,-0.010729942346664245,
BRA,2023Q2,lstatus,3,31.254067037005168,-0.010729942346664245,-0.15051640491106966,
BRA,2023Q3,lstatus,3,31.103550632094098,-0.15051640491106966,-0.30213251641984584,
BRA,2023Q4,lstatus,3,30.801418115674252,-0.30213251641984584,0.23891617900065398,
BRA,2024Q1,lstatus,3,31.040334294674906,0.23891617900065398,-0.13021176158600056,
BRA,2024Q2,lstatus,3,30.910122533088906,-0.13021176158600056,-0.17777648041338168,
BRA,2024Q3,lstatus,3,30.732346052675524,-0.17777648041338168,-0.15815440395641644,
BRA,2024Q4,lstatus,3,30.574191648719108,-0.15815440395641644,0.3322958550492956,
BRA,2025Q1,lstatus,3,30.906487503768403,0.3322958550492956,-0.1108782104286199,
BRA,2025Q2,lstatus,3,30.795609293339783,-0.1108782104286199,0.16924218475251251,
BRA,2025Q3,lstatus,3,30.964851478092296,0.16924218475251251,0.11768755450466273,
BRA,2025Q4,lstatus,3,31.08253903259696,0.11768755450466273,0.10171478504761211,
BRA,2026Q1,lstatus,3,31.18425381764457,0.10171478504761211,-0.04792508574618637,
BRA,2026Q2,lstatus,3,31.136328731898384,-0.04792508574618637,,
BRA,2021Q1,lstatus,NA,19.320143313432833,,-0.05707222508804932,
BRA,2021Q2,lstatus,NA,19.263071088344784,-0.05707222508804932,-0.060930826188474896,
BRA,2021Q3,lstatus,NA,19.20214026215631,-0.060930826188474896,-0.06296867568582343,
BRA,2021Q4,lstatus,NA,19.139171586470486,-0.06296867568582343,-0.06285717157466308,
BRA,2022Q1,lstatus,NA,19.076314414895823,-0.06285717157466308,-0.06069582587791089,
BRA,2022Q2,lstatus,NA,19.01561858901791,-0.06069582587791089,-0.0667842376434713,
BRA,2022Q3,lstatus,NA,18.94883435137444,-0.0667842376434713,-0.07098429893632385,
BRA,2022Q4,lstatus,NA,18.877850052438117,-0.07098429893632385,-0.07084662293821609,
BRA,2023Q1,lstatus,NA,18.8070034294999,-0.07084662293821609,-0.06839960727716488,
BRA,2023Q2,lstatus,NA,18.738603822222736,-0.06839960727716488,-0.0701438209393146,
BRA,2023Q3,lstatus,NA,18.66846000128342,-0.0701438209393146,-0.06955028211867642,
BRA,2023Q4,lstatus,NA,18.598909719164745,-0.06955028211867642,-0.06940333368225637,
BRA,2024Q1,lstatus,NA,18.529506385482488,-0.06940333368225637,-0.06775326867317233,
BRA,2024Q2,lstatus,NA,18.461753116809316,-0.06775326867317233,-0.07211467600483701,
BRA,2024Q3,lstatus,NA,18.38963844080448,-0.07211467600483701,-0.07509991498836754,
BRA,2024Q4,lstatus,NA,18.31453852581611,-0.07509991498836754,-0.0749507241717744,
BRA,2025Q1,lstatus,NA,18.239587801644337,-0.0749507241717744,-0.07236716642486485,
BRA,2025Q2,lstatus,NA,18.167220635219472,-0.07236716642486485,-0.07753204571436356,
BRA,2025Q3,lstatus,NA,18.08968858950511,-0.07753204571436356,-0.08037965650889234,
BRA,2025Q4,lstatus,NA,18.009308932996216,-0.08037965650889234,-0.08023050014001853,
BRA,2026Q1,lstatus,NA,17.929078432856198,-0.08023050014001853,-0.07747331118791223,
BRA,2026Q2,lstatus,NA,17.851605121668285,-0.07747331118791223,,
BRA,2021Q1,occup,0,0.9450955426382903,,0.016342131817896233,
BRA,2021Q2,occup,0,0.9614376744561866,0.016342131817896233,-0.0464164897435454,
BRA,2021Q3,occup,0,0.9150211847126412,-0.0464164897435454,-0.06311115635357589,
BRA,2021Q4,occup,0,0.8519100283590653,-0.06311115635357589,-0.04111481587017263,
BRA,2022Q1,occup,0,0.8107952124888926,-0.04111481587017263,0.04140178491847546,
BRA,2022Q2,occup,0,0.8521969974073681,0.04140178491847546,0.005061330086130744,
BRA,2022Q3,occup,0,0.8572583274934988,0.005061330086130744,-0.019606472886819493,
BRA,2022Q4,occup,0,0.8376518546066793,-0.019606472886819493,0.023451602217237966,
BRA,2023Q1,occup,0,0.8611034568239173,0.023451602217237966,-0.027039453272874714,
BRA,2023Q2,occup,0,0.8340640035510426,-0.027039453272874714,-0.07091727535912418,
BRA,2023Q3,occup,0,0.7631467281919184,-0.07091727535912418,0.04816014610509689,
BRA,2023Q4,occup,0,0.8113068742970153,0.04816014610509689,-0.008266775750173871,
BRA,2024Q1,occup,0,0.8030400985468414,-0.008266775750173871,0.012806673468764296,
BRA,2024Q2,occup,0,0.8158467720156057,0.012806673468764296,0.0026344653975091115,
BRA,2024Q3,occup,0,0.8184812374131148,0.0026344653975091115,-0.02259871174859951,
BRA,2024Q4,occup,0,0.7958825256645153,-0.02259871174859951,0.024870978558447554,
BRA,2025Q1,occup,0,0.8207535042229629,0.024870978558447554,0.009937241463450208,
BRA,2025Q2,occup,0,0.8306907456864131,0.009937241463450208,-0.019505594819291705,
BRA,2025Q3,occup,0,0.8111851508671214,-0.019505594819291705,-0.014868645539869219,
BRA,2025Q4,occup,0,0.7963165053272522,-0.014868645539869219,0.025123741856248438,
BRA,2026Q1,occup,0,0.8214402471835006,0.025123741856248438,0.01815654686519974,
BRA,2026Q2,occup,0,0.8395967940487004,0.01815654686519974,,
BRA,2021Q1,occup,1,3.6148559174756416,,0.17951655590656657,
BRA,2021Q2,occup,1,3.794372473382208,0.17951655590656657,-0.0827179216831202,
BRA,2021Q3,occup,1,3.711654551699088,-0.0827179216831202,-0.3548719088414902,
BRA,2021Q4,occup,1,3.3567826428575978,-0.3548719088414902,0.06572854718455812,
BRA,2022Q1,occup,1,3.422511190042156,0.06572854718455812,0.12365073568543616,
BRA,2022Q2,occup,1,3.546161925727592,0.12365073568543616,-0.011688352034519234,
BRA,2022Q3,occup,1,3.534473573693073,-0.011688352034519234,-0.18407194798149984,
BRA,2022Q4,occup,1,3.350401625711573,-0.18407194798149984,0.042731934164830676,
BRA,2023Q1,occup,1,3.3931335598764036,0.042731934164830676,-0.028267898681701986,
BRA,2023Q2,occup,1,3.3648656611947017,-0.028267898681701986,-0.02429276913406575,
BRA,2023Q3,occup,1,3.340572892060636,-0.02429276913406575,0.04914295052459794,
BRA,2023Q4,occup,1,3.389715842585234,0.04914295052459794,0.04613611961928177,
BRA,2024Q1,occup,1,3.4358519622045156,0.04613611961928177,-0.041710834219708115,
BRA,2024Q2,occup,1,3.3941411279848075,-0.041710834219708115,0.1003743038308591,
BRA,2024Q3,occup,1,3.4945154318156666,0.1003743038308591,-0.006196806191455906,
BRA,2024Q4,occup,1,3.4883186256242107,-0.006196806191455906,0.14227939566998193,
BRA,2025Q1,occup,1,3.6305980212941926,0.14227939566998193,-0.02010818500265721,
BRA,2025Q2,occup,1,3.6104898362915354,-0.02010818500265721,-0.013307537601082942,
BRA,2025Q3,occup,1,3.5971822986904525,-0.013307537601082942,0.04204273254093982,
BRA,2025Q4,occup,1,3.6392250312313923,0.04204273254093982,-0.09103565197295804,
BRA,2026Q1,occup,1,3.5481893792584343,-0.09103565197295804,0.012391447235938546,
BRA,2026Q2,occup,1,3.560580826494373,0.012391447235938546,,
BRA,2021Q1,occup,2,12.890722140317589,,-0.19661093151847808,
BRA,2021Q2,occup,2,12.69411120879911,-0.19661093151847808,-0.7498235405305476,
BRA,2021Q3,occup,2,11.944287668268563,-0.7498235405305476,-0.1265510417218838,
BRA,2021Q4,occup,2,11.81773662654668,-0.1265510417218838,0.059652603628672196,
BRA,2022Q1,occup,2,11.877389230175352,0.059652603628672196,0.041706328118106484,
BRA,2022Q2,occup,2,11.919095558293458,0.041706328118106484,0.045567610092620114,
BRA,2022Q3,occup,2,11.964663168386078,0.045567610092620114,0.3437669300003563,
BRA,2022Q4,occup,2,12.308430098386435,0.3437669300003563,-0.08708780476296596,
BRA,2023Q1,occup,2,12.221342293623469,-0.08708780476296596,0.251102107414372,
BRA,2023Q2,occup,2,12.47244440103784,0.251102107414372,0.22854928925790396,
BRA,2023Q3,occup,2,12.700993690295745,0.22854928925790396,0.01957035480083924,
BRA,2023Q4,occup,2,12.720564045096584,0.01957035480083924,-0.08744034120024757,
BRA,2024Q1,occup,2,12.633123703896336,-0.08744034120024757,0.058606179179150786,
BRA,2024Q2,occup,2,12.691729883075487,0.058606179179150786,-0.0688642232668748,
BRA,2024Q3,occup,2,12.622865659808612,-0.0688642232668748,0.1641535038136741,
BRA,2024Q4,occup,2,12.787019163622286,0.1641535038136741,0.22776393705834508,
BRA,2025Q1,occup,2,13.014783100680631,0.22776393705834508,0.1523235977666335,
BRA,2025Q2,occup,2,13.167106698447265,0.1523235977666335,0.15774325609527295,
BRA,2025Q3,occup,2,13.324849954542538,0.15774325609527295,0.3253288937789165,
BRA,2025Q4,occup,2,13.650178848321454,0.3253288937789165,0.13695419855660163,
BRA,2026Q1,occup,2,13.787133046878056,0.13695419855660163,-0.30461066615374044,
BRA,2026Q2,occup,2,13.482522380724316,-0.30461066615374044,,
BRA,2021Q1,occup,3,8.668459784001046,,-0.25504972954934857,
BRA,2021Q2,occup,3,8.413410054451697,-0.25504972954934857,-0.1799341192912447,
BRA,2021Q3,occup,3,8.233475935160453,-0.1799341192912447,0.05180569032547844,
BRA,2021Q4,occup,3,8.285281625485931,0.05180569032547844,-0.24320250398111654,
BRA,2022Q1,occup,3,8.042079121504814,-0.24320250398111654,0.07374100806539907,
BRA,2022Q2,occup,3,8.115820129570213,0.07374100806539907,0.2011727905214915,
BRA,2022Q3,occup,3,8.316992920091705,0.2011727905214915,-0.05190543786894075,
BRA,2022Q4,occup,3,8.265087482222764,-0.05190543786894075,0.01187319048333535,
BRA,2023Q1,occup,3,8.2769606727061,0.01187319048333535,0.0498683799477142,
BRA,2023Q2,occup,3,8.326829052653814,0.0498683799477142,0.2537626348971944,
BRA,2023Q3,occup,3,8.580591687551008,0.2537626348971944,0.09155755214239747,
BRA,2023Q4,occup,3,8.672149239693406,0.09155755214239747,0.08805069521870124,
BRA,2024Q1,occup,3,8.760199934912107,0.08805069521870124,0.21375430002421147,
BRA,2024Q2,occup,3,8.973954234936318,0.21375430002421147,-0.250898735243247,
BRA,2024Q3,occup,3,8.723055499693071,-0.250898735243247,-0.05020797804124122,
BRA,2024Q4,occup,3,8.67284752165183,-0.05020797804124122,0.12455387795824713,
BRA,2025Q1,occup,3,8.797401399610077,0.12455387795824713,0.053865086072292456,
BRA,2025Q2,occup,3,8.85126648568237,0.053865086072292456,0.1706045396487763,
BRA,2025Q3,occup,3,9.021871025331146,0.1706045396487763,0.0039448028871174046,
BRA,2025Q4,occup,3,9.025815828218263,0.0039448028871174046,0.011302602952508067,
BRA,2026Q1,occup,3,9.037118431170772,0.011302602952508067,0.036029899813840416,
BRA,2026Q2,occup,3,9.073148330984612,0.036029899813840416,,
BRA,2021Q1,occup,4,8.427285437924239,,-0.07369662396350485,
BRA,2021Q2,occup,4,8.353588813960734,-0.07369662396350485,-0.1364894546729989,
BRA,2021Q3,occup,4,8.217099359287735,-0.1364894546729989,0.1235224698199815,
BRA,2021Q4,occup,4,8.340621829107716,0.1235224698199815,0.10570294719201279,
BRA,2022Q1,occup,4,8.446324776299729,0.10570294719201279,-0.13825305278127864,
BRA,2022Q2,occup,4,8.30807172351845,-0.13825305278127864,-0.0808818972347769,
BRA,2022Q3,occup,4,8.227189826283674,-0.0808818972347769,0.1290773481174714,
BRA,2022Q4,occup,4,8.356267174401145,0.1290773481174714,0.09965840828595596,
BRA,2023Q1,occup,4,8.455925582687101,0.09965840828595596,-0.013934084603681285,
BRA,2023Q2,occup,4,8.44199149808342,-0.013934084603681285,-0.01682421384204069,
BRA,2023Q3,occup,4,8.425167284241379,-0.01682421384204069,0.011346750758576718,
BRA,2023Q4,occup,4,8.436514034999956,0.011346750758576718,0.07095383810110256,
BRA,2024Q1,occup,4,8.507467873101058,0.07095383810110256,-0.12392156634190066,
BRA,2024Q2,occup,4,8.383546306759158,-0.12392156634190066,-0.015213430619187562,
BRA,2024Q3,occup,4,8.36833287613997,-0.015213430619187562,0.1159417738661066,
BRA,2024Q4,occup,4,8.484274650006077,0.1159417738661066,0.028855226863559125,
BRA,2025Q1,occup,4,8.513129876869636,0.028855226863559125,-0.015372103039309692,
BRA,2025Q2,occup,4,8.497757773830326,-0.015372103039309692,-0.10795697947097516,
BRA,2025Q3,occup,4,8.389800794359351,-0.10795697947097516,-0.10947663914494399,
BRA,2025Q4,occup,4,8.280324155214407,-0.10947663914494399,0.009216604666072215,
BRA,2026Q1,occup,4,8.28954075988048,0.009216604666072215,-0.0526459636928287,
BRA,2026Q2,occup,4,8.23689479618765,-0.0526459636928287,,
BRA,2021Q1,occup,5,20.94920747404287,,-0.13127535843210225,
BRA,2021Q2,occup,5,20.817932115610766,-0.13127535843210225,0.657538389829412,
BRA,2021Q3,occup,5,21.475470505440178,0.657538389829412,0.5976697348048745,
BRA,2021Q4,occup,5,22.073140240245053,0.5976697348048745,0.22692712991199926,
BRA,2022Q1,occup,5,22.300067370157052,0.22692712991199926,0.0509146369862421,
BRA,2022Q2,occup,5,22.350982007143294,0.0509146369862421,0.2828439450639948,
BRA,2022Q3,occup,5,22.63382595220729,0.2828439450639948,-0.1554795959178179,
BRA,2022Q4,occup,5,22.47834635628947,-0.1554795959178179,-0.10237937065594949,
BRA,2023Q1,occup,5,22.37596698563352,-0.10237937065594949,0.022163698365499584,
BRA,2023Q2,occup,5,22.39813068399902,0.022163698365499584,-0.20065580712962827,
BRA,2023Q3,occup,5,22.197474876869393,-0.20065580712962827,-0.040792987587387586,
BRA,2023Q4,occup,5,22.156681889282005,-0.040792987587387586,-0.14462205713788379,
BRA,2024Q1,occup,5,22.01205983214412,-0.14462205713788379,0.0609095382445588,
BRA,2024Q2,occup,5,22.07296937038868,0.0609095382445588,0.18364864261997838,
BRA,2024Q3,occup,5,22.25661801300866,0.18364864261997838,-0.005810418307255816,
BRA,2024Q4,occup,5,22.250807594701403,-0.005810418307255816,0.009541317897014068,
BRA,2025Q1,occup,5,22.260348912598417,0.009541317897014068,0.1325961470226673,
BRA,2025Q2,occup,5,22.392945059621084,0.1325961470226673,-0.5658960334368146,
BRA,2025Q3,occup,5,21.82704902618427,-0.5658960334368146,0.1744550360856323,
BRA,2025Q4,occup,5,22.001504062269902,0.1744550360856323,-0.15674935923760103,
BRA,2026Q1,occup,5,21.8447547030323,-0.15674935923760103,0.1668909661479816,
BRA,2026Q2,occup,5,22.011645669180282,0.1668909661479816,,
BRA,2021Q1,occup,6,6.935312683141235,,-0.20460664061527112,
BRA,2021Q2,occup,6,6.730706042525964,-0.20460664061527112,-0.2648504252513888,
BRA,2021Q3,occup,6,6.465855617274575,-0.2648504252513888,-0.3787062543480433,
BRA,2021Q4,occup,6,6.087149362926532,-0.3787062543480433,-0.03303408240091077,
BRA,2022Q1,occup,6,6.054115280525621,-0.03303408240091077,-0.20378320640281888,
BRA,2022Q2,occup,6,5.850332074122802,-0.20378320640281888,-0.1531341066985128,
BRA,2022Q3,occup,6,5.697197967424289,-0.1531341066985128,-0.21698894509431632,
BRA,2022Q4,occup,6,5.480209022329973,-0.21698894509431632,0.05369159390493383,
BRA,2023Q1,occup,6,5.533900616234907,0.05369159390493383,-0.0365927314984571,
BRA,2023Q2,occup,6,5.49730788473645,-0.0365927314984571,-0.022303298016002948,
BRA,2023Q3,occup,6,5.475004586720447,-0.022303298016002948,-0.41186404754725014,
BRA,2023Q4,occup,6,5.0631405391731965,-0.41186404754725014,0.07073919298335163,
BRA,2024Q1,occup,6,5.133879732156548,0.07073919298335163,-0.1567626602598846,
BRA,2024Q2,occup,6,4.9771170718966635,-0.1567626602598846,-0.03745557419861445,
BRA,2024Q3,occup,6,4.939661497698049,-0.03745557419861445,-0.17997854445324446,
BRA,2024Q4,occup,6,4.759682953244805,-0.17997854445324446,0.08460535707718364,
BRA,2025Q1,occup,6,4.844288310321988,0.08460535707718364,-0.08995997762173502,
BRA,2025Q2,occup,6,4.754328332700253,-0.08995997762173502,0.10064795925134629,
BRA,2025Q3,occup,6,4.8549762919515995,0.10064795925134629,-0.16726299822826451,
BRA,2025Q4,occup,6,4.687713293723335,-0.16726299822826451,0.13966238761660765,
BRA,2026Q1,occup,6,4.827375681339943,0.13966238761660765,0.022933315405236243,
BRA,2026Q2,occup,6,4.850308996745179,0.022933315405236243,,
BRA,2021Q1,occup,7,13.31179405721912,,0.18320052747382576,
BRA,2021Q2,occup,7,13.494994584692945,0.18320052747382576,0.30106566271609125,
BRA,2021Q3,occup,7,13.796060247409036,0.30106566271609125,-0.03976508964082903,
BRA,2021Q4,occup,7,13.756295157768207,-0.03976508964082903,-0.024260187981331782,
BRA,2022Q1,occup,7,13.732034969786875,-0.024260187981331782,-0.005130995674051064,
BRA,2022Q2,occup,7,13.726903974112824,-0.005130995674051064,-0.4346394523428465,
BRA,2022Q3,occup,7,13.292264521769978,-0.4346394523428465,0.11465081666423416,
BRA,2022Q4,occup,7,13.406915338434212,0.11465081666423416,0.07800294485382331,
BRA,2023Q1,occup,7,13.484918283288035,0.07800294485382331,-0.17477212458539348,
BRA,2023Q2,occup,7,13.310146158702642,-0.17477212458539348,-0.10138362168864035,
BRA,2023Q3,occup,7,13.208762537014001,-0.10138362168864035,0.006620471754581914,
BRA,2023Q4,occup,7,13.215383008768583,0.006620471754581914,-0.021661329370431304,
BRA,2024Q1,occup,7,13.193721679398152,-0.021661329370431304,0.10889621870534683,
BRA,2024Q2,occup,7,13.302617898103499,0.10889621870534683,-0.04878364720872774,
BRA,2024Q3,occup,7,13.253834250894771,-0.04878364720872774,0.038077270607894675,
BRA,2024Q4,occup,7,13.291911521502666,0.038077270607894675,-0.24761058282019732,
BRA,2025Q1,occup,7,13.044300938682468,-0.24761058282019732,0.09520218738545161,
BRA,2025Q2,occup,7,13.13950312606792,0.09520218738545161,-0.013092051409937966,
BRA,2025Q3,occup,7,13.126411074657982,-0.013092051409937966,-0.09286673077065366,
BRA,2025Q4,occup,7,13.033544343887328,-0.09286673077065366,-0.055205439645657606,
BRA,2026Q1,occup,7,12.97833890424167,-0.055205439645657606,0.05877554590867362,
BRA,2026Q2,occup,7,13.037114450150344,0.05877554590867362,,
BRA,2021Q1,occup,8,8.332220786328557,,0.06601168051329864,
BRA,2021Q2,occup,8,8.398232466841856,0.06601168051329864,0.14913788903719194,
BRA,2021Q3,occup,8,8.547370355879048,0.14913788903719194,0.1387398918162024,
BRA,2021Q4,occup,8,8.68611024769525,0.1387398918162024,0.15468195226120862,
BRA,2022Q1,occup,8,8.840792199956459,0.15468195226120862,0.006121858154131132,
BRA,2022Q2,occup,8,8.84691405811059,0.006121858154131132,0.08164755432776616,
BRA,2022Q3,occup,8,8.928561612438356,0.08164755432776616,0.2602393762380295,
BRA,2022Q4,occup,8,9.188800988676386,0.2602393762380295,0.03339098351322001,
BRA,2023Q1,occup,8,9.222191972189606,0.03339098351322001,-0.16140187177232335,
BRA,2023Q2,occup,8,9.060790100417282,-0.16140187177232335,-0.01688060276944725,
BRA,2023Q3,occup,8,9.043909497647835,-0.01688060276944725,0.12320424076185787,
BRA,2023Q4,occup,8,9.167113738409693,0.12320424076185787,0.07509653693616869,
BRA,2024Q1,occup,8,9.242210275345862,0.07509653693616869,0.03314394086149086,
BRA,2024Q2,occup,8,9.275354216207353,0.03314394086149086,0.09813540027495549,
BRA,2024Q3,occup,8,9.373489616482308,0.09813540027495549,-0.019844016322107194,
BRA,2024Q4,occup,8,9.3536456001602,-0.019844016322107194,0.07583441208670116,
BRA,2025Q1,occup,8,9.429480012246902,0.07583441208670116,-0.008470239295164106,
BRA,2025Q2,occup,8,9.421009772951738,-0.008470239295164106,0.10785206475972586,
BRA,2025Q3,occup,8,9.528861837711464,0.10785206475972586,-0.1573584556281613,
BRA,2025Q4,occup,8,9.371503382083302,-0.1573584556281613,0.004923739923778925,
BRA,2026Q1,occup,8,9.376427122007081,0.004923739923778925,0.14482834323121985,
BRA,2026Q2,occup,8,9.521255465238301,0.14482834323121985,,
BRA,2021Q1,occup,9,15.925046176911408,,0.41616838836713654,
BRA,2021Q2,occup,9,16.341214565278545,0.41616838836713654,0.3524900095901522,
BRA,2021Q3,occup,9,16.693704574868697,0.3524900095901522,0.05126766413927086,
BRA,2021Q4,occup,9,16.744972239007968,0.05126766413927086,-0.2710815899449237,
BRA,2022Q1,occup,9,16.473890649063044,-0.2710815899449237,0.009630902930354068,
BRA,2022Q2,occup,9,16.483521551993398,0.009630902930354068,0.06405057821867288,
BRA,2022Q3,occup,9,16.54757213021207,0.06405057821867288,-0.2196820712706966,
BRA,2022Q4,occup,9,16.327890058941374,-0.2196820712706966,-0.15333348200444163,
BRA,2023Q1,occup,9,16.174556576936933,-0.15333348200444163,0.11887397868686023,
BRA,2023Q2,occup,9,16.293430555623793,0.11887397868686023,-0.02905433621616993,
BRA,2023Q3,occup,9,16.264376219407623,-0.02905433621616993,0.10305456828671211,
BRA,2023Q4,occup,9,16.367430787694335,0.10305456828671211,-0.08898587939987479,
BRA,2024Q1,occup,9,16.27844490829446,-0.08898587939987479,-0.1657217896620402,
BRA,2024Q2,occup,9,16.11272311863242,-0.1657217896620402,0.036422798413376256,
BRA,2024Q3,occup,9,16.149145917045796,0.036422798413376256,-0.033536073223789487,
BRA,2024Q4,occup,9,16.115609843822007,-0.033536073223789487,-0.4706939203492766,
BRA,2025Q1,occup,9,15.64491592347273,-0.4706939203492766,-0.31001375475164394,
BRA,2025Q2,occup,9,15.334902168721086,-0.31001375475164394,0.18291037698298673,
BRA,2025Q3,occup,9,15.517812545704073,0.18291037698298673,-0.00393799598070288,
BRA,2025Q4,occup,9,15.51387454972337,-0.00393799598070288,-0.024192824715628447,
BRA,2026Q1,occup,9,15.489681725007742,-0.024192824715628447,-0.10274943476150789,
BRA,2026Q2,occup,9,15.386932290246234,-0.10274943476150789,,
BRA,2021Q1,socialsec,0,33.257080004050025,,1.20203319119058,
BRA,2021Q2,socialsec,0,34.459113195240604,1.20203319119058,0.6921665499329137,
BRA,2021Q3,socialsec,0,35.15127974517352,0.6921665499329137,0.27266984804759176,
BRA,2021Q4,socialsec,0,35.42394959322111,0.27266984804759176,-0.5055617673242594,
BRA,2022Q1,socialsec,0,34.91838782589685,-0.5055617673242594,0.1652244706826025,
BRA,2022Q2,socialsec,0,35.08361229657945,0.1652244706826025,-0.21722075727918622,
BRA,2022Q3,socialsec,0,34.86639153930027,-0.21722075727918622,-1.009790085608266,
BRA,2022Q4,socialsec,0,33.856601453692,-1.009790085608266,0.14995337136494413,
BRA,2023Q1,socialsec,0,34.006554825056945,0.14995337136494413,0.03268651462855843,
BRA,2023Q2,socialsec,0,34.0392413396855,0.03268651462855843,0.16243336285083387,
BRA,2023Q3,socialsec,0,34.20167470253634,0.16243336285083387,-0.27185618688335467,
BRA,2023Q4,socialsec,0,33.92981851565298,-0.27185618688335467,-0.34833569426216116,
BRA,2024Q1,socialsec,0,33.58148282139082,-0.34833569426216116,0.1141953903532027,
BRA,2024Q2,socialsec,0,33.695678211744024,0.1141953903532027,-0.005262392878528033,
BRA,2024Q3,socialsec,0,33.690415818865496,-0.005262392878528033,-0.0814149123613106,
BRA,2024Q4,socialsec,0,33.609000906504185,-0.0814149123613106,-0.7594492279046108,
BRA,2025Q1,socialsec,0,32.849551678599575,-0.7594492279046108,0.4492283890365272,
BRA,2025Q2,socialsec,0,33.2987800676361,0.4492283890365272,-0.4135891347912093,
BRA,2025Q3,socialsec,0,32.88519093284489,-0.4135891347912093,-0.393604373695311,
BRA,2025Q4,socialsec,0,32.49158655914958,-0.393604373695311,-0.4063999359616872,
BRA,2026Q1,socialsec,0,32.085186623187894,-0.4063999359616872,0.45839362376433,
BRA,2026Q2,socialsec,0,32.543580246952224,0.45839362376433,,
BRA,2021Q1,socialsec,1,16.046483365836846,,-0.38677101349874476,
BRA,2021Q2,socialsec,1,15.6597123523381,-0.38677101349874476,0.07588375712243511,
BRA,2021Q3,socialsec,1,15.735596109460536,0.07588375712243511,0.12191982375591515,
BRA,2021Q4,socialsec,1,15.857515933216451,0.12191982375591515,-0.18224913315004443,
BRA,2022Q1,socialsec,1,15.675266800066407,-0.18224913315004443,0.27412397271232436,
BRA,2022Q2,socialsec,1,15.949390772778731,0.27412397271232436,0.30429010753676167,
BRA,2022Q3,socialsec,1,16.253680880315493,0.30429010753676167,0.5084839613810743,
BRA,2022Q4,socialsec,1,16.762164841696567,0.5084839613810743,-0.5161447195783957,
BRA,2023Q1,socialsec,1,16.24602012211817,-0.5161447195783957,0.27977266256061384,
BRA,2023Q2,socialsec,1,16.525792784678785,0.27977266256061384,-0.1844110173322484,
BRA,2023Q3,socialsec,1,16.341381767346537,-0.1844110173322484,0.28520146566670945,
BRA,2023Q4,socialsec,1,16.626583233013246,0.28520146566670945,-0.04842642860386803,
BRA,2024Q1,socialsec,1,16.578156804409378,-0.04842642860386803,0.10253806930953502,
BRA,2024Q2,socialsec,1,16.680694873718913,0.10253806930953502,0.03518493330662764,
BRA,2024Q3,socialsec,1,16.71587980702554,0.03518493330662764,0.14685853695746331,
BRA,2024Q4,socialsec,1,16.862738343983004,0.14685853695746331,-0.1596275366424571,
BRA,2025Q1,socialsec,1,16.703110807340547,-0.1596275366424571,-0.08280478595507645,
BRA,2025Q2,socialsec,1,16.62030602138547,-0.08280478595507645,0.4046029087909666,
BRA,2025Q3,socialsec,1,17.024908930176437,0.4046029087909666,0.39513654267026155,
BRA,2025Q4,socialsec,1,17.4200454728467,0.39513654267026155,0.23306392020686317,
BRA,2026Q1,socialsec,1,17.653109393053562,0.23306392020686317,-0.11894008001910805,
BRA,2026Q2,socialsec,1,17.534169313034454,-0.11894008001910805,,
BRA,2021Q1,socialsec,NA,50.696436630113126,,-0.8152621776918352,
BRA,2021Q2,socialsec,NA,49.88117445242129,-0.8152621776918352,-0.768050307055347,
BRA,2021Q3,socialsec,NA,49.113124145365944,-0.768050307055347,-0.3945896718035016,
BRA,2021Q4,socialsec,NA,48.71853447356244,-0.3945896718035016,0.687810900474318,
BRA,2022Q1,socialsec,NA,49.40634537403676,0.687810900474318,-0.43934844339494816,
BRA,2022Q2,socialsec,NA,48.96699693064181,-0.43934844339494816,-0.0870693502575719,
BRA,2022Q3,socialsec,NA,48.87992758038424,-0.0870693502575719,0.5013061242271988,
BRA,2022Q4,socialsec,NA,49.38123370461144,0.5013061242271988,0.3661913482134409,
BRA,2023Q1,socialsec,NA,49.74742505282488,0.3661913482134409,-0.3124591771891616,
BRA,2023Q2,socialsec,NA,49.43496587563572,-0.3124591771891616,0.021977654481389663,
BRA,2023Q3,socialsec,NA,49.45694353011711,0.021977654481389663,-0.01334527878334768,
BRA,2023Q4,socialsec,NA,49.44359825133376,-0.01334527878334768,0.3967621228660363,
BRA,2024Q1,socialsec,NA,49.8403603741998,0.3967621228660363,-0.21673345966275548,
BRA,2024Q2,socialsec,NA,49.62362691453704,-0.21673345966275548,-0.029922540428081845,
BRA,2024Q3,socialsec,NA,49.59370437410896,-0.029922540428081845,-0.06544362459614916,
BRA,2024Q4,socialsec,NA,49.52826074951281,-0.06544362459614916,0.9190767645470714,
BRA,2025Q1,socialsec,NA,50.44733751405988,0.9190767645470714,-0.3664236030814507,
BRA,2025Q2,socialsec,NA,50.08091391097843,-0.3664236030814507,0.008986226000232023,
BRA,2025Q3,socialsec,NA,50.08990013697866,0.008986226000232023,-0.0015321689749470124,
BRA,2025Q4,socialsec,NA,50.088367968003716,-0.0015321689749470124,0.1733360157548276,
BRA,2026Q1,socialsec,NA,50.261703983758544,0.1733360157548276,-0.33945354374522196,
BRA,2026Q2,socialsec,NA,49.92225044001332,-0.33945354374522196,,
BRA,2021Q1,urban,0,14.14718981845027,,-0.045214140921361334,
BRA,2021Q2,urban,0,14.101975677528909,-0.045214140921361334,-0.18380543642235558,
BRA,2021Q3,urban,0,13.918170241106553,-0.18380543642235558,-0.02752363272843006,
BRA,2021Q4,urban,0,13.890646608378123,-0.02752363272843006,-0.04933329384701857,
BRA,2022Q1,urban,0,13.841313314531105,-0.04933329384701857,-0.11148216057232929,
BRA,2022Q2,urban,0,13.729831153958775,-0.11148216057232929,-0.11345112022798887,
BRA,2022Q3,urban,0,13.616380033730787,-0.11345112022798887,-0.1413737291799695,
BRA,2022Q4,urban,0,13.475006304550817,-0.1413737291799695,-0.23296709622163014,
BRA,2023Q1,urban,0,13.242039208329187,-0.23296709622163014,-0.050249027704705185,
BRA,2023Q2,urban,0,13.191790180624482,-0.050249027704705185,-0.05442272940704562,
BRA,2023Q3,urban,0,13.137367451217436,-0.05442272940704562,-0.3043712999330115,
BRA,2023Q4,urban,0,12.832996151284425,-0.3043712999330115,-0.1309664270437807,
BRA,2024Q1,urban,0,12.702029724240644,-0.1309664270437807,-0.09240662534574895,
BRA,2024Q2,urban,0,12.609623098894895,-0.09240662534574895,-0.2831859511628405,
BRA,2024Q3,urban,0,12.326437147732054,-0.2831859511628405,-0.21661978093931822,
BRA,2024Q4,urban,0,12.109817366792736,-0.21661978093931822,-0.12788908853672432,
BRA,2025Q1,urban,0,11.981928278256012,-0.12788908853672432,0.05125627509993791,
BRA,2025Q2,urban,0,12.03318455335595,0.05125627509993791,-0.14590033529022328,
BRA,2025Q3,urban,0,11.887284218065727,-0.14590033529022328,-0.01823099731247524,
BRA,2025Q4,urban,0,11.869053220753251,-0.01823099731247524,0.22128560527476537,
BRA,2026Q1,urban,0,12.090338826028017,0.22128560527476537,-0.047815875444744194,
BRA,2026Q2,urban,0,12.042522950583272,-0.047815875444744194,,
BRA,2021Q1,urban,1,85.85281018154974,,0.04521414092135956,
BRA,2021Q2,urban,1,85.8980243224711,0.04521414092135956,0.1838054364223325,
BRA,2021Q3,urban,1,86.08182975889343,0.1838054364223325,0.027523632728446046,
BRA,2021Q4,urban,1,86.10935339162188,0.027523632728446046,0.04933329384702745,
BRA,2022Q1,urban,1,86.15868668546891,0.04933329384702745,0.11148216057232219,
BRA,2022Q2,urban,1,86.27016884604123,0.11148216057232219,0.11345112022799242,
BRA,2022Q3,urban,1,86.38361996626922,0.11345112022799242,0.1413737291799606,
BRA,2022Q4,urban,1,86.52499369544918,0.1413737291799606,0.23296709622162837,
BRA,2023Q1,urban,1,86.75796079167081,0.23296709622162837,0.05024902770470874,
BRA,2023Q2,urban,1,86.80820981937552,0.05024902770470874,0.05442272940705095,
BRA,2023Q3,urban,1,86.86263254878257,0.05442272940705095,0.3043712999329955,
BRA,2023Q4,urban,1,87.16700384871557,0.3043712999329955,0.1309664270437878,
BRA,2024Q1,urban,1,87.29797027575935,0.1309664270437878,0.09240662534577382,
BRA,2024Q2,urban,1,87.39037690110513,0.09240662534577382,0.28318595116280676,
BRA,2024Q3,urban,1,87.67356285226793,0.28318595116280676,0.21661978093932532,
BRA,2024Q4,urban,1,87.89018263320726,0.21661978093932532,0.127889088536719,
BRA,2025Q1,urban,1,88.01807172174398,0.127889088536719,-0.051256275099930804,
BRA,2025Q2,urban,1,87.96681544664405,-0.051256275099930804,0.1459003352902215,
BRA,2025Q3,urban,1,88.11271578193427,0.1459003352902215,0.018230997312471686,
BRA,2025Q4,urban,1,88.13094677924674,0.018230997312471686,-0.22128560527474406,
BRA,2026Q1,urban,1,87.909661173972,-0.22128560527474406,0.04781587544474064,
BRA,2026Q2,urban,1,87.95747704941674,0.04781587544474064,,
COL,2022Q1,educat7,1,9.69580520140564,,0.07629118485771436,
COL,2022Q2,educat7,1,9.772096386263355,0.07629118485771436,0.5095075503482178,
COL,2022Q3,educat7,1,10.281603936611573,0.5095075503482178,-0.2178224603276142,
COL,2022Q4,educat7,1,10.063781476283959,-0.2178224603276142,-0.4804827272666099,
COL,2023Q1,educat7,1,9.583298749017349,-0.4804827272666099,0.0548513868482825,
COL,2023Q2,educat7,1,9.638150135865631,0.0548513868482825,0.19379698079375451,
COL,2023Q3,educat7,1,9.831947116659386,0.19379698079375451,0.0028679477836082157,
COL,2023Q4,educat7,1,9.834815064442994,0.0028679477836082157,-0.44335157128506175,
COL,2024Q1,educat7,1,9.391463493157932,-0.44335157128506175,0.06432246424103738,
COL,2024Q2,educat7,1,9.45578595739897,0.06432246424103738,0.23860762027319993,
COL,2024Q3,educat7,1,9.69439357767217,0.23860762027319993,-0.278985655719703,
COL,2024Q4,educat7,1,9.415407921952466,-0.278985655719703,-0.24597039326711645,
COL,2025Q1,educat7,1,9.16943752868535,-0.24597039326711645,-0.04131321514751285,
COL,2025Q2,educat7,1,9.128124313537837,-0.04131321514751285,0.46629948580441827,
COL,2025Q3,educat7,1,9.594423799342255,0.46629948580441827,-0.5437096862323454,
COL,2025Q4,educat7,1,9.05071411310991,-0.5437096862323454,-0.45735751619305276,
COL,2026Q1,educat7,1,8.593356596916857,-0.45735751619305276,0.40406163086168334,
COL,2026Q2,educat7,1,8.99741822777854,0.40406163086168334,,
COL,2022Q1,educat7,2,14.809532386761251,,-0.1523927985345903,
COL,2022Q2,educat7,2,14.657139588226661,-0.1523927985345903,0.4083215873001169,
COL,2022Q3,educat7,2,15.065461175526778,0.4083215873001169,-0.04903002488634556,
COL,2022Q4,educat7,2,15.016431150640432,-0.04903002488634556,-0.3212186245281696,
COL,2023Q1,educat7,2,14.695212526112263,-0.3212186245281696,0.13877927996165518,
COL,2023Q2,educat7,2,14.833991806073918,0.13877927996165518,-0.016449288639400095,
COL,2023Q3,educat7,2,14.817542517434518,-0.016449288639400095,-0.262862371964907,
COL,2023Q4,educat7,2,14.55468014546961,-0.262862371964907,-0.21364821001372292,
COL,2024Q1,educat7,2,14.341031935455888,-0.21364821001372292,0.2536081698930861,
COL,2024Q2,educat7,2,14.594640105348974,0.2536081698930861,0.04540692827544568,
COL,2024Q3,educat7,2,14.64004703362442,0.04540692827544568,-0.09415903060224373,
COL,2024Q4,educat7,2,14.545888003022176,-0.09415903060224373,-0.25302464820939363,
COL,2025Q1,educat7,2,14.292863354812782,-0.25302464820939363,0.32004474515461645,
COL,2025Q2,educat7,2,14.612908099967399,0.32004474515461645,-0.20603229459893058,
COL,2025Q3,educat7,2,14.406875805368468,-0.20603229459893058,0.13437678556129562,
COL,2025Q4,educat7,2,14.541252590929764,0.13437678556129562,-0.16075664800060885,
COL,2026Q1,educat7,2,14.380495942929155,-0.16075664800060885,-0.3411731655896926,
COL,2026Q2,educat7,2,14.039322777339462,-0.3411731655896926,,
COL,2022Q1,educat7,3,9.736390918710816,,-0.5274387372525258,
COL,2022Q2,educat7,3,9.20895218145829,-0.5274387372525258,0.02703709505574281,
COL,2022Q3,educat7,3,9.235989276514033,0.02703709505574281,0.16085945031566418,
COL,2022Q4,educat7,3,9.396848726829697,0.16085945031566418,-0.08957008783385412,
COL,2023Q1,educat7,3,9.307278638995843,-0.08957008783385412,-0.30221505295144624,
COL,2023Q2,educat7,3,9.005063586044397,-0.30221505295144624,-0.22750409718855735,
COL,2023Q3,educat7,3,8.77755948885584,-0.22750409718855735,0.4117994455048102,
COL,2023Q4,educat7,3,9.18935893436065,0.4117994455048102,-0.23072826506652966,
COL,2024Q1,educat7,3,8.95863066929412,-0.23072826506652966,-0.30651220371122356,
COL,2024Q2,educat7,3,8.652118465582896,-0.30651220371122356,0.1608894597475743,
COL,2024Q3,educat7,3,8.81300792533047,0.1608894597475743,0.44799797312253276,
COL,2024Q4,educat7,3,9.261005898453003,0.44799797312253276,-0.05454350161080157,
COL,2025Q1,educat7,3,9.206462396842202,-0.05454350161080157,-0.4116553859425025,
COL,2025Q2,educat7,3,8.7948070108997,-0.4116553859425025,0.09688813669164631,
COL,2025Q3,educat7,3,8.891695147591346,0.09688813669164631,0.34418733432207205,
COL,2025Q4,educat7,3,9.235882481913418,0.34418733432207205,-0.5910315455122461,
COL,2026Q1,educat7,3,8.644850936401172,-0.5910315455122461,-0.34820602380283994,
COL,2026Q2,educat7,3,8.296644912598332,-0.34820602380283994,,
COL,2022Q1,educat7,4,15.890954842033068,,-0.014465891538337772,
COL,2022Q2,educat7,4,15.87648895049473,-0.014465891538337772,-0.14770082184876898,
COL,2022Q3,educat7,4,15.728788128645961,-0.14770082184876898,-0.09284545426431734,
COL,2022Q4,educat7,4,15.635942674381644,-0.09284545426431734,0.41388123185500625,
COL,2023Q1,educat7,4,16.04982390623665,0.41388123185500625,-0.5540106662305764,
COL,2023Q2,educat7,4,15.495813240006074,-0.5540106662305764,0.12620851627652563,
COL,2023Q3,educat7,4,15.6220217562826,0.12620851627652563,-0.2811501216869985,
COL,2023Q4,educat7,4,15.3408716345956,-0.2811501216869985,0.5091459264297384,
COL,2024Q1,educat7,4,15.85001756102534,0.5091459264297384,-0.2229177336497461,
COL,2024Q2,educat7,4,15.627099827375593,-0.2229177336497461,-0.3295584088820842,
COL,2024Q3,educat7,4,15.297541418493509,-0.3295584088820842,-0.29203221720541706,
COL,2024Q4,educat7,4,15.005509201288092,-0.29203221720541706,0.4249384513115828,
COL,2025Q1,educat7,4,15.430447652599675,0.4249384513115828,-0.30577524643048903,
COL,2025Q2,educat7,4,15.124672406169186,-0.30577524643048903,-0.09041877424845346,
COL,2025Q3,educat7,4,15.034253631920732,-0.09041877424845346,0.21329523770172543,
COL,2025Q4,educat7,4,15.247548869622458,0.21329523770172543,-0.044362620812858466,
COL,2026Q1,educat7,4,15.2031862488096,-0.044362620812858466,-0.1057838503886579,
COL,2026Q2,educat7,4,15.097402398420941,-0.1057838503886579,,
COL,2022Q1,educat7,5,24.579122756570786,,-0.01517024591984395,
COL,2022Q2,educat7,5,24.563952510650942,-0.01517024591984395,-0.684923765533803,
COL,2022Q3,educat7,5,23.87902874511714,-0.684923765533803,0.772487462369515,
COL,2022Q4,educat7,5,24.651516207486655,0.772487462369515,0.20108498444676925,
COL,2023Q1,educat7,5,24.852601191933424,0.20108498444676925,-0.1943005067506931,
COL,2023Q2,educat7,5,24.65830068518273,-0.1943005067506931,-0.1531225371106082,
COL,2023Q3,educat7,5,24.505178148072122,-0.1531225371106082,0.5845224386309944,
COL,2023Q4,educat7,5,25.089700586703117,0.5845224386309944,0.34916551922260197,
COL,2024Q1,educat7,5,25.43886610592572,0.34916551922260197,-0.08298192427369955,
COL,2024Q2,educat7,5,25.35588418165202,-0.08298192427369955,-0.06671570571808516,
COL,2024Q3,educat7,5,25.289168475933934,-0.06671570571808516,0.614935798503776,
COL,2024Q4,educat7,5,25.90410427443771,0.614935798503776,0.5487258310609242,
COL,2025Q1,educat7,5,26.452830105498634,0.5487258310609242,-0.7163363134733203,
COL,2025Q2,educat7,5,25.736493792025314,-0.7163363134733203,-0.12074767801410147,
COL,2025Q3,educat7,5,25.615746114011213,-0.12074767801410147,0.3444813088136449,
COL,2025Q4,educat7,5,25.960227422824858,0.3444813088136449,-0.3751653107232542,
COL,2026Q1,educat7,5,25.585062112101603,-0.3751653107232542,0.6939802672088504,
COL,2026Q2,educat7,5,26.279042379310454,0.6939802672088504,,
COL,2022Q1,educat7,6,8.248177556333133,,0.22976216771824554,
COL,2022Q2,educat7,6,8.477939724051378,0.22976216771824554,-0.05923077261791043,
COL,2022Q3,educat7,6,8.418708951433468,-0.05923077261791043,-0.4483857394919264,
COL,2022Q4,educat7,6,7.970323211941541,-0.4483857394919264,0.3061367756406215,
COL,2023Q1,educat7,6,8.276459987582163,0.3061367756406215,0.5604423840145074,
COL,2023Q2,educat7,6,8.83690237159667,0.5604423840145074,-0.15580990371842063,
COL,2023Q3,educat7,6,8.68109246787825,-0.15580990371842063,-0.3451284983975196,
COL,2023Q4,educat7,6,8.33596396948073,-0.3451284983975196,0.32195272454135093,
COL,2024Q1,educat7,6,8.65791669402208,0.32195272454135093,-0.02690431705808649,
COL,2024Q2,educat7,6,8.631012376963994,-0.02690431705808649,0.004628876792219572,
COL,2024Q3,educat7,6,8.635641253756214,0.004628876792219572,-0.2085147057753609,
COL,2024Q4,educat7,6,8.427126547980853,-0.2085147057753609,0.23515116210534615,
COL,2025Q1,educat7,6,8.6622777100862,0.23515116210534615,0.3815853634105473,
COL,2025Q2,educat7,6,9.043863073496746,0.3815853634105473,-0.13941825009749742,
COL,2025Q3,educat7,6,8.904444823399249,-0.13941825009749742,-0.1547669845632882,
COL,2025Q4,educat7,6,8.74967783883596,-0.1547669845632882,0.2549513530866889,
COL,2026Q1,educat7,6,9.00462919192265,0.2549513530866889,0.10784846294746586,
COL,2026Q2,educat7,6,9.112477654870116,0.10784846294746586,,
COL,2022Q1,educat7,7,13.257829152394534,,0.30607826973748864,
COL,2022Q2,educat7,7,13.563907422132022,0.30607826973748864,0.2157772353128653,
COL,2022Q3,educat7,7,13.779684657444887,0.2157772353128653,-0.21167995737357082,
COL,2022Q4,educat7,7,13.568004700071317,-0.21167995737357082,0.05834998010271164,
COL,2023Q1,educat7,7,13.626354680174028,0.05834998010271164,0.19355177175369853,
COL,2023Q2,educat7,7,13.819906451927727,0.19355177175369853,0.33572201458921747,
COL,2023Q3,educat7,7,14.155628466516944,0.33572201458921747,-0.13297416855902355,
COL,2023Q4,educat7,7,14.02265429795792,-0.13297416855902355,-0.300587764452489,
COL,2024Q1,educat7,7,13.722066533505432,-0.300587764452489,0.5161410832827649,
COL,2024Q2,educat7,7,14.238207616788197,0.5161410832827649,0.04568615703082379,
COL,2024Q3,educat7,7,14.28389377381902,0.04568615703082379,-0.21666104827013832,
COL,2024Q4,educat7,7,14.067232725548882,-0.21666104827013832,-0.45739698576883825,
COL,2025Q1,educat7,7,13.609835739780044,-0.45739698576883825,0.7169603079016014,
COL,2025Q2,educat7,7,14.326796047681645,0.7169603079016014,0.06111103343951996,
COL,2025Q3,educat7,7,14.387907081121165,0.06111103343951996,-0.25017191305607334,
COL,2025Q4,educat7,7,14.137735168065092,-0.25017191305607334,1.2697663854043384,
COL,2026Q1,educat7,7,15.40750155346943,1.2697663854043384,-0.264902572228511,
COL,2026Q2,educat7,7,15.14259898124092,-0.264902572228511,,
COL,2022Q1,educat7,NA,3.782187185790755,,0.09733605093186393,
COL,2022Q2,educat7,NA,3.879523236722619,0.09733605093186393,-0.26878810801645336,
COL,2022Q3,educat7,NA,3.6107351287061658,-0.26878810801645336,0.08641672365858621,
COL,2022Q4,educat7,NA,3.697151852364752,0.08641672365858621,-0.08818153241648341,
COL,2023Q1,educat7,NA,3.6089703199482686,-0.08818153241648341,0.10290140335457876,
COL,2023Q2,educat7,NA,3.7118717233028473,0.10290140335457876,-0.1028416850024918,
COL,2023Q3,educat7,NA,3.6090300383003555,-0.1028416850024918,0.02292532868903363,
COL,2023Q4,educat7,NA,3.631955366989389,0.02292532868903363,0.008051640624094247,
COL,2024Q1,educat7,NA,3.6400070076134834,0.008051640624094247,-0.19475553872412998,
COL,2024Q2,educat7,NA,3.4452514688893534,-0.19475553872412998,-0.09894492751910189,
COL,2024Q3,educat7,NA,3.3463065413702515,-0.09894492751910189,0.027418885946554727,
COL,2024Q4,educat7,NA,3.3737254273168062,0.027418885946554727,-0.19787991562167973,
COL,2025Q1,educat7,NA,3.1758455116951265,-0.19787991562167973,0.05648974452705158,
COL,2025Q2,educat7,NA,3.232335256222178,0.05648974452705158,-0.06768165897661138,
COL,2025Q3,educat7,NA,3.1646535972455667,-0.06768165897661138,-0.0876920825470382,
COL,2025Q4,educat7,NA,3.0769615146985285,-0.0876920825470382,0.10395590275101307,
COL,2026Q1,educat7,NA,3.1809174174495416,0.10395590275101307,-0.1458247490083009,
COL,2026Q2,educat7,NA,3.0350926684412407,-0.1458247490083009,,
COL,2022Q1,empstat,1,49.40896107870291,,0.5742373074932345,
COL,2022Q2,empstat,1,49.98319838619614,0.5742373074932345,-0.43476094563865075,
COL,2022Q3,empstat,1,49.54843744055749,-0.43476094563865075,0.7402218521323505,
COL,2022Q4,empstat,1,50.28865929268984,0.7402218521323505,0.07313550487578624,
COL,2023Q1,empstat,1,50.36179479756563,0.07313550487578624,0.4053780153128983,
COL,2023Q2,empstat,1,50.76717281287853,0.4053780153128983,-0.6805507927236292,
COL,2023Q3,empstat,1,50.0866220201549,-0.6805507927236292,0.2977437986451861,
COL,2023Q4,empstat,1,50.384365818800084,0.2977437986451861,0.6723560112460731,
COL,2024Q1,empstat,1,51.05672183004616,0.6723560112460731,0.6554952820809774,
COL,2024Q2,empstat,1,51.712217112127135,0.6554952820809774,-1.0873387872850913,
COL,2024Q3,empstat,1,50.624878324842044,-1.0873387872850913,0.13959420350994378,
COL,2024Q4,empstat,1,50.76447252835199,0.13959420350994378,-0.46854389837700694,
COL,2025Q1,empstat,1,50.29592862997498,-0.46854389837700694,0.9559690072794425,
COL,2025Q2,empstat,1,51.25189763725442,0.9559690072794425,0.2587889204500442,
COL,2025Q3,empstat,1,51.51068655770447,0.2587889204500442,-0.34190076609802844,
COL,2025Q4,empstat,1,51.16878579160644,-0.34190076609802844,-0.766068760908567,
COL,2026Q1,empstat,1,50.40271703069787,-0.766068760908567,0.9838608066269927,
COL,2026Q2,empstat,1,51.386577837324865,0.9838608066269927,,
COL,2022Q1,empstat,2,5.430779337014809,,-0.41768774986323454,
COL,2022Q2,empstat,2,5.013091587151575,-0.41768774986323454,-0.10853701591178488,
COL,2022Q3,empstat,2,4.90455457123979,-0.10853701591178488,0.19091298635734955,
COL,2022Q4,empstat,2,5.095467557597139,0.19091298635734955,0.08146041719685648,
COL,2023Q1,empstat,2,5.176927974793996,0.08146041719685648,-0.3541240908070389,
COL,2023Q2,empstat,2,4.822803883986957,-0.3541240908070389,0.20227890619475897,
COL,2023Q3,empstat,2,5.025082790181716,0.20227890619475897,0.22688143265366545,
COL,2023Q4,empstat,2,5.251964222835381,0.22688143265366545,0.31700131334023496,
COL,2024Q1,empstat,2,5.568965536175616,0.31700131334023496,-0.3514284000256307,
COL,2024Q2,empstat,2,5.217537136149986,-0.3514284000256307,-0.033935993993437386,
COL,2024Q3,empstat,2,5.183601142156548,-0.033935993993437386,-0.1606254527458102,
COL,2024Q4,empstat,2,5.022975689410738,-0.1606254527458102,0.3534884772563185,
COL,2025Q1,empstat,2,5.3764641666670565,0.3534884772563185,-0.3404999342819872,
COL,2025Q2,empstat,2,5.035964232385069,-0.3404999342819872,0.029361893465869926,
COL,2025Q3,empstat,2,5.065326125850939,0.029361893465869926,0.2468651473857406,
COL,2025Q4,empstat,2,5.31219127323668,0.2468651473857406,-0.18619444428596044,
COL,2026Q1,empstat,2,5.125996828950719,-0.18619444428596044,-0.1595990789724846,
COL,2026Q2,empstat,2,4.966397749978235,-0.1595990789724846,,
COL,2022Q1,empstat,3,2.7071440630220307,,0.07968248362232444,
COL,2022Q2,empstat,3,2.786826546644355,0.07968248362232444,0.18692486384627838,
COL,2022Q3,empstat,3,2.9737514104906335,0.18692486384627838,0.062094998491106335,
COL,2022Q4,empstat,3,3.03584640898174,0.062094998491106335,-0.2808918352661225,
COL,2023Q1,empstat,3,2.7549545737156174,-0.2808918352661225,0.04020790218476833,
COL,2023Q2,empstat,3,2.7951624759003857,0.04020790218476833,0.11541146877658193,
COL,2023Q3,empstat,3,2.9105739446769676,0.11541146877658193,-0.19577973357945666,
COL,2023Q4,empstat,3,2.714794211097511,-0.19577973357945666,-0.11856894882010094,
COL,2024Q1,empstat,3,2.59622526227741,-0.11856894882010094,0.14842061939960915,
COL,2024Q2,empstat,3,2.744645881677019,0.14842061939960915,-0.16526571333105666,
COL,2024Q3,empstat,3,2.5793801683459625,-0.16526571333105666,0.08703373068903764,
COL,2024Q4,empstat,3,2.666413899035,0.08703373068903764,-0.1514635199110561,
COL,2025Q1,empstat,3,2.514950379123944,-0.1514635199110561,-0.14335493618750972,
COL,2025Q2,empstat,3,2.3715954429364343,-0.14335493618750972,-0.051873720790279965,
COL,2025Q3,empstat,3,2.3197217221461544,-0.051873720790279965,0.23965338377555145,
COL,2025Q4,empstat,3,2.559375105921706,0.23965338377555145,0.26360462131070683,
COL,2026Q1,empstat,3,2.8229797272324126,0.26360462131070683,-0.277156390580656,
COL,2026Q2,empstat,3,2.5458233366517566,-0.277156390580656,,
COL,2022Q1,empstat,4,42.45311552126024,,-0.23623204125229336,
COL,2022Q2,empstat,4,42.216883480007944,-0.23623204125229336,0.35637309770412173,
COL,2022Q3,empstat,4,42.573256577712066,0.35637309770412173,-0.9932298369807881,
COL,2022Q4,empstat,4,41.58002674073128,-0.9932298369807881,0.12629591319346645,
COL,2023Q1,empstat,4,41.706322653924744,0.12629591319346645,-0.09146182669061176,
COL,2023Q2,empstat,4,41.61486082723413,-0.09146182669061176,0.3628604177522803,
COL,2023Q3,empstat,4,41.97772124498641,0.3628604177522803,-0.3288454977193851,
COL,2023Q4,empstat,4,41.64887574726703,-0.3288454977193851,-0.8707883757662245,
COL,2024Q1,empstat,4,40.7780873715008,-0.8707883757662245,-0.45248750145494654,
COL,2024Q2,empstat,4,40.325599870045856,-0.45248750145494654,1.2865404946095822,
COL,2024Q3,empstat,4,41.61214036465544,1.2865404946095822,-0.0660024814531539,
COL,2024Q4,empstat,4,41.546137883202285,-0.0660024814531539,0.2665189410317339,
COL,2025Q1,empstat,4,41.81265682423402,0.2665189410317339,-0.4721141368099282,
COL,2025Q2,empstat,4,41.34054268742409,-0.4721141368099282,-0.2362770931256577,
COL,2025Q3,empstat,4,41.10426559429843,-0.2362770931256577,-0.1446177650632734,
COL,2025Q4,empstat,4,40.95964782923516,-0.1446177650632734,0.6886585838838428,
COL,2026Q1,empstat,4,41.648306413119,0.6886585838838428,-0.5471053370738446,
COL,2026Q2,empstat,4,41.10120107604516,-0.5471053370738446,,
COL,2022Q1,industrycat10,1,14.704136492000789,,0.25008632395007524,
COL,2022Q2,industrycat10,1,14.954222815950864,0.25008632395007524,-0.4307739730502096,
COL,2022Q3,industrycat10,1,14.523448842900654,-0.4307739730502096,-0.1615169931860887,
COL,2022Q4,industrycat10,1,14.361931849714566,-0.1615169931860887,0.267359709627641,
COL,2023Q1,industrycat10,1,14.629291559342207,0.267359709627641,-0.03482994317458754,
COL,2023Q2,industrycat10,1,14.594461616167619,-0.03482994317458754,-0.46368915782646347,
COL,2023Q3,industrycat10,1,14.130772458341156,-0.46368915782646347,0.10762594320187269,
COL,2023Q4,industrycat10,1,14.238398401543028,0.10762594320187269,0.2550928495574514,
COL,2024Q1,industrycat10,1,14.49349125110048,0.2550928495574514,-0.1603468802254433,
COL,2024Q2,industrycat10,1,14.333144370875036,-0.1603468802254433,0.011531537605103281,
COL,2024Q3,industrycat10,1,14.34467590848014,0.011531537605103281,-0.487366057982463,
COL,2024Q4,industrycat10,1,13.857309850497677,-0.487366057982463,0.7871759665658935,
COL,2025Q1,industrycat10,1,14.64448581706357,0.7871759665658935,-0.5482343099100611,
COL,2025Q2,industrycat10,1,14.096251507153509,-0.5482343099100611,-0.19790596577433028,
COL,2025Q3,industrycat10,1,13.898345541379179,-0.19790596577433028,0.31496253346693415,
COL,2025Q4,industrycat10,1,14.213308074846113,0.31496253346693415,-0.7379700264052431,
COL,2026Q1,industrycat10,1,13.47533804844087,-0.7379700264052431,0.09758155017032166,
COL,2026Q2,industrycat10,1,13.572919598611191,0.09758155017032166,,
COL,2022Q1,industrycat10,10,16.749280829975703,,0.5482745491194869,
COL,2022Q2,industrycat10,10,17.29755537909519,0.5482745491194869,-0.37575637422287755,
COL,2022Q3,industrycat10,10,16.921799004872312,-0.37575637422287755,0.5403516843601075,
COL,2022Q4,industrycat10,10,17.46215068923242,0.5403516843601075,-0.6006292055511722,
COL,2023Q1,industrycat10,10,16.861521483681248,-0.6006292055511722,0.31601769366357857,
COL,2023Q2,industrycat10,10,17.177539177344826,0.31601769366357857,0.16496529574397556,
COL,2023Q3,industrycat10,10,17.342504473088802,0.16496529574397556,-0.27539123149107425,
COL,2023Q4,industrycat10,10,17.067113241597728,-0.27539123149107425,0.17980148713339972,
COL,2024Q1,industrycat10,10,17.246914728731127,0.17980148713339972,-0.02561886474823183,
COL,2024Q2,industrycat10,10,17.221295863982895,-0.02561886474823183,0.3175265785547623,
COL,2024Q3,industrycat10,10,17.538822442537658,0.3175265785547623,-0.25748195045131794,
COL,2024Q4,industrycat10,10,17.28134049208634,-0.25748195045131794,-0.5816251065324387,
COL,2025Q1,industrycat10,10,16.6997153855539,-0.5816251065324387,0.425020652886289,
COL,2025Q2,industrycat10,10,17.12473603844019,0.425020652886289,0.04597703761309546,
COL,2025Q3,industrycat10,10,17.170713076053286,0.04597703761309546,-0.2182674980032857,
COL,2025Q4,industrycat10,10,16.95244557805,-0.2182674980032857,0.21960913729273912,
COL,2026Q1,industrycat10,10,17.17205471534274,0.21960913729273912,0.2274250307902257,
COL,2026Q2,industrycat10,10,17.399479746132965,0.2274250307902257,,
COL,2022Q1,industrycat10,2,1.1609191402079468,,0.12337707374724372,
COL,2022Q2,industrycat10,2,1.2842962139551906,0.12337707374724372,-0.19275095814885668,
COL,2022Q3,industrycat10,2,1.0915452558063339,-0.19275095814885668,0.4808581804332266,
COL,2022Q4,industrycat10,2,1.5724034362395605,0.4808581804332266,-0.5739133127467975,
COL,2023Q1,industrycat10,2,0.998490123492763,-0.5739133127467975,0.21331551541652916,
COL,2023Q2,industrycat10,2,1.2118056389092922,0.21331551541652916,-0.18488029098765524,
COL,2023Q3,industrycat10,2,1.026925347921637,-0.18488029098765524,0.6215857776919138,
COL,2023Q4,industrycat10,2,1.6485111256135507,0.6215857776919138,-0.5088802571750268,
COL,2024Q1,industrycat10,2,1.139630868438524,-0.5088802571750268,0.1763291935328779,
COL,2024Q2,industrycat10,2,1.3159600619714018,0.1763291935328779,-0.2298950988102959,
COL,2024Q3,industrycat10,2,1.086064963161106,-0.2298950988102959,0.4526317241560538,
COL,2024Q4,industrycat10,2,1.5386966873171597,0.4526317241560538,-0.2881080965153735,
COL,2025Q1,industrycat10,2,1.2505885908017862,-0.2881080965153735,0.09200153183339177,
COL,2025Q2,industrycat10,2,1.342590122635178,0.09200153183339177,-0.26194752732325477,
COL,2025Q3,industrycat10,2,1.0806425953119232,-0.26194752732325477,0.3803778775900084,
COL,2025Q4,industrycat10,2,1.4610204729019316,0.3803778775900084,-0.020313175712912468,
COL,2026Q1,industrycat10,2,1.4407072971890191,-0.020313175712912468,-0.04240806754346571,
COL,2026Q2,industrycat10,2,1.3982992296455534,-0.04240806754346571,,
COL,2022Q1,industrycat10,3,10.629927359294868,,-0.2944895743439808,
COL,2022Q2,industrycat10,3,10.335437784950887,-0.2944895743439808,0.3602466908361812,
COL,2022Q3,industrycat10,3,10.695684475787068,0.3602466908361812,0.1852976619312301,
COL,2022Q4,industrycat10,3,10.880982137718298,0.1852976619312301,-0.3003500810600155,
COL,2023Q1,industrycat10,3,10.580632056658283,-0.3003500810600155,0.05748053945380782,
COL,2023Q2,industrycat10,3,10.63811259611209,0.05748053945380782,0.026237089485402265,
COL,2023Q3,industrycat10,3,10.664349685597493,0.026237089485402265,-0.39791908951168686,
COL,2023Q4,industrycat10,3,10.266430596085806,-0.39791908951168686,0.5669941250476889,
COL,2024Q1,industrycat10,3,10.833424721133495,0.5669941250476889,-0.04821721741777729,
COL,2024Q2,industrycat10,3,10.785207503715718,-0.04821721741777729,-0.20090484210511583,
COL,2024Q3,industrycat10,3,10.584302661610602,-0.20090484210511583,0.06034280995131702,
COL,2024Q4,industrycat10,3,10.644645471561919,0.06034280995131702,0.22840117823359485,
COL,2025Q1,industrycat10,3,10.873046649795514,0.22840117823359485,0.019753717292219974,
COL,2025Q2,industrycat10,3,10.892800367087734,0.019753717292219974,0.13529646308604093,
COL,2025Q3,industrycat10,3,11.028096830173775,0.13529646308604093,-0.021873295310806284,
COL,2025Q4,industrycat10,3,11.006223534862968,-0.021873295310806284,-0.22925740134173012,
COL,2026Q1,industrycat10,3,10.776966133521238,-0.22925740134173012,-0.09220775886850596,
COL,2026Q2,industrycat10,3,10.684758374652732,-0.09220775886850596,,
COL,2022Q1,industrycat10,4,1.4677384577790418,,-0.07991424868635133,
COL,2022Q2,industrycat10,4,1.3878242090926904,-0.07991424868635133,0.07781562941188858,
COL,2022Q3,industrycat10,4,1.465639838504579,0.07781562941188858,-0.22751576920910366,
COL,2022Q4,industrycat10,4,1.2381240692954754,-0.22751576920910366,0.1454575678921981,
COL,2023Q1,industrycat10,4,1.3835816371876735,0.1454575678921981,-0.02131593630692219,
COL,2023Q2,industrycat10,4,1.3622657008807513,-0.02131593630692219,0.05220604993734934,
COL,2023Q3,industrycat10,4,1.4144717508181006,0.05220604993734934,-0.12843708104876517,
COL,2023Q4,industrycat10,4,1.2860346697693354,-0.12843708104876517,0.05513645693705693,
COL,2024Q1,industrycat10,4,1.3411711267063924,0.05513645693705693,-0.09817433130867625,
COL,2024Q2,industrycat10,4,1.2429967953977161,-0.09817433130867625,0.21169328964631173,
COL,2024Q3,industrycat10,4,1.4546900850440279,0.21169328964631173,-0.12549694585360816,
COL,2024Q4,industrycat10,4,1.3291931391904197,-0.12549694585360816,-0.040409848253798675,
COL,2025Q1,industrycat10,4,1.288783290936621,-0.040409848253798675,0.01582373766546752,
COL,2025Q2,industrycat10,4,1.3046070286020885,0.01582373766546752,0.07171803679133304,
COL,2025Q3,industrycat10,4,1.3763250653934216,0.07171803679133304,-0.13046422413378567,
COL,2025Q4,industrycat10,4,1.245860841259636,-0.13046422413378567,0.08282615717490249,
COL,2026Q1,industrycat10,4,1.3286869984345384,0.08282615717490249,-0.07277042891988383,
COL,2026Q2,industrycat10,4,1.2559165695146546,-0.07277042891988383,,
COL,2022Q1,industrycat10,5,7.174149401502745,,-0.13881134582995003,
COL,2022Q2,industrycat10,5,7.035338055672795,-0.13881134582995003,-0.08156130191814714,
COL,2022Q3,industrycat10,5,6.9537767537546475,-0.08156130191814714,-0.02975945641450295,
COL,2022Q4,industrycat10,5,6.924017297340145,-0.02975945641450295,-0.1032227391622138,
COL,2023Q1,industrycat10,5,6.820794558177931,-0.1032227391622138,-0.028990824947627836,
COL,2023Q2,industrycat10,5,6.791803733230303,-0.028990824947627836,0.19493126991360565,
COL,2023Q3,industrycat10,5,6.986735003143909,0.19493126991360565,-0.11284056913558427,
COL,2023Q4,industrycat10,5,6.873894434008324,-0.11284056913558427,-0.22606469680053465,
COL,2024Q1,industrycat10,5,6.64782973720779,-0.22606469680053465,0.13949657199365006,
COL,2024Q2,industrycat10,5,6.78732630920144,0.13949657199365006,-0.17426661764316975,
COL,2024Q3,industrycat10,5,6.61305969155827,-0.17426661764316975,0.12536706072514736,
COL,2024Q4,industrycat10,5,6.738426752283417,0.12536706072514736,0.18507239214776305,
COL,2025Q1,industrycat10,5,6.92349914443118,0.18507239214776305,-0.398404362605036,
COL,2025Q2,industrycat10,5,6.525094781826144,-0.398404362605036,0.3618647149656482,
COL,2025Q3,industrycat10,5,6.886959496791793,0.3618647149656482,-0.2806134339755584,
COL,2025Q4,industrycat10,5,6.606346062816234,-0.2806134339755584,0.34880760824175194,
COL,2026Q1,industrycat10,5,6.955153671057986,0.34880760824175194,-0.18133592105284002,
COL,2026Q2,industrycat10,5,6.773817750005146,-0.18133592105284002,,
COL,2022Q1,industrycat10,6,25.110834322693833,,-0.6612756326595317,
COL,2022Q2,industrycat10,6,24.4495586900343,-0.6612756326595317,0.4931403008699853,
COL,2022Q3,industrycat10,6,24.942698990904287,0.4931403008699853,-0.42963043175904403,
COL,2022Q4,industrycat10,6,24.513068559145243,-0.42963043175904403,0.8624917614617971,
COL,2023Q1,industrycat10,6,25.37556032060704,0.8624917614617971,-0.5265739058599408,
COL,2023Q2,industrycat10,6,24.8489864147471,-0.5265739058599408,-0.41235587025514775,
COL,2023Q3,industrycat10,6,24.43663054449195,-0.41235587025514775,0.2504218243875407,
COL,2023Q4,industrycat10,6,24.687052368879492,0.2504218243875407,0.07854700149016125,
COL,2024Q1,industrycat10,6,24.765599370369653,0.07854700149016125,0.1656222414295243,
COL,2024Q2,industrycat10,6,24.931221611799177,0.1656222414295243,-0.15156148913361633,
COL,2024Q3,industrycat10,6,24.77966012266556,-0.15156148913361633,0.5222080035551677,
COL,2024Q4,industrycat10,6,25.30186812622073,0.5222080035551677,-0.12072810876083295,
COL,2025Q1,industrycat10,6,25.181140017459896,-0.12072810876083295,-0.1396263203445507,
COL,2025Q2,industrycat10,6,25.041513697115345,-0.1396263203445507,-0.45566110749612676,
COL,2025Q3,industrycat10,6,24.58585258961922,-0.45566110749612676,0.31047622023537613,
COL,2025Q4,industrycat10,6,24.896328809854595,0.31047622023537613,-0.4334578587977589,
COL,2026Q1,industrycat10,6,24.462870951056836,-0.4334578587977589,0.3179018624939616,
COL,2026Q2,industrycat10,6,24.780772813550797,0.3179018624939616,,
COL,2022Q1,industrycat10,7,8.960686782691127,,0.30233471015459124,
COL,2022Q2,industrycat10,7,9.263021492845718,0.30233471015459124,-0.2801516980803669,
COL,2022Q3,industrycat10,7,8.982869794765351,-0.2801516980803669,-0.27417763498718983,
COL,2022Q4,industrycat10,7,8.708692159778161,-0.27417763498718983,0.4405363086431482,
COL,2023Q1,industrycat10,7,9.14922846842131,0.4405363086431482,0.11417501622424098,
COL,2023Q2,industrycat10,7,9.26340348464555,0.11417501622424098,0.26077677598748217,
COL,2023Q3,industrycat10,7,9.524180260633033,0.26077677598748217,-0.4409674665376606,
COL,2023Q4,industrycat10,7,9.083212794095372,-0.4409674665376606,0.12482313594508021,
COL,2024Q1,industrycat10,7,9.208035930040452,0.12482313594508021,0.01847176868240652,
COL,2024Q2,industrycat10,7,9.226507698722859,0.01847176868240652,-0.05510993704975675,
COL,2024Q3,industrycat10,7,9.171397761673102,-0.05510993704975675,-0.06326697884923149,
COL,2024Q4,industrycat10,7,9.10813078282387,-0.06326697884923149,0.19445802195390804,
COL,2025Q1,industrycat10,7,9.302588804777779,0.19445802195390804,0.02766624087494307,
COL,2025Q2,industrycat10,7,9.330255045652722,0.02766624087494307,0.11157224448911407,
COL,2025Q3,industrycat10,7,9.441827290141836,0.11157224448911407,-0.14878144181244046,
COL,2025Q4,industrycat10,7,9.293045848329395,-0.14878144181244046,0.05648439525354476,
COL,2026Q1,industrycat10,7,9.34953024358294,0.05648439525354476,-0.1687705465366225,
COL,2026Q2,industrycat10,7,9.180759697046318,-0.1687705465366225,,
COL,2022Q1,industrycat10,8,10.570006405192528,,-0.17229985762938327,
COL,2022Q2,industrycat10,8,10.397706547563144,-0.17229985762938327,0.6938279207554299,
COL,2022Q3,industrycat10,8,11.091534468318574,0.6938279207554299,-0.06624769330036173,
COL,2022Q4,industrycat10,8,11.025286775018213,-0.06624769330036173,0.035538996513789556,
COL,2023Q1,industrycat10,8,11.060825771532002,0.035538996513789556,-0.2839556738242628,
COL,2023Q2,industrycat10,8,10.77687009770774,-0.2839556738242628,0.2687946870856113,
COL,2023Q3,industrycat10,8,11.04566478479335,0.2687946870856113,0.2913624092185092,
COL,2023Q4,industrycat10,8,11.33702719401186,0.2913624092185092,-0.18381381904492677,
COL,2024Q1,industrycat10,8,11.153213374966933,-0.18381381904492677,-0.3053062587256843,
COL,2024Q2,industrycat10,8,10.847907116241249,-0.3053062587256843,0.11378747558017643,
COL,2024Q3,industrycat10,8,10.961694591821425,0.11378747558017643,-0.09364760359726709,
COL,2024Q4,industrycat10,8,10.868046988224158,-0.09364760359726709,-0.2180060575604461,
COL,2025Q1,industrycat10,8,10.650040930663712,-0.2180060575604461,0.20429224664373358,
COL,2025Q2,industrycat10,8,10.854333177307446,0.20429224664373358,0.022108828641423273,
COL,2025Q3,industrycat10,8,10.876442005948869,0.022108828641423273,-0.11526429678938754,
COL,2025Q4,industrycat10,8,10.761177709159481,-0.11526429678938754,0.6609532500078164,
COL,2026Q1,industrycat10,8,11.422130959167298,0.6609532500078164,-0.42506824235033847,
COL,2026Q2,industrycat10,8,10.99706271681696,-0.42506824235033847,,
COL,2022Q1,industrycat10,9,3.4294939923220378,,0.12370709489008602,
COL,2022Q2,industrycat10,9,3.553201087212124,0.12370709489008602,-0.23563173801371118,
COL,2022Q3,industrycat10,9,3.3175693491984126,-0.23563173801371118,-0.05811688828824302,
COL,2022Q4,industrycat10,9,3.2594524609101696,-0.05811688828824302,-0.1328172771502234,
COL,2023Q1,industrycat10,9,3.126635183759946,-0.1328172771502234,0.1988700989295351,
COL,2023Q2,industrycat10,9,3.3255052826894813,0.1988700989295351,0.09626369325195006,
COL,2023Q3,industrycat10,9,3.4217689759414314,0.09626369325195006,0.08202039701826136,
COL,2023Q4,industrycat10,9,3.5037893729596927,0.08202039701826136,-0.3353783699431574,
COL,2024Q1,industrycat10,9,3.1684110030165353,-0.3353783699431574,0.13661249527308073,
COL,2024Q2,industrycat10,9,3.305023498289616,0.13661249527308073,0.1566591720551762,
COL,2024Q3,industrycat10,9,3.4616826703447923,0.1566591720551762,-0.13006490375407065,
COL,2024Q4,industrycat10,9,3.3316177665907216,-0.13006490375407065,-0.15637206691129046,
COL,2025Q1,industrycat10,9,3.175245699679431,-0.15637206691129046,0.3125725345001902,
COL,2025Q2,industrycat10,9,3.4878182341796213,0.3125725345001902,0.16668561312801566,
COL,2025Q3,industrycat10,9,3.654503847307637,0.16668561312801566,-0.09373977492471619,
COL,2025Q4,industrycat10,9,3.560764072382921,-0.09373977492471619,0.05549156705580671,
COL,2026Q1,industrycat10,9,3.6162556394387275,0.05549156705580671,0.33954034778168607,
COL,2026Q2,industrycat10,9,3.9557959872204136,0.33954034778168607,,
COL,2022Q1,industrycat10,NA,0.04282681633937767,,-0.0009890927122834792,
COL,2022Q2,industrycat10,NA,0.04183772362709419,-0.0009890927122834792,-0.02840449843930868,
COL,2022Q3,industrycat10,NA,0.013433225187785508,-0.02840449843930868,0.04045734041995648,
COL,2022Q4,industrycat10,NA,0.05389056560774199,0.04045734041995648,-0.04045172846814339,
COL,2023Q1,industrycat10,NA,0.0134388371395986,-0.04045172846814339,-0.004192579574368352,
COL,2023Q2,industrycat10,NA,0.009246257565230249,-0.004192579574368352,-0.003249542336080399,
COL,2023Q3,industrycat10,NA,0.00599671522914985,-0.003249542336080399,0.002539086206679324,
COL,2023Q4,industrycat10,NA,0.008535801435829174,0.002539086206679324,-0.006257913147205474,
COL,2024Q1,industrycat10,NA,0.0022778882886236996,-0.006257913147205474,0.0011312815142656583,
COL,2024Q2,industrycat10,NA,0.003409169802889358,0.0011312815142656583,0.0005399313004342851,
COL,2024Q3,industrycat10,NA,0.003949101103323643,0.0005399313004342851,-0.0032251578997352544,
COL,2024Q4,industrycat10,NA,0.0007239432035883887,-0.0032251578997352544,0.010141725633021157,
COL,2025Q1,industrycat10,NA,0.010865668836609546,0.010141725633021157,-0.010574006957539435,
COL,2025Q3,industrycat10,NA,0.0002916618790701098,-0.010574006957539435,0.0031873336576608725,
COL,2025Q4,industrycat10,NA,0.003478995536730982,0.0031873336576608725,-0.0031736527689165527,
COL,2026Q1,industrycat10,NA,0.00030534276781442945,-0.0031736527689165527,0.00011217403545225429,
COL,2026Q2,industrycat10,NA,0.00041751680326668374,0.00011217403545225429,,
COL,2022Q1,lstatus,1,42.45155628529166,,1.282668809996288,
COL,2022Q2,lstatus,1,43.73422509528795,1.282668809996288,0.17768994252921289,
COL,2022Q3,lstatus,1,43.91191503781716,0.17768994252921289,0.5114058142404474,
COL,2022Q4,lstatus,1,44.42332085205761,0.5114058142404474,-0.8013462624437935,
COL,2023Q1,lstatus,1,43.621974589613814,-0.8013462624437935,1.0912547504715704,
COL,2023Q2,lstatus,1,44.713229340085384,1.0912547504715704,0.5960339118560256,
COL,2023Q3,lstatus,1,45.30926325194141,0.5960339118560256,-0.324934457312942,
COL,2023Q4,lstatus,1,44.98432879462847,-0.324934457312942,-1.392543466304943,
COL,2024Q1,lstatus,1,43.591785328323525,-1.392543466304943,0.9605498436118651,
COL,2024Q2,lstatus,1,44.55233517193539,0.9605498436118651,0.5475577983390139,
COL,2024Q3,lstatus,1,45.099892970274404,0.5475577983390139,0.3919758752215614,
COL,2024Q4,lstatus,1,45.491868845495965,0.3919758752215614,-0.46271099695521656,
COL,2025Q1,lstatus,1,45.02915784854075,-0.46271099695521656,0.454377724548948,
COL,2025Q2,lstatus,1,45.483535573089696,0.454377724548948,0.3709122742685125,
COL,2025Q3,lstatus,1,45.85444784735821,0.3709122742685125,0.8350129183290704,
COL,2025Q4,lstatus,1,46.68946076568728,0.8350129183290704,-1.0791150056209347,
COL,2026Q1,lstatus,1,45.610345760066345,-1.0791150056209347,0.9362686553332793,
COL,2026Q2,lstatus,1,46.546614415399624,0.9362686553332793,,
COL,2022Q1,lstatus,2,6.4644652519035875,,-1.0449018466734223,
COL,2022Q2,lstatus,2,5.419563405230165,-1.0449018466734223,-0.10875768486108317,
COL,2022Q3,lstatus,2,5.310805720369082,-0.10875768486108317,-0.466659046739494,
COL,2022Q4,lstatus,2,4.844146673629588,-0.466659046739494,0.9282559077040089,
COL,2023Q1,lstatus,2,5.772402581333597,0.9282559077040089,-0.7046020108017732,
COL,2023Q2,lstatus,2,5.067800570531824,-0.7046020108017732,-0.3844872426575394,
COL,2023Q3,lstatus,2,4.683313327874284,-0.3844872426575394,-0.006800595522694408,
COL,2023Q4,lstatus,2,4.67651273235159,-0.006800595522694408,1.1937053556736386,
COL,2024Q1,lstatus,2,5.870218088025228,1.1937053556736386,-0.6950670396360614,
COL,2024Q2,lstatus,2,5.175151048389167,-0.6950670396360614,-0.40059662101438853,
COL,2024Q3,lstatus,2,4.774554427374778,-0.40059662101438853,-0.379183331370311,
COL,2024Q4,lstatus,2,4.395371096004467,-0.379183331370311,0.9005525711226259,
COL,2025Q1,lstatus,2,5.295923667127093,0.9005525711226259,-0.9120870652449993,
COL,2025Q2,lstatus,2,4.383836601882094,-0.9120870652449993,-0.10285744363061067,
COL,2025Q3,lstatus,2,4.280979158251483,-0.10285744363061067,-0.3666019506658551,
COL,2025Q4,lstatus,2,3.9143772075856282,-0.3666019506658551,0.9403951811614806,
COL,2026Q1,lstatus,2,4.854772388747109,0.9403951811614806,-0.6549741386894592,
COL,2026Q2,lstatus,2,4.19979825005765,-0.6549741386894592,,
COL,2022Q1,lstatus,3,28.21368719974364,,-0.17058198206602526,
COL,2022Q2,lstatus,3,28.043105217677613,-0.17058198206602526,-0.005257502716759177,
COL,2022Q3,lstatus,3,28.037847714960854,-0.005257502716759177,0.019883527159095138,
COL,2022Q4,lstatus,3,28.05773124211995,0.019883527159095138,-0.06159663891924794,
COL,2023Q1,lstatus,3,27.9961346032007,-0.06159663891924794,-0.317195254787876,
COL,2023Q2,lstatus,3,27.678939348412825,-0.317195254787876,-0.1364898989794412,
COL,2023Q3,lstatus,3,27.542449449433384,-0.1364898989794412,0.4151249306930147,
COL,2023Q4,lstatus,3,27.9575743801264,0.4151249306930147,0.2843495947931238,
COL,2024Q1,lstatus,3,28.241923974919523,0.2843495947931238,-0.18064586561639118,
COL,2024Q2,lstatus,3,28.06127810930313,-0.18064586561639118,-0.06802715481669352,
COL,2024Q3,lstatus,3,27.993250954486438,-0.06802715481669352,0.06345662050634004,
COL,2024Q4,lstatus,3,28.056707574992778,0.06345662050634004,-0.3653902216439313,
COL,2025Q1,lstatus,3,27.691317353348847,-0.3653902216439313,0.5287884736798141,
COL,2025Q2,lstatus,3,28.22010582702866,0.5287884736798141,-0.1977492999815631,
COL,2025Q3,lstatus,3,28.022356527047098,-0.1977492999815631,-0.3939817080526886,
COL,2025Q4,lstatus,3,27.62837481899441,-0.3939817080526886,0.21346144727856853,
COL,2026Q1,lstatus,3,27.841836266272978,0.21346144727856853,-0.20600148308960442,
COL,2026Q2,lstatus,3,27.635834783183373,-0.20600148308960442,,
COL,2022Q1,lstatus,NA,22.87029126306112,,-0.06718498125685102,
COL,2022Q2,lstatus,NA,22.80310628180427,-0.06718498125685102,-0.06367475495137498,
COL,2022Q3,lstatus,NA,22.739431526852893,-0.06367475495137498,-0.06463029466003078,
COL,2022Q4,lstatus,NA,22.674801232192863,-0.06463029466003078,-0.06531300634097903,
COL,2023Q1,lstatus,NA,22.609488225851884,-0.06531300634097903,-0.06945748488192294,
COL,2023Q2,lstatus,NA,22.54003074096996,-0.06945748488192294,-0.07505677021903523,
COL,2023Q3,lstatus,NA,22.464973970750926,-0.07505677021903523,-0.08338987785738894,
COL,2023Q4,lstatus,NA,22.381584092893537,-0.08338987785738894,-0.08551148416182386,
COL,2024Q1,lstatus,NA,22.296072608731713,-0.08551148416182386,-0.08483693835939476,
COL,2024Q2,lstatus,NA,22.211235670372318,-0.08483693835939476,-0.07893402250793358,
COL,2024Q3,lstatus,NA,22.132301647864384,-0.07893402250793358,-0.07624916435760554,
COL,2024Q4,lstatus,NA,22.05605248350678,-0.07624916435760554,-0.07245135252347623,
COL,2025Q1,lstatus,NA,21.983601130983303,-0.07245135252347623,-0.07107913298376545,
COL,2025Q2,lstatus,NA,21.912521997999537,-0.07107913298376545,-0.07030553065633072,
COL,2025Q3,lstatus,NA,21.842216467343206,-0.07030553065633072,-0.07442925961052183,
COL,2025Q4,lstatus,NA,21.767787207732685,-0.07442925961052183,-0.074741622819122,
COL,2026Q1,lstatus,NA,21.693045584913563,-0.074741622819122,-0.0752930335542139,
COL,2026Q2,lstatus,NA,21.61775255135935,-0.0752930335542139,,
COL,2022Q1,occup,0,0.10679664138268688,,-0.02102932537812803,
COL,2022Q2,occup,0,0.08576731600455885,-0.02102932537812803,0.010536269446881658,
COL,2022Q3,occup,0,0.09630358545144051,0.010536269446881658,-0.03359371244132686,
COL,2022Q4,occup,0,0.06270987301011365,-0.03359371244132686,0.036143583313460195,
COL,2023Q1,occup,0,0.09885345632357384,0.036143583313460195,-0.03882208911911862,
COL,2023Q2,occup,0,0.06003136720445522,-0.03882208911911862,0.02146627910308084,
COL,2023Q3,occup,0,0.08149764630753606,0.02146627910308084,0.01523958971636255,
COL,2023Q4,occup,0,0.09673723602389861,0.01523958971636255,0.009036633531549876,
COL,2024Q1,occup,0,0.10577386955544849,0.009036633531549876,0.011022255160171635,
COL,2024Q2,occup,0,0.11679612471562012,0.011022255160171635,-0.035476053788228434,
COL,2024Q3,occup,0,0.08132007092739169,-0.035476053788228434,-0.00014881453346352047,
COL,2024Q4,occup,0,0.08117125639392817,-0.00014881453346352047,0.02820774907380312,
COL,2025Q1,occup,0,0.10937900546773129,0.02820774907380312,-0.02082365214041476,
COL,2025Q2,occup,0,0.08855535332731652,-0.02082365214041476,-0.022052910867565015,
COL,2025Q3,occup,0,0.06650244245975151,-0.022052910867565015,-0.00883066330681765,
COL,2025Q4,occup,0,0.05767177915293386,-0.00883066330681765,0.02035174630005774,
COL,2026Q1,occup,0,0.0780235254529916,0.02035174630005774,0.0003194537511415213,
COL,2026Q2,occup,0,0.07834297920413312,0.0003194537511415213,,
COL,2022Q1,occup,1,6.068488272611638,,-0.05885879669350835,
COL,2022Q2,occup,1,6.009629475918129,-0.05885879669350835,1.0059682005314246,
COL,2022Q3,occup,1,7.015597676449554,1.0059682005314246,-0.17164945119009012,
COL,2022Q4,occup,1,6.843948225259464,-0.17164945119009012,-0.41193250367727696,
COL,2023Q1,occup,1,6.432015721582187,-0.41193250367727696,-0.12417702258480379,
COL,2023Q2,occup,1,6.307838698997383,-0.12417702258480379,0.028582491533112098,
COL,2023Q3,occup,1,6.336421190530495,0.028582491533112098,-0.2778470975249796,
COL,2023Q4,occup,1,6.058574093005515,-0.2778470975249796,0.23856237754235288,
COL,2024Q1,occup,1,6.297136470547868,0.23856237754235288,-0.027439260980587576,
COL,2024Q2,occup,1,6.269697209567281,-0.027439260980587576,-0.1725490503354843,
COL,2024Q3,occup,1,6.097148159231796,-0.1725490503354843,0.22888332706041226,
COL,2024Q4,occup,1,6.326031486292209,0.22888332706041226,-0.673970761515867,
COL,2025Q1,occup,1,5.652060724776342,-0.673970761515867,0.42181114155022925,
COL,2025Q2,occup,1,6.073871866326571,0.42181114155022925,-0.3585783356816865,
COL,2025Q3,occup,1,5.715293530644884,-0.3585783356816865,-0.23387903172640545,
COL,2025Q4,occup,1,5.481414498918479,-0.23387903172640545,0.5677004479348353,
COL,2026Q1,occup,1,6.049114946853314,0.5677004479348353,-0.2813005697814388,
COL,2026Q2,occup,1,5.7678143770718755,-0.2813005697814388,,
COL,2022Q1,occup,2,10.723847663187344,,0.711172709548066,
COL,2022Q2,occup,2,11.43502037273541,0.711172709548066,-0.16902750404082312,
COL,2022Q3,occup,2,11.265992868694587,-0.16902750404082312,-0.30244754084146663,
COL,2022Q4,occup,2,10.96354532785312,-0.30244754084146663,-0.19426379299190444,
COL,2023Q1,occup,2,10.769281534861216,-0.19426379299190444,0.45347152442077565,
COL,2023Q2,occup,2,11.222753059281992,0.45347152442077565,0.060195203297050526,
COL,2023Q3,occup,2,11.282948262579042,0.060195203297050526,-0.1359907882362883,
COL,2023Q4,occup,2,11.146957474342754,-0.1359907882362883,-0.5592785028486702,
COL,2024Q1,occup,2,10.587678971494084,-0.5592785028486702,0.7165133256880125,
COL,2024Q2,occup,2,11.304192297182096,0.7165133256880125,-0.009921006571794067,
COL,2024Q3,occup,2,11.294271290610302,-0.009921006571794067,-0.7499276539702144,
COL,2024Q4,occup,2,10.544343636640088,-0.7499276539702144,0.12880107533471552,
COL,2025Q1,occup,2,10.673144711974803,0.12880107533471552,0.6994956733861208,
COL,2025Q2,occup,2,11.372640385360924,0.6994956733861208,-0.1283007888422265,
COL,2025Q3,occup,2,11.244339596518698,-0.1283007888422265,-0.13946670564756047,
COL,2025Q4,occup,2,11.104872890871137,-0.13946670564756047,0.9904035410391288,
COL,2026Q1,occup,2,12.095276431910266,0.9904035410391288,-0.2165114771869554,
COL,2026Q2,occup,2,11.87876495472331,-0.2165114771869554,,
COL,2022Q1,occup,3,6.3331026910491515,,0.6507700362475495,
COL,2022Q2,occup,3,6.983872727296701,0.6507700362475495,-0.388535264083238,
COL,2022Q3,occup,3,6.595337463213463,-0.388535264083238,-0.145718078325749,
COL,2022Q4,occup,3,6.449619384887714,-0.145718078325749,0.4912389895925875,
COL,2023Q1,occup,3,6.940858374480301,0.4912389895925875,0.15400698030464888,
COL,2023Q2,occup,3,7.09486535478495,0.15400698030464888,-0.06429670593065229,
COL,2023Q3,occup,3,7.030568648854298,-0.06429670593065229,-0.21353666250181025,
COL,2023Q4,occup,3,6.817031986352488,-0.21353666250181025,-0.28825799880431724,
COL,2024Q1,occup,3,6.5287739875481705,-0.28825799880431724,0.26250142501693574,
COL,2024Q2,occup,3,6.791275412565106,0.26250142501693574,0.11551912697635291,
COL,2024Q3,occup,3,6.906794539541459,0.11551912697635291,-0.32641688438729144,
COL,2024Q4,occup,3,6.580377655154168,-0.32641688438729144,-0.04923861235844029,
COL,2025Q1,occup,3,6.531139042795727,-0.04923861235844029,0.16380676407349792,
COL,2025Q2,occup,3,6.694945806869225,0.16380676407349792,0.6993589280186372,
COL,2025Q3,occup,3,7.3943047348878626,0.6993589280186372,-0.18703134296210067,
COL,2025Q4,occup,3,7.207273391925762,-0.18703134296210067,-0.4033467205850112,
COL,2026Q1,occup,3,6.803926671340751,-0.4033467205850112,0.11028656842360895,
COL,2026Q2,occup,3,6.91421323976436,0.11028656842360895,,
COL,2022Q1,occup,4,5.832394491709301,,-0.11882444929377023,
COL,2022Q2,occup,4,5.7135700424155305,-0.11882444929377023,-0.29417139368862344,
COL,2022Q3,occup,4,5.419398648726907,-0.29417139368862344,0.21415345391062335,
COL,2022Q4,occup,4,5.63355210263753,0.21415345391062335,0.07202059892868107,
COL,2023Q1,occup,4,5.705572701566211,0.07202059892868107,0.13278299755163925,
COL,2023Q2,occup,4,5.838355699117851,0.13278299755163925,0.008200881635340274,
COL,2023Q3,occup,4,5.846556580753191,0.008200881635340274,0.2656598993096848,
COL,2023Q4,occup,4,6.112216480062876,0.2656598993096848,0.0900377384414508,
COL,2024Q1,occup,4,6.202254218504327,0.0900377384414508,-0.007327432329153893,
COL,2024Q2,occup,4,6.194926786175173,-0.007327432329153893,0.14830204970542749,
COL,2024Q3,occup,4,6.3432288358806,0.14830204970542749,-0.33195708486510345,
COL,2024Q4,occup,4,6.011271751015497,-0.33195708486510345,-0.053241512599203844,
COL,2025Q1,occup,4,5.958030238416293,-0.053241512599203844,0.17899799563666363,
COL,2025Q2,occup,4,6.1370282340529565,0.17899799563666363,0.0022780545030940402,
COL,2025Q3,occup,4,6.1393062885560505,0.0022780545030940402,-0.4370002828746591,
COL,2025Q4,occup,4,5.7023060056813915,-0.4370002828746591,0.35104280983378633,
COL,2026Q1,occup,4,6.053348815515178,0.35104280983378633,-0.034141389451478155,
COL,2026Q2,occup,4,6.0192074260637,-0.034141389451478155,,
COL,2022Q1,occup,5,21.72266226316649,,-0.438931530061609,
COL,2022Q2,occup,5,21.283730733104882,-0.438931530061609,-0.42212113131903095,
COL,2022Q3,occup,5,20.86160960178585,-0.42212113131903095,-0.1392292225325349,
COL,2022Q4,occup,5,20.722380379253316,-0.1392292225325349,-0.10055218810565592,
COL,2023Q1,occup,5,20.62182819114766,-0.10055218810565592,0.3310608342977943,
COL,2023Q2,occup,5,20.952889025445455,0.3310608342977943,-0.0735693431124318,
COL,2023Q3,occup,5,20.879319682333023,-0.0735693431124318,0.32850098536036043,
COL,2023Q4,occup,5,21.207820667693383,0.32850098536036043,-0.09042951164071766,
COL,2024Q1,occup,5,21.117391156052665,-0.09042951164071766,-0.30795341576612145,
COL,2024Q2,occup,5,20.809437740286544,-0.30795341576612145,0.34419282339036883,
COL,2024Q3,occup,5,21.153630563676913,0.34419282339036883,1.040687388492266,
COL,2024Q4,occup,5,22.19431795216918,1.040687388492266,-0.5664142433732771,
COL,2025Q1,occup,5,21.627903708795902,-0.5664142433732771,-0.11732018094016539,
COL,2025Q2,occup,5,21.510583527855736,-0.11732018094016539,-0.13229820243606838,
COL,2025Q3,occup,5,21.378285325419668,-0.13229820243606838,0.6370828486760622,
COL,2025Q4,occup,5,22.01536817409573,0.6370828486760622,-0.5663883899007018,
COL,2026Q1,occup,5,21.44897978419503,-0.5663883899007018,0.6603716381351923,
COL,2026Q2,occup,5,22.10935142233022,0.6603716381351923,,
COL,2022Q1,occup,6,6.508939452267993,,-0.017325004747648975,
COL,2022Q2,occup,6,6.491614447520344,-0.017325004747648975,0.033429924939162525,
COL,2022Q3,occup,6,6.525044372459506,0.033429924939162525,-0.0588500446463458,
COL,2022Q4,occup,6,6.46619432781316,-0.0588500446463458,-0.8712078996782777,
COL,2023Q1,occup,6,5.594986428134883,-0.8712078996782777,0.21362608245064063,
COL,2023Q2,occup,6,5.808612510585523,0.21362608245064063,0.09282382571980907,
COL,2023Q3,occup,6,5.901436336305332,0.09282382571980907,0.23255581689466354,
COL,2023Q4,occup,6,6.133992153199996,0.23255581689466354,-0.6147743844274007,
COL,2024Q1,occup,6,5.519217768772595,-0.6147743844274007,0.006499167291673658,
COL,2024Q2,occup,6,5.525716936064269,0.006499167291673658,0.2316523786469391,
COL,2024Q3,occup,6,5.757369314711208,0.2316523786469391,-0.4329747884213946,
COL,2024Q4,occup,6,5.324394526289813,-0.4329747884213946,0.17210870992132854,
COL,2025Q1,occup,6,5.496503236211142,0.17210870992132854,-0.4143920554209668,
COL,2025Q2,occup,6,5.082111180790175,-0.4143920554209668,0.2523662079533757,
COL,2025Q3,occup,6,5.334477388743551,0.2523662079533757,0.3621614082830842,
COL,2025Q4,occup,6,5.696638797026635,0.3621614082830842,-0.01807415999825146,
COL,2026Q1,occup,6,5.6785646370283835,-0.01807415999825146,-0.1838220331684708,
COL,2026Q2,occup,6,5.494742603859913,-0.1838220331684708,,
COL,2022Q1,occup,7,11.31714639404683,,-0.8821425438998407,
COL,2022Q2,occup,7,10.43500385014699,-0.8821425438998407,0.3047978765334669,
COL,2022Q3,occup,7,10.739801726680456,0.3047978765334669,-0.13188829235470578,
COL,2022Q4,occup,7,10.60791343432575,-0.13188829235470578,0.016021836506521225,
COL,2023Q1,occup,7,10.623935270832272,0.016021836506521225,0.005459383453155553,
COL,2023Q2,occup,7,10.629394654285427,0.005459383453155553,-0.34230770954920153,
COL,2023Q3,occup,7,10.287086944736226,-0.34230770954920153,-0.20253481076215252,
COL,2023Q4,occup,7,10.084552133974073,-0.20253481076215252,0.6555882194413805,
COL,2024Q1,occup,7,10.740140353415454,0.6555882194413805,-0.3268814821923609,
COL,2024Q2,occup,7,10.413258871223093,-0.3268814821923609,-0.10636585448652092,
COL,2024Q3,occup,7,10.306893016736572,-0.10636585448652092,0.22402265512392106,
COL,2024Q4,occup,7,10.530915671860493,0.22402265512392106,0.2571189718579898,
COL,2025Q1,occup,7,10.788034643718483,0.2571189718579898,-0.12484220871815843,
COL,2025Q2,occup,7,10.663192435000324,-0.12484220871815843,-0.3465630630656289,
COL,2025Q3,occup,7,10.316629371934695,-0.3465630630656289,0.01040470693298623,
COL,2025Q4,occup,7,10.327034078867682,0.01040470693298623,-0.16225775000248,
COL,2026Q1,occup,7,10.164776328865202,-0.16225775000248,0.13013504145781774,
COL,2026Q2,occup,7,10.29491137032302,0.13013504145781774,,
COL,2022Q1,occup,8,8.04022030468638,,0.1342438453719037,
COL,2022Q2,occup,8,8.174464150058284,0.1342438453719037,0.15748911682876887,
COL,2022Q3,occup,8,8.331953266887053,0.15748911682876887,0.16220772987459142,
COL,2022Q4,occup,8,8.494160996761645,0.16220772987459142,-0.3365969149906185,
COL,2023Q1,occup,8,8.157564081771026,-0.3365969149906185,0.04624635437978597,
COL,2023Q2,occup,8,8.203810436150812,0.04624635437978597,0.2772629425904043,
COL,2023Q3,occup,8,8.481073378741216,0.2772629425904043,0.32162015809720756,
COL,2023Q4,occup,8,8.802693536838424,0.32162015809720756,0.019153165458625665,
COL,2024Q1,occup,8,8.82184670229705,0.019153165458625665,-0.3116198865237312,
COL,2024Q2,occup,8,8.510226815773319,-0.3116198865237312,-0.25379918803310275,
COL,2024Q3,occup,8,8.256427627740216,-0.25379918803310275,0.6395776001646958,
COL,2024Q4,occup,8,8.896005227904912,0.6395776001646958,0.010429921519959251,
COL,2025Q1,occup,8,8.90643514942487,0.010429921519959251,-0.21796388028794667,
COL,2025Q2,occup,8,8.688471269136924,-0.21796388028794667,0.06397416977983639,
COL,2025Q3,occup,8,8.75244543891676,0.06397416977983639,0.24623147987378857,
COL,2025Q4,occup,8,8.998676918790549,0.24623147987378857,-0.35548026189267823,
COL,2026Q1,occup,8,8.64319665689787,-0.35548026189267823,0.10092622689613151,
COL,2026Q2,occup,8,8.744122883794002,0.10092622689613151,,
COL,2022Q1,occup,9,23.241805684020157,,0.12722582757083956,
COL,2022Q2,occup,9,23.369031511590997,0.12722582757083956,-0.22737106058604795,
COL,2022Q3,occup,9,23.14166045100495,-0.22737106058604795,0.5462933445609472,
COL,2022Q4,occup,9,23.687953795565896,0.5462933445609472,1.342150543439704,
COL,2023Q1,occup,9,25.0301043390056,1.342150543439704,-1.155157151284918,
COL,2023Q2,occup,9,23.874947187720682,-1.155157151284918,-0.0036985909213846924,
COL,2023Q3,occup,9,23.871248596799298,-0.0036985909213846924,-0.3361147150232888,
COL,2023Q4,occup,9,23.53513388177601,-0.3361147150232888,0.5411061071066214,
COL,2024Q1,occup,9,24.07623998888263,0.5411061071066214,-0.015076782033947467,
COL,2024Q2,occup,9,24.061163206848683,-0.015076782033947467,-0.2610460705311013,
COL,2024Q3,occup,9,23.80011713631758,-0.2610460705311013,-0.29025196561725863,
COL,2024Q4,occup,9,23.509865170700323,-0.29025196561725863,0.7438301341184221,
COL,2025Q1,occup,9,24.253695304818745,0.7438301341184221,-0.5698581521992843,
COL,2025Q2,occup,9,23.68383715261946,-0.5698581521992843,-0.025726812981400116,
COL,2025Q3,occup,9,23.65811033963806,-0.025726812981400116,-0.2528458705050838,
COL,2025Q4,occup,9,23.405264469132977,-0.2528458705050838,-0.42077760995977087,
COL,2026Q1,occup,9,22.984486859173206,-0.42077760995977087,-0.28652055542728405,
COL,2026Q2,occup,9,22.697966303745922,-0.28652055542728405,,
COL,2022Q1,occup,NA,0.10459614187201308,,-0.0863007686638394,
COL,2022Q2,occup,NA,0.01829537320817368,-0.0863007686638394,-0.010995034561932265,
COL,2022Q3,occup,NA,0.0073003386462414145,-0.010995034561932265,0.06072181398603503,
COL,2022Q4,occup,NA,0.06802215263227644,0.06072181398603503,-0.043022252337208994,
COL,2023Q1,occup,NA,0.024999900295067448,-0.043022252337208994,-0.018497893869594016,
COL,2023Q2,occup,NA,0.006502006425473432,-0.018497893869594016,-0.004659274365135229,
COL,2023Q3,occup,NA,0.0018427320603382029,-0.004659274365135229,0.002447624670243181,
COL,2023Q4,occup,NA,0.004290356730581384,0.002447624670243181,-0.0007438438008875916,
COL,2024Q1,occup,NA,0.0035465129296937924,-0.0007438438008875916,-0.0002379133308612444,
COL,2024Q2,occup,NA,0.003308599598832548,-0.0002379133308612444,-0.0005091549728591239,
COL,2024Q3,occup,NA,0.002799444625973424,-0.0005091549728591239,-0.0014937790465857973,
COL,2024Q4,occup,NA,0.0013056655793876268,-0.0014937790465857973,0.002368568020573561,
COL,2025Q1,occup,NA,0.0036742335999611878,0.002368568020573561,0.001088555060423393,
COL,2025Q2,occup,NA,0.004762788660384581,0.001088555060423393,-0.004457246380374931,
COL,2025Q3,occup,NA,0.00030554228000965,-0.004457246380374931,0.003173453256721333,
COL,2025Q4,occup,NA,0.003478995536730983,0.003173453256721333,-0.0031736527689165545,
COL,2026Q1,occup,NA,0.0003053427678144286,-0.0031736527689165545,0.0002570963517450988,
COL,2026Q2,occup,NA,0.0005624391195595274,0.0002570963517450988,,
COL,2022Q1,socialsec,0,57.451460608854205,,-0.3696765294240123,
COL,2022Q2,socialsec,0,57.08178407943019,-0.3696765294240123,0.9172425918246816,
COL,2022Q3,socialsec,0,57.999026671254875,0.9172425918246816,-0.41860313922046544,
COL,2022Q4,socialsec,0,57.58042353203441,-0.41860313922046544,0.4027231794198727,
COL,2023Q1,socialsec,0,57.98314671145428,0.4027231794198727,-2.4141879818357737,
COL,2023Q2,socialsec,0,55.56895872961851,-2.4141879818357737,0.2218887601033046,
COL,2023Q3,socialsec,0,55.79084748972181,0.2218887601033046,-0.7954944466416265,
COL,2023Q4,socialsec,0,54.995353043080186,-0.7954944466416265,0.8325546137908972,
COL,2024Q1,socialsec,0,55.82790765687108,0.8325546137908972,-0.4856732087011224,
COL,2024Q2,socialsec,0,55.34223444816996,-0.4856732087011224,0.032174981386894785,
COL,2024Q3,socialsec,0,55.374409429556856,0.032174981386894785,-0.13065774220975612,
COL,2024Q4,socialsec,0,55.2437516873471,-0.13065774220975612,1.1329611737736869,
COL,2025Q1,socialsec,0,56.37671286112079,1.1329611737736869,-1.8368951883881834,
COL,2025Q2,socialsec,0,54.5398176727326,-1.8368951883881834,-0.15316063197217744,
COL,2025Q3,socialsec,0,54.386657040760426,-0.15316063197217744,0.818837908574217,
COL,2025Q4,socialsec,0,55.20549494933464,0.818837908574217,-0.893302499434526,
COL,2026Q1,socialsec,0,54.31219244990012,-0.893302499434526,-0.41296621218295826,
COL,2026Q2,socialsec,0,53.89922623771716,-0.41296621218295826,,
COL,2022Q1,socialsec,1,41.15587883748949,,0.4237184044702076,
COL,2022Q2,socialsec,1,41.579597241959696,0.4237184044702076,-1.0666116178423763,
COL,2022Q3,socialsec,1,40.51298562411732,-1.0666116178423763,0.5515143702305494,
COL,2022Q4,socialsec,1,41.06449999434787,0.5515143702305494,-0.45198194845686857,
COL,2023Q1,socialsec,1,40.612518045891,-0.45198194845686857,2.2113103083394705,
COL,2023Q2,socialsec,1,42.82382835423047,2.2113103083394705,-0.17144607032781067,
COL,2023Q3,socialsec,1,42.65238228390266,-0.17144607032781067,0.9078498791560818,
COL,2023Q4,socialsec,1,43.56023216305874,0.9078498791560818,-1.0505982510827678,
COL,2024Q1,socialsec,1,42.509633911975975,-1.0505982510827678,0.6364990667956363,
COL,2024Q2,socialsec,1,43.14613297877161,0.6364990667956363,-0.11417364841355493,
COL,2024Q3,socialsec,1,43.031959330358056,-0.11417364841355493,0.049132421660473824,
COL,2024Q4,socialsec,1,43.08109175201853,0.049132421660473824,-1.117812931034507,
COL,2025Q1,socialsec,1,41.96327882098402,-1.117812931034507,1.872458458309886,
COL,2025Q2,socialsec,1,43.83573727929391,1.872458458309886,0.18270186972922176,
COL,2025Q3,socialsec,1,44.01843914902313,0.18270186972922176,-0.9360772458061035,
COL,2025Q4,socialsec,1,43.08236190321703,-0.9360772458061035,0.8146332751727883,
COL,2026Q1,socialsec,1,43.896995178389815,0.8146332751727883,0.446136326607558,
COL,2026Q2,socialsec,1,44.34313150499737,0.446136326607558,,
COL,2022Q1,socialsec,NA,1.3926605536563175,,-0.05404187504620017,
COL,2022Q2,socialsec,NA,1.3386186786101173,-0.05404187504620017,0.1493690260176841,
COL,2022Q3,socialsec,NA,1.4879877046278014,0.1493690260176841,-0.13291123101009084,
COL,2022Q4,socialsec,NA,1.3550764736177106,-0.13291123101009084,0.04925876903700721,
COL,2023Q1,socialsec,NA,1.4043352426547178,0.04925876903700721,0.2028776734963018,
COL,2023Q2,socialsec,NA,1.6072129161510196,0.2028776734963018,-0.05044268977549704,
COL,2023Q3,socialsec,NA,1.5567702263755225,-0.05044268977549704,-0.11235543251444358,
COL,2023Q4,socialsec,NA,1.444414793861079,-0.11235543251444358,0.21804363729186904,
COL,2024Q1,socialsec,NA,1.662458431152948,0.21804363729186904,-0.15082585809453275,
COL,2024Q2,socialsec,NA,1.5116325730584153,-0.15082585809453275,0.08199866702667502,
COL,2024Q3,socialsec,NA,1.5936312400850903,0.08199866702667502,0.08152532054927697,
COL,2024Q4,socialsec,NA,1.6751565606343672,0.08152532054927697,-0.01514824273917914,
COL,2025Q1,socialsec,NA,1.660008317895188,-0.01514824273917914,-0.03556326992171033,
COL,2025Q2,socialsec,NA,1.6244450479734778,-0.03556326992171033,-0.02954123775703965,
COL,2025Q3,socialsec,NA,1.5949038102164381,-0.02954123775703965,0.11723933723190849,
COL,2025Q4,socialsec,NA,1.7121431474483466,0.11723933723190849,0.07866922426173262,
COL,2026Q1,socialsec,NA,1.7908123717100792,0.07866922426173262,-0.03317011442462525,
COL,2026Q2,socialsec,NA,1.757642257285454,-0.03317011442462525,,
COL,2022Q1,urban,0,22.93897955714334,,-0.027905222038071997,
COL,2022Q2,urban,0,22.91107433510527,-0.027905222038071997,-0.027685848154497705,
COL,2022Q3,urban,0,22.88338848695077,-0.027685848154497705,-0.02785610005386019,
COL,2022Q4,urban,0,22.85553238689691,-0.02785610005386019,-0.027776096371113113,
COL,2023Q1,urban,0,22.827756290525798,-0.027776096371113113,-0.026128789566747912,
COL,2023Q2,urban,0,22.80162750095905,-0.026128789566747912,-0.02652307387389996,
COL,2023Q3,urban,0,22.77510442708515,-0.02652307387389996,-0.024231399636580164,
COL,2023Q4,urban,0,22.75087302744857,-0.024231399636580164,-0.023779054010098832,
COL,2024Q1,urban,0,22.72709397343847,-0.023779054010098832,-0.02204225078073918,
COL,2024Q2,urban,0,22.705051722657732,-0.02204225078073918,-0.0225965282916043,
COL,2024Q3,urban,0,22.682455194366128,-0.0225965282916043,-0.020468880790094346,
COL,2024Q4,urban,0,22.661986313576033,-0.020468880790094346,-0.020080863603155308,
COL,2025Q1,urban,0,22.641905449972878,-0.020080863603155308,-0.018482292984788984,
COL,2025Q2,urban,0,22.62342315698809,-0.018482292984788984,-0.01892725682014884,
COL,2025Q3,urban,0,22.60449590016794,-0.01892725682014884,-0.016782377674463334,
COL,2025Q4,urban,0,22.587713522493477,-0.016782377674463334,-0.016223041595271326,
COL,2026Q1,urban,0,22.571490480898206,-0.016223041595271326,-0.014398619022799153,
COL,2026Q2,urban,0,22.557091861875406,-0.014398619022799153,,
COL,2022Q1,urban,1,77.06102044285666,,0.027905222038057786,
COL,2022Q2,urban,1,77.08892566489472,0.027905222038057786,0.02768584815450481,
COL,2022Q3,urban,1,77.11661151304922,0.02768584815450481,0.027856100053867294,
COL,2022Q4,urban,1,77.14446761310309,0.027856100053867294,0.027776096371113113,
COL,2023Q1,urban,1,77.1722437094742,0.027776096371113113,0.026128789566740807,
COL,2023Q2,urban,1,77.19837249904094,0.026128789566740807,0.026523073873917724,
COL,2023Q3,urban,1,77.22489557291486,0.026523073873917724,0.02423139963657661,
COL,2023Q4,urban,1,77.24912697255144,0.02423139963657661,0.023779054010091727,
COL,2024Q1,urban,1,77.27290602656153,0.023779054010091727,0.022042250780728523,
COL,2024Q2,urban,1,77.29494827734226,0.022042250780728523,0.02259652829161496,
COL,2024Q3,urban,1,77.31754480563387,0.02259652829161496,0.020468880790090793,
COL,2024Q4,urban,1,77.33801368642396,0.020468880790090793,0.02008086360316952,
COL,2025Q1,urban,1,77.35809455002713,0.02008086360316952,0.01848229298477122,
COL,2025Q2,urban,1,77.3765768430119,0.01848229298477122,0.018927256820163052,
COL,2025Q3,urban,1,77.39550409983207,0.018927256820163052,0.01678237767445978,
COL,2025Q4,urban,1,77.41228647750653,0.01678237767445978,0.016223041595267773,
COL,2026Q1,urban,1,77.4285095191018,0.016223041595267773,0.014398619022799153,
COL,2026Q2,urban,1,77.4429081381246,0.014398619022799153,,
ECU,2021Q3,educat7,1,3.423193017705962,,-0.309076756365136,
ECU,2021Q4,educat7,1,3.114116261340826,-0.309076756365136,0.3102462096971692,
ECU,2022Q1,educat7,1,3.424362471037995,0.3102462096971692,-0.025661406598196823,
ECU,2022Q2,educat7,1,3.3987010644397984,-0.025661406598196823,-0.3895124706555255,
ECU,2022Q3,educat7,1,3.009188593784273,-0.3895124706555255,0.22025868881639443,
ECU,2022Q4,educat7,1,3.2294472826006673,0.22025868881639443,0.21577733481385097,
ECU,2023Q1,educat7,1,3.4452246174145182,0.21577733481385097,-0.06450376795440027,
ECU,2023Q2,educat7,1,3.380720849460118,-0.06450376795440027,-0.3764268494986589,
ECU,2023Q3,educat7,1,3.004293999961459,-0.3764268494986589,0.365166780176283,
ECU,2023Q4,educat7,1,3.369460780137742,0.365166780176283,0.35100863450977515,
ECU,2024Q1,educat7,1,3.7204694146475172,0.35100863450977515,-0.43752365742372534,
ECU,2024Q2,educat7,1,3.282945757223792,-0.43752365742372534,-0.013325726960575768,
ECU,2024Q3,educat7,1,3.269620030263216,-0.013325726960575768,0.23256600254576654,
ECU,2024Q4,educat7,1,3.5021860328089827,0.23256600254576654,0.2852159901569471,
ECU,2025Q1,educat7,1,3.7874020229659298,0.2852159901569471,-0.4704679244274943,
ECU,2025Q2,educat7,1,3.3169340985384355,-0.4704679244274943,-0.024324773567463875,
ECU,2025Q3,educat7,1,3.2926093249709716,-0.024324773567463875,0.15049638359906492,
ECU,2025Q4,educat7,1,3.4431057085700365,0.15049638359906492,-0.30480820149648746,
ECU,2026Q1,educat7,1,3.138297507073549,-0.30480820149648746,,
ECU,2021Q3,educat7,2,16.559790589787465,,0.4885844993933759,
ECU,2021Q4,educat7,2,17.04837508918084,0.4885844993933759,-0.032538244221012036,
ECU,2022Q1,educat7,2,17.01583684495983,-0.032538244221012036,-0.3130033814493203,
ECU,2022Q2,educat7,2,16.70283346351051,-0.3130033814493203,0.10464388192679053,
ECU,2022Q3,educat7,2,16.8074773454373,0.10464388192679053,0.04442509610185752,
ECU,2022Q4,educat7,2,16.851902441539156,0.04442509610185752,0.2171368353446681,
ECU,2023Q1,educat7,2,17.069039276883824,0.2171368353446681,0.09054118474967865,
ECU,2023Q2,educat7,2,17.159580461633503,0.09054118474967865,-0.5505427383421164,
ECU,2023Q3,educat7,2,16.609037723291387,-0.5505427383421164,0.5124711540950955,
ECU,2023Q4,educat7,2,17.121508877386482,0.5124711540950955,0.3436900207696816,
ECU,2024Q1,educat7,2,17.465198898156164,0.3436900207696816,-0.1414769262032145,
ECU,2024Q2,educat7,2,17.32372197195295,-0.1414769262032145,-0.5390992637305807,
ECU,2024Q3,educat7,2,16.78462270822237,-0.5390992637305807,0.6371311944417748,
ECU,2024Q4,educat7,2,17.421753902664143,0.6371311944417748,0.22585300863447344,
ECU,2025Q1,educat7,2,17.647606911298617,0.22585300863447344,-0.5013541832970567,
ECU,2025Q2,educat7,2,17.14625272800156,-0.5013541832970567,-0.27207887216751914,
ECU,2025Q3,educat7,2,16.87417385583404,-0.27207887216751914,0.5239550538018349,
ECU,2025Q4,educat7,2,17.398128909635876,0.5239550538018349,-0.15995680569541193,
ECU,2026Q1,educat7,2,17.238172103940464,-0.15995680569541193,,
ECU,2021Q3,educat7,3,15.68988968207417,,0.025872995399344845,
ECU,2021Q4,educat7,3,15.715762677473515,0.025872995399344845,0.16483055092340493,
ECU,2022Q1,educat7,3,15.88059322839692,0.16483055092340493,0.30518623165163383,
ECU,2022Q2,educat7,3,16.185779460048554,0.30518623165163383,-0.07056554455747843,
ECU,2022Q3,educat7,3,16.115213915491076,-0.07056554455747843,0.27989850693489515,
ECU,2022Q4,educat7,3,16.39511242242597,0.27989850693489515,0.2253659953482554,
ECU,2023Q1,educat7,3,16.620478417774226,0.2253659953482554,-0.6039808199574637,
ECU,2023Q2,educat7,3,16.016497597816763,-0.6039808199574637,0.037800540000258565,
ECU,2023Q3,educat7,3,16.05429813781702,0.037800540000258565,0.43031528291449206,
ECU,2023Q4,educat7,3,16.484613420731513,0.43031528291449206,-0.16258540793782927,
ECU,2024Q1,educat7,3,16.322028012793684,-0.16258540793782927,0.24994246191680602,
ECU,2024Q2,educat7,3,16.57197047471049,0.24994246191680602,-1.2933706172133856,
ECU,2024Q3,educat7,3,15.278599857497104,-1.2933706172133856,0.5583265994036974,
ECU,2024Q4,educat7,3,15.836926456900802,0.5583265994036974,-0.6832708524944042,
ECU,2025Q1,educat7,3,15.153655604406397,-0.6832708524944042,0.17667555298388038,
ECU,2025Q2,educat7,3,15.330331157390278,0.17667555298388038,0.46126688712149644,
ECU,2025Q3,educat7,3,15.791598044511774,0.46126688712149644,0.001884455417636488,
ECU,2025Q4,educat7,3,15.79348249992941,0.001884455417636488,-0.557639768114349,
ECU,2026Q1,educat7,3,15.235842731815062,-0.557639768114349,,
ECU,2021Q3,educat7,4,22.50131992331792,,-0.677873275982062,
ECU,2021Q4,educat7,4,21.823446647335857,-0.677873275982062,0.13385518252828987,
ECU,2022Q1,educat7,4,21.957301829864146,0.13385518252828987,0.12831226326344947,
ECU,2022Q2,educat7,4,22.085614093127596,0.12831226326344947,-0.24432148417820443,
ECU,2022Q3,educat7,4,21.84129260894939,-0.24432148417820443,-0.5931737596794804,
ECU,2022Q4,educat7,4,21.24811884926991,-0.5931737596794804,0.2661807194901762,
ECU,2023Q1,educat7,4,21.514299568760087,0.2661807194901762,-0.12411635264203369,
ECU,2023Q2,educat7,4,21.390183216118054,-0.12411635264203369,0.5646552060627172,
ECU,2023Q3,educat7,4,21.95483842218077,0.5646552060627172,-0.5121128949582889,
ECU,2023Q4,educat7,4,21.442725527222482,-0.5121128949582889,0.09408592772452096,
ECU,2024Q1,educat7,4,21.536811454947003,0.09408592772452096,-0.6110623479831361,
ECU,2024Q2,educat7,4,20.925749106963867,-0.6110623479831361,1.1089474654399218,
ECU,2024Q3,educat7,4,22.03469657240379,1.1089474654399218,-0.7263411159745381,
ECU,2024Q4,educat7,4,21.30835545642925,-0.7263411159745381,-0.23946731460812387,
ECU,2025Q1,educat7,4,21.068888141821127,-0.23946731460812387,0.12641487696406983,
ECU,2025Q2,educat7,4,21.195303018785197,0.12641487696406983,0.06307909940268175,
ECU,2025Q3,educat7,4,21.25838211818788,0.06307909940268175,-0.5785235338251553,
ECU,2025Q4,educat7,4,20.679858584362723,-0.5785235338251553,0.27781426845329094,
ECU,2026Q1,educat7,4,20.957672852816014,0.27781426845329094,,
ECU,2021Q3,educat7,5,19.990813115296636,,-0.13879682689421813,
ECU,2021Q4,educat7,5,19.852016288402417,-0.13879682689421813,-0.19011230312577254,
ECU,2022Q1,educat7,5,19.661903985276645,-0.19011230312577254,0.20612650940719135,
ECU,2022Q2,educat7,5,19.868030494683836,0.20612650940719135,0.6206530943977171,
ECU,2022Q3,educat7,5,20.488683589081553,0.6206530943977171,0.17387639029228197,
ECU,2022Q4,educat7,5,20.662559979373835,0.17387639029228197,-0.8609445414884114,
ECU,2023Q1,educat7,5,19.801615437885424,-0.8609445414884114,0.438025685862236,
ECU,2023Q2,educat7,5,20.23964112374766,0.438025685862236,0.5349178404746304,
ECU,2023Q3,educat7,5,20.77455896422229,0.5349178404746304,-0.700457465704762,
ECU,2023Q4,educat7,5,20.07410149851753,-0.700457465704762,-0.00980060621066059,
ECU,2024Q1,educat7,5,20.064300892306868,-0.00980060621066059,0.5065811189026164,
ECU,2024Q2,educat7,5,20.570882011209484,0.5065811189026164,0.11904583744144048,
ECU,2024Q3,educat7,5,20.689927848650925,0.11904583744144048,-0.04798741990637012,
ECU,2024Q4,educat7,5,20.641940428744554,-0.04798741990637012,0.18809176802384542,
ECU,2025Q1,educat7,5,20.8300321967684,0.18809176802384542,0.5179064944808935,
ECU,2025Q2,educat7,5,21.347938691249293,0.5179064944808935,-0.34276139884027046,
ECU,2025Q3,educat7,5,21.005177292409023,-0.34276139884027046,-0.12020767272426625,
ECU,2025Q4,educat7,5,20.884969619684757,-0.12020767272426625,0.9634049216426668,
ECU,2026Q1,educat7,5,21.848374541327424,0.9634049216426668,,
ECU,2021Q3,educat7,6,1.703318943209044,,0.014405678229469698,
ECU,2021Q4,educat7,6,1.7177246214385138,0.014405678229469698,0.004843579085724192,
ECU,2022Q1,educat7,6,1.722568200524238,0.004843579085724192,0.07927620239953637,
ECU,2022Q2,educat7,6,1.8018444029237743,0.07927620239953637,0.09697562200360244,
ECU,2022Q3,educat7,6,1.8988200249273768,0.09697562200360244,-0.07345439139762222,
ECU,2022Q4,educat7,6,1.8253656335297546,-0.07345439139762222,-0.045474014923787553,
ECU,2023Q1,educat7,6,1.779891618605967,-0.045474014923787553,0.055600830919006805,
ECU,2023Q2,educat7,6,1.8354924495249738,0.055600830919006805,-0.007769981233887169,
ECU,2023Q3,educat7,6,1.8277224682910866,-0.007769981233887169,0.07442828782822719,
ECU,2023Q4,educat7,6,1.9021507561193138,0.07442828782822719,0.10437210726174562,
ECU,2024Q1,educat7,6,2.0065228633810595,0.10437210726174562,-0.015672231565892147,
ECU,2024Q2,educat7,6,1.9908506318151673,-0.015672231565892147,0.0370647901492549,
ECU,2024Q3,educat7,6,2.027915421964422,0.0370647901492549,0.0363898537057068,
ECU,2024Q4,educat7,6,2.064305275670129,0.0363898537057068,0.35854347768545614,
ECU,2025Q1,educat7,6,2.422848753355585,0.35854347768545614,-0.1134744537527479,
ECU,2025Q2,educat7,6,2.3093742996028372,-0.1134744537527479,-0.022823133626521663,
ECU,2025Q3,educat7,6,2.2865511659763156,-0.022823133626521663,-0.12493071678288858,
ECU,2025Q4,educat7,6,2.161620449193427,-0.12493071678288858,0.06553355431978591,
ECU,2026Q1,educat7,6,2.227154003513213,0.06553355431978591,,
ECU,2021Q3,educat7,7,12.263922587352408,,0.3710674411197008,
ECU,2021Q4,educat7,7,12.634990028472108,0.3710674411197008,-0.5246181220994401,
ECU,2022Q1,educat7,7,12.110371906372668,-0.5246181220994401,-0.04879570691883295,
ECU,2022Q2,educat7,7,12.061576199453835,-0.04879570691883295,-0.03328070009193418,
ECU,2022Q3,educat7,7,12.028295499361901,-0.03328070009193418,-0.0775849246851088,
ECU,2022Q4,educat7,7,11.950710574676792,-0.0775849246851088,-0.20022954963982542,
ECU,2023Q1,educat7,7,11.750481025036967,-0.20022954963982542,0.02559336351480823,
ECU,2023Q2,educat7,7,11.776074388551775,0.02559336351480823,0.13202345828466555,
ECU,2023Q3,educat7,7,11.90809784683644,0.13202345828466555,-0.15075050198752216,
ECU,2023Q4,educat7,7,11.757347344848919,-0.15075050198752216,-0.2672847379467296,
ECU,2024Q1,educat7,7,11.490062606902189,-0.2672847379467296,0.29187271351284316,
ECU,2024Q2,educat7,7,11.781935320415032,0.29187271351284316,0.17715064346035625,
ECU,2024Q3,educat7,7,11.959085963875388,0.17715064346035625,-0.6330885117485465,
ECU,2024Q4,educat7,7,11.325997452126842,-0.6330885117485465,0.21287616031405143,
ECU,2025Q1,educat7,7,11.538873612440893,0.21287616031405143,0.03121896858178097,
ECU,2025Q2,educat7,7,11.570092581022674,0.03121896858178097,0.18894912820212184,
ECU,2025Q3,educat7,7,11.759041709224796,0.18894912820212184,-0.3562207439051779,
ECU,2025Q4,educat7,7,11.402820965319618,-0.3562207439051779,0.29425988296169514,
ECU,2026Q1,educat7,7,11.697080848281313,0.29425988296169514,,
ECU,2021Q3,educat7,NA,7.867752141256397,,0.22581624509952913,
ECU,2021Q4,educat7,NA,8.093568386355926,0.22581624509952913,0.13349314721162386,
ECU,2022Q1,educat7,NA,8.22706153356755,0.13349314721162386,-0.3314407117554472,
ECU,2022Q2,educat7,NA,7.895620821812103,-0.3314407117554472,-0.08459239884497372,
ECU,2022Q3,educat7,NA,7.811028422967129,-0.08459239884497372,0.025754393616788995,
ECU,2022Q4,educat7,NA,7.836782816583918,0.025754393616788995,0.18218722105505059,
ECU,2023Q1,educat7,NA,8.018970037638969,0.18218722105505059,0.18283987550818992,
ECU,2023Q2,educat7,NA,8.201809913147159,0.18283987550818992,-0.33465747574760485,
ECU,2023Q3,educat7,NA,7.867152437399554,-0.33465747574760485,-0.019060642363548652,
ECU,2023Q4,educat7,NA,7.848091795036005,-0.019060642363548652,-0.4534859381704779,
ECU,2024Q1,educat7,NA,7.394605856865527,-0.4534859381704779,0.1573388688436843,
ECU,2024Q2,educat7,NA,7.551944725709212,0.1573388688436843,0.4035868714135802,
ECU,2024Q3,educat7,NA,7.955531597122792,0.4035868714135802,-0.05699660246750593,
ECU,2024Q4,educat7,NA,7.898534994655286,-0.05699660246750593,-0.3478422377122259,
ECU,2025Q1,educat7,NA,7.55069275694306,-0.3478422377122259,0.23308066846665287,
ECU,2025Q2,educat7,NA,7.783773425409713,0.23308066846665287,-0.05130693652451068,
ECU,2025Q3,educat7,NA,7.732466488885202,-0.05130693652451068,0.5035467744189548,
ECU,2025Q4,educat7,NA,8.236013263304157,0.5035467744189548,-0.5786078520711877,
ECU,2026Q1,educat7,NA,7.657405411232969,-0.5786078520711877,,
ECU,2021Q3,empstat,1,46.18996481774768,,0.9544399668008268,
ECU,2021Q4,empstat,1,47.144404784548506,0.9544399668008268,-0.8122893751420222,
ECU,2022Q1,empstat,1,46.332115409406484,-0.8122893751420222,0.6838841074787894,
ECU,2022Q2,empstat,1,47.01599951688527,0.6838841074787894,-0.4400101758986281,
ECU,2022Q3,empstat,1,46.575989340986645,-0.4400101758986281,1.5709498312779857,
ECU,2022Q4,empstat,1,48.14693917226463,1.5709498312779857,-0.5335533320725077,
ECU,2023Q1,empstat,1,47.61338584019212,-0.5335533320725077,1.569032487961806,
ECU,2023Q2,empstat,1,49.18241832815393,1.569032487961806,-1.0814248359526104,
ECU,2023Q3,empstat,1,48.10099349220132,-1.0814248359526104,-0.25421201785915315,
ECU,2023Q4,empstat,1,47.846781474342166,-0.25421201785915315,-0.44005993214496186,
ECU,2024Q1,empstat,1,47.406721542197204,-0.44005993214496186,0.4338301299235283,
ECU,2024Q2,empstat,1,47.84055167212073,0.4338301299235283,-0.2165969520402129,
ECU,2024Q3,empstat,1,47.62395472008052,-0.2165969520402129,0.014484006668183724,
ECU,2024Q4,empstat,1,47.6384387267487,0.014484006668183724,0.6776676287781456,
ECU,2025Q1,empstat,1,48.31610635552685,0.6776676287781456,1.3174397728980551,
ECU,2025Q2,empstat,1,49.6335461284249,1.3174397728980551,1.7483025644369405,
ECU,2025Q3,empstat,1,51.381848692861844,1.7483025644369405,-1.4398271005968653,
ECU,2025Q4,empstat,1,49.94202159226498,-1.4398271005968653,1.3976299804759122,
ECU,2026Q1,empstat,1,51.33965157274089,1.3976299804759122,,
ECU,2021Q3,empstat,2,14.565824601241824,,-0.04339085199010384,
ECU,2021Q4,empstat,2,14.52243374925172,-0.04339085199010384,0.4979578532708562,
ECU,2022Q1,empstat,2,15.020391602522576,0.4979578532708562,-0.904538228978792,
ECU,2022Q2,empstat,2,14.115853373543784,-0.904538228978792,0.6275956786029742,
ECU,2022Q3,empstat,2,14.743449052146758,0.6275956786029742,-1.3479328653628038,
ECU,2022Q4,empstat,2,13.395516186783954,-1.3479328653628038,0.7385347157874946,
ECU,2023Q1,empstat,2,14.134050902571449,0.7385347157874946,-0.5790025526450755,
ECU,2023Q2,empstat,2,13.555048349926373,-0.5790025526450755,0.26704923581099393,
ECU,2023Q3,empstat,2,13.822097585737367,0.26704923581099393,0.2705024044110296,
ECU,2023Q4,empstat,2,14.092599990148397,0.2705024044110296,0.72512485782749,
ECU,2024Q1,empstat,2,14.817724847975887,0.72512485782749,-0.9961583489356762,
ECU,2024Q2,empstat,2,13.82156649904021,-0.9961583489356762,-0.06583720012033645,
ECU,2024Q3,empstat,2,13.755729298919874,-0.06583720012033645,-0.48855709664313807,
ECU,2024Q4,empstat,2,13.267172202276736,-0.48855709664313807,0.9894253031359828,
ECU,2025Q1,empstat,2,14.256597505412719,0.9894253031359828,-1.8500731198160345,
ECU,2025Q2,empstat,2,12.406524385596684,-1.8500731198160345,-0.6397410259507765,
ECU,2025Q3,empstat,2,11.766783359645908,-0.6397410259507765,0.240888460014542,
ECU,2025Q4,empstat,2,12.00767181966045,0.240888460014542,-0.3746919726716733,
ECU,2026Q1,empstat,2,11.632979846988777,-0.3746919726716733,,
ECU,2021Q3,empstat,3,2.439576018143338,,0.12184308628839524,
ECU,2021Q4,empstat,3,2.5614191044317334,0.12184308628839524,0.03508896096781333,
ECU,2022Q1,empstat,3,2.5965080653995467,0.03508896096781333,-0.053750960067894926,
ECU,2022Q2,empstat,3,2.542757105331652,-0.053750960067894926,-0.06241275620843023,
ECU,2022Q3,empstat,3,2.4803443491232215,-0.06241275620843023,-0.1443002581260453,
ECU,2022Q4,empstat,3,2.3360440909971762,-0.1443002581260453,-0.2296951229572164,
ECU,2023Q1,empstat,3,2.10634896803996,-0.2296951229572164,0.2410123506699846,
ECU,2023Q2,empstat,3,2.3473613187099445,0.2410123506699846,0.15382062368779303,
ECU,2023Q3,empstat,3,2.5011819423977375,0.15382062368779303,-0.25240183563831886,
ECU,2023Q4,empstat,3,2.2487801067594186,-0.25240183563831886,-0.07659404633310407,
ECU,2024Q1,empstat,3,2.1721860604263146,-0.07659404633310407,-0.10199812093437499,
ECU,2024Q2,empstat,3,2.0701879394919396,-0.10199812093437499,0.25135619454093305,
ECU,2024Q3,empstat,3,2.3215441340328726,0.25135619454093305,-0.1791497065799037,
ECU,2024Q4,empstat,3,2.142394427452969,-0.1791497065799037,-0.027103287920000607,
ECU,2025Q1,empstat,3,2.1152911395329683,-0.027103287920000607,0.058508491266242135,
ECU,2025Q2,empstat,3,2.1737996307992105,0.058508491266242135,0.0018564223420258763,
ECU,2025Q3,empstat,3,2.1756560531412363,0.0018564223420258763,0.4948500297509959,
ECU,2025Q4,empstat,3,2.6705060828922322,0.4948500297509959,-0.542022433556598,
ECU,2026Q1,empstat,3,2.1284836493356343,-0.542022433556598,,
ECU,2021Q3,empstat,4,36.80463456286715,,-1.0328922010991164,
ECU,2021Q4,empstat,4,35.771742361768034,-1.0328922010991164,0.27924256090335575,
ECU,2022Q1,empstat,4,36.05098492267139,0.27924256090335575,0.2744050815678918,
ECU,2022Q2,empstat,4,36.32539000423928,0.2744050815678918,-0.12517274649589183,
ECU,2022Q3,empstat,4,36.20021725774339,-0.12517274649589183,-0.07871670778914819,
ECU,2022Q4,empstat,4,36.12150054995424,-0.07871670778914819,0.024713739242216093,
ECU,2023Q1,empstat,4,36.14621428919646,0.024713739242216093,-1.231042285986696,
ECU,2023Q2,empstat,4,34.91517200320976,-1.231042285986696,0.6605549764538239,
ECU,2023Q3,empstat,4,35.575726979663585,0.6605549764538239,0.23611144908642245,
ECU,2023Q4,empstat,4,35.81183842875001,0.23611144908642245,-0.2084708793494059,
ECU,2024Q1,empstat,4,35.6033675494006,-0.2084708793494059,0.6643263399465198,
ECU,2024Q2,empstat,4,36.26769388934712,0.6643263399465198,0.031077957619615404,
ECU,2024Q3,empstat,4,36.29877184696674,0.031077957619615404,0.6532227965548572,
ECU,2024Q4,empstat,4,36.951994643521594,0.6532227965548572,-1.6399896439941344,
ECU,2025Q1,empstat,4,35.31200499952746,-1.6399896439941344,0.4741248556517448,
ECU,2025Q2,empstat,4,35.786129855179205,0.4741248556517448,-1.110417960828201,
ECU,2025Q3,empstat,4,34.675711894351004,-1.110417960828201,0.7040886108313344,
ECU,2025Q4,empstat,4,35.37980050518234,0.7040886108313344,-0.4809155742476534,
ECU,2026Q1,empstat,4,34.898884930934685,-0.4809155742476534,,
ECU,2021Q3,industrycat10,1,30.9325541046591,,0.5181928434422112,
ECU,2021Q4,industrycat10,1,31.45074694810131,0.5181928434422112,1.5575010750038771,
ECU,2022Q1,industrycat10,1,33.00824802310519,1.5575010750038771,-1.5208843796719442,
ECU,2022Q2,industrycat10,1,31.487363643433245,-1.5208843796719442,-0.2926828971083566,
ECU,2022Q3,industrycat10,1,31.194680746324888,-0.2926828971083566,-0.14878685150490156,
ECU,2022Q4,industrycat10,1,31.045893894819987,-0.14878685150490156,1.1799510074333206,
ECU,2023Q1,industrycat10,1,32.22584490225331,1.1799510074333206,-0.3509328934155427,
ECU,2023Q2,industrycat10,1,31.874912008837764,-0.3509328934155427,-1.6453711907122148,
ECU,2023Q3,industrycat10,1,30.22954081812555,-1.6453711907122148,2.296188710903998,
ECU,2023Q4,industrycat10,1,32.52572952902955,2.296188710903998,1.17179974896262,
ECU,2024Q1,industrycat10,1,33.69752927799217,1.17179974896262,-1.89881556801571,
ECU,2024Q2,industrycat10,1,31.798713709976457,-1.89881556801571,0.2729801747322007,
ECU,2024Q3,industrycat10,1,32.07169388470866,0.2729801747322007,0.21852006164547078,
ECU,2024Q4,industrycat10,1,32.29021394635413,0.21852006164547078,0.5759241639811066,
ECU,2025Q1,industrycat10,1,32.866138110335235,0.5759241639811066,-1.5145501194922062,
ECU,2025Q2,industrycat10,1,31.35158799084303,-1.5145501194922062,-0.6248563705281072,
ECU,2025Q3,industrycat10,1,30.726731620314922,-0.6248563705281072,3.69131032172411,
ECU,2025Q4,industrycat10,1,34.41804194203903,3.69131032172411,-2.129360588512206,level_shift
ECU,2026Q1,industrycat10,1,32.288681353526826,-2.129360588512206,,
ECU,2021Q3,industrycat10,10,11.896504669428149,,-0.16120962015254925,
ECU,2021Q4,industrycat10,10,11.7352950492756,-0.16120962015254925,0.0907885597124718,
ECU,2022Q1,industrycat10,10,11.826083608988071,0.0907885597124718,-0.16602445697066948,
ECU,2022Q2,industrycat10,10,11.660059152017402,-0.16602445697066948,-0.27153756404284657,
ECU,2022Q3,industrycat10,10,11.388521587974555,-0.27153756404284657,0.6218420979494397,
ECU,2022Q4,industrycat10,10,12.010363685923995,0.6218420979494397,0.3856735187535918,
ECU,2023Q1,industrycat10,10,12.396037204677587,0.3856735187535918,-0.12895073556956582,
ECU,2023Q2,industrycat10,10,12.26708646910802,-0.12895073556956582,-0.047347461189138684,
ECU,2023Q3,industrycat10,10,12.219739007918882,-0.047347461189138684,-0.25148461194814153,
ECU,2023Q4,industrycat10,10,11.96825439597074,-0.25148461194814153,-0.3409715143568075,
ECU,2024Q1,industrycat10,10,11.627282881613933,-0.3409715143568075,0.2541180601621349,
ECU,2024Q2,industrycat10,10,11.881400941776068,0.2541180601621349,0.7299829953746908,
ECU,2024Q3,industrycat10,10,12.611383937150759,0.7299829953746908,-1.2052985828701743,
ECU,2024Q4,industrycat10,10,11.406085354280584,-1.2052985828701743,0.16572922719165284,
ECU,2025Q1,industrycat10,10,11.571814581472237,0.16572922719165284,0.2354225362369391,
ECU,2025Q2,industrycat10,10,11.807237117709176,0.2354225362369391,0.1261280685148396,
ECU,2025Q3,industrycat10,10,11.933365186224016,0.1261280685148396,-0.04648170412549213,
ECU,2025Q4,industrycat10,10,11.886883482098524,-0.04648170412549213,-0.3802225205234908,
ECU,2026Q1,industrycat10,10,11.506660961575033,-0.3802225205234908,,
ECU,2021Q3,industrycat10,2,0.560624965982987,,-0.00845526831739063,
ECU,2021Q4,industrycat10,2,0.5521696976655963,-0.00845526831739063,-0.07017979817724407,
ECU,2022Q1,industrycat10,2,0.48198989948835225,-0.07017979817724407,0.15660247494249513,
ECU,2022Q2,industrycat10,2,0.6385923744308474,0.15660247494249513,0.034672324040697644,
ECU,2022Q3,industrycat10,2,0.673264698471545,0.034672324040697644,-0.1792256160436262,
ECU,2022Q4,industrycat10,2,0.49403908242791883,-0.1792256160436262,0.03502459385259482,
ECU,2023Q1,industrycat10,2,0.5290636762805137,0.03502459385259482,-0.05500807635224336,
ECU,2023Q2,industrycat10,2,0.4740555999282703,-0.05500807635224336,0.15509784241872038,
ECU,2023Q3,industrycat10,2,0.6291534423469907,0.15509784241872038,-0.22527076561267617,
ECU,2023Q4,industrycat10,2,0.4038826767343145,-0.22527076561267617,-0.02991449162364551,
ECU,2024Q1,industrycat10,2,0.373968185110669,-0.02991449162364551,0.15091354188645945,
ECU,2024Q2,industrycat10,2,0.5248817269971284,0.15091354188645945,0.005030083757983195,
ECU,2024Q3,industrycat10,2,0.5299118107551116,0.005030083757983195,-0.05421346652816822,
ECU,2024Q4,industrycat10,2,0.4756983442269434,-0.05421346652816822,0.10123524359898456,
ECU,2025Q1,industrycat10,2,0.576933587825928,0.10123524359898456,-0.14876586507896633,
ECU,2025Q2,industrycat10,2,0.42816772274696163,-0.14876586507896633,0.053413967568456344,
ECU,2025Q3,industrycat10,2,0.481581690315418,0.053413967568456344,-0.0023204798194744747,
ECU,2025Q4,industrycat10,2,0.4792612104959435,-0.0023204798194744747,0.08186413856621522,
ECU,2026Q1,industrycat10,2,0.5611253490621587,0.08186413856621522,,
ECU,2021Q3,industrycat10,3,9.964902239651627,,0.5114087943678935,
ECU,2021Q4,industrycat10,3,10.47631103401952,0.5114087943678935,-0.5062441950906216,
ECU,2022Q1,industrycat10,3,9.970066838928899,-0.5062441950906216,0.15936266522968268,
ECU,2022Q2,industrycat10,3,10.129429504158582,0.15936266522968268,0.30040158479185486,
ECU,2022Q3,industrycat10,3,10.429831088950436,0.30040158479185486,-0.5306360291080559,
ECU,2022Q4,industrycat10,3,9.89919505984238,-0.5306360291080559,-0.6378640394453647,
ECU,2023Q1,industrycat10,3,9.261331020397016,-0.6378640394453647,0.40386483175125676,
ECU,2023Q2,industrycat10,3,9.665195852148273,0.40386483175125676,0.006518712018944939,
ECU,2023Q3,industrycat10,3,9.671714564167218,0.006518712018944939,-0.6179856990327774,
ECU,2023Q4,industrycat10,3,9.05372886513444,-0.6179856990327774,-0.24614105103705342,
ECU,2024Q1,industrycat10,3,8.807587814097387,-0.24614105103705342,1.0144549688366116,
ECU,2024Q2,industrycat10,3,9.822042782933998,1.0144549688366116,-0.4527850826902853,
ECU,2024Q3,industrycat10,3,9.369257700243713,-0.4527850826902853,0.021020475366073654,
ECU,2024Q4,industrycat10,3,9.390278175609787,0.021020475366073654,-0.5203233254843855,
ECU,2025Q1,industrycat10,3,8.869954850125401,-0.5203233254843855,1.071691718070726,
ECU,2025Q2,industrycat10,3,9.941646568196127,1.071691718070726,0.7838780246747366,
ECU,2025Q3,industrycat10,3,10.725524592870864,0.7838780246747366,-0.8331174886389974,
ECU,2025Q4,industrycat10,3,9.892407104231866,-0.8331174886389974,-0.4372777363812297,
ECU,2026Q1,industrycat10,3,9.455129367850637,-0.4372777363812297,,
ECU,2021Q3,industrycat10,4,0.6032631481523426,,-0.07559984662068786,
ECU,2021Q4,industrycat10,4,0.5276633015316547,-0.07559984662068786,-0.04425981650529903,
ECU,2022Q1,industrycat10,4,0.4834034850263557,-0.04425981650529903,0.08130580195341958,
ECU,2022Q2,industrycat10,4,0.5647092869797753,0.08130580195341958,0.08841345152616387,
ECU,2022Q3,industrycat10,4,0.6531227385059392,0.08841345152616387,-0.1132660228433564,
ECU,2022Q4,industrycat10,4,0.5398567156625828,-0.1132660228433564,-0.03733451418553779,
ECU,2023Q1,industrycat10,4,0.502522201477045,-0.03733451418553779,0.1841392704870195,
ECU,2023Q2,industrycat10,4,0.6866614719640645,0.1841392704870195,-0.09704222415272656,
ECU,2023Q3,industrycat10,4,0.5896192478113379,-0.09704222415272656,0.016746552056571606,
ECU,2023Q4,industrycat10,4,0.6063657998679095,0.016746552056571606,-0.1005369875273141,
ECU,2024Q1,industrycat10,4,0.5058288123405954,-0.1005369875273141,0.048977454612522675,
ECU,2024Q2,industrycat10,4,0.5548062669531181,0.048977454612522675,0.07413111512089987,
ECU,2024Q3,industrycat10,4,0.628937382074018,0.07413111512089987,-0.066172306532435,
ECU,2024Q4,industrycat10,4,0.562765075541583,-0.066172306532435,0.13560181133488802,
ECU,2025Q1,industrycat10,4,0.698366886876471,0.13560181133488802,0.015733144133542876,
ECU,2025Q2,industrycat10,4,0.7141000310100138,0.015733144133542876,-0.2071153113491384,
ECU,2025Q3,industrycat10,4,0.5069847196608754,-0.2071153113491384,0.05642260461213022,
ECU,2025Q4,industrycat10,4,0.5634073242730057,0.05642260461213022,0.06763813346130476,
ECU,2026Q1,industrycat10,4,0.6310454577343104,0.06763813346130476,,
ECU,2021Q3,industrycat10,5,6.201890561325162,,-0.29193280836653646,
ECU,2021Q4,industrycat10,5,5.909957752958626,-0.29193280836653646,-0.46283655055381256,
ECU,2022Q1,industrycat10,5,5.447121202404813,-0.46283655055381256,0.2440114254816148,
ECU,2022Q2,industrycat10,5,5.691132627886428,0.2440114254816148,0.041236726412124725,
ECU,2022Q3,industrycat10,5,5.7323693542985525,0.041236726412124725,0.664512938726296,
ECU,2022Q4,industrycat10,5,6.396882293024849,0.664512938726296,-0.3447537240128664,
ECU,2023Q1,industrycat10,5,6.052128569011982,-0.3447537240128664,0.2581959877910114,
ECU,2023Q2,industrycat10,5,6.3103245568029935,0.2581959877910114,0.13656452516660078,
ECU,2023Q3,industrycat10,5,6.446889081969594,0.13656452516660078,-0.37994621629073055,
ECU,2023Q4,industrycat10,5,6.066942865678864,-0.37994621629073055,0.09828787748806533,
ECU,2024Q1,industrycat10,5,6.165230743166929,0.09828787748806533,-0.29345083703100894,
ECU,2024Q2,industrycat10,5,5.87177990613592,-0.29345083703100894,0.12421553400204832,
ECU,2024Q3,industrycat10,5,5.9959954401379685,0.12421553400204832,0.874972534160924,
ECU,2024Q4,industrycat10,5,6.8709679742988925,0.874972534160924,-0.9520034314235142,
ECU,2025Q1,industrycat10,5,5.918964542875378,-0.9520034314235142,0.6235841173080061,
ECU,2025Q2,industrycat10,5,6.542548660183384,0.6235841173080061,-0.1516517074659003,
ECU,2025Q3,industrycat10,5,6.390896952717484,-0.1516517074659003,-0.48976474351992927,
ECU,2025Q4,industrycat10,5,5.901132209197555,-0.48976474351992927,0.9000633674290954,
ECU,2026Q1,industrycat10,5,6.80119557662665,0.9000633674290954,,
ECU,2021Q3,industrycat10,6,24.38644845847611,,-0.13109716112187542,
ECU,2021Q4,industrycat10,6,24.255351297354235,-0.13109716112187542,-0.7929702623027701,
ECU,2022Q1,industrycat10,6,23.462381035051465,-0.7929702623027701,0.8432858413357529,
ECU,2022Q2,industrycat10,6,24.305666876387217,0.8432858413357529,0.6862715954055538,
ECU,2022Q3,industrycat10,6,24.99193847179277,0.6862715954055538,-1.0321248961848575,
ECU,2022Q4,industrycat10,6,23.959813575607914,-1.0321248961848575,-0.2701549265370282,
ECU,2023Q1,industrycat10,6,23.689658649070886,-0.2701549265370282,-0.39856666583526135,
ECU,2023Q2,industrycat10,6,23.291091983235624,-0.39856666583526135,1.5580254914830078,
ECU,2023Q3,industrycat10,6,24.849117474718632,1.5580254914830078,-1.1915476247866401,
ECU,2023Q4,industrycat10,6,23.657569849931992,-1.1915476247866401,-0.5235695759733794,
ECU,2024Q1,industrycat10,6,23.134000273958613,-0.5235695759733794,0.29975669906577807,
ECU,2024Q2,industrycat10,6,23.43375697302439,0.29975669906577807,-0.14397663069773614,
ECU,2024Q3,industrycat10,6,23.289780342326655,-0.14397663069773614,0.21363111989310468,
ECU,2024Q4,industrycat10,6,23.50341146221976,0.21363111989310468,-0.32651848673156536,
ECU,2025Q1,industrycat10,6,23.176892975488194,-0.32651848673156536,-0.015661374302322173,
ECU,2025Q2,industrycat10,6,23.16123160118587,-0.015661374302322173,-0.4533051538427024,
ECU,2025Q3,industrycat10,6,22.70792644734317,-0.4533051538427024,-1.2071988496505384,
ECU,2025Q4,industrycat10,6,21.50072759769263,-1.2071988496505384,0.7683549655943871,
ECU,2026Q1,industrycat10,6,22.269082563287018,0.7683549655943871,,
ECU,2021Q3,industrycat10,7,6.521876415119332,,0.14805373733528615,
ECU,2021Q4,industrycat10,7,6.669930152454618,0.14805373733528615,0.01550808364575662,
ECU,2022Q1,industrycat10,7,6.685438236100374,0.01550808364575662,-0.2183855446959555,
ECU,2022Q2,industrycat10,7,6.467052691404419,-0.2183855446959555,-0.5038450104352936,
ECU,2022Q3,industrycat10,7,5.963207680969125,-0.5038450104352936,0.49680947102747197,
ECU,2022Q4,industrycat10,7,6.460017151996597,0.49680947102747197,0.18708258525037103,
ECU,2023Q1,industrycat10,7,6.647099737246968,0.18708258525037103,-0.1327948802918435,
ECU,2023Q2,industrycat10,7,6.514304856955125,-0.1327948802918435,0.08729596812738105,
ECU,2023Q3,industrycat10,7,6.601600825082506,0.08729596812738105,0.054453911078363504,
ECU,2023Q4,industrycat10,7,6.656054736160869,0.054453911078363504,0.12023461681087255,
ECU,2024Q1,industrycat10,7,6.776289352971742,0.12023461681087255,0.05326175974696934,
ECU,2024Q2,industrycat10,7,6.829551112718711,0.05326175974696934,-0.2198981073356956,
ECU,2024Q3,industrycat10,7,6.609653005383016,-0.2198981073356956,-0.25198836326613083,
ECU,2024Q4,industrycat10,7,6.357664642116885,-0.25198836326613083,0.566056026325378,
ECU,2025Q1,industrycat10,7,6.923720668442263,0.566056026325378,-0.0934919221309789,
ECU,2025Q2,industrycat10,7,6.830228746311284,-0.0934919221309789,-0.15410194966692803,
ECU,2025Q3,industrycat10,7,6.676126796644356,-0.15410194966692803,-0.679502258923371,
ECU,2025Q4,industrycat10,7,5.996624537720985,-0.679502258923371,1.2903383334128096,
ECU,2026Q1,industrycat10,7,7.286962871133794,1.2903383334128096,,
ECU,2021Q3,industrycat10,8,5.707880452056057,,-0.39069300216301084,
ECU,2021Q4,industrycat10,8,5.317187449893046,-0.39069300216301084,0.308642026265578,
ECU,2022Q1,industrycat10,8,5.625829476158624,0.308642026265578,0.40518909412609005,
ECU,2022Q2,industrycat10,8,6.031018570284714,0.40518909412609005,-0.09365854226517989,
ECU,2022Q3,industrycat10,8,5.937360028019534,-0.09365854226517989,-0.04269443484126878,
ECU,2022Q4,industrycat10,8,5.894665593178265,-0.04269443484126878,-0.15191046548485332,
ECU,2023Q1,industrycat10,8,5.742755127693412,-0.15191046548485332,0.126228968564563,
ECU,2023Q2,industrycat10,8,5.868984096257975,0.126228968564563,0.04380386724672114,
ECU,2023Q3,industrycat10,8,5.912787963504696,0.04380386724672114,0.10145109277518305,
ECU,2023Q4,industrycat10,8,6.014239056279879,0.10145109277518305,-0.011791334497334383,
ECU,2024Q1,industrycat10,8,6.002447721782545,-0.011791334497334383,0.29837848069918316,
ECU,2024Q2,industrycat10,8,6.300826202481728,0.29837848069918316,-0.17024261507474048,
ECU,2024Q3,industrycat10,8,6.130583587406988,-0.17024261507474048,0.24905261791923117,
ECU,2024Q4,industrycat10,8,6.379636205326219,0.24905261791923117,-0.13896718983915246,
ECU,2025Q1,industrycat10,8,6.240669015487066,-0.13896718983915246,-0.11675672901074563,
ECU,2025Q2,industrycat10,8,6.123912286476321,-0.11675672901074563,0.6031199144977712,
ECU,2025Q3,industrycat10,8,6.727032200974092,0.6031199144977712,-0.11537737688210825,
ECU,2025Q4,industrycat10,8,6.611654824091984,-0.11537737688210825,-0.21080928918351116,
ECU,2026Q1,industrycat10,8,6.4008455349084725,-0.21080928918351116,,
ECU,2021Q3,industrycat10,9,3.2240549851491305,,-0.11866766840333431,
ECU,2021Q4,industrycat10,9,3.105387316745796,-0.11866766840333431,-0.09594912199792827,
ECU,2022Q1,industrycat10,9,3.009438194747868,-0.09594912199792827,0.015537078269496796,
ECU,2022Q2,industrycat10,9,3.0249752730173647,0.015537078269496796,0.010728331675291525,
ECU,2022Q3,industrycat10,9,3.035703604692656,0.010728331675291525,0.26356934282285804,
ECU,2022Q4,industrycat10,9,3.2992729475155143,0.26356934282285804,-0.34571403562424363,
ECU,2023Q1,industrycat10,9,2.9535589118912706,-0.34571403562424363,0.09382419287064092,
ECU,2023Q2,industrycat10,9,3.0473831047619115,0.09382419287064092,-0.19754553040732148,
ECU,2023Q3,industrycat10,9,2.84983757435459,-0.19754553040732148,0.19739465085686536,
ECU,2023Q4,industrycat10,9,3.0472322252114554,0.19739465085686536,-0.13739728824602349,
ECU,2024Q1,industrycat10,9,2.909834936965432,-0.13739728824602349,0.07240544003705152,
ECU,2024Q2,industrycat10,9,2.9822403770024835,0.07240544003705152,-0.22268477032380485,
ECU,2024Q3,industrycat10,9,2.7595556066786786,-0.22268477032380485,0.0037232133465581185,
ECU,2024Q4,industrycat10,9,2.7632788200252367,0.0037232133465581185,0.39326596104660894,
ECU,2025Q1,industrycat10,9,3.1565447810718457,0.39326596104660894,-0.05720550573401528,
ECU,2025Q2,industrycat10,9,3.0993392753378304,-0.05720550573401528,0.024490517596959638,
ECU,2025Q3,industrycat10,9,3.12382979293479,0.024490517596959638,-0.37397002477631114,
ECU,2025Q4,industrycat10,9,2.749859768158479,-0.37397002477631114,0.049411196136633695,
ECU,2026Q1,industrycat10,9,2.7992709642951126,0.049411196136633695,,
ECU,2024Q3,industrycat10,NA,0.003247303134428313,,,
ECU,2021Q3,lstatus,1,44.859052691811044,,0.3873877239340331,
ECU,2021Q4,lstatus,1,45.24644041574508,0.3873877239340331,-0.6997007381441733,
ECU,2022Q1,lstatus,1,44.546739677600904,-0.6997007381441733,0.8225109376269302,
ECU,2022Q2,lstatus,1,45.369250615227834,0.8225109376269302,0.38452508086719916,
ECU,2022Q3,lstatus,1,45.75377569609503,0.38452508086719916,-0.7497237417001017,
ECU,2022Q4,lstatus,1,45.00405195439493,-0.7497237417001017,-0.14132274697980307,
ECU,2023Q1,lstatus,1,44.86272920741513,-0.14132274697980307,-0.7496874489967453,
ECU,2023Q2,lstatus,1,44.11304175841838,-0.7496874489967453,0.7557232619843219,
ECU,2023Q3,lstatus,1,44.868765020402705,0.7557232619843219,-0.2765937213064049,
ECU,2023Q4,lstatus,1,44.5921712990963,-0.2765937213064049,-0.6011811853919511,
ECU,2024Q1,lstatus,1,43.99099011370435,-0.6011811853919511,0.46722524095768136,
ECU,2024Q2,lstatus,1,44.45821535466203,0.46722524095768136,0.21632666007413803,
ECU,2024Q3,lstatus,1,44.67454201473617,0.21632666007413803,-0.6762871301317261,
ECU,2024Q4,lstatus,1,43.99825488460444,-0.6762871301317261,-0.12719462463276443,
ECU,2025Q1,lstatus,1,43.87106025997168,-0.12719462463276443,0.3773706921734714,
ECU,2025Q2,lstatus,1,44.24843095214515,0.3773706921734714,0.4617433202672103,
ECU,2025Q3,lstatus,1,44.71017427241236,0.4617433202672103,-0.5988827174450222,
ECU,2025Q4,lstatus,1,44.11129155496734,-0.5988827174450222,-0.33772832683239784,
ECU,2026Q1,lstatus,1,43.77356322813494,-0.33772832683239784,,
ECU,2021Q3,lstatus,2,2.3871597681133214,,-0.16563851232102067,
ECU,2021Q4,lstatus,2,2.2215212557923008,-0.16563851232102067,0.14144888846366221,
ECU,2022Q1,lstatus,2,2.362970144255963,0.14144888846366221,-0.32710728190035177,
ECU,2022Q2,lstatus,2,2.035862862355611,-0.32710728190035177,-0.09565369121424472,
ECU,2022Q3,lstatus,2,1.9402091711413665,-0.09565369121424472,-0.16316189236078693,
ECU,2022Q4,lstatus,2,1.7770472787805796,-0.16316189236078693,0.00571955992176898,
ECU,2023Q1,lstatus,2,1.7827668387023485,0.00571955992176898,-0.02763787092540393,
ECU,2023Q2,lstatus,2,1.7551289677769446,-0.02763787092540393,0.001065307859781539,
ECU,2023Q3,lstatus,2,1.7561942756367261,0.001065307859781539,-0.10617924552242752,
ECU,2023Q4,lstatus,2,1.6500150301142986,-0.10617924552242752,0.2256533110383574,
ECU,2024Q1,lstatus,2,1.875668341152656,0.2256533110383574,-0.2707521030532092,
ECU,2024Q2,lstatus,2,1.6049162380994468,-0.2707521030532092,0.24227165021306596,
ECU,2024Q3,lstatus,2,1.8471878883125128,0.24227165021306596,-0.30574087941340156,
ECU,2024Q4,lstatus,2,1.5414470088991112,-0.30574087941340156,0.19866196117310775,
ECU,2025Q1,lstatus,2,1.740108970072219,0.19866196117310775,0.04586752572464281,
ECU,2025Q2,lstatus,2,1.7859764957968618,0.04586752572464281,-0.11982506024367479,
ECU,2025Q3,lstatus,2,1.666151435553187,-0.11982506024367479,-0.2572532021485794,
ECU,2025Q4,lstatus,2,1.4088982334046076,-0.2572532021485794,0.12091152824446838,
ECU,2026Q1,lstatus,2,1.529809761649076,0.12091152824446838,,
ECU,2021Q3,lstatus,3,23.86859623331673,,-0.21334702196884692,
ECU,2021Q4,lstatus,3,23.655249211347883,-0.21334702196884692,0.5792977582766561,
ECU,2022Q1,lstatus,3,24.23454696962454,0.5792977582766561,-0.48721506522575453,
ECU,2022Q2,lstatus,3,23.747331904398784,-0.48721506522575453,-0.2806667776167586,
ECU,2022Q3,lstatus,3,23.466665126782026,-0.2806667776167586,0.9211503241914443,
ECU,2022Q4,lstatus,3,24.38781545097347,0.9211503241914443,0.14358559067281362,
ECU,2023Q1,lstatus,3,24.531401041646284,0.14358559067281362,0.785617750110049,
ECU,2023Q2,lstatus,3,25.317018791756333,0.785617750110049,-0.8729065017627988,
ECU,2023Q3,lstatus,3,24.444112289993534,-0.8729065017627988,0.3828371887725268,
ECU,2023Q4,lstatus,3,24.82694947876606,0.3828371887725268,0.37543534937364953,
ECU,2024Q1,lstatus,3,25.20238482813971,0.37543534937364953,-0.19636273682579386,
ECU,2024Q2,lstatus,3,25.006022091313916,-0.19636273682579386,-0.4586099194108826,
ECU,2024Q3,lstatus,3,24.547412171903034,-0.4586099194108826,0.9820265836836448,
ECU,2024Q4,lstatus,3,25.52943875558668,0.9820265836836448,-0.08555919276084012,
ECU,2025Q1,lstatus,3,25.44387956282584,-0.08555919276084012,-0.4091496573791069,
ECU,2025Q2,lstatus,3,25.03472990544673,-0.4091496573791069,-0.34191712626105186,
ECU,2025Q3,lstatus,3,24.69281277918568,-0.34191712626105186,0.8561317612236223,
ECU,2025Q4,lstatus,3,25.548944540409302,0.8561317612236223,0.21684241535016469,
ECU,2026Q1,lstatus,3,25.765786955759467,0.21684241535016469,,
ECU,2021Q3,lstatus,NA,28.885191306758887,,-0.008402189644169056,
ECU,2021Q4,lstatus,NA,28.87678911711472,-0.008402189644169056,-0.021045908596118323,
ECU,2022Q1,lstatus,NA,28.8557432085186,-0.021045908596118323,-0.008188590500829207,
ECU,2022Q2,lstatus,NA,28.84755461801777,-0.008188590500829207,-0.008204612036191605,
ECU,2022Q3,lstatus,NA,28.83935000598158,-0.008204612036191605,-0.008264690130548757,
ECU,2022Q4,lstatus,NA,28.83108531585103,-0.008264690130548757,-0.00798240361478264,
ECU,2023Q1,lstatus,NA,28.823102912236248,-0.00798240361478264,-0.008292430187882616,
ECU,2023Q2,lstatus,NA,28.814810482048365,-0.008292430187882616,0.11611793191866937,
ECU,2023Q3,lstatus,NA,28.930928413967035,0.11611793191866937,-6.422194369548606e-05,
ECU,2023Q4,lstatus,NA,28.93086419202334,-6.422194369548606e-05,9.252497995859699e-05,
ECU,2024Q1,lstatus,NA,28.930956717003298,9.252497995859699e-05,-0.00011040107868254267,
ECU,2024Q2,lstatus,NA,28.930846315924615,-0.00011040107868254267,1.1609123674816146e-05,
ECU,2024Q3,lstatus,NA,28.93085792504829,1.1609123674816146e-05,1.4258614804418812e-06,
ECU,2024Q4,lstatus,NA,28.93085935090977,1.4258614804418812e-06,0.014091856220503018,
ECU,2025Q1,lstatus,NA,28.944951207130273,0.014091856220503018,-0.014088560518999316,
ECU,2025Q2,lstatus,NA,28.930862646611274,-0.014088560518999316,-1.1337624989948836e-06,
ECU,2025Q3,lstatus,NA,28.930861512848775,-1.1337624989948836e-06,4.158369986129173e-06,
ECU,2025Q4,lstatus,NA,28.93086567121876,4.158369986129173e-06,-2.5616762233227064e-05,
ECU,2026Q1,lstatus,NA,28.930840054456528,-2.5616762233227064e-05,,
ECU,2021Q3,occup,0,0.3283039663734311,,-0.04296385597702135,
ECU,2021Q4,occup,0,0.2853401103964098,-0.04296385597702135,0.0339669451697896,
ECU,2022Q1,occup,0,0.31930705556619937,0.0339669451697896,-0.002346349514324775,
ECU,2022Q2,occup,0,0.3169607060518746,-0.002346349514324775,-0.04518136145524532,
ECU,2022Q3,occup,0,0.2717793445966293,-0.04518136145524532,0.051366028605064507,
ECU,2022Q4,occup,0,0.3231453732016938,0.051366028605064507,-0.06792871766930247,
ECU,2023Q1,occup,0,0.2552166555323913,-0.06792871766930247,0.20531758467903077,
ECU,2023Q2,occup,0,0.4605342402114221,0.20531758467903077,-0.1801345058162565,
ECU,2023Q3,occup,0,0.2803997343951656,-0.1801345058162565,0.003386408934003271,
ECU,2023Q4,occup,0,0.28378614332916885,0.003386408934003271,0.04943421933986086,
ECU,2024Q1,occup,0,0.3332203626690297,0.04943421933986086,0.037538514974115866,
ECU,2024Q2,occup,0,0.3707588776431456,0.037538514974115866,0.007494973316962972,
ECU,2024Q3,occup,0,0.37825385096010855,0.007494973316962972,-0.039050139943584805,
ECU,2024Q4,occup,0,0.33920371101652375,-0.039050139943584805,0.0961261103876419,
ECU,2025Q1,occup,0,0.43532982140416565,0.0961261103876419,-0.019437364987387462,
ECU,2025Q2,occup,0,0.4158924564167782,-0.019437364987387462,-0.03396371622397465,
ECU,2025Q3,occup,0,0.38192874019280354,-0.03396371622397465,-0.10959462346222887,
ECU,2025Q4,occup,0,0.27233411673057467,-0.10959462346222887,0.10320740607839396,
ECU,2026Q1,occup,0,0.37554152280896863,0.10320740607839396,,
ECU,2021Q3,occup,1,1.1078830714738213,,-0.18531847097439136,
ECU,2021Q4,occup,1,0.9225646004994299,-0.18531847097439136,-0.037154971775699375,
ECU,2022Q1,occup,1,0.8854096287237305,-0.037154971775699375,0.08438059062359882,
ECU,2022Q2,occup,1,0.9697902193473293,0.08438059062359882,-0.04254115526895308,
ECU,2022Q3,occup,1,0.9272490640783763,-0.04254115526895308,0.04772479031945709,
ECU,2022Q4,occup,1,0.9749738543978334,0.04772479031945709,-0.10024959840695125,
ECU,2023Q1,occup,1,0.8747242559908821,-0.10024959840695125,0.16645681301112392,
ECU,2023Q2,occup,1,1.041181069002006,0.16645681301112392,0.02083217208527466,
ECU,2023Q3,occup,1,1.0620132410872807,0.02083217208527466,-0.045227181982629094,
ECU,2023Q4,occup,1,1.0167860591046516,-0.045227181982629094,-0.06265531166861704,
ECU,2024Q1,occup,1,0.9541307474360345,-0.06265531166861704,0.05883313262809198,
ECU,2024Q2,occup,1,1.0129638800641265,0.05883313262809198,-0.05005522179224908,
ECU,2024Q3,occup,1,0.9629086582718774,-0.05005522179224908,0.009468193020902627,
ECU,2024Q4,occup,1,0.9723768512927801,0.009468193020902627,0.009227438462311666,
ECU,2025Q1,occup,1,0.9816042897550917,0.009227438462311666,-0.005909050636500823,
ECU,2025Q2,occup,1,0.9756952391185909,-0.005909050636500823,0.020749853987050648,
ECU,2025Q3,occup,1,0.9964450931056416,0.020749853987050648,0.05320525042964619,
ECU,2025Q4,occup,1,1.0496503435352877,0.05320525042964619,-0.07349700046617325,
ECU,2026Q1,occup,1,0.9761533430691145,-0.07349700046617325,,
ECU,2021Q3,occup,2,7.381269343087171,,0.041492357005186165,
ECU,2021Q4,occup,2,7.422761700092357,0.041492357005186165,0.0247933145852004,
ECU,2022Q1,occup,2,7.447555014677557,0.0247933145852004,0.08337221385509963,
ECU,2022Q2,occup,2,7.530927228532657,0.08337221385509963,0.18524884209240788,
ECU,2022Q3,occup,2,7.716176070625065,0.18524884209240788,0.02784847132937962,
ECU,2022Q4,occup,2,7.7440245419544445,0.02784847132937962,-0.196470072141385,
ECU,2023Q1,occup,2,7.547554469813059,-0.196470072141385,0.23339976142197028,
ECU,2023Q2,occup,2,7.78095423123503,0.23339976142197028,-0.597522708169028,
ECU,2023Q3,occup,2,7.183431523066002,-0.597522708169028,0.16902722713333418,
ECU,2023Q4,occup,2,7.352458750199336,0.16902722713333418,0.369194354666325,
ECU,2024Q1,occup,2,7.721653104865661,0.369194354666325,-0.019489772884922374,
ECU,2024Q2,occup,2,7.7021633319807385,-0.019489772884922374,-0.27764437364762173,
ECU,2024Q3,occup,2,7.424518958333117,-0.27764437364762173,-0.16612551225750227,
ECU,2024Q4,occup,2,7.2583934460756145,-0.16612551225750227,0.31164629572793245,
ECU,2025Q1,occup,2,7.570039741803547,0.31164629572793245,-0.03918897315898118,
ECU,2025Q2,occup,2,7.530850768644566,-0.03918897315898118,-0.10917837740684355,
ECU,2025Q3,occup,2,7.421672391237722,-0.10917837740684355,0.05498849129916472,
ECU,2025Q4,occup,2,7.476660882536887,0.05498849129916472,0.18853093433572532,
ECU,2026Q1,occup,2,7.665191816872612,0.18853093433572532,,
ECU,2021Q3,occup,3,4.596426525443436,,-0.29346140726853687,
ECU,2021Q4,occup,3,4.3029651181749,-0.29346140726853687,0.23566505508157398,
ECU,2022Q1,occup,3,4.5386301732564736,0.23566505508157398,0.16051804572606532,
ECU,2022Q2,occup,3,4.699148218982539,0.16051804572606532,-0.12866103765845338,
ECU,2022Q3,occup,3,4.5704871813240855,-0.12866103765845338,-0.007448738391972576,
ECU,2022Q4,occup,3,4.563038442932113,-0.007448738391972576,0.35037732407765354,
ECU,2023Q1,occup,3,4.9134157670097665,0.35037732407765354,-0.18974551665402561,
ECU,2023Q2,occup,3,4.723670250355741,-0.18974551665402561,-0.16714765190228675,
ECU,2023Q3,occup,3,4.556522598453454,-0.16714765190228675,-0.007852869611978619,
ECU,2023Q4,occup,3,4.5486697288414755,-0.007852869611978619,-0.010556310791548285,
ECU,2024Q1,occup,3,4.538113418049927,-0.010556310791548285,0.3607968364004943,
ECU,2024Q2,occup,3,4.8989102544504215,0.3607968364004943,0.1172068226317391,
ECU,2024Q3,occup,3,5.016117077082161,0.1172068226317391,-0.5097876690288148,
ECU,2024Q4,occup,3,4.506329408053346,-0.5097876690288148,-0.01833956965188932,
ECU,2025Q1,occup,3,4.4879898384014565,-0.01833956965188932,0.06077354523361134,
ECU,2025Q2,occup,3,4.548763383635068,0.06077354523361134,0.3230162847196647,
ECU,2025Q3,occup,3,4.8717796683547325,0.3230162847196647,-0.632722597835877,
ECU,2025Q4,occup,3,4.2390570705188555,-0.632722597835877,0.44130644475920544,
ECU,2026Q1,occup,3,4.680363515278061,0.44130644475920544,,
ECU,2021Q3,occup,4,3.0500900579503867,,-0.033468635787741174,
ECU,2021Q4,occup,4,3.0166214221626455,-0.033468635787741174,-0.1684943286208802,
ECU,2022Q1,occup,4,2.8481270935417653,-0.1684943286208802,0.06916979493749897,
ECU,2022Q2,occup,4,2.9172968884792643,0.06916979493749897,0.11984039760829912,
ECU,2022Q3,occup,4,3.0371372860875634,0.11984039760829912,0.034444233129768964,
ECU,2022Q4,occup,4,3.0715815192173324,0.034444233129768964,-0.12161319825713202,
ECU,2023Q1,occup,4,2.9499683209602003,-0.12161319825713202,-0.010219367198612161,
ECU,2023Q2,occup,4,2.939748953761588,-0.010219367198612161,0.1337881133524288,
ECU,2023Q3,occup,4,3.073537067114017,0.1337881133524288,-0.2472920372237235,
ECU,2023Q4,occup,4,2.8262450298902935,-0.2472920372237235,-0.003305557036755502,
ECU,2024Q1,occup,4,2.822939472853538,-0.003305557036755502,0.3061743885873298,
ECU,2024Q2,occup,4,3.129113861440868,0.3061743885873298,-0.43001452142738916,
ECU,2024Q3,occup,4,2.6990993400134786,-0.43001452142738916,0.20165291697203092,
ECU,2024Q4,occup,4,2.9007522569855095,0.20165291697203092,-0.01325548837096635,
ECU,2025Q1,occup,4,2.887496768614543,-0.01325548837096635,0.06770650475778739,
ECU,2025Q2,occup,4,2.9552032733723306,0.06770650475778739,-0.17569367125702096,
ECU,2025Q3,occup,4,2.7795096021153096,-0.17569367125702096,0.1131288716177421,
ECU,2025Q4,occup,4,2.8926384737330517,0.1131288716177421,-0.07466991885036167,
ECU,2026Q1,occup,4,2.81796855488269,-0.07466991885036167,,
ECU,2021Q3,occup,5,20.49398150841504,,-0.27798204079676125,
ECU,2021Q4,occup,5,20.21599946761828,-0.27798204079676125,-0.4520584386879385,
ECU,2022Q1,occup,5,19.76394102893034,-0.4520584386879385,0.04079868597011682,
ECU,2022Q2,occup,5,19.804739714900457,0.04079868597011682,0.7678199700350454,
ECU,2022Q3,occup,5,20.572559684935502,0.7678199700350454,-1.187047935101539,
ECU,2022Q4,occup,5,19.385511749833963,-1.187047935101539,-0.4656474957805088,
ECU,2023Q1,occup,5,18.919864254053454,-0.4656474957805088,0.4151133866545713,
ECU,2023Q2,occup,5,19.334977640708026,0.4151133866545713,0.6435498424859496,
ECU,2023Q3,occup,5,19.978527483193975,0.6435498424859496,-0.6456192714138211,
ECU,2023Q4,occup,5,19.332908211780154,-0.6456192714138211,-0.7705069522044177,
ECU,2024Q1,occup,5,18.562401259575736,-0.7705069522044177,0.17591058506838664,
ECU,2024Q2,occup,5,18.738311844644123,0.17591058506838664,0.28315829572072815,
ECU,2024Q3,occup,5,19.02147014036485,0.28315829572072815,-0.7004873201436581,
ECU,2024Q4,occup,5,18.320982820221193,-0.7004873201436581,1.061011822332727,
ECU,2025Q1,occup,5,19.38199464255392,1.061011822332727,-0.49762319081567696,
ECU,2025Q2,occup,5,18.884371451738243,-0.49762319081567696,0.376134401144391,
ECU,2025Q3,occup,5,19.260505852882634,0.376134401144391,-1.046599174264017,
ECU,2025Q4,occup,5,18.213906678618617,-1.046599174264017,0.1678630747838703,
ECU,2026Q1,occup,5,18.381769753402487,0.1678630747838703,,
ECU,2021Q3,occup,6,19.61001300952253,,0.6467486404101379,
ECU,2021Q4,occup,6,20.256761649932667,0.6467486404101379,0.18019741180515325,
ECU,2022Q1,occup,6,20.43695906173782,0.18019741180515325,-1.0194212960940767,
ECU,2022Q2,occup,6,19.417537765643743,-1.0194212960940767,-0.03778551663096863,
ECU,2022Q3,occup,6,19.379752249012775,-0.03778551663096863,0.4561002206754594,
ECU,2022Q4,occup,6,19.835852469688234,0.4561002206754594,0.5815662645928299,
ECU,2023Q1,occup,6,20.417418734281064,0.5815662645928299,-0.4184371303024932,
ECU,2023Q2,occup,6,19.99898160397857,-0.4184371303024932,-1.1853744945771716,
ECU,2023Q3,occup,6,18.8136071094014,-1.1853744945771716,1.8681895457480096,
ECU,2023Q4,occup,6,20.68179665514941,1.8681895457480096,0.4246272954923498,
ECU,2024Q1,occup,6,21.10642395064176,0.4246272954923498,-0.7256389528140126,
ECU,2024Q2,occup,6,20.380784997827746,-0.7256389528140126,-0.3466262941492424,
ECU,2024Q3,occup,6,20.034158703678504,-0.3466262941492424,0.7556141332059916,
ECU,2024Q4,occup,6,20.789772836884495,0.7556141332059916,0.0816143832527132,
ECU,2025Q1,occup,6,20.87138722013721,0.0816143832527132,0.1022884882261792,
ECU,2025Q2,occup,6,20.973675708363388,0.1022884882261792,-0.17919397513495028,
ECU,2025Q3,occup,6,20.794481733228437,-0.17919397513495028,2.2733019074810272,
ECU,2025Q4,occup,6,23.067783640709465,2.2733019074810272,-1.0168252789713037,
ECU,2026Q1,occup,6,22.05095836173816,-1.0168252789713037,,
ECU,2021Q3,occup,7,11.000596744447263,,-0.13806980404128488,
ECU,2021Q4,occup,7,10.862526940405978,-0.13806980404128488,0.037021665324724395,
ECU,2022Q1,occup,7,10.899548605730702,0.037021665324724395,0.27726098206744787,
ECU,2022Q2,occup,7,11.17680958779815,0.27726098206744787,0.4215069307343047,
ECU,2022Q3,occup,7,11.598316518532455,0.4215069307343047,-0.2153640466163811,
ECU,2022Q4,occup,7,11.382952471916074,-0.2153640466163811,-0.657216494741462,
ECU,2023Q1,occup,7,10.725735977174612,-0.657216494741462,0.3653470871721556,
ECU,2023Q2,occup,7,11.091083064346767,0.3653470871721556,-0.07409762867344583,
ECU,2023Q3,occup,7,11.016985435673321,-0.07409762867344583,-0.7180681312435855,
ECU,2023Q4,occup,7,10.298917304429736,-0.7180681312435855,0.2787952217452254,
ECU,2024Q1,occup,7,10.577712526174961,0.2787952217452254,0.2568967758376104,
ECU,2024Q2,occup,7,10.834609302012572,0.2568967758376104,0.16342205128433385,
ECU,2024Q3,occup,7,10.998031353296906,0.16342205128433385,0.6624782806151543,
ECU,2024Q4,occup,7,11.66050963391206,0.6624782806151543,-1.6580755279159352,
ECU,2025Q1,occup,7,10.002434105996125,-1.6580755279159352,1.0485028872056503,
ECU,2025Q2,occup,7,11.050936993201775,1.0485028872056503,0.20526187112993632,
ECU,2025Q3,occup,7,11.256198864331711,0.20526187112993632,-0.35425725382690665,
ECU,2025Q4,occup,7,10.901941610504805,-0.35425725382690665,0.1634363113205346,
ECU,2026Q1,occup,7,11.06537792182534,0.1634363113205346,,
ECU,2021Q3,occup,8,6.616983937988813,,0.246662755052526,
ECU,2021Q4,occup,8,6.863646693041339,0.246662755052526,-0.29706109746396336,
ECU,2022Q1,occup,8,6.566585595577376,-0.29706109746396336,-0.2776535354419325,
ECU,2022Q2,occup,8,6.288932060135443,-0.2776535354419325,-0.5005704912758304,
ECU,2022Q3,occup,8,5.788361568859613,-0.5005704912758304,0.5880443384427698,
ECU,2022Q4,occup,8,6.376405907302383,0.5880443384427698,0.028413604117182523,
ECU,2023Q1,occup,8,6.404819511419565,0.028413604117182523,-0.03644966367316904,
ECU,2023Q2,occup,8,6.368369847746396,-0.03644966367316904,-0.18216854036769625,
ECU,2023Q3,occup,8,6.1862013073787,-0.18216854036769625,0.09447576477546704,
ECU,2023Q4,occup,8,6.280677072154167,0.09447576477546704,0.046347615869708036,
ECU,2024Q1,occup,8,6.327024688023875,0.046347615869708036,-0.06163003821583324,
ECU,2024Q2,occup,8,6.265394649808042,-0.06163003821583324,-0.3613501081296011,
ECU,2024Q3,occup,8,5.904044541678441,-0.3613501081296011,0.05384420675874679,
ECU,2024Q4,occup,8,5.957888748437187,0.05384420675874679,0.5530020190405018,
ECU,2025Q1,occup,8,6.510890767477689,0.5530020190405018,0.4495723379978873,
ECU,2025Q2,occup,8,6.960463105475577,0.4495723379978873,-0.05659342809603718,
ECU,2025Q3,occup,8,6.903869677379539,-0.05659342809603718,-1.0506491937784928,
ECU,2025Q4,occup,8,5.853220483601047,-1.0506491937784928,0.7428067329430688,
ECU,2026Q1,occup,8,6.596027216544115,0.7428067329430688,,
ECU,2021Q3,occup,9,25.814451835298126,,0.03636046237789614,
ECU,2021Q4,occup,9,25.850812297676022,0.03636046237789614,0.4431244445820255,
ECU,2022Q1,occup,9,26.293936742258047,0.4431244445820255,0.5839208678704964,
ECU,2022Q2,occup,9,26.877857610128544,0.5839208678704964,-0.7396765781806032,
ECU,2022Q3,occup,9,26.13818103194794,-0.7396765781806032,0.20433263760799036,
ECU,2022Q4,occup,9,26.34251366955593,0.20433263760799036,0.6487683842090739,
ECU,2023Q1,occup,9,26.991282053765005,0.6487683842090739,-0.7307829551105414,
ECU,2023Q2,occup,9,26.260499098654464,-0.7307829551105414,1.5882754015822158,
ECU,2023Q3,occup,9,27.84877450023668,1.5882754015822158,-0.4710194551150657,
ECU,2023Q4,occup,9,27.377755045121614,-0.4710194551150657,-0.32137457541213266,
ECU,2024Q1,occup,9,27.05638046970948,-0.32137457541213266,-0.38939146958126614,
ECU,2024Q2,occup,9,26.666989000128215,-0.38939146958126614,0.8911610730579014,
ECU,2024Q3,occup,9,27.558150073186116,0.8911610730579014,-0.2643597860648228,
ECU,2024Q4,occup,9,27.293790287121293,-0.2643597860648228,-0.4229574832650371,
ECU,2025Q1,occup,9,26.870832803856256,-0.4229574832650371,-1.1666851838225796,
ECU,2025Q2,occup,9,25.704147620033677,-1.1666851838225796,-0.37053924286223605,
ECU,2025Q3,occup,9,25.33360837717144,-0.37053924286223605,0.6991983223399743,
ECU,2025Q4,occup,9,26.032806699511415,0.6991983223399743,-0.6421587059329674,
ECU,2026Q1,occup,9,25.390647993578447,-0.6421587059329674,,
ECU,2024Q3,occup,NA,0.003247303134428327,,,
ECU,2021Q3,socialsec,0,64.73672834722166,,0.28554190837907356,
ECU,2021Q4,socialsec,0,65.02227025560073,0.28554190837907356,0.8118353689577162,
ECU,2022Q1,socialsec,0,65.83410562455845,0.8118353689577162,-1.111513339738579,
ECU,2022Q2,socialsec,0,64.72259228481987,-1.111513339738579,-0.28089027252674725,
ECU,2022Q3,socialsec,0,64.44170201229312,-0.28089027252674725,0.4727597120380267,
ECU,2022Q4,socialsec,0,64.91446172433115,0.4727597120380267,1.2294403086268773,
ECU,2023Q1,socialsec,0,66.14390203295802,1.2294403086268773,-1.4781930756721664,
ECU,2023Q2,socialsec,0,64.66570895728586,-1.4781930756721664,0.5776075405573948,
ECU,2023Q3,socialsec,0,65.24331649784325,0.5776075405573948,0.7577509420473945,
ECU,2023Q4,socialsec,0,66.00106743989065,0.7577509420473945,0.10110340491355885,
ECU,2024Q1,socialsec,0,66.1021708448042,0.10110340491355885,-0.7433056622555227,
ECU,2024Q2,socialsec,0,65.35886518254868,-0.7433056622555227,-0.08034843661556579,
ECU,2024Q3,socialsec,0,65.27851674593312,-0.08034843661556579,1.065171357471911,
ECU,2024Q4,socialsec,0,66.34368810340503,1.065171357471911,-0.289322620087205,
ECU,2025Q1,socialsec,0,66.05436548331782,-0.289322620087205,-0.9083553863048195,
ECU,2025Q2,socialsec,0,65.146010097013,-0.9083553863048195,-0.6182149137298154,
ECU,2025Q3,socialsec,0,64.52779518328319,-0.6182149137298154,0.8220795577313282,
ECU,2025Q4,socialsec,0,65.34987474101452,0.8220795577313282,0.4300326108658936,
ECU,2026Q1,socialsec,0,65.77990735188041,0.4300326108658936,,
ECU,2021Q3,socialsec,1,35.263271652778336,,-0.28554190837905935,
ECU,2021Q4,socialsec,1,34.97772974439928,-0.28554190837905935,-0.8118353689577162,
ECU,2022Q1,socialsec,1,34.16589437544156,-0.8118353689577162,1.1115133397385648,
ECU,2022Q2,socialsec,1,35.277407715180125,1.1115133397385648,0.28089027252676146,
ECU,2022Q3,socialsec,1,35.55829798770689,0.28089027252676146,-0.4727597120380338,
ECU,2022Q4,socialsec,1,35.08553827566885,-0.4727597120380338,-1.2294403086268773,
ECU,2023Q1,socialsec,1,33.856097967041975,-1.2294403086268773,1.4781930756721735,
ECU,2023Q2,socialsec,1,35.33429104271415,1.4781930756721735,-0.5776075405573948,
ECU,2023Q3,socialsec,1,34.756683502156754,-0.5776075405573948,-0.7577509420474016,
ECU,2023Q4,socialsec,1,33.99893256010935,-0.7577509420474016,-0.10110340491355174,
ECU,2024Q1,socialsec,1,33.8978291551958,-0.10110340491355174,0.7433056622555227,
ECU,2024Q2,socialsec,1,34.641134817451324,0.7433056622555227,0.08034843661553737,
ECU,2024Q3,socialsec,1,34.72148325406686,0.08034843661553737,-1.0651713574718968,
ECU,2024Q4,socialsec,1,33.656311896594964,-1.0651713574718968,0.2893226200872121,
ECU,2025Q1,socialsec,1,33.945634516682176,0.2893226200872121,0.9083553863048124,
ECU,2025Q2,socialsec,1,34.85398990298699,0.9083553863048124,0.6182149137298225,
ECU,2025Q3,socialsec,1,35.47220481671681,0.6182149137298225,-0.8220795577313353,
ECU,2025Q4,socialsec,1,34.650125258985476,-0.8220795577313353,-0.4300326108658723,
ECU,2026Q1,socialsec,1,34.2200926481196,-0.4300326108658723,,
ECU,2021Q3,urban,0,31.82651074549746,,-0.0001429231817020593,
ECU,2021Q4,urban,0,31.826367822315756,-0.0001429231817020593,3.357266358250399e-07,
ECU,2022Q1,urban,0,31.826368158042392,3.357266358250399e-07,-0.00024094970000021476,
ECU,2022Q2,urban,0,31.826127208342392,-0.00024094970000021476,0.00026752658362383386,
ECU,2022Q3,urban,0,31.826394734926016,0.00026752658362383386,0.00020408014782091755,
ECU,2022Q4,urban,0,31.826598815073837,0.00020408014782091755,-0.00031108918330602364,
ECU,2023Q1,urban,0,31.82628772589053,-0.00031108918330602364,1.521394478842808e-05,
ECU,2023Q2,urban,0,31.82630293983532,1.521394478842808e-05,-0.00036982477605818076,
ECU,2023Q3,urban,0,31.82593311505926,-0.00036982477605818076,9.801981843082785e-05,
ECU,2023Q4,urban,0,31.82603113487769,9.801981843082785e-05,-0.00016555148104302475,
ECU,2024Q1,urban,0,31.82586558339665,-0.00016555148104302475,0.00024198520076623709,
ECU,2024Q2,urban,0,31.826107568597415,0.00024198520076623709,-1.4464270758907105e-05,
ECU,2024Q3,urban,0,31.826093104326656,-1.4464270758907105e-05,5.513022819414459e-05,
ECU,2024Q4,urban,0,31.82614823455485,5.513022819414459e-05,0.1105387233224846,
ECU,2025Q1,urban,0,31.936686957877335,0.1105387233224846,-0.11057261600828383,
ECU,2025Q2,urban,0,31.82611434186905,-0.11057261600828383,-3.990669203091102e-06,
ECU,2025Q3,urban,0,31.826110351199848,-3.990669203091102e-06,-2.0081308509389828e-05,
ECU,2025Q4,urban,0,31.82609026989134,-2.0081308509389828e-05,5.99165839432203e-06,
ECU,2026Q1,urban,0,31.826096261549733,5.99165839432203e-06,,
ECU,2021Q3,urban,1,68.17348925450254,,0.0001429231816985066,
ECU,2021Q4,urban,1,68.17363217768424,0.0001429231816985066,-3.357266393777536e-07,
ECU,2022Q1,urban,1,68.1736318419576,-3.357266393777536e-07,0.00024094970000021476,
ECU,2022Q2,urban,1,68.1738727916576,0.00024094970000021476,-0.0002675265836131757,
ECU,2022Q3,urban,1,68.17360526507399,-0.0002675265836131757,-0.00020408014782447026,
ECU,2022Q4,urban,1,68.17340118492616,-0.00020408014782447026,0.00031108918331312907,
ECU,2023Q1,urban,1,68.17371227410948,0.00031108918331312907,-1.5213944791980794e-05,
ECU,2023Q2,urban,1,68.17369706016468,-1.5213944791980794e-05,0.0003698247760439699,
ECU,2023Q3,urban,1,68.17406688494073,0.0003698247760439699,-9.801981842372243e-05,
ECU,2023Q4,urban,1,68.1739688651223,-9.801981842372243e-05,0.00016555148104657746,
ECU,2024Q1,urban,1,68.17413441660335,0.00016555148104657746,-0.0002419852007733425,
ECU,2024Q2,urban,1,68.17389243140258,-0.0002419852007733425,1.4464270762459819e-05,
ECU,2024Q3,urban,1,68.17390689567334,1.4464270762459819e-05,-5.5130228176381024e-05,
ECU,2024Q4,urban,1,68.17385176544516,-5.5130228176381024e-05,-0.1105387233224917,
ECU,2025Q1,urban,1,68.06331304212267,-0.1105387233224917,0.11057261600828383,
ECU,2025Q2,urban,1,68.17388565813096,0.11057261600828383,3.990669199538388e-06,
ECU,2025Q3,urban,1,68.17388964880016,3.990669199538388e-06,2.0081308505837114e-05,
ECU,2025Q4,urban,1,68.17390973010866,2.0081308505837114e-05,-5.991658397874744e-06,
ECU,2026Q1,urban,1,68.17390373845026,-5.991658397874744e-06,,
GEO,2021Q1,educat7,1,0.7273401659837476,,-0.22284175970793896,
GEO,2021Q2,educat7,1,0.5044984062758087,-0.22284175970793896,-0.03502065282812816,
GEO,2021Q3,educat7,1,0.4694777534476805,-0.03502065282812816,0.2796019803668508,
GEO,2021Q4,educat7,1,0.7490797338145313,0.2796019803668508,0.07029426189749288,
GEO,2022Q1,educat7,1,0.8193739957120242,0.07029426189749288,-0.2597255389800682,
GEO,2022Q2,educat7,1,0.559648456731956,-0.2597255389800682,-0.042116206239374954,
GEO,2022Q3,educat7,1,0.517532250492581,-0.042116206239374954,0.009765115243671518,
GEO,2022Q4,educat7,1,0.5272973657362525,0.009765115243671518,0.10659429017954292,
GEO,2023Q1,educat7,1,0.6338916559157954,0.10659429017954292,0.03455582497146914,
GEO,2023Q2,educat7,1,0.6684474808872646,0.03455582497146914,-0.2452132579018232,
GEO,2023Q3,educat7,1,0.4232342229854414,-0.2452132579018232,-0.08184684851119894,
GEO,2023Q4,educat7,1,0.34138737447424244,-0.08184684851119894,0.11271451262718879,
GEO,2024Q1,educat7,1,0.45410188710143123,0.11271451262718879,0.007773467855409166,
GEO,2024Q2,educat7,1,0.4618753549568404,0.007773467855409166,-0.09719665674606204,
GEO,2024Q3,educat7,1,0.36467869821077836,-0.09719665674606204,-0.053944340695458504,
GEO,2024Q4,educat7,1,0.31073435751531986,-0.053944340695458504,0.04407270957811643,
GEO,2025Q1,educat7,1,0.3548070670934363,0.04407270957811643,0.029977206029253578,
GEO,2025Q2,educat7,1,0.38478427312268987,0.029977206029253578,-0.0270432390746993,
GEO,2025Q3,educat7,1,0.35774103404799057,-0.0270432390746993,-0.03292046465066556,
GEO,2025Q4,educat7,1,0.324820569397325,-0.03292046465066556,,
GEO,2021Q1,educat7,3,1.356899829827532,,0.16971508879886343,
GEO,2021Q2,educat7,3,1.5266149186263955,0.16971508879886343,-0.5006399826122307,
GEO,2021Q3,educat7,3,1.0259749360141648,-0.5006399826122307,0.02931218728028795,
GEO,2021Q4,educat7,3,1.0552871232944527,0.02931218728028795,0.03336906095687997,
GEO,2022Q1,educat7,3,1.0886561842513327,0.03336906095687997,0.09339815576784583,
GEO,2022Q2,educat7,3,1.1820543400191785,0.09339815576784583,-0.3007284322743692,
GEO,2022Q3,educat7,3,0.8813259077448093,-0.3007284322743692,0.04946245270240679,
GEO,2022Q4,educat7,3,0.9307883604472161,0.04946245270240679,0.37241579128850655,
GEO,2023Q1,educat7,3,1.3032041517357227,0.37241579128850655,0.14152916489819756,
GEO,2023Q2,educat7,3,1.4447333166339202,0.14152916489819756,-0.46803274914450543,
GEO,2023Q3,educat7,3,0.9767005674894148,-0.46803274914450543,-0.026125881996906686,
GEO,2023Q4,educat7,3,0.9505746854925081,-0.026125881996906686,0.18384183919588293,
GEO,2024Q1,educat7,3,1.134416524688391,0.18384183919588293,0.30811516675982764,
GEO,2024Q2,educat7,3,1.4425316914482187,0.30811516675982764,-0.23005151127577794,
GEO,2024Q3,educat7,3,1.2124801801724407,-0.23005151127577794,-0.2307558517763887,
GEO,2024Q4,educat7,3,0.9817243283960521,-0.2307558517763887,-0.03300790716087887,
GEO,2025Q1,educat7,3,0.9487164212351732,-0.03300790716087887,0.18316267530841512,
GEO,2025Q2,educat7,3,1.1318790965435883,0.18316267530841512,-0.37974633651549183,
GEO,2025Q3,educat7,3,0.7521327600280965,-0.37974633651549183,0.6941054935421358,
GEO,2025Q4,educat7,3,1.4462382535702323,0.6941054935421358,,
GEO,2021Q1,educat7,4,10.783299060794322,,-0.40132106539547685,
GEO,2021Q2,educat7,4,10.381977995398845,-0.40132106539547685,-0.9056847448087542,
GEO,2021Q3,educat7,4,9.476293250590091,-0.9056847448087542,0.05687773905915705,
GEO,2021Q4,educat7,4,9.533170989649248,0.05687773905915705,0.9121298607975987,
GEO,2022Q1,educat7,4,10.445300850446847,0.9121298607975987,-0.4111228401567324,
GEO,2022Q2,educat7,4,10.034178010290114,-0.4111228401567324,-0.6310275647351933,
GEO,2022Q3,educat7,4,9.403150445554921,-0.6310275647351933,0.058648763567978435,
GEO,2022Q4,educat7,4,9.4617992091229,0.058648763567978435,0.21820905015577452,
GEO,2023Q1,educat7,4,9.680008259278674,0.21820905015577452,-0.1613185233508858,
GEO,2023Q2,educat7,4,9.518689735927788,-0.1613185233508858,-0.4361727681053367,
GEO,2023Q3,educat7,4,9.082516967822452,-0.4361727681053367,0.03686667919681774,
GEO,2023Q4,educat7,4,9.11938364701927,0.03686667919681774,0.34314469975666917,
GEO,2024Q1,educat7,4,9.462528346775938,0.34314469975666917,0.36818111402119236,
GEO,2024Q2,educat7,4,9.83070946079713,0.36818111402119236,0.49797333261992804,
GEO,2024Q3,educat7,4,10.328682793417059,0.49797333261992804,-1.0856639075254755,
GEO,2024Q4,educat7,4,9.243018885891583,-1.0856639075254755,-0.3290134921308496,
GEO,2025Q1,educat7,4,8.914005393760734,-0.3290134921308496,0.28778747175324604,
GEO,2025Q2,educat7,4,9.20179286551398,0.28778747175324604,0.14566250878712772,
GEO,2025Q3,educat7,4,9.347455374301108,0.14566250878712772,-0.9022023049515919,
GEO,2025Q4,educat7,4,8.445253069349516,-0.9022023049515919,,
GEO,2021Q1,educat7,5,40.98523883982401,,1.134621623618436,
GEO,2021Q2,educat7,5,42.11986046344244,1.134621623618436,0.6441073315220578,
GEO,2021Q3,educat7,5,42.7639677949645,0.6441073315220578,0.13827474405328388,
GEO,2021Q4,educat7,5,42.902242539017784,0.13827474405328388,-0.4410015209882445,
GEO,2022Q1,educat7,5,42.46124101802954,-0.4410015209882445,-0.27580457039195494,
GEO,2022Q2,educat7,5,42.185436447637585,-0.27580457039195494,0.30884405348944455,
GEO,2022Q3,educat7,5,42.49428050112703,0.30884405348944455,0.40861266774623317,
GEO,2022Q4,educat7,5,42.90289316887326,0.40861266774623317,-0.30969662982112567,
GEO,2023Q1,educat7,5,42.59319653905214,-0.30969662982112567,-0.6466979004855773,
GEO,2023Q2,educat7,5,41.94649863856656,-0.6466979004855773,0.6255370353582634,
GEO,2023Q3,educat7,5,42.57203567392482,0.6255370353582634,1.4092290312773557,
GEO,2023Q4,educat7,5,43.98126470520218,1.4092290312773557,0.4742148954309471,
GEO,2024Q1,educat7,5,44.455479600633126,0.4742148954309471,-0.8173436919687092,
GEO,2024Q2,educat7,5,43.63813590866442,-0.8173436919687092,-0.8798885604535087,
GEO,2024Q3,educat7,5,42.75824734821091,-0.8798885604535087,1.0049682799071462,
GEO,2024Q4,educat7,5,43.763215628118054,1.0049682799071462,2.0863363617301474,
GEO,2025Q1,educat7,5,45.8495519898482,2.0863363617301474,0.19212339052072025,
GEO,2025Q2,educat7,5,46.04167538036892,0.19212339052072025,-0.7341148424576431,
GEO,2025Q3,educat7,5,45.30756053791128,-0.7341148424576431,-0.2157279646211805,
GEO,2025Q4,educat7,5,45.0918325732901,-0.2157279646211805,,
GEO,2021Q1,educat7,6,16.481186687076423,,-0.8022480374181598,
GEO,2021Q2,educat7,6,15.678938649658264,-0.8022480374181598,0.2999224920075765,
GEO,2021Q3,educat7,6,15.97886114166584,0.2999224920075765,-0.7641061863302507,
GEO,2021Q4,educat7,6,15.21475495533559,-0.7641061863302507,-0.1274157642817464,
GEO,2022Q1,educat7,6,15.087339191053843,-0.1274157642817464,0.39788980140644625,
GEO,2022Q2,educat7,6,15.48522899246029,0.39788980140644625,0.4718348015900258,
GEO,2022Q3,educat7,6,15.957063794050315,0.4718348015900258,-0.5059200343689323,
GEO,2022Q4,educat7,6,15.451143759681383,-0.5059200343689323,-0.5586860712070365,
GEO,2023Q1,educat7,6,14.892457688474346,-0.5586860712070365,0.22878739670272807,
GEO,2023Q2,educat7,6,15.121245085177074,0.22878739670272807,0.07764605196938312,
GEO,2023Q3,educat7,6,15.198891137146457,0.07764605196938312,-0.3717397320602611,
GEO,2023Q4,educat7,6,14.827151405086196,-0.3717397320602611,-0.13684062322746904,
GEO,2024Q1,educat7,6,14.690310781858727,-0.13684062322746904,-0.10538847339015156,
GEO,2024Q2,educat7,6,14.584922308468576,-0.10538847339015156,0.27277496713646343,
GEO,2024Q3,educat7,6,14.85769727560504,0.27277496713646343,-0.05643182117500878,
GEO,2024Q4,educat7,6,14.80126545443003,-0.05643182117500878,-0.1597874432048041,
GEO,2025Q1,educat7,6,14.641478011225226,-0.1597874432048041,-0.6304085978636849,
GEO,2025Q2,educat7,6,14.011069413361541,-0.6304085978636849,0.185090038148358,
GEO,2025Q3,educat7,6,14.1961594515099,0.185090038148358,0.7025068720801375,
GEO,2025Q4,educat7,6,14.898666323590037,0.7025068720801375,,
GEO,2021Q1,educat7,7,29.3380288519645,,0.18258873545445908,
GEO,2021Q2,educat7,7,29.520617587418958,0.18258873545445908,0.4864465314935913,
GEO,2021Q3,educat7,7,30.00706411891255,0.4864465314935913,0.20558493749149775,
GEO,2021Q4,educat7,7,30.212649056404047,0.20558493749149775,-0.46869611743851536,
GEO,2022Q1,educat7,7,29.74395293896553,-0.46869611743851536,0.4790092389438456,
GEO,2022Q2,educat7,7,30.222962177909377,0.4790092389438456,0.1554333549702669,
GEO,2022Q3,educat7,7,30.378395532879644,0.1554333549702669,0.008555870074207661,
GEO,2022Q4,educat7,7,30.38695140295385,0.008555870074207661,0.0964358326984538,
GEO,2023Q1,educat7,7,30.483387235652305,0.0964358326984538,0.4321286536192481,
GEO,2023Q2,educat7,7,30.915515889271553,0.4321286536192481,0.3418130439005118,
GEO,2023Q3,educat7,7,31.257328933172065,0.3418130439005118,-1.0747090520232732,
GEO,2023Q4,educat7,7,30.182619881148792,-1.0747090520232732,-0.8605346779093352,
GEO,2024Q1,educat7,7,29.322085203239457,-0.8605346779093352,0.2735659501261374,
GEO,2024Q2,educat7,7,29.595651153365594,0.2735659501261374,0.48051536337327505,
GEO,2024Q3,educat7,7,30.07616651673887,0.48051536337327505,0.33792862930591383,
GEO,2024Q4,educat7,7,30.414095146044783,0.33792862930591383,-1.4863955495308403,
GEO,2025Q1,educat7,7,28.927699596513943,-1.4863955495308403,-0.048451476538570404,
GEO,2025Q2,educat7,7,28.879248119975372,-0.048451476538570404,0.8234083278211877,
GEO,2025Q3,educat7,7,29.70265644779656,0.8234083278211877,-0.28506625960306664,
GEO,2025Q4,educat7,7,29.417590188193493,-0.28506625960306664,,
GEO,2021Q1,educat7,NA,0.3280065645294662,,-0.06051458535019699,
GEO,2021Q2,educat7,NA,0.2674919791792692,-0.06051458535019699,0.010869025225887452,
GEO,2021Q3,educat7,NA,0.27836100440515665,0.010869025225887452,0.05445459807916653,
GEO,2021Q4,educat7,NA,0.3328156024843232,0.05445459807916653,0.021320219056554013,
GEO,2022Q1,educat7,NA,0.3541358215408772,0.021320219056554013,-0.02364424658937636,
GEO,2022Q2,educat7,NA,0.33049157495150083,-0.02364424658937636,0.03775999319919582,
GEO,2022Q3,educat7,NA,0.36825156815069665,0.03775999319919582,-0.029124834965567947,
GEO,2022Q4,educat7,NA,0.3391267331851287,-0.029124834965567947,0.07472773670587035,
GEO,2023Q1,educat7,NA,0.41385446989099905,0.07472773670587035,-0.028984616355148318,
GEO,2023Q2,educat7,NA,0.38486985353585074,-0.028984616355148318,0.10442264392349326,
GEO,2023Q3,educat7,NA,0.489292497459344,0.10442264392349326,0.10832580411746806,
GEO,2023Q4,educat7,NA,0.5976183015768121,0.10832580411746806,-0.11654064587388663,
GEO,2024Q1,educat7,NA,0.48107765570292543,-0.11654064587388663,-0.0349035334037231,
GEO,2024Q2,educat7,NA,0.44617412229920234,-0.0349035334037231,-0.04412693465428991,
GEO,2024Q3,educat7,NA,0.40204718764491243,-0.04412693465428991,0.08389901195926808,
GEO,2024Q4,educat7,NA,0.4859461996041805,0.08389901195926808,-0.1222046792808954,
GEO,2025Q1,educat7,NA,0.3637415203232851,-0.1222046792808954,-0.014190669209395768,
GEO,2025Q2,educat7,NA,0.34955085111388934,-0.014190669209395768,-0.013256456708834685,
GEO,2025Q3,educat7,NA,0.33629439440505465,-0.013256456708834685,0.039304628204270775,
GEO,2025Q4,educat7,NA,0.37559902260932543,0.039304628204270775,,
GEO,2021Q1,empstat,1,69.29381792347222,,-0.8137356764586912,
GEO,2021Q2,empstat,1,68.48008224701353,-0.8137356764586912,-1.2080286680643724,
GEO,2021Q3,empstat,1,67.27205357894915,-1.2080286680643724,0.33078110165573094,
GEO,2021Q4,empstat,1,67.60283468060489,0.33078110165573094,0.4802700166505929,
GEO,2022Q1,empstat,1,68.08310469725548,0.4802700166505929,0.26261111392462055,
GEO,2022Q2,empstat,1,68.3457158111801,0.26261111392462055,-1.0834929239415771,
GEO,2022Q3,empstat,1,67.26222288723852,-1.0834929239415771,0.47136124741709295,
GEO,2022Q4,empstat,1,67.73358413465562,0.47136124741709295,0.15630165822938125,
GEO,2023Q1,empstat,1,67.889885792885,0.15630165822938125,1.169489222684959,
GEO,2023Q2,empstat,1,69.05937501556996,1.169489222684959,-0.027430579352497375,
GEO,2023Q3,empstat,1,69.03194443621746,-0.027430579352497375,0.7850261325172738,
GEO,2023Q4,empstat,1,69.81697056873473,0.7850261325172738,-1.8432195187174472,
GEO,2024Q1,empstat,1,67.97375105001728,-1.8432195187174472,-0.5444814771089455,
GEO,2024Q2,empstat,1,67.42926957290834,-0.5444814771089455,1.7915147709592105,
GEO,2024Q3,empstat,1,69.22078434386755,1.7915147709592105,0.05267911037550732,
GEO,2024Q4,empstat,1,69.27346345424306,0.05267911037550732,-0.5435407565014003,
GEO,2025Q1,empstat,1,68.72992269774166,-0.5435407565014003,0.10479760508573577,
GEO,2025Q2,empstat,1,68.83472030282739,0.10479760508573577,1.032856844855388,
GEO,2025Q3,empstat,1,69.86757714768278,1.032856844855388,-0.6625899359982697,
GEO,2025Q4,empstat,1,69.20498721168451,-0.6625899359982697,,
GEO,2021Q1,empstat,2,6.871454911027545,,0.7110509955918385,
GEO,2021Q2,empstat,2,7.582505906619383,0.7110509955918385,0.46799732280949335,
GEO,2021Q3,empstat,2,8.050503229428877,0.46799732280949335,-1.1834204030754583,
GEO,2021Q4,empstat,2,6.8670828263534185,-1.1834204030754583,-0.255510399591274,
GEO,2022Q1,empstat,2,6.6115724267621445,-0.255510399591274,0.025595572708861702,
GEO,2022Q2,empstat,2,6.637167999471006,0.025595572708861702,-0.043371838161097465,
GEO,2022Q3,empstat,2,6.593796161309909,-0.043371838161097465,-0.5361724775199148,
GEO,2022Q4,empstat,2,6.057623683789994,-0.5361724775199148,-0.5628785841841211,
GEO,2023Q1,empstat,2,5.494745099605873,-0.5628785841841211,0.44515223318592234,
GEO,2023Q2,empstat,2,5.939897332791795,0.44515223318592234,-0.21662282276661848,
GEO,2023Q3,empstat,2,5.723274510025177,-0.21662282276661848,-0.24693278473130498,
GEO,2023Q4,empstat,2,5.476341725293872,-0.24693278473130498,0.05115014675909091,
GEO,2024Q1,empstat,2,5.527491872052963,0.05115014675909091,1.1274727974609613,
GEO,2024Q2,empstat,2,6.654964669513924,1.1274727974609613,-0.5784080532562736,
GEO,2024Q3,empstat,2,6.07655661625765,-0.5784080532562736,-0.18984240085237847,
GEO,2024Q4,empstat,2,5.886714215405272,-0.18984240085237847,-0.5797797010799544,
GEO,2025Q1,empstat,2,5.3069345143253175,-0.5797797010799544,0.6132856479616153,
GEO,2025Q2,empstat,2,5.920220162286933,0.6132856479616153,0.02394521287767226,
GEO,2025Q3,empstat,2,5.944165375164605,0.02394521287767226,0.12089092451910233,
GEO,2025Q4,empstat,2,6.065056299683707,0.12089092451910233,,
GEO,2021Q1,empstat,4,23.72674446566444,,0.1291822330773833,
GEO,2021Q2,empstat,4,23.855926698741822,0.1291822330773833,0.7631662802436168,
GEO,2021Q3,empstat,4,24.61909297898544,0.7631662802436168,0.8591564657567972,
GEO,2021Q4,empstat,4,25.478249444742236,0.8591564657567972,-0.2596726026957974,
GEO,2022Q1,empstat,4,25.21857684204644,-0.2596726026957974,-0.2620086633670766,
GEO,2022Q2,empstat,4,24.956568178679362,-0.2620086633670766,1.1519810563741686,
GEO,2022Q3,empstat,4,26.10854923505353,1.1519810563741686,0.04410047477534107,
GEO,2022Q4,empstat,4,26.15264970982887,0.04410047477534107,0.405675418979456,
GEO,2023Q1,empstat,4,26.558325128808328,0.405675418979456,-1.5947526295892196,
GEO,2023Q2,empstat,4,24.963572499219108,-1.5947526295892196,0.25778409626424903,
GEO,2023Q3,empstat,4,25.221356595483357,0.25778409626424903,-0.5539115287081167,
GEO,2023Q4,empstat,4,24.66744506677524,-0.5539115287081167,1.7775053502001015,
GEO,2024Q1,empstat,4,26.44495041697534,1.7775053502001015,-0.5675955425085633,
GEO,2024Q2,empstat,4,25.87735487446678,-0.5675955425085633,-1.2121755009551478,
GEO,2024Q3,empstat,4,24.66517937351163,-1.2121755009551478,0.13565988718205446,
GEO,2024Q4,empstat,4,24.800839260693685,0.13565988718205446,1.0725937983820195,
GEO,2025Q1,empstat,4,25.873433059075705,1.0725937983820195,-0.8907027025617076,
GEO,2025Q2,empstat,4,24.982730356513997,-0.8907027025617076,-0.9541066655728123,
GEO,2025Q3,empstat,4,24.028623690941185,-0.9541066655728123,0.5609819138317818,
GEO,2025Q4,empstat,4,24.589605604772967,0.5609819138317818,,
GEO,2021Q1,empstat,5,0.10798269983579997,,-0.02649755221053597,
GEO,2021Q2,empstat,5,0.081485147625264,-0.02649755221053597,-0.023134934988739288,
GEO,2021Q3,empstat,5,0.05835021263652471,-0.023134934988739288,-0.006517164337054654,
GEO,2021Q4,empstat,5,0.05183304829947006,-0.006517164337054654,0.034912985636466214,
GEO,2022Q1,empstat,5,0.08674603393593627,0.034912985636466214,-0.02619802326640406,
GEO,2022Q2,empstat,5,0.060548010669532214,-0.02619802326640406,-0.025116294271507786,
GEO,2022Q3,empstat,5,0.03543171639802443,-0.025116294271507786,0.020710755327484787,
GEO,2022Q4,empstat,5,0.056142471725509215,0.020710755327484787,0.0009015069752917604,
GEO,2023Q1,empstat,5,0.057043978700800975,0.0009015069752917604,-0.019888826281671927,
GEO,2023Q2,empstat,5,0.03715515241912905,-0.019888826281671927,-0.013730694145115723,
GEO,2023Q3,empstat,5,0.023424458274013325,-0.013730694145115723,0.0158181809221281,
GEO,2023Q4,empstat,5,0.039242639196141425,0.0158181809221281,0.01456402175827054,
GEO,2024Q1,empstat,5,0.053806660954411965,0.01456402175827054,-0.0153957778434511,
GEO,2024Q2,empstat,5,0.038410883110960865,-0.0153957778434511,-0.0009312167477693173,
GEO,2024Q3,empstat,5,0.03747966636319155,-0.0009312167477693173,0.0015034032947881804,
GEO,2024Q4,empstat,5,0.03898306965797973,0.0015034032947881804,0.05072665919934372,
GEO,2025Q1,empstat,5,0.08970972885732345,0.05072665919934372,0.17261944951435984,
GEO,2025Q2,empstat,5,0.2623291783716833,0.17261944951435984,-0.1026953921602552,
GEO,2025Q3,empstat,5,0.1596337862114281,-0.1026953921602552,-0.019282902352594472,
GEO,2025Q4,empstat,5,0.14035088385883362,-0.019282902352594472,,
GEO,2021Q1,industrycat10,1,17.8774335710571,,1.4297926898472184,
GEO,2021Q2,industrycat10,1,19.30722626090432,1.4297926898472184,0.2825688702759699,
GEO,2021Q3,industrycat10,1,19.58979513118029,0.2825688702759699,-0.7934604323196126,
GEO,2021Q4,industrycat10,1,18.796334698860676,-0.7934604323196126,-0.6861302208544799,
GEO,2022Q1,industrycat10,1,18.110204478006196,-0.6861302208544799,-0.09104544093545996,
GEO,2022Q2,industrycat10,1,18.019159037070736,-0.09104544093545996,0.25152469289055546,
GEO,2022Q3,industrycat10,1,18.27068372996129,0.25152469289055546,-1.2314176306070053,
GEO,2022Q4,industrycat10,1,17.039266099354286,-1.2314176306070053,-0.1740272613284901,
GEO,2023Q1,industrycat10,1,16.865238838025796,-0.1740272613284901,0.5458920846979112,
GEO,2023Q2,industrycat10,1,17.411130922723707,0.5458920846979112,-0.48628519124072866,
GEO,2023Q3,industrycat10,1,16.92484573148298,-0.48628519124072866,-1.921968195483485,
GEO,2023Q4,industrycat10,1,15.002877535999493,-1.921968195483485,0.5688364474861292,
GEO,2024Q1,industrycat10,1,15.571713983485623,0.5688364474861292,2.262056382093437,
GEO,2024Q2,industrycat10,1,17.83377036557906,2.262056382093437,-1.9882723058373344,
GEO,2024Q3,industrycat10,1,15.845498059741725,-1.9882723058373344,-0.8875509549199112,
GEO,2024Q4,industrycat10,1,14.957947104821814,-0.8875509549199112,0.3923061762716298,
GEO,2025Q1,industrycat10,1,15.350253281093444,0.3923061762716298,1.537519521530605,
GEO,2025Q2,industrycat10,1,16.88777280262405,1.537519521530605,-1.5582059481990385,
GEO,2025Q3,industrycat10,1,15.32956685442501,-1.5582059481990385,-0.03680046147680649,
GEO,2025Q4,industrycat10,1,15.292766392948204,-0.03680046147680649,,
GEO,2021Q1,industrycat10,10,24.60048791176177,,-2.10446892488574,
GEO,2021Q2,industrycat10,10,22.49601898687603,-2.10446892488574,-1.395365130381105,
GEO,2021Q3,industrycat10,10,21.100653856494926,-1.395365130381105,2.46214880410205,
GEO,2021Q4,industrycat10,10,23.562802660596976,2.46214880410205,0.3827815612283807,
GEO,2022Q1,industrycat10,10,23.945584221825357,0.3827815612283807,-1.045351062579602,
GEO,2022Q2,industrycat10,10,22.900233159245754,-1.045351062579602,-1.123034419365677,
GEO,2022Q3,industrycat10,10,21.777198739880077,-1.123034419365677,0.7258943928973203,
GEO,2022Q4,industrycat10,10,22.503093132777398,0.7258943928973203,0.8909864882875667,
GEO,2023Q1,industrycat10,10,23.394079621064964,0.8909864882875667,-0.7857399626812551,
GEO,2023Q2,industrycat10,10,22.60833965838371,-0.7857399626812551,-0.7832263347959803,
GEO,2023Q3,industrycat10,10,21.82511332358773,-0.7832263347959803,-0.8530150644766294,
GEO,2023Q4,industrycat10,10,20.9720982591111,-0.8530150644766294,0.7055589425581061,
GEO,2024Q1,industrycat10,10,21.677657201669206,0.7055589425581061,-0.27208276090488326,
GEO,2024Q2,industrycat10,10,21.405574440764322,-0.27208276090488326,0.48390594408050447,
GEO,2024Q3,industrycat10,10,21.889480384844827,0.48390594408050447,0.4119427384696621,
GEO,2024Q4,industrycat10,10,22.30142312331449,0.4119427384696621,-0.2957237591488493,
GEO,2025Q1,industrycat10,10,22.00569936416564,-0.2957237591488493,0.34125554860297314,
GEO,2025Q2,industrycat10,10,22.346954912768613,0.34125554860297314,0.45731744507781613,
GEO,2025Q3,industrycat10,10,22.80427235784643,0.45731744507781613,-0.2737175224401227,
GEO,2025Q4,industrycat10,10,22.530554835406306,-0.2737175224401227,,
GEO,2021Q1,industrycat10,2,1.1107450593654165,,-0.15541597130397844,
GEO,2021Q2,industrycat10,2,0.955329088061438,-0.15541597130397844,-0.30584672170838767,
GEO,2021Q3,industrycat10,2,0.6494823663530503,-0.30584672170838767,-0.1354018763140432,
GEO,2021Q4,industrycat10,2,0.5140804900390071,-0.1354018763140432,0.08775801618740464,
GEO,2022Q1,industrycat10,2,0.6018385062264118,0.08775801618740464,0.19405349180102094,
GEO,2022Q2,industrycat10,2,0.7958919980274327,0.19405349180102094,0.12468732697344265,
GEO,2022Q3,industrycat10,2,0.9205793250008754,0.12468732697344265,-0.027646198567037872,
GEO,2022Q4,industrycat10,2,0.8929331264338375,-0.027646198567037872,-0.20677165068129444,
GEO,2023Q1,industrycat10,2,0.686161475752543,-0.20677165068129444,0.08691309764070054,
GEO,2023Q2,industrycat10,2,0.7730745733932436,0.08691309764070054,0.18259551524404594,
GEO,2023Q3,industrycat10,2,0.9556700886372895,0.18259551524404594,0.0020955483747964188,
GEO,2023Q4,industrycat10,2,0.957765637012086,0.0020955483747964188,-0.38790397204917404,
GEO,2024Q1,industrycat10,2,0.5698616649629119,-0.38790397204917404,0.16064428169238243,
GEO,2024Q2,industrycat10,2,0.7305059466552943,0.16064428169238243,0.19333101408013675,
GEO,2024Q3,industrycat10,2,0.9238369607354311,0.19333101408013675,-0.19477089817951365,
GEO,2024Q4,industrycat10,2,0.7290660625559174,-0.19477089817951365,-0.13653737807123667,
GEO,2025Q1,industrycat10,2,0.5925286844846808,-0.13653737807123667,0.08742075720988118,
GEO,2025Q2,industrycat10,2,0.679949441694562,0.08742075720988118,0.125835640321723,
GEO,2025Q3,industrycat10,2,0.805785082016285,0.125835640321723,-0.0878568276272974,
GEO,2025Q4,industrycat10,2,0.7179282543889876,-0.0878568276272974,,
GEO,2021Q1,industrycat10,3,6.972119031128741,,0.8453591224474328,
GEO,2021Q2,industrycat10,3,7.8174781535761735,0.8453591224474328,0.9310202605351474,
GEO,2021Q3,industrycat10,3,8.748498414111321,0.9310202605351474,-0.33284565081338613,
GEO,2021Q4,industrycat10,3,8.415652763297935,-0.33284565081338613,-0.7838283660353795,
GEO,2022Q1,industrycat10,3,7.631824397262555,-0.7838283660353795,0.011956874181811017,
GEO,2022Q2,industrycat10,3,7.643781271444366,0.011956874181811017,0.48313916298906,
GEO,2022Q3,industrycat10,3,8.126920434433426,0.48313916298906,0.31356399615058095,
GEO,2022Q4,industrycat10,3,8.440484430584007,0.31356399615058095,-0.797663338669043,
GEO,2023Q1,industrycat10,3,7.642821091914964,-0.797663338669043,-0.5121961593128477,
GEO,2023Q2,industrycat10,3,7.1306249326021165,-0.5121961593128477,0.1633966943403733,
GEO,2023Q3,industrycat10,3,7.29402162694249,0.1633966943403733,-0.37724322831775847,
GEO,2023Q4,industrycat10,3,6.916778398624731,-0.37724322831775847,1.0075235737475197,
GEO,2024Q1,industrycat10,3,7.924301972372251,1.0075235737475197,0.08767363535175132,
GEO,2024Q2,industrycat10,3,8.011975607724002,0.08767363535175132,-0.23125997181962443,
GEO,2024Q3,industrycat10,3,7.780715635904378,-0.23125997181962443,0.27170902785447826,
GEO,2024Q4,industrycat10,3,8.052424663758856,0.27170902785447826,0.3369194671306346,
GEO,2025Q1,industrycat10,3,8.38934413088949,0.3369194671306346,0.03924730841631252,
GEO,2025Q2,industrycat10,3,8.428591439305803,0.03924730841631252,-0.18501430450359813,
GEO,2025Q3,industrycat10,3,8.243577134802205,-0.18501430450359813,-0.38314926480966616,
GEO,2025Q4,industrycat10,3,7.860427869992539,-0.38314926480966616,,
GEO,2021Q1,industrycat10,4,2.4734473423610295,,0.19055744889420767,
GEO,2021Q2,industrycat10,4,2.664004791255237,0.19055744889420767,-0.14865464738309786,
GEO,2021Q3,industrycat10,4,2.5153501438721393,-0.14865464738309786,-0.36491546301722755,
GEO,2021Q4,industrycat10,4,2.1504346808549117,-0.36491546301722755,0.46877075055639583,
GEO,2022Q1,industrycat10,4,2.6192054314113076,0.46877075055639583,0.5014760340623292,
GEO,2022Q2,industrycat10,4,3.120681465473637,0.5014760340623292,0.11633508288898087,
GEO,2022Q3,industrycat10,4,3.2370165483626177,0.11633508288898087,0.12368045811786699,
GEO,2022Q4,industrycat10,4,3.3606970064804846,0.12368045811786699,0.5661624967090844,
GEO,2023Q1,industrycat10,4,3.926859503189569,0.5661624967090844,0.04147471920648016,
GEO,2023Q2,industrycat10,4,3.968334222396049,0.04147471920648016,-0.21384261587512787,
GEO,2023Q3,industrycat10,4,3.7544916065209213,-0.21384261587512787,1.1234563351251659,
GEO,2023Q4,industrycat10,4,4.877947941646087,1.1234563351251659,0.020149364983037543,
GEO,2024Q1,industrycat10,4,4.898097306629125,0.020149364983037543,-1.0653282359324239,
GEO,2024Q2,industrycat10,4,3.832769070696701,-1.0653282359324239,-0.009072698330736095,
GEO,2024Q3,industrycat10,4,3.8236963723659647,-0.009072698330736095,0.33037353070544917,
GEO,2024Q4,industrycat10,4,4.154069903071414,0.33037353070544917,-0.034162529100298045,
GEO,2025Q1,industrycat10,4,4.119907373971116,-0.034162529100298045,0.24816612931067805,
GEO,2025Q2,industrycat10,4,4.368073503281794,0.24816612931067805,-0.10654660810397942,
GEO,2025Q3,industrycat10,4,4.2615268951778145,-0.10654660810397942,0.216915896946408,
GEO,2025Q4,industrycat10,4,4.4784427921242225,0.216915896946408,,
GEO,2021Q1,industrycat10,5,7.339861591966631,,0.14036301562117703,
GEO,2021Q2,industrycat10,5,7.480224607587808,0.14036301562117703,0.412039565958807,
GEO,2021Q3,industrycat10,5,7.892264173546615,0.412039565958807,0.35870877729643613,
GEO,2021Q4,industrycat10,5,8.250972950843051,0.35870877729643613,0.0533336298505489,
GEO,2022Q1,industrycat10,5,8.3043065806936,0.0533336298505489,-0.050140450212547094,
GEO,2022Q2,industrycat10,5,8.254166130481053,-0.050140450212547094,0.4175112285403664,
GEO,2022Q3,industrycat10,5,8.67167735902142,0.4175112285403664,-0.09093360478308554,
GEO,2022Q4,industrycat10,5,8.580743754238334,-0.09093360478308554,-0.29700591658884434,
GEO,2023Q1,industrycat10,5,8.28373783764949,-0.29700591658884434,0.14700055974289583,
GEO,2023Q2,industrycat10,5,8.430738397392386,0.14700055974289583,0.5257127486172255,
GEO,2023Q3,industrycat10,5,8.956451146009611,0.5257127486172255,0.6434204170953688,
GEO,2023Q4,industrycat10,5,9.59987156310498,0.6434204170953688,-0.6459507863376039,
GEO,2024Q1,industrycat10,5,8.953920776767376,-0.6459507863376039,-0.44384210435239524,
GEO,2024Q2,industrycat10,5,8.51007867241498,-0.44384210435239524,0.551465745969459,
GEO,2024Q3,industrycat10,5,9.06154441838444,0.551465745969459,-0.1391814409355856,
GEO,2024Q4,industrycat10,5,8.922362977448854,-0.1391814409355856,-0.12232404401725638,
GEO,2025Q1,industrycat10,5,8.800038933431598,-0.12232404401725638,-0.33376638367546896,
GEO,2025Q2,industrycat10,5,8.466272549756129,-0.33376638367546896,0.7413435158142594,
GEO,2025Q3,industrycat10,5,9.207616065570388,0.7413435158142594,-0.40802892965909265,
GEO,2025Q4,industrycat10,5,8.799587135911295,-0.40802892965909265,,
GEO,2021Q1,industrycat10,6,17.292069331262937,,0.43388623901046586,
GEO,2021Q2,industrycat10,6,17.725955570273403,0.43388623901046586,0.5380129749179616,
GEO,2021Q3,industrycat10,6,18.263968545191364,0.5380129749179616,-1.2275022503415656,
GEO,2021Q4,industrycat10,6,17.0364662948498,-1.2275022503415656,1.2082734789169365,
GEO,2022Q1,industrycat10,6,18.244739773766735,1.2082734789169365,-0.2345427927645396,
GEO,2022Q2,industrycat10,6,18.010196981002196,-0.2345427927645396,0.4769904993015608,
GEO,2022Q3,industrycat10,6,18.487187480303756,0.4769904993015608,0.07039139190444388,
GEO,2022Q4,industrycat10,6,18.5575788722082,0.07039139190444388,0.06596937008436754,
GEO,2023Q1,industrycat10,6,18.623548242292568,0.06596937008436754,0.23607269491438032,
GEO,2023Q2,industrycat10,6,18.859620937206948,0.23607269491438032,0.30002833855204614,
GEO,2023Q3,industrycat10,6,19.159649275758994,0.30002833855204614,1.1408812114140972,
GEO,2023Q4,industrycat10,6,20.30053048717309,1.1408812114140972,0.5853231915614217,
GEO,2024Q1,industrycat10,6,20.885853678734513,0.5853231915614217,-1.1002400949792595,
GEO,2024Q2,industrycat10,6,19.785613583755254,-1.1002400949792595,1.1746975118240428,
GEO,2024Q3,industrycat10,6,20.960311095579296,1.1746975118240428,-0.7217737283694774,
GEO,2024Q4,industrycat10,6,20.23853736720982,-0.7217737283694774,-0.5355930559147417,
GEO,2025Q1,industrycat10,6,19.702944311295077,-0.5355930559147417,-1.2109446408888118,
GEO,2025Q2,industrycat10,6,18.491999670406265,-1.2109446408888118,1.2130051136219357,
GEO,2025Q3,industrycat10,6,19.7050047840282,1.2130051136219357,0.7264635329614926,
GEO,2025Q4,industrycat10,6,20.431468316989694,0.7264635329614926,,
GEO,2021Q1,industrycat10,7,8.63179627102484,,-1.495407844807283,
GEO,2021Q2,industrycat10,7,7.1363884262175565,-1.495407844807283,0.023472884594112564,
GEO,2021Q3,industrycat10,7,7.159861310811669,0.023472884594112564,1.0384839262385412,
GEO,2021Q4,industrycat10,7,8.19834523705021,1.0384839262385412,-0.5178814533972877,
GEO,2022Q1,industrycat10,7,7.680463783652923,-0.5178814533972877,-0.31400282234093346,
GEO,2022Q2,industrycat10,7,7.366460961311989,-0.31400282234093346,-0.022695703496342645,
GEO,2022Q3,industrycat10,7,7.3437652578156465,-0.022695703496342645,0.1456693011325081,
GEO,2022Q4,industrycat10,7,7.489434558948155,0.1456693011325081,0.7593838894995599,
GEO,2023Q1,industrycat10,7,8.248818448447715,0.7593838894995599,-0.219358668331882,
GEO,2023Q2,industrycat10,7,8.029459780115833,-0.219358668331882,-0.4068072297479528,
GEO,2023Q3,industrycat10,7,7.62265255036788,-0.4068072297479528,0.453501654947825,
GEO,2023Q4,industrycat10,7,8.076154205315705,0.453501654947825,-0.8177748595042909,
GEO,2024Q1,industrycat10,7,7.258379345811414,-0.8177748595042909,-0.03722229684970557,
GEO,2024Q2,industrycat10,7,7.221157048961708,-0.03722229684970557,-0.3405332030530639,
GEO,2024Q3,industrycat10,7,6.880623845908644,-0.3405332030530639,0.6583294180910997,
GEO,2024Q4,industrycat10,7,7.538953263999744,0.6583294180910997,0.5534808077034636,
GEO,2025Q1,industrycat10,7,8.092434071703208,0.5534808077034636,-0.9287698976973786,
GEO,2025Q2,industrycat10,7,7.163664174005829,-0.9287698976973786,0.2156617558559102,
GEO,2025Q3,industrycat10,7,7.379325929861739,0.2156617558559102,0.14225945034621112,
GEO,2025Q4,industrycat10,7,7.52158538020795,0.14225945034621112,,
GEO,2021Q1,industrycat10,8,6.216978583842039,,0.4331651243196646,
GEO,2021Q2,industrycat10,8,6.650143708161703,0.4331651243196646,-0.24622400706880487,
GEO,2021Q3,industrycat10,8,6.4039197010928985,-0.24622400706880487,-0.8438597026384889,
GEO,2021Q4,industrycat10,8,5.56005999845441,-0.8438597026384889,0.30473918580625536,
GEO,2022Q1,industrycat10,8,5.864799184260665,0.30473918580625536,0.6036182451192325,
GEO,2022Q2,industrycat10,8,6.4684174293798975,0.6036182451192325,-0.6701711312295373,
GEO,2022Q3,industrycat10,8,5.79824629815036,-0.6701711312295373,0.49604081611217676,
GEO,2022Q4,industrycat10,8,6.294287114262537,0.49604081611217676,-0.35411577935653415,
GEO,2023Q1,industrycat10,8,5.940171334906003,-0.35411577935653415,0.31233768387320726,
GEO,2023Q2,industrycat10,8,6.25250901877921,0.31233768387320726,0.08157593950586328,
GEO,2023Q3,industrycat10,8,6.334084958285073,0.08157593950586328,-0.5165789535567429,
GEO,2023Q4,industrycat10,8,5.8175060047283305,-0.5165789535567429,-0.05483400569000363,
GEO,2024Q1,industrycat10,8,5.762671999038327,-0.05483400569000363,0.888940346583964,
GEO,2024Q2,industrycat10,8,6.651612345622291,0.888940346583964,0.49336554200197025,
GEO,2024Q3,industrycat10,8,7.144977887624261,0.49336554200197025,-0.7604049576124963,
GEO,2024Q4,industrycat10,8,6.384572930011765,-0.7604049576124963,-0.18991390954509146,
GEO,2025Q1,industrycat10,8,6.194659020466673,-0.18991390954509146,0.4381757279628964,
GEO,2025Q2,industrycat10,8,6.63283474842957,0.4381757279628964,-0.16094616288986785,
GEO,2025Q3,industrycat10,8,6.471888585539702,-0.16094616288986785,-0.0896391974393822,
GEO,2025Q4,industrycat10,8,6.38224938810032,-0.0896391974393822,,
GEO,2021Q1,industrycat10,9,7.4222537026853495,,0.3045786758286617,
GEO,2021Q2,industrycat10,9,7.726832378514011,0.3045786758286617,-0.050626021168270086,
GEO,2021Q3,industrycat10,9,7.676206357345741,-0.050626021168270086,-0.16135613219274436,
GEO,2021Q4,industrycat10,9,7.514850225152997,-0.16135613219274436,-0.5568517117542138,
GEO,2022Q1,industrycat10,9,6.957998513398783,-0.5568517117542138,0.4205629263043802,
GEO,2022Q2,industrycat10,9,7.378561439703163,0.4205629263043802,-0.021562128936567504,
GEO,2022Q3,industrycat10,9,7.356999310766596,-0.021562128936567504,-0.5155174060538421,
GEO,2022Q4,industrycat10,9,6.8414819047127535,-0.5155174060538421,-0.4529182979563613,
GEO,2023Q1,industrycat10,9,6.388563606756392,-0.4529182979563613,0.14760395025041273,
GEO,2023Q2,industrycat10,9,6.536167557006805,0.14760395025041273,0.6368521354002219,
GEO,2023Q3,industrycat10,9,7.173019692407027,0.6368521354002219,0.3054502748773693,
GEO,2023Q4,industrycat10,9,7.478469967284396,0.3054502748773693,-0.9856550637433177,
GEO,2024Q1,industrycat10,9,6.4928149035410785,-0.9856550637433177,-0.4758719857146829,
GEO,2024Q2,industrycat10,9,6.016942917826396,-0.4758719857146829,-0.32762757891536864,
GEO,2024Q3,industrycat10,9,5.689315338911027,-0.32762757891536864,1.0313272648962846,
GEO,2024Q4,industrycat10,9,6.7206426038073115,1.0313272648962846,0.03154822469177798,
GEO,2025Q1,industrycat10,9,6.7521908284990895,0.03154822469177798,-0.21830407077168967,
GEO,2025Q2,industrycat10,9,6.5338867577274,-0.21830407077168967,-0.7542301835908098,
GEO,2025Q3,industrycat10,9,5.77965657413659,-0.7542301835908098,0.20533305979389027,
GEO,2025Q4,industrycat10,9,5.98498963393048,0.20533305979389027,,
GEO,2021Q1,industrycat10,NA,0.0628076035441568,,-0.02240957497183433,
GEO,2021Q2,industrycat10,NA,0.04039802857232248,-0.02240957497183433,-0.00136289907684254,
GEO,2022Q1,industrycat10,NA,0.03903512949547994,-0.00136289907684254,0.0034149973642809556,
GEO,2022Q2,industrycat10,NA,0.04245012685976089,0.0034149973642809556,-0.032724610555828954,
GEO,2022Q3,industrycat10,NA,0.009725516303931937,-0.032724610555828954,-0.004998349315760483,
GEO,2024Q1,industrycat10,NA,0.004727166988171454,-0.004998349315760483,0.007052569607484963,
GEO,2025Q3,industrycat10,NA,0.011779736595656417,0.007052569607484963,,
GEO,2021Q1,lstatus,1,37.72338248099928,,2.3342192219913755,
GEO,2021Q2,lstatus,1,40.05760170299065,2.3342192219913755,2.463290058399018,
GEO,2021Q3,lstatus,1,42.52089176138967,2.463290058399018,-1.0640033949589949,
GEO,2021Q4,lstatus,1,41.456888366430675,-1.0640033949589949,-1.2466970756364049,
GEO,2022Q1,lstatus,1,40.21019129079427,-1.2466970756364049,1.9742004832114262,
GEO,2022Q2,lstatus,1,42.1843917740057,1.9742004832114262,3.0100513761531644,
GEO,2022Q3,lstatus,1,45.19444315015886,3.0100513761531644,-0.9822257971408703,level_shift
GEO,2022Q4,lstatus,1,44.21221735301799,-0.9822257971408703,-1.6067597429533222,
GEO,2023Q1,lstatus,1,42.60545761006467,-1.6067597429533222,1.6457020854354951,
GEO,2023Q2,lstatus,1,44.251159695500164,1.6457020854354951,1.0063656868197768,
GEO,2023Q3,lstatus,1,45.25752538231994,1.0063656868197768,0.7359033501048557,
GEO,2023Q4,lstatus,1,45.993428732424796,0.7359033501048557,1.306578503992128,
GEO,2024Q1,lstatus,1,47.300007236416924,1.306578503992128,-0.27619006987056594,
GEO,2024Q2,lstatus,1,47.02381716654636,-0.27619006987056594,0.07482660384744833,
GEO,2024Q3,lstatus,1,47.09864377039381,0.07482660384744833,0.029173159794744663,
GEO,2024Q4,lstatus,1,47.12781693018855,0.029173159794744663,-0.361907992802621,
GEO,2025Q1,lstatus,1,46.76590893738593,-0.361907992802621,-0.35110518399208956,
GEO,2025Q2,lstatus,1,46.41480375339384,-0.35110518399208956,0.8875583082119078,
GEO,2025Q3,lstatus,1,47.30236206160575,0.8875583082119078,-0.18851097952472173,
GEO,2025Q4,lstatus,1,47.11385108208103,-0.18851097952472173,,
GEO,2021Q1,lstatus,2,10.60144658267634,,0.7636925129997874,
GEO,2021Q2,lstatus,2,11.365139095676128,0.7636925129997874,-1.0494583706331468,
GEO,2021Q3,lstatus,2,10.31568072504298,-1.0494583706331468,-0.5901682552936833,
GEO,2021Q4,lstatus,2,9.725512469749297,-0.5901682552936833,-0.02928647279524732,
GEO,2022Q1,lstatus,2,9.69622599695405,-0.02928647279524732,-0.3432343540273699,
GEO,2022Q2,lstatus,2,9.35299164292668,-0.3432343540273699,-1.0123893021776116,
GEO,2022Q3,lstatus,2,8.340602340749069,-1.0123893021776116,0.11245808578457783,
GEO,2022Q4,lstatus,2,8.453060426533646,0.11245808578457783,0.8997041573875215,
GEO,2023Q1,lstatus,2,9.352764583921168,0.8997041573875215,-0.45350391614726604,
GEO,2023Q2,lstatus,2,8.899260667773902,-0.45350391614726604,-0.5462778899792422,
GEO,2023Q3,lstatus,2,8.35298277779466,-0.5462778899792422,-0.02190403587338352,
GEO,2023Q4,lstatus,2,8.331078741921276,-0.02190403587338352,-0.6175151223822564,
GEO,2024Q1,lstatus,2,7.71356361953902,-0.6175151223822564,-0.2682233004988941,
GEO,2024Q2,lstatus,2,7.445340319040126,-0.2682233004988941,0.10747998219396226,
GEO,2024Q3,lstatus,2,7.552820301234088,0.10747998219396226,0.25240357012009085,
GEO,2024Q4,lstatus,2,7.805223871354179,0.25240357012009085,0.22396984505935702,
GEO,2025Q1,lstatus,2,8.029193716413536,0.22396984505935702,-0.29768901571100237,
GEO,2025Q2,lstatus,2,7.7315047007025335,-0.29768901571100237,-0.49178330238579004,
GEO,2025Q3,lstatus,2,7.239721398316743,-0.49178330238579004,-0.002725146284559443,
GEO,2025Q4,lstatus,2,7.236996252032184,-0.002725146284559443,,
GEO,2021Q1,lstatus,3,51.67517093632437,,-3.0979117349911505,
GEO,2021Q2,lstatus,3,48.57725920133322,-3.0979117349911505,-1.413831687765878,level_shift
GEO,2021Q3,lstatus,3,47.16342751356734,-1.413831687765878,1.6541716502526782,
GEO,2021Q4,lstatus,3,48.81759916382002,1.6541716502526782,1.275983548431654,
GEO,2022Q1,lstatus,3,50.093582712251674,1.275983548431654,-1.6309661291840456,
GEO,2022Q2,lstatus,3,48.46261658306763,-1.6309661291840456,-1.997662073975576,
GEO,2022Q3,lstatus,3,46.46495450909205,-1.997662073975576,0.8697677113563103,
GEO,2022Q4,lstatus,3,47.33472222044836,0.8697677113563103,0.7070555855657901,
GEO,2023Q1,lstatus,3,48.04177780601415,0.7070555855657901,-1.1921981692882255,
GEO,2023Q2,lstatus,3,46.84957963672593,-1.1921981692882255,-0.4600877968405257,
GEO,2023Q3,lstatus,3,46.3894918398854,-0.4600877968405257,-0.7139993142314793,
GEO,2023Q4,lstatus,3,45.67549252565392,-0.7139993142314793,-0.6890633816098699,
GEO,2024Q1,lstatus,3,44.98642914404405,-0.6890633816098699,0.5444133703694689,
GEO,2024Q2,lstatus,3,45.53084251441352,0.5444133703694689,-0.18230658604142036,
GEO,2024Q3,lstatus,3,45.3485359283721,-0.18230658604142036,-0.28157672991483196,
GEO,2024Q4,lstatus,3,45.06695919845727,-0.28157672991483196,0.13793814774326307,
GEO,2025Q1,lstatus,3,45.20489734620053,0.13793814774326307,0.6487941997030973,
GEO,2025Q2,lstatus,3,45.85369154590363,0.6487941997030973,-0.3957750058261311,
GEO,2025Q3,lstatus,3,45.4579165400775,-0.3957750058261311,0.19123612580928295,
GEO,2025Q4,lstatus,3,45.64915266588678,0.19123612580928295,,
GEO,2021Q1,occup,0,0.7979082982445208,,-0.020254420017620123,
GEO,2021Q2,occup,0,0.7776538782269007,-0.020254420017620123,-0.0935560179992393,
GEO,2021Q3,occup,0,0.6840978602276614,-0.0935560179992393,0.166594717172175,
GEO,2021Q4,occup,0,0.8506925773998364,0.166594717172175,-0.09952375125169255,
GEO,2022Q1,occup,0,0.7511688261481438,-0.09952375125169255,0.10624385207735942,
GEO,2022Q2,occup,0,0.8574126782255033,0.10624385207735942,0.0632907113920893,
GEO,2022Q3,occup,0,0.9207033896175926,0.0632907113920893,-0.12236369902760535,
GEO,2022Q4,occup,0,0.7983396905899872,-0.12236369902760535,-0.049808482263064224,
GEO,2023Q1,occup,0,0.748531208326923,-0.049808482263064224,-0.07127254715372189,
GEO,2023Q2,occup,0,0.6772586611732011,-0.07127254715372189,0.15252241753600115,
GEO,2023Q3,occup,0,0.8297810787092023,0.15252241753600115,0.09867010461252657,
GEO,2023Q4,occup,0,0.9284511833217288,0.09867010461252657,-0.07431488827409638,
GEO,2024Q1,occup,0,0.8541362950476324,-0.07431488827409638,-0.17975547854507712,
GEO,2024Q2,occup,0,0.6743808165025553,-0.17975547854507712,-0.024567342734330144,
GEO,2024Q3,occup,0,0.6498134737682252,-0.024567342734330144,0.13543258951802595,
GEO,2024Q4,occup,0,0.7852460632862511,0.13543258951802595,-0.045068467823984326,
GEO,2025Q1,occup,0,0.7401775954622668,-0.045068467823984326,0.04397169608786988,
GEO,2025Q2,occup,0,0.7841492915501367,0.04397169608786988,-0.15176374972109574,
GEO,2025Q3,occup,0,0.6323855418290409,-0.15176374972109574,0.11456886198643945,
GEO,2025Q4,occup,0,0.7469544038154804,0.11456886198643945,,
GEO,2021Q1,occup,1,5.987321291107996,,0.4944226114189494,
GEO,2021Q2,occup,1,6.481743902526945,0.4944226114189494,0.03532060249103797,
GEO,2021Q3,occup,1,6.517064505017983,0.03532060249103797,-0.4040002444610309,
GEO,2021Q4,occup,1,6.1130642605569525,-0.4040002444610309,-0.4986094124029252,
GEO,2022Q1,occup,1,5.614454848154027,-0.4986094124029252,0.06095964619596295,
GEO,2022Q2,occup,1,5.67541449434999,0.06095964619596295,0.48257064231960545,
GEO,2022Q3,occup,1,6.157985136669596,0.48257064231960545,0.14737709596278403,
GEO,2022Q4,occup,1,6.30536223263238,0.14737709596278403,-0.011440548164329378,
GEO,2023Q1,occup,1,6.29392168446805,-0.011440548164329378,0.1525205221246635,
GEO,2023Q2,occup,1,6.446442206592714,0.1525205221246635,-0.16660616182236954,
GEO,2023Q3,occup,1,6.279836044770344,-0.16660616182236954,0.7203008706361995,
GEO,2023Q4,occup,1,7.000136915406544,0.7203008706361995,-0.9895467624849488,
GEO,2024Q1,occup,1,6.010590152921595,-0.9895467624849488,0.5277731556483092,
GEO,2024Q2,occup,1,6.538363308569904,0.5277731556483092,-0.06311255346905931,
GEO,2024Q3,occup,1,6.475250755100845,-0.06311255346905931,0.4411322959323085,
GEO,2024Q4,occup,1,6.916383051033153,0.4411322959323085,-0.3814698982853022,
GEO,2025Q1,occup,1,6.534913152747851,-0.3814698982853022,-0.719454015071026,
GEO,2025Q2,occup,1,5.815459137676825,-0.719454015071026,-0.2932860619702806,
GEO,2025Q3,occup,1,5.522173075706545,-0.2932860619702806,0.29353144624880567,
GEO,2025Q4,occup,1,5.81570452195535,0.29353144624880567,,
GEO,2021Q1,occup,2,19.44902739833438,,-0.796665353032985,
GEO,2021Q2,occup,2,18.652362045301395,-0.796665353032985,-1.25176302728093,
GEO,2021Q3,occup,2,17.400599018020465,-1.25176302728093,1.5426648114037178,
GEO,2021Q4,occup,2,18.943263829424183,1.5426648114037178,0.07913725132967642,
GEO,2022Q1,occup,2,19.02240108075386,0.07913725132967642,-0.8333612596888074,
GEO,2022Q2,occup,2,18.18903982106505,-0.8333612596888074,-2.1218561308269095,
GEO,2022Q3,occup,2,16.067183690238142,-2.1218561308269095,1.0047718444511808,
GEO,2022Q4,occup,2,17.071955534689323,1.0047718444511808,0.6159017525736665,
GEO,2023Q1,occup,2,17.68785728726299,0.6159017525736665,0.45616049404227255,
GEO,2023Q2,occup,2,18.144017781305262,0.45616049404227255,-1.3772261752560198,
GEO,2023Q3,occup,2,16.766791606049242,-1.3772261752560198,0.7518548900937354,
GEO,2023Q4,occup,2,17.518646496142978,0.7518548900937354,-0.9451103765017272,
GEO,2024Q1,occup,2,16.57353611964125,-0.9451103765017272,0.4156981083148352,
GEO,2024Q2,occup,2,16.989234227956086,0.4156981083148352,-0.49942688009364034,
GEO,2024Q3,occup,2,16.489807347862445,-0.49942688009364034,1.4041216284555844,
GEO,2024Q4,occup,2,17.89392897631803,1.4041216284555844,-1.331279123555639,
GEO,2025Q1,occup,2,16.56264985276239,-1.331279123555639,0.29871246184097444,
GEO,2025Q2,occup,2,16.861362314603365,0.29871246184097444,0.8463033614821001,
GEO,2025Q3,occup,2,17.707665676085465,0.8463033614821001,-0.28233337899298405,
GEO,2025Q4,occup,2,17.42533229709248,-0.28233337899298405,,
GEO,2021Q1,occup,3,10.526755703611695,,-0.6366875655123696,
GEO,2021Q2,occup,3,9.890068138099325,-0.6366875655123696,-0.8430859353474389,
GEO,2021Q3,occup,3,9.046982202751886,-0.8430859353474389,0.007507775937435568,
GEO,2021Q4,occup,3,9.054489978689322,0.007507775937435568,1.7012206068735996,
GEO,2022Q1,occup,3,10.755710585562921,1.7012206068735996,-0.23824906320333739,
GEO,2022Q2,occup,3,10.517461522359584,-0.23824906320333739,-1.0849782110711548,
GEO,2022Q3,occup,3,9.43248331128843,-1.0849782110711548,0.23486416392826825,
GEO,2022Q4,occup,3,9.667347475216697,0.23486416392826825,-0.3845797488825813,
GEO,2023Q1,occup,3,9.282767726334116,-0.3845797488825813,-0.3509703768337342,
GEO,2023Q2,occup,3,8.931797349500382,-0.3509703768337342,1.1948545828922992,
GEO,2023Q3,occup,3,10.126651932392681,1.1948545828922992,-0.6736721633607452,
GEO,2023Q4,occup,3,9.452979769031936,-0.6736721633607452,-0.24391447035210767,
GEO,2024Q1,occup,3,9.209065298679828,-0.24391447035210767,-0.004150154061326461,
GEO,2024Q2,occup,3,9.204915144618502,-0.004150154061326461,1.0922214731543995,
GEO,2024Q3,occup,3,10.297136617772901,1.0922214731543995,-0.8928850778954924,
GEO,2024Q4,occup,3,9.404251539877409,-0.8928850778954924,0.8834575389620749,
GEO,2025Q1,occup,3,10.287709078839484,0.8834575389620749,-0.33237960123112487,
GEO,2025Q2,occup,3,9.955329477608359,-0.33237960123112487,0.48427483053729325,
GEO,2025Q3,occup,3,10.439604308145652,0.48427483053729325,0.06007676326604283,
GEO,2025Q4,occup,3,10.499681071411695,0.06007676326604283,,
GEO,2021Q1,occup,4,5.103481942943396,,-0.6508212067321821,
GEO,2021Q2,occup,4,4.452660736211214,-0.6508212067321821,0.05672183052795354,
GEO,2021Q3,occup,4,4.509382566739167,0.05672183052795354,0.9745714514913715,
GEO,2021Q4,occup,4,5.483954018230539,0.9745714514913715,-0.3317156332431095,
GEO,2022Q1,occup,4,5.152238384987429,-0.3317156332431095,-0.56179985369325,
GEO,2022Q2,occup,4,4.590438531294179,-0.56179985369325,-0.3103591715228351,
GEO,2022Q3,occup,4,4.280079359771344,-0.3103591715228351,0.020962571781798722,
GEO,2022Q4,occup,4,4.301041931553143,0.020962571781798722,0.32979969723346336,
GEO,2023Q1,occup,4,4.630841628786606,0.32979969723346336,0.09956057784404049,
GEO,2023Q2,occup,4,4.730402206630647,0.09956057784404049,0.009543301193200016,
GEO,2023Q3,occup,4,4.739945507823847,0.009543301193200016,-0.2692113952308226,
GEO,2023Q4,occup,4,4.470734112593024,-0.2692113952308226,0.03040029968094249,
GEO,2024Q1,occup,4,4.5011344122739665,0.03040029968094249,-0.21995345305012215,
GEO,2024Q2,occup,4,4.281180959223844,-0.21995345305012215,0.25580538327192404,
GEO,2024Q3,occup,4,4.536986342495768,0.25580538327192404,0.3987737434432317,
GEO,2024Q4,occup,4,4.935760085939,0.3987737434432317,-0.47071265557378617,
GEO,2025Q1,occup,4,4.465047430365214,-0.47071265557378617,0.2645368868137705,
GEO,2025Q2,occup,4,4.729584317178984,0.2645368868137705,-0.0899920871088229,
GEO,2025Q3,occup,4,4.6395922300701615,-0.0899920871088229,0.05954249602216777,
GEO,2025Q4,occup,4,4.699134726092329,0.05954249602216777,,
GEO,2021Q1,occup,5,16.10654354515301,,0.9945738954779699,
GEO,2021Q2,occup,5,17.10111744063098,0.9945738954779699,0.5177474987060577,
GEO,2021Q3,occup,5,17.618864939337037,0.5177474987060577,-1.4128970510816217,
GEO,2021Q4,occup,5,16.205967888255415,-1.4128970510816217,0.4186184438507681,
GEO,2022Q1,occup,5,16.624586332106183,0.4186184438507681,0.6807201915321102,
GEO,2022Q2,occup,5,17.305306523638293,0.6807201915321102,0.47141072892699754,
GEO,2022Q3,occup,5,17.77671725256529,0.47141072892699754,0.21709015933927134,
GEO,2022Q4,occup,5,17.993807411904562,0.21709015933927134,0.41067811475013727,
GEO,2023Q1,occup,5,18.4044855266547,0.41067811475013727,-1.2464032943406842,
GEO,2023Q2,occup,5,17.158082232314015,-1.2464032943406842,-0.047481845014822,
GEO,2023Q3,occup,5,17.110600387299193,-0.047481845014822,-0.19956630280987753,
GEO,2023Q4,occup,5,16.911034084489316,-0.19956630280987753,2.133372543375078,
GEO,2024Q1,occup,5,19.044406627864394,2.133372543375078,-1.7361564612279246,
GEO,2024Q2,occup,5,17.30825016663647,-1.7361564612279246,0.06992510718521672,
GEO,2024Q3,occup,5,17.378175273821686,0.06992510718521672,-0.5589683428074892,
GEO,2024Q4,occup,5,16.819206931014197,-0.5589683428074892,0.729078307472566,
GEO,2025Q1,occup,5,17.548285238486763,0.729078307472566,-1.2263609592392761,
GEO,2025Q2,occup,5,16.321924279247487,-1.2263609592392761,0.5411057246920024,
GEO,2025Q3,occup,5,16.86303000393949,0.5411057246920024,1.1454097682703654,
GEO,2025Q4,occup,5,18.008439772209854,1.1454097682703654,,
GEO,2021Q1,occup,6,16.293691955239783,,1.0426279286064144,
GEO,2021Q2,occup,6,17.336319883846198,1.0426279286064144,-0.10299103678610066,
GEO,2021Q3,occup,6,17.233328847060097,-0.10299103678610066,-0.21016344648787566,
GEO,2021Q4,occup,6,17.02316540057222,-0.21016344648787566,-0.20122778744752168,
GEO,2022Q1,occup,6,16.8219376131247,-0.20122778744752168,-0.6994475087188121,
GEO,2022Q2,occup,6,16.122490104405887,-0.6994475087188121,-0.42438757812777617,
GEO,2022Q3,occup,6,15.698102526278111,-0.42438757812777617,-0.7066676883055543,
GEO,2022Q4,occup,6,14.991434837972557,-0.7066676883055543,0.3136429261586997,
GEO,2023Q1,occup,6,15.305077764131257,0.3136429261586997,-0.06362631081681869,
GEO,2023Q2,occup,6,15.241451453314438,-0.06362631081681869,-0.7266897767081044,
GEO,2023Q3,occup,6,14.514761676606334,-0.7266897767081044,-1.3416277218939534,
GEO,2023Q4,occup,6,13.17313395471238,-1.3416277218939534,0.27805604666679784,
GEO,2024Q1,occup,6,13.451190001379178,0.27805604666679784,1.6976626757915216,
GEO,2024Q2,occup,6,15.1488526771707,1.6976626757915216,-1.8595215995347978,
GEO,2024Q3,occup,6,13.289331077635902,-1.8595215995347978,0.039764678763184236,
GEO,2024Q4,occup,6,13.329095756399086,0.039764678763184236,-0.11226568601943754,
GEO,2025Q1,occup,6,13.216830070379649,-0.11226568601943754,1.114330929695118,
GEO,2025Q2,occup,6,14.331161000074767,1.114330929695118,-1.168201117644461,
GEO,2025Q3,occup,6,13.162959882430306,-1.168201117644461,0.03140857288754262,
GEO,2025Q4,occup,6,13.194368455317848,0.03140857288754262,,
GEO,2021Q1,occup,7,10.273332103975516,,0.518401586001918,
GEO,2021Q2,occup,7,10.791733689977434,0.518401586001918,0.40582155223389016,
GEO,2021Q3,occup,7,11.197555242211324,0.40582155223389016,-0.12629246494350177,
GEO,2021Q4,occup,7,11.071262777267822,-0.12629246494350177,-0.12486413954865583,
GEO,2022Q1,occup,7,10.946398637719167,-0.12486413954865583,-0.4602459896075253,
GEO,2022Q2,occup,7,10.486152648111641,-0.4602459896075253,0.6499351736584558,
GEO,2022Q3,occup,7,11.136087821770097,0.6499351736584558,0.047408167542107194,
GEO,2022Q4,occup,7,11.183495989312204,0.047408167542107194,-0.5526962174392072,
GEO,2023Q1,occup,7,10.630799771872997,-0.5526962174392072,-0.4701332123690509,
GEO,2023Q2,occup,7,10.160666559503946,-0.4701332123690509,0.3962931042971789,
GEO,2023Q3,occup,7,10.556959663801125,0.3962931042971789,1.1933099196526786,
GEO,2023Q4,occup,7,11.750269583453804,1.1933099196526786,-0.8525944364301381,
GEO,2024Q1,occup,7,10.897675147023666,-0.8525944364301381,-0.5726321776443051,
GEO,2024Q2,occup,7,10.32504296937936,-0.5726321776443051,0.6241726812998003,
GEO,2024Q3,occup,7,10.949215650679161,0.6241726812998003,0.5123572996076309,
GEO,2024Q4,occup,7,11.461572950286792,0.5123572996076309,0.6401414609229654,
GEO,2025Q1,occup,7,12.101714411209757,0.6401414609229654,0.18607733779151658,
GEO,2025Q2,occup,7,12.287791749001274,0.18607733779151658,-0.12967200427909553,
GEO,2025Q3,occup,7,12.158119744722178,-0.12967200427909553,-0.6894726579597688,
GEO,2025Q4,occup,7,11.46864708676241,-0.6894726579597688,,
GEO,2021Q1,occup,8,8.195002980986773,,-1.1916828725747584,
GEO,2021Q2,occup,8,7.003320108412015,-1.1916828725747584,0.02078522092847024,
GEO,2021Q3,occup,8,7.024105329340485,0.02078522092847024,0.8423917927595106,
GEO,2021Q4,occup,8,7.866497122099996,0.8423917927595106,-0.5503538093492741,
GEO,2022Q1,occup,8,7.316143312750722,-0.5503538093492741,-0.1093819517155108,
GEO,2022Q2,occup,8,7.206761361035211,-0.1093819517155108,0.7297791044332786,
GEO,2022Q3,occup,8,7.9365404654684895,0.7297791044332786,0.02301779492974365,
GEO,2022Q4,occup,8,7.959558260398233,0.02301779492974365,-0.2580197636345547,
GEO,2023Q1,occup,8,7.701538496763678,-0.2580197636345547,-0.5279092704408308,
GEO,2023Q2,occup,8,7.173629226322848,-0.5279092704408308,0.8562261400425628,
GEO,2023Q3,occup,8,8.02985536636541,0.8562261400425628,0.3151236517027307,
GEO,2023Q4,occup,8,8.344979018068141,0.3151236517027307,-0.9859328044144355,
GEO,2024Q1,occup,8,7.359046213653706,-0.9859328044144355,0.6736443093254856,
GEO,2024Q2,occup,8,8.032690522979191,0.6736443093254856,-0.030560465742922815,
GEO,2024Q3,occup,8,8.002130057236268,-0.030560465742922815,-0.13275861401484512,
GEO,2024Q4,occup,8,7.869371443221423,-0.13275861401484512,-0.047078594966376563,
GEO,2025Q1,occup,8,7.822292848255047,-0.047078594966376563,-0.8172033110347776,
GEO,2025Q2,occup,8,7.005089537220269,-0.8172033110347776,0.3955394044533911,
GEO,2025Q3,occup,8,7.40062894167366,0.3955394044533911,0.09023368024544975,
GEO,2025Q4,occup,8,7.49086262191911,0.09023368024544975,,
GEO,2021Q1,occup,9,7.139347574059472,,0.2727179875190471,
GEO,2021Q2,occup,9,7.412065561578519,0.2727179875190471,1.3559539277153796,
GEO,2021Q3,occup,9,8.768019489293899,1.3559539277153796,-1.4550230218718143,
GEO,2021Q4,occup,9,7.312996467422084,-1.4550230218718143,-0.3570712182247169,
GEO,2022Q1,occup,9,6.955925249197367,-0.3570712182247169,2.0511469394575315,
GEO,2022Q2,occup,9,9.007072188654899,2.0511469394575315,1.5773193413740927,
GEO,2022Q3,occup,9,10.584391530028991,1.5773193413740927,-0.8567348942980999,
GEO,2022Q4,occup,9,9.727656635730892,-0.8567348942980999,-0.41347773033220747,
GEO,2023Q1,occup,9,9.314178905398684,-0.41347773033220747,2.0220734179438367,
GEO,2023Q2,occup,9,11.33625232334252,2.0220734179438367,-0.29143558715989926,
GEO,2023Q3,occup,9,11.044816736182621,-0.29143558715989926,-0.657540307641769,
GEO,2023Q4,occup,9,10.387276428540853,-0.657540307641769,1.7119433029739213,
GEO,2024Q1,occup,9,12.099219731514774,1.7119433029739213,-0.6021305245513737,
GEO,2024Q2,occup,9,11.4970892069634,-0.6021305245513737,0.4350641966633866,
GEO,2024Q3,occup,9,11.932153403626787,0.4350641966633866,-1.346970201002124,
GEO,2024Q4,occup,9,10.585183202624663,-1.346970201002124,0.07353267908490402,
GEO,2025Q1,occup,9,10.658715881709567,0.07353267908490402,1.0935387788831594,
GEO,2025Q2,occup,9,11.752254660592726,1.0935387788831594,-0.33850552121373667,
GEO,2025Q3,occup,9,11.41374913937899,-0.33850552121373667,-0.8001826774572987,
GEO,2025Q4,occup,9,10.61356646192169,-0.8001826774572987,,
GEO,2021Q1,occup,NA,0.12758720634344134,,-0.02663259115436159,
GEO,2021Q2,occup,NA,0.10095461518907975,-0.02663259115436159,-0.026308935107456757,
GEO,2021Q4,occup,NA,0.07464568008162299,-0.026308935107456757,-0.03561055058614309,
GEO,2022Q1,occup,NA,0.0390351294954799,-0.03561055058614309,0.0034149973642809903,
GEO,2022Q2,occup,NA,0.04245012685976089,0.0034149973642809903,-0.032724610555828954,
GEO,2022Q3,occup,NA,0.009725516303931937,-0.032724610555828954,0.05263293793535009,
GEO,2023Q4,occup,NA,0.062358454239282025,0.05263293793535009,-0.0006940144572610274,
GEO,2025Q1,occup,NA,0.061664439782021,-0.0006940144572610274,0.09422979546379909,
GEO,2025Q2,occup,NA,0.15589423524582008,0.09422979546379909,-0.09580277922728224,
GEO,2025Q3,occup,NA,0.06009145601853784,-0.09580277922728224,-0.022782874516773473,
GEO,2025Q4,occup,NA,0.03730858150176437,-0.022782874516773473,,
GEO,2021Q1,socialsec,0,23.547447236616954,,-1.672145910048691,
GEO,2021Q2,socialsec,0,21.875301326568263,-1.672145910048691,2.297068031998844,
GEO,2021Q3,socialsec,0,24.172369358567106,2.297068031998844,-0.44259775075969543,
GEO,2021Q4,socialsec,0,23.72977160780741,-0.44259775075969543,-1.7359577765054865,
GEO,2022Q1,socialsec,0,21.993813831301924,-1.7359577765054865,-0.017534013172188168,
GEO,2022Q2,socialsec,0,21.976279818129736,-0.017534013172188168,2.4968179698693653,
GEO,2022Q3,socialsec,0,24.4730977879991,2.4968179698693653,0.07742941192271502,
GEO,2022Q4,socialsec,0,24.550527199921817,0.07742941192271502,-0.7385642191436794,
GEO,2023Q1,socialsec,0,23.811962980778137,-0.7385642191436794,-1.3358775772028615,
GEO,2023Q2,socialsec,0,22.476085403575276,-1.3358775772028615,-0.317469396090587,
GEO,2023Q3,socialsec,0,22.15861600748469,-0.317469396090587,1.495671494188798,
GEO,2023Q4,socialsec,0,23.654287501673487,1.495671494188798,2.293432434603954,
GEO,2024Q1,socialsec,0,25.94771993627744,2.293432434603954,-2.082005426712538,
GEO,2024Q2,socialsec,0,23.865714509564903,-2.082005426712538,0.38774393056412393,
GEO,2024Q3,socialsec,0,24.253458440129027,0.38774393056412393,-0.5862174493262771,
GEO,2024Q4,socialsec,0,23.66724099080275,-0.5862174493262771,0.4531652452436923,
GEO,2025Q1,socialsec,0,24.120406236046442,0.4531652452436923,-1.1952168220136876,
GEO,2025Q2,socialsec,0,22.925189414032754,-1.1952168220136876,1.9497927944549929,
GEO,2025Q3,socialsec,0,24.874982208487747,1.9497927944549929,-1.3938870885597723,
GEO,2025Q4,socialsec,0,23.481095119927975,-1.3938870885597723,,
GEO,2021Q1,socialsec,1,58.575119192325964,,0.24235322020150107,
GEO,2021Q2,socialsec,1,58.817472412527465,0.24235322020150107,-2.579636902274835,
GEO,2021Q3,socialsec,1,56.23783551025263,-2.579636902274835,1.236058183079244,
GEO,2021Q4,socialsec,1,57.473893693331874,1.236058183079244,2.4220879973600304,
GEO,2022Q1,socialsec,1,59.895981690691904,2.4220879973600304,0.1085794541076126,
GEO,2022Q2,socialsec,1,60.00456114479952,0.1085794541076126,-2.74834266275991,
GEO,2022Q3,socialsec,1,57.25621848203961,-2.74834266275991,1.15398821868434,
GEO,2022Q4,socialsec,1,58.41020670072395,1.15398821868434,0.9125914804721162,
GEO,2023Q1,socialsec,1,59.32279818119606,0.9125914804721162,0.7899854925050036,
GEO,2023Q2,socialsec,1,60.11278367370107,0.7899854925050036,0.8037545873312624,
GEO,2023Q3,socialsec,1,60.91653826103233,0.8037545873312624,0.42629670129465325,
GEO,2023Q4,socialsec,1,61.34283496232698,0.42629670129465325,-2.862268882090028,
GEO,2024Q1,socialsec,1,58.480566080236954,-2.862268882090028,-0.180050955380878,
GEO,2024Q2,socialsec,1,58.30051512485608,-0.180050955380878,1.6005283752731785,
GEO,2024Q3,socialsec,1,59.901043500129255,1.6005283752731785,1.4737684042461794,
GEO,2024Q4,socialsec,1,61.374811904375434,1.4737684042461794,-0.8454714215153345,
GEO,2025Q1,socialsec,1,60.5293404828601,-0.8454714215153345,-0.3423026995168641,
GEO,2025Q2,socialsec,1,60.187037783343236,-0.3423026995168641,-0.39158684625600415,
GEO,2025Q3,socialsec,1,59.79545093708723,-0.39158684625600415,1.4306875500365948,
GEO,2025Q4,socialsec,1,61.226138487123826,1.4306875500365948,,
GEO,2021Q1,socialsec,NA,17.87743357105708,,1.4297926898471935,
GEO,2021Q2,socialsec,NA,19.307226260904272,1.4297926898471935,0.28256887027600186,
GEO,2021Q3,socialsec,NA,19.589795131180274,0.28256887027600186,-0.7934604323195558,
GEO,2021Q4,socialsec,NA,18.79633469886072,-0.7934604323195558,-0.6861302208545439,
GEO,2022Q1,socialsec,NA,18.110204478006175,-0.6861302208545439,-0.09104544093542444,
GEO,2022Q2,socialsec,NA,18.01915903707075,-0.09104544093542444,0.2515246928905448,
GEO,2022Q3,socialsec,NA,18.270683729961295,0.2515246928905448,-1.231417630607055,
GEO,2022Q4,socialsec,NA,17.03926609935424,-1.231417630607055,-0.17402726132843682,
GEO,2023Q1,socialsec,NA,16.865238838025803,-0.17402726132843682,0.5458920846978614,
GEO,2023Q2,socialsec,NA,17.411130922723665,0.5458920846978614,-0.4862851912406754,
GEO,2023Q3,socialsec,NA,16.92484573148299,-0.4862851912406754,-1.9219681954834638,
GEO,2023Q4,socialsec,NA,15.002877535999525,-1.9219681954834638,0.5688364474860794,
GEO,2024Q1,socialsec,NA,15.571713983485605,0.5688364474860794,2.2620563820934123,
GEO,2024Q2,socialsec,NA,17.833770365579017,2.2620563820934123,-1.988272305837306,
GEO,2024Q3,socialsec,NA,15.845498059741711,-1.988272305837306,-0.887550954919897,
GEO,2024Q4,socialsec,NA,14.957947104821814,-0.887550954919897,0.3923061762716351,
GEO,2025Q1,socialsec,NA,15.35025328109345,0.3923061762716351,1.537519521530557,
GEO,2025Q2,socialsec,NA,16.887772802624006,1.537519521530557,-1.558205948198978,
GEO,2025Q3,socialsec,NA,15.329566854425028,-1.558205948198978,-0.03680046147682958,
GEO,2025Q4,socialsec,NA,15.292766392948199,-0.03680046147682958,,
GEO,2021Q1,urban,0,43.546818114616826,,-0.08191223324698882,
GEO,2021Q2,urban,0,43.46490588136984,-0.08191223324698882,-0.28540781266472237,
GEO,2021Q3,urban,0,43.179498068705115,-0.28540781266472237,0.11325240215867183,
GEO,2021Q4,urban,0,43.29275047086379,0.11325240215867183,0.5369136581462683,
GEO,2022Q1,urban,0,43.829664129010055,0.5369136581462683,-1.2599715519534413,
GEO,2022Q2,urban,0,42.569692577056614,-1.2599715519534413,-0.23840415096645273,
GEO,2022Q3,urban,0,42.33128842609016,-0.23840415096645273,0.5818740116275762,
GEO,2022Q4,urban,0,42.91316243771774,0.5818740116275762,-0.6120989603123945,
GEO,2023Q1,urban,0,42.30106347740534,-0.6120989603123945,-0.6235582095520655,
GEO,2023Q2,urban,0,41.67750526785328,-0.6235582095520655,-0.3595181301307946,
GEO,2023Q3,urban,0,41.31798713772248,-0.3595181301307946,0.09389663889347588,
GEO,2023Q4,urban,0,41.41188377661596,0.09389663889347588,0.25581996110133787,
GEO,2024Q1,urban,0,41.6677037377173,0.25581996110133787,-0.1281948660627421,
GEO,2024Q2,urban,0,41.539508871654554,-0.1281948660627421,0.05297196433609486,
GEO,2024Q3,urban,0,41.59248083599065,0.05297196433609486,0.09418968823106155,
GEO,2024Q4,urban,0,41.68667052422171,0.09418968823106155,0.04957282293525367,
GEO,2025Q1,urban,0,41.736243347156964,0.04957282293525367,0.35512315763513413,
GEO,2025Q2,urban,0,42.0913665047921,0.35512315763513413,0.10214160507896963,
GEO,2025Q3,urban,0,42.19350810987107,0.10214160507896963,0.10734839734066526,
GEO,2025Q4,urban,0,42.30085650721173,0.10734839734066526,,
GEO,2021Q1,urban,1,56.45318188538318,,0.08191223324698171,
GEO,2021Q2,urban,1,56.53509411863016,0.08191223324698171,0.28540781266471527,
GEO,2021Q3,urban,1,56.82050193129488,0.28540781266471527,-0.11325240215866472,
GEO,2021Q4,urban,1,56.70724952913621,-0.11325240215866472,-0.5369136581462683,
GEO,2022Q1,urban,1,56.170335870989945,-0.5369136581462683,1.2599715519534271,
GEO,2022Q2,urban,1,57.43030742294337,1.2599715519534271,0.23840415096645984,
GEO,2022Q3,urban,1,57.66871157390983,0.23840415096645984,-0.5818740116275691,
GEO,2022Q4,urban,1,57.08683756228226,-0.5818740116275691,0.6120989603124016,
GEO,2023Q1,urban,1,57.698936522594664,0.6120989603124016,0.6235582095520584,
GEO,2023Q2,urban,1,58.32249473214672,0.6235582095520584,0.3595181301307946,
GEO,2023Q3,urban,1,58.68201286227752,0.3595181301307946,-0.09389663889347588,
GEO,2023Q4,urban,1,58.58811622338404,-0.09389663889347588,-0.25581996110133787,
GEO,2024Q1,urban,1,58.3322962622827,-0.25581996110133787,0.128194866062735,
GEO,2024Q2,urban,1,58.46049112834544,0.128194866062735,-0.05297196433608775,
GEO,2024Q3,urban,1,58.40751916400935,-0.05297196433608775,-0.09418968823106866,
GEO,2024Q4,urban,1,58.31332947577828,-0.09418968823106866,-0.04957282293524656,
GEO,2025Q1,urban,1,58.263756652843036,-0.04957282293524656,-0.35512315763513413,
GEO,2025Q2,urban,1,57.9086334952079,-0.35512315763513413,-0.10214160507896253,
GEO,2025Q3,urban,1,57.80649189012894,-0.10214160507896253,-0.10734839734066526,
GEO,2025Q4,urban,1,57.699143492788274,-0.10734839734066526,,
IND,2021Q1,educat7,1,28.830537553520188,,-2.0671621413682324,
IND,2021Q2,educat7,1,26.763375412151955,-2.0671621413682324,1.6889133196438735,
IND,2021Q3,educat7,1,28.45228873179583,1.6889133196438735,-0.0377869051894173,
IND,2021Q4,educat7,1,28.41450182660641,-0.0377869051894173,-1.4656027322888292,
IND,2022Q1,educat7,1,26.948899094317582,-1.4656027322888292,0.8476302661809072,
IND,2022Q2,educat7,1,27.79652936049849,0.8476302661809072,-0.48965549489712146,
IND,2022Q3,educat7,1,27.306873865601368,-0.48965549489712146,0.007368554765317725,
IND,2022Q4,educat7,1,27.314242420366686,0.007368554765317725,-0.30021550553622234,
IND,2023Q1,educat7,1,27.014026914830463,-0.30021550553622234,-0.7022420557277123,
IND,2023Q2,educat7,1,26.31178485910275,-0.7022420557277123,0.8344802579520021,
IND,2023Q3,educat7,1,27.146265117054753,0.8344802579520021,0.35785065085973145,
IND,2023Q4,educat7,1,27.504115767914485,0.35785065085973145,-0.9963398348718933,
IND,2024Q1,educat7,1,26.50777593304259,-0.9963398348718933,0.10606653414129497,
IND,2024Q2,educat7,1,26.613842467183886,0.10606653414129497,-0.22021465586311706,
IND,2024Q3,educat7,1,26.39362781132077,-0.22021465586311706,0.36306818265247287,
IND,2024Q4,educat7,1,26.756695993973242,0.36306818265247287,0.7230774467456591,
IND,2025Q1,educat7,1,27.4797734407189,0.7230774467456591,-0.278784167600616,
IND,2025Q2,educat7,1,27.200989273118285,-0.278784167600616,-0.5742141783498766,
IND,2025Q3,educat7,1,26.62677509476841,-0.5742141783498766,-0.4025053881651246,
IND,2025Q4,educat7,1,26.224269706603284,-0.4025053881651246,,
IND,2021Q1,educat7,2,11.985519309491803,,-0.409944126606403,
IND,2021Q2,educat7,2,11.5755751828854,-0.409944126606403,-0.2771952550375314,
IND,2021Q3,educat7,2,11.298379927847868,-0.2771952550375314,0.38693820744890495,
IND,2021Q4,educat7,2,11.685318135296773,0.38693820744890495,0.12041009061202956,
IND,2022Q1,educat7,2,11.805728225908803,0.12041009061202956,-0.849487522572506,
IND,2022Q2,educat7,2,10.956240703336297,-0.849487522572506,0.45825470452251515,
IND,2022Q3,educat7,2,11.414495407858812,0.45825470452251515,0.1532621120362343,
IND,2022Q4,educat7,2,11.567757519895046,0.1532621120362343,0.11770780131773506,
IND,2023Q1,educat7,2,11.685465321212781,0.11770780131773506,-0.4003384930024758,
IND,2023Q2,educat7,2,11.285126828210306,-0.4003384930024758,0.21479449020251984,
IND,2023Q3,educat7,2,11.499921318412825,0.21479449020251984,-0.1542348778808602,
IND,2023Q4,educat7,2,11.345686440531965,-0.1542348778808602,0.5856646816084368,
IND,2024Q1,educat7,2,11.931351122140402,0.5856646816084368,-0.7890437788855298,
IND,2024Q2,educat7,2,11.142307343254872,-0.7890437788855298,0.3057687228454622,
IND,2024Q3,educat7,2,11.448076066100334,0.3057687228454622,-0.1413830208591591,
IND,2024Q4,educat7,2,11.306693045241175,-0.1413830208591591,0.2656735701830648,
IND,2025Q1,educat7,2,11.57236661542424,0.2656735701830648,-0.1705834541976703,
IND,2025Q2,educat7,2,11.40178316122657,-0.1705834541976703,-0.10215455851792221,
IND,2025Q3,educat7,2,11.299628602708648,-0.10215455851792221,0.13083949054316513,
IND,2025Q4,educat7,2,11.430468093251813,0.13083949054316513,,
IND,2021Q1,educat7,3,13.356179980135831,,0.31149173785277817,
IND,2021Q2,educat7,3,13.66767171798861,0.31149173785277817,-0.07305863490192799,
IND,2021Q3,educat7,3,13.594613083086681,-0.07305863490192799,0.04842694932337288,
IND,2021Q4,educat7,3,13.643040032410054,0.04842694932337288,0.35272195140635354,
IND,2022Q1,educat7,3,13.995761983816408,0.35272195140635354,-0.028796104684667867,
IND,2022Q2,educat7,3,13.96696587913174,-0.028796104684667867,0.619577985669979,
IND,2022Q3,educat7,3,14.586543864801719,0.619577985669979,-0.07856314110705753,
IND,2022Q4,educat7,3,14.507980723694661,-0.07856314110705753,-0.3944196104421511,
IND,2023Q1,educat7,3,14.11356111325251,-0.3944196104421511,0.5086438738418195,
IND,2023Q2,educat7,3,14.62220498709433,0.5086438738418195,-0.7335183305871098,
IND,2023Q3,educat7,3,13.88868665650722,-0.7335183305871098,-0.14743950901933722,
IND,2023Q4,educat7,3,13.741247147487883,-0.14743950901933722,0.39873383703656984,
IND,2024Q1,educat7,3,14.139980984524453,0.39873383703656984,0.11320763247670484,
IND,2024Q2,educat7,3,14.253188617001157,0.11320763247670484,-0.22086613436843017,
IND,2024Q3,educat7,3,14.032322482632727,-0.22086613436843017,-0.15895116010749177,
IND,2024Q4,educat7,3,13.873371322525236,-0.15895116010749177,-0.13723229120932956,
IND,2025Q1,educat7,3,13.736139031315906,-0.13723229120932956,0.07450427565658657,
IND,2025Q2,educat7,3,13.810643306972493,0.07450427565658657,0.24863731339534034,
IND,2025Q3,educat7,3,14.059280620367833,0.24863731339534034,0.17101812994994958,
IND,2025Q4,educat7,3,14.230298750317782,0.17101812994994958,,
IND,2021Q1,educat7,4,17.105605626168373,,0.3142701786602373,
IND,2021Q2,educat7,4,17.41987580482861,0.3142701786602373,0.10004160327361333,
IND,2021Q3,educat7,4,17.519917408102224,0.10004160327361333,-0.26756792720909317,
IND,2021Q4,educat7,4,17.25234948089313,-0.26756792720909317,0.4809003452923548,
IND,2022Q1,educat7,4,17.733249826185485,0.4809003452923548,0.06579267620138296,
IND,2022Q2,educat7,4,17.799042502386868,0.06579267620138296,-0.7154909851524707,
IND,2022Q3,educat7,4,17.083551517234397,-0.7154909851524707,-0.014406166405120047,
IND,2022Q4,educat7,4,17.069145350829277,-0.014406166405120047,0.09181678362648071,
IND,2023Q1,educat7,4,17.160962134455758,0.09181678362648071,0.519914426303739,
IND,2023Q2,educat7,4,17.680876560759497,0.519914426303739,-0.6820098187934711,
IND,2023Q3,educat7,4,16.998866741966026,-0.6820098187934711,-0.3322768050128033,
IND,2023Q4,educat7,4,16.666589936953223,-0.3322768050128033,0.1503438061404836,
IND,2024Q1,educat7,4,16.816933743093706,0.1503438061404836,0.37049240495537816,
IND,2024Q2,educat7,4,17.187426148049084,0.37049240495537816,-0.3469002458796915,
IND,2024Q3,educat7,4,16.840525902169393,-0.3469002458796915,-0.07067098001003913,
IND,2024Q4,educat7,4,16.769854922159354,-0.07067098001003913,-0.7651997892605031,
IND,2025Q1,educat7,4,16.00465513289885,-0.7651997892605031,-0.015886492371249616,
IND,2025Q2,educat7,4,15.988768640527601,-0.015886492371249616,-0.07159135916720061,
IND,2025Q3,educat7,4,15.9171772813604,-0.07159135916720061,-0.14996047414801517,
IND,2025Q4,educat7,4,15.767216807212385,-0.14996047414801517,,
IND,2021Q1,educat7,5,19.12797565908669,,1.3144135456737267,
IND,2021Q2,educat7,5,20.442389204760417,1.3144135456737267,-1.1259707884329728,
IND,2021Q3,educat7,5,19.316418416327444,-1.1259707884329728,-0.09729784154482246,
IND,2021Q4,educat7,5,19.21912057478262,-0.09729784154482246,0.32884906132668235,
IND,2022Q1,educat7,5,19.547969636109304,0.32884906132668235,-0.03961824061827102,
IND,2022Q2,educat7,5,19.508351395491033,-0.03961824061827102,0.2911183949215932,
IND,2022Q3,educat7,5,19.799469790412626,0.2911183949215932,-0.14257827742837037,
IND,2022Q4,educat7,5,19.656891512984256,-0.14257827742837037,-0.046800424564281684,
IND,2023Q1,educat7,5,19.610091088419974,-0.046800424564281684,0.6444855018929623,
IND,2023Q2,educat7,5,20.254576590312936,0.6444855018929623,-0.4680218334784172,
IND,2023Q3,educat7,5,19.78655475683452,-0.4680218334784172,0.24881607806718264,
IND,2023Q4,educat7,5,20.035370834901702,0.24881607806718264,-0.2303714051027903,
IND,2024Q1,educat7,5,19.80499942979891,-0.2303714051027903,0.2630253356825314,
IND,2024Q2,educat7,5,20.068024765481443,0.2630253356825314,0.2331970589372574,
IND,2024Q3,educat7,5,20.3012218244187,0.2331970589372574,-0.26806308959426417,
IND,2024Q4,educat7,5,20.033158734824436,-0.26806308959426417,-0.22181586266815145,
IND,2025Q1,educat7,5,19.811342872156285,-0.22181586266815145,0.34619126402693823,
IND,2025Q2,educat7,5,20.157534136183223,0.34619126402693823,0.3213157477823607,
IND,2025Q3,educat7,5,20.478849883965584,0.3213157477823607,-0.05127677457016944,
IND,2025Q4,educat7,5,20.427573109395414,-0.05127677457016944,,
IND,2021Q1,educat7,6,0.9204736320132398,,0.008048496241626624,
IND,2021Q2,educat7,6,0.9285221282548665,0.008048496241626624,-0.037081619368479535,
IND,2021Q3,educat7,6,0.8914405088863869,-0.037081619368479535,0.06953564328323503,
IND,2021Q4,educat7,6,0.960976152169622,0.06953564328323503,-0.015186358095701458,
IND,2022Q1,educat7,6,0.9457897940739205,-0.015186358095701458,0.011271620453678022,
IND,2022Q2,educat7,6,0.9570614145275985,0.011271620453678022,-0.03764180699332087,
IND,2022Q3,educat7,6,0.9194196075342776,-0.03764180699332087,-0.054998522951994144,
IND,2022Q4,educat7,6,0.8644210845822835,-0.054998522951994144,0.11951650344497267,
IND,2023Q1,educat7,6,0.9839375880272562,0.11951650344497267,-0.04240136683554119,
IND,2023Q2,educat7,6,0.941536221191715,-0.04240136683554119,-0.04193200882839532,
IND,2023Q3,educat7,6,0.8996042123633197,-0.04193200882839532,0.038025153875211326,
IND,2023Q4,educat7,6,0.937629366238531,0.038025153875211326,0.062146752997327304,
IND,2024Q1,educat7,6,0.9997761192358583,0.062146752997327304,0.048551577595292494,
IND,2024Q2,educat7,6,1.0483276968311508,0.048551577595292494,-0.04163867217320161,
IND,2024Q3,educat7,6,1.0066890246579492,-0.04163867217320161,0.01843149788164089,
IND,2024Q4,educat7,6,1.02512052253959,0.01843149788164089,0.10002633860481591,
IND,2025Q1,educat7,6,1.125146861144406,0.10002633860481591,-0.0527857133783749,
IND,2025Q2,educat7,6,1.072361147766031,-0.0527857133783749,-0.026803122026677118,
IND,2025Q3,educat7,6,1.045558025739354,-0.026803122026677118,0.05221446814002051,
IND,2025Q4,educat7,6,1.0977724938793745,0.05221446814002051,,
IND,2021Q1,educat7,7,8.67370823958387,,0.5288823095462512,
IND,2021Q2,educat7,7,9.202590549130122,0.5288823095462512,-0.27564862517655975,
IND,2021Q3,educat7,7,8.926941923953562,-0.27564862517655975,-0.1022481261121797,
IND,2021Q4,educat7,7,8.824693797841382,-0.1022481261121797,0.19790764174712905,
IND,2022Q1,educat7,7,9.022601439588511,0.19790764174712905,-0.006792694960552126,
IND,2022Q2,educat7,7,9.01580874462796,-0.006792694960552126,-0.12616279807116904,
IND,2022Q3,educat7,7,8.88964594655679,-0.12616279807116904,0.1299154410910024,
IND,2022Q4,educat7,7,9.019561387647792,0.1299154410910024,0.41239445215348347,
IND,2023Q1,educat7,7,9.431955839801276,0.41239445215348347,-0.5280618864728197,
IND,2023Q2,educat7,7,8.903893953328456,-0.5280618864728197,0.8762072435328694,
IND,2023Q3,educat7,7,9.780101196861326,0.8762072435328694,-0.010740690889115001,
IND,2023Q4,educat7,7,9.76936050597221,-0.010740690889115001,0.02982216219186462,
IND,2024Q1,educat7,7,9.799182668164075,0.02982216219186462,-0.11229970596565586,
IND,2024Q2,educat7,7,9.68688296219842,-0.11229970596565586,0.29065392650169386,
IND,2024Q3,educat7,7,9.977536888700113,0.29065392650169386,0.2575685700368524,
IND,2024Q4,educat7,7,10.235105458736966,0.2575685700368524,0.035470587604431,
IND,2025Q1,educat7,7,10.270576046341397,0.035470587604431,0.09734428786439153,
IND,2025Q2,educat7,7,10.367920334205788,0.09734428786439153,0.20481015688397086,
IND,2025Q3,educat7,7,10.572730491089759,0.20481015688397086,0.2496705482501902,
IND,2025Q4,educat7,7,10.82240103933995,0.2496705482501902,,
IND,2021Q1,empstat,1,45.54793523158562,,-1.1148286975894948,
IND,2021Q2,empstat,1,44.433106533996124,-1.1148286975894948,-0.11000042426235979,
IND,2021Q3,empstat,1,44.323106109733764,-0.11000042426235979,-0.5353641698043177,
IND,2021Q4,empstat,1,43.78774193992945,-0.5353641698043177,1.3143642652210872,
IND,2022Q1,empstat,1,45.102106205150534,1.3143642652210872,0.4779108310257101,
IND,2022Q2,empstat,1,45.580017036176244,0.4779108310257101,-2.331612648105967,
IND,2022Q3,empstat,1,43.24840438807028,-2.331612648105967,-0.9913544437215691,
IND,2022Q4,empstat,1,42.25704994434871,-0.9913544437215691,1.0868668013277514,
IND,2023Q1,empstat,1,43.34391674567646,1.0868668013277514,0.8328332370958123,
IND,2023Q2,empstat,1,44.17674998277227,0.8328332370958123,-3.0812176714797985,
IND,2023Q3,empstat,1,41.09553231129247,-3.0812176714797985,0.31069630473711385,level_shift
IND,2023Q4,empstat,1,41.40622861602959,0.31069630473711385,0.8939778907735985,
IND,2024Q1,empstat,1,42.300206506803185,0.8939778907735985,2.1035586726884787,
IND,2024Q2,empstat,1,44.403765179491664,2.1035586726884787,-1.1924877593164922,
IND,2024Q3,empstat,1,43.21127742017517,-1.1924877593164922,-0.785581276273156,
IND,2024Q4,empstat,1,42.425696143902016,-0.785581276273156,3.3418185776945677,
IND,2025Q1,empstat,1,45.767514721596584,3.3418185776945677,-0.12763214274043833,level_shift
IND,2025Q2,empstat,1,45.639882578856145,-0.12763214274043833,-1.4063654867538062,
IND,2025Q3,empstat,1,44.23351709210234,-1.4063654867538062,-0.48604034771183535,
IND,2025Q4,empstat,1,43.747476744390504,-0.48604034771183535,,
IND,2021Q1,empstat,2,14.721729306232064,,-0.6521047157625741,
IND,2021Q2,empstat,2,14.06962459046949,-0.6521047157625741,1.3177917519161184,
IND,2021Q3,empstat,2,15.387416342385608,1.3177917519161184,0.3425862545570979,
IND,2021Q4,empstat,2,15.730002596942706,0.3425862545570979,-1.52408673061821,
IND,2022Q1,empstat,2,14.205915866324496,-1.52408673061821,-0.6296180735363102,
IND,2022Q2,empstat,2,13.576297792788186,-0.6296180735363102,2.071313810265851,
IND,2022Q3,empstat,2,15.647611603054036,2.071313810265851,1.2234779391922839,
IND,2022Q4,empstat,2,16.87108954224632,1.2234779391922839,-1.024223385732677,
IND,2023Q1,empstat,2,15.846866156513643,-1.024223385732677,-0.43252705523518387,
IND,2023Q2,empstat,2,15.41433910127846,-0.43252705523518387,2.138096099186855,
IND,2023Q3,empstat,2,17.552435200465315,2.138096099186855,-0.018157184660893222,
IND,2023Q4,empstat,2,17.53427801580442,-0.018157184660893222,-1.471955176051683,
IND,2024Q1,empstat,2,16.06232283975274,-1.471955176051683,-1.1730735824415266,
IND,2024Q2,empstat,2,14.889249257311212,-1.1730735824415266,0.8561881541291125,
IND,2024Q3,empstat,2,15.745437411440324,0.8561881541291125,0.31476064699046447,
IND,2024Q4,empstat,2,16.06019805843079,0.31476064699046447,-2.1498109990048953,
IND,2025Q1,empstat,2,13.910387059425894,-2.1498109990048953,0.14663466776280742,
IND,2025Q2,empstat,2,14.057021727188701,0.14663466776280742,0.2716886334608777,
IND,2025Q3,empstat,2,14.328710360649579,0.2716886334608777,0.5822151339837713,
IND,2025Q4,empstat,2,14.91092549463335,0.5822151339837713,,
IND,2021Q1,empstat,3,2.150449358111687,,-0.6396121631154899,
IND,2021Q2,empstat,3,1.5108371949961972,-0.6396121631154899,0.7030281519102564,
IND,2021Q3,empstat,3,2.2138653469064535,0.7030281519102564,0.06536392688697346,
IND,2021Q4,empstat,3,2.279229273793427,0.06536392688697346,0.5224175756930753,
IND,2022Q1,empstat,3,2.8016468494865023,0.5224175756930753,0.10584656021556915,
IND,2022Q2,empstat,3,2.9074934097020715,0.10584656021556915,0.011950559094016544,
IND,2022Q3,empstat,3,2.919443968796088,0.011950559094016544,0.09531129143681838,
IND,2022Q4,empstat,3,3.0147552602329064,0.09531129143681838,0.343884170129404,
IND,2023Q1,empstat,3,3.3586394303623104,0.343884170129404,0.013163709777136212,
IND,2023Q2,empstat,3,3.3718031401394466,0.013163709777136212,0.10509235970647746,
IND,2023Q3,empstat,3,3.476895499845924,0.10509235970647746,-0.4292622081965485,
IND,2023Q4,empstat,3,3.0476332916493756,-0.4292622081965485,0.2738172026046217,
IND,2024Q1,empstat,3,3.3214504942539973,0.2738172026046217,0.027645903717897102,
IND,2024Q2,empstat,3,3.3490963979718944,0.027645903717897102,-0.08352336575423047,
IND,2024Q3,empstat,3,3.265573032217664,-0.08352336575423047,-0.10581443934347101,
IND,2024Q4,empstat,3,3.159758592874193,-0.10581443934347101,0.05418819275246056,
IND,2025Q1,empstat,3,3.2139467856266535,0.05418819275246056,0.08149401954321922,
IND,2025Q2,empstat,3,3.2954408051698727,0.08149401954321922,0.25518078452658255,
IND,2025Q3,empstat,3,3.5506215896964552,0.25518078452658255,0.13350804143302675,
IND,2025Q4,empstat,3,3.684129631129482,0.13350804143302675,,
IND,2021Q1,empstat,4,37.579886104070624,,2.4065455764675576,
IND,2021Q2,empstat,4,39.98643168053818,2.4065455764675576,-1.9108194795640259,
IND,2021Q3,empstat,4,38.075612200974156,-1.9108194795640259,0.1274139883602743,
IND,2021Q4,empstat,4,38.20302618933443,0.1274139883602743,-0.3126951102959694,
IND,2022Q1,empstat,4,37.89033107903846,-0.3126951102959694,0.045860682295035815,
IND,2022Q2,empstat,4,37.9361917613335,0.045860682295035815,0.2483482787461071,
IND,2022Q3,empstat,4,38.184540040079604,0.2483482787461071,-0.32743478690754557,
IND,2022Q4,empstat,4,37.85710525317206,-0.32743478690754557,-0.4065275857244828,
IND,2023Q1,empstat,4,37.450577667447575,-0.4065275857244828,-0.41346989163775305,
IND,2023Q2,empstat,4,37.03710777580982,-0.41346989163775305,0.8380292125864699,
IND,2023Q3,empstat,4,37.87513698839629,0.8380292125864699,0.13672308812032696,
IND,2023Q4,empstat,4,38.01186007651662,0.13672308812032696,0.3041600826734552,
IND,2024Q1,empstat,4,38.316020159190074,0.3041600826734552,-0.9581309939648506,
IND,2024Q2,empstat,4,37.357889165225224,-0.9581309939648506,0.4198229709416168,
IND,2024Q3,empstat,4,37.77771213616684,0.4198229709416168,0.5766350686261603,
IND,2024Q4,empstat,4,38.354347204793,0.5766350686261603,-1.2461957714421388,
IND,2025Q1,empstat,4,37.10815143335086,-1.2461957714421388,-0.10049654456558699,
IND,2025Q2,empstat,4,37.007654888785275,-0.10049654456558699,0.8794960687663576,
IND,2025Q3,empstat,4,37.88715095755163,0.8794960687663576,-0.22968282770496984,
IND,2025Q4,empstat,4,37.65746812984666,-0.22968282770496984,,
IND,2021Q1,industrycat10,1,42.70674139998949,,0.8430935806122051,
IND,2021Q2,industrycat10,1,43.549834980601695,0.8430935806122051,1.9580732407724213,
IND,2021Q3,industrycat10,1,45.507908221374116,1.9580732407724213,-1.090676967055785,
IND,2021Q4,industrycat10,1,44.41723125431833,-1.090676967055785,-2.4809983063445387,
IND,2022Q1,industrycat10,1,41.93623294797379,-2.4809983063445387,-2.2296500235386105,
IND,2022Q2,industrycat10,1,39.70658292443518,-2.2296500235386105,4.448059711007261,
IND,2022Q3,industrycat10,1,44.15464263544244,4.448059711007261,0.11373387328686135,level_shift
IND,2022Q4,industrycat10,1,44.268376508729304,0.11373387328686135,-2.6290190029380085,
IND,2023Q1,industrycat10,1,41.639357505791295,-2.6290190029380085,-0.5594705593399851,
IND,2023Q2,industrycat10,1,41.07988694645131,-0.5594705593399851,4.569721272376178,
IND,2023Q3,industrycat10,1,45.64960821882749,4.569721272376178,-0.22851748135573757,level_shift
IND,2023Q4,industrycat10,1,45.42109073747175,-0.22851748135573757,-2.5351812907513605,
IND,2024Q1,industrycat10,1,42.88590944672039,-2.5351812907513605,-3.063332361465207,
IND,2024Q2,industrycat10,1,39.82257708525518,-3.063332361465207,3.6411292342411343,spike
IND,2024Q3,industrycat10,1,43.46370631949632,3.6411292342411343,-0.2924210870262911,level_shift
IND,2024Q4,industrycat10,1,43.17128523247003,-0.2924210870262911,-2.9150067231572407,
IND,2025Q1,industrycat10,1,40.256278509312786,-2.9150067231572407,-0.7605648927685209,
IND,2025Q2,industrycat10,1,39.495713616544265,-0.7605648927685209,2.8832959791449824,
IND,2025Q3,industrycat10,1,42.37900959568925,2.8832959791449824,0.8266990083629935,
IND,2025Q4,industrycat10,1,43.20570860405224,0.8266990083629935,,
IND,2021Q1,industrycat10,10,8.210978191431195,,-0.044115389274296035,
IND,2021Q2,industrycat10,10,8.1668628021569,-0.044115389274296035,-0.5616617947169642,
IND,2021Q3,industrycat10,10,7.605201007439935,-0.5616617947169642,0.2906710475077263,
IND,2021Q4,industrycat10,10,7.895872054947661,0.2906710475077263,0.35357407197560775,
IND,2022Q1,industrycat10,10,8.249446126923269,0.35357407197560775,-0.4608163966242502,
IND,2022Q2,industrycat10,10,7.788629730299019,-0.4608163966242502,0.3065073283137467,
IND,2022Q3,industrycat10,10,8.095137058612766,0.3065073283137467,-0.210507552389962,
IND,2022Q4,industrycat10,10,7.884629506222804,-0.210507552389962,0.18904430730612365,
IND,2023Q1,industrycat10,10,8.073673813528927,0.18904430730612365,-0.022782243742708985,
IND,2023Q2,industrycat10,10,8.050891569786218,-0.022782243742708985,-0.002394763165403546,
IND,2023Q3,industrycat10,10,8.048496806620815,-0.002394763165403546,-0.32857240962109646,
IND,2023Q4,industrycat10,10,7.719924396999718,-0.32857240962109646,0.459025813815777,
IND,2024Q1,industrycat10,10,8.178950210815495,0.459025813815777,0.1449631517335419,
IND,2024Q2,industrycat10,10,8.323913362549037,0.1449631517335419,-0.14517167410939358,
IND,2024Q3,industrycat10,10,8.178741688439644,-0.14517167410939358,-0.0751508200795925,
IND,2024Q4,industrycat10,10,8.103590868360051,-0.0751508200795925,0.7406632441576573,
IND,2025Q1,industrycat10,10,8.844254112517708,0.7406632441576573,-0.011692218159586432,
IND,2025Q2,industrycat10,10,8.832561894358122,-0.011692218159586432,-0.09809852431139454,
IND,2025Q3,industrycat10,10,8.734463370046727,-0.09809852431139454,-0.20593576793424617,
IND,2025Q4,industrycat10,10,8.528527602112481,-0.20593576793424617,,
IND,2021Q1,industrycat10,2,0.27491898641845497,,0.08344078047252163,
IND,2021Q2,industrycat10,2,0.3583597668909766,0.08344078047252163,-0.07070582594402353,
IND,2021Q3,industrycat10,2,0.28765394094695307,-0.07070582594402353,0.024066492218593694,
IND,2021Q4,industrycat10,2,0.31172043316554676,0.024066492218593694,0.12629542938929694,
IND,2022Q1,industrycat10,2,0.4380158625548437,0.12629542938929694,-0.09568663414917111,
IND,2022Q2,industrycat10,2,0.3423292284056726,-0.09568663414917111,0.02067124390013464,
IND,2022Q3,industrycat10,2,0.36300047230580723,0.02067124390013464,-0.10440038883938968,
IND,2022Q4,industrycat10,2,0.25860008346641755,-0.10440038883938968,0.1134009588813189,
IND,2023Q1,industrycat10,2,0.37200104234773645,0.1134009588813189,-0.023213046949640326,
IND,2023Q2,industrycat10,2,0.34878799539809613,-0.023213046949640326,-0.12012385971648407,
IND,2023Q3,industrycat10,2,0.22866413568161206,-0.12012385971648407,8.385955702122638e-05,
IND,2023Q4,industrycat10,2,0.2287479952386333,8.385955702122638e-05,0.09880555216721712,
IND,2024Q1,industrycat10,2,0.3275535474058504,0.09880555216721712,-0.08267613805809307,
IND,2024Q2,industrycat10,2,0.24487740934775734,-0.08267613805809307,-0.05096741657093501,
IND,2024Q3,industrycat10,2,0.19390999277682233,-0.05096741657093501,0.10422054321860416,
IND,2024Q4,industrycat10,2,0.2981305359954265,0.10422054321860416,0.0536778507264119,
IND,2025Q1,industrycat10,2,0.3518083867218384,0.0536778507264119,-0.019504466774210638,
IND,2025Q2,industrycat10,2,0.33230391994762776,-0.019504466774210638,-0.04535299208900706,
IND,2025Q3,industrycat10,2,0.2869509278586207,-0.04535299208900706,-0.03457510102031386,
IND,2025Q4,industrycat10,2,0.25237582683830684,-0.03457510102031386,,
IND,2021Q1,industrycat10,3,11.483960029042093,,-0.14015272886883778,
IND,2021Q2,industrycat10,3,11.343807300173255,-0.14015272886883778,0.08762073315263841,
IND,2021Q3,industrycat10,3,11.431428033325894,0.08762073315263841,0.4344281355420456,
IND,2021Q4,industrycat10,3,11.86585616886794,0.4344281355420456,0.45258388443797415,
IND,2022Q1,industrycat10,3,12.318440053305913,0.45258388443797415,0.23889336943599737,
IND,2022Q2,industrycat10,3,12.55733342274191,0.23889336943599737,-1.1828690320083286,
IND,2022Q3,industrycat10,3,11.374464390733582,-1.1828690320083286,0.5851547526329384,
IND,2022Q4,industrycat10,3,11.95961914336652,0.5851547526329384,1.3624823162271582,
IND,2023Q1,industrycat10,3,13.322101459593679,1.3624823162271582,-1.1945851989657204,
IND,2023Q2,industrycat10,3,12.127516260627958,-1.1945851989657204,-1.600166208356745,
IND,2023Q3,industrycat10,3,10.527350052271213,-1.600166208356745,1.5399358731191288,
IND,2023Q4,industrycat10,3,12.067285925390342,1.5399358731191288,0.057693604858870984,
IND,2024Q1,industrycat10,3,12.124979530249213,0.057693604858870984,0.05676375947071399,
IND,2024Q2,industrycat10,3,12.181743289719927,0.05676375947071399,-0.45430645257003377,
IND,2024Q3,industrycat10,3,11.727436837149893,-0.45430645257003377,0.043672980325268895,
IND,2024Q4,industrycat10,3,11.771109817475162,0.043672980325268895,1.1976874676441742,
IND,2025Q1,industrycat10,3,12.968797285119336,1.1976874676441742,-0.339313444222622,
IND,2025Q2,industrycat10,3,12.629483840896714,-0.339313444222622,-0.5890828933739183,
IND,2025Q3,industrycat10,3,12.040400947522796,-0.5890828933739183,0.11792600215589566,
IND,2025Q4,industrycat10,3,12.158326949678692,0.11792600215589566,,
IND,2021Q1,industrycat10,4,0.7388239648986443,,-0.15414375720747453,
IND,2021Q2,industrycat10,4,0.5846802076911698,-0.15414375720747453,-0.05784809098082033,
IND,2021Q3,industrycat10,4,0.5268321167103495,-0.05784809098082033,0.06790306078286068,
IND,2021Q4,industrycat10,4,0.5947351774932101,0.06790306078286068,0.05001552405148979,
IND,2022Q1,industrycat10,4,0.6447507015446999,0.05001552405148979,0.016504011614340452,
IND,2022Q2,industrycat10,4,0.6612547131590404,0.016504011614340452,0.03514446974985541,
IND,2022Q3,industrycat10,4,0.6963991829088958,0.03514446974985541,-0.21326335067167707,
IND,2022Q4,industrycat10,4,0.48313583223721873,-0.21326335067167707,0.16665657036575438,
IND,2023Q1,industrycat10,4,0.6497924026029731,0.16665657036575438,-0.06954093706904707,
IND,2023Q2,industrycat10,4,0.580251465533926,-0.06954093706904707,0.07466852674513402,
IND,2023Q3,industrycat10,4,0.6549199922790601,0.07466852674513402,-0.09243240128527619,
IND,2023Q4,industrycat10,4,0.5624875909937839,-0.09243240128527619,0.050307217866660925,
IND,2024Q1,industrycat10,4,0.6127948088604448,0.050307217866660925,-0.0861599963787596,
IND,2024Q2,industrycat10,4,0.5266348124816852,-0.0861599963787596,0.1466218660392945,
IND,2024Q3,industrycat10,4,0.6732566785209797,0.1466218660392945,-0.04361148418522609,
IND,2024Q4,industrycat10,4,0.6296451943357536,-0.04361148418522609,0.06316266440369367,
IND,2025Q1,industrycat10,4,0.6928078587394473,0.06316266440369367,0.057290514772440404,
IND,2025Q2,industrycat10,4,0.7500983735118877,0.057290514772440404,-0.03307648728200763,
IND,2025Q3,industrycat10,4,0.7170218862298801,-0.03307648728200763,-0.018614189657495617,
IND,2025Q4,industrycat10,4,0.6984076965723844,-0.018614189657495617,,
IND,2021Q1,industrycat10,5,12.711256307908677,,-0.3571878241693387,
IND,2021Q2,industrycat10,5,12.354068483739338,-0.3571878241693387,-0.5586847616638249,
IND,2021Q3,industrycat10,5,11.795383722075513,-0.5586847616638249,-0.5443157843778454,
IND,2021Q4,industrycat10,5,11.251067937697668,-0.5443157843778454,1.1540460561627732,
IND,2022Q1,industrycat10,5,12.405113993860441,1.1540460561627732,1.3613319249646398,
IND,2022Q2,industrycat10,5,13.766445918825081,1.3613319249646398,-1.8260766866118203,
IND,2022Q3,industrycat10,5,11.94036923221326,-1.8260766866118203,-0.1381395726375576,
IND,2022Q4,industrycat10,5,11.802229659575703,-0.1381395726375576,0.24387478806852236,
IND,2023Q1,industrycat10,5,12.046104447644225,0.24387478806852236,1.8798938575547108,
IND,2023Q2,industrycat10,5,13.925998305198936,1.8798938575547108,-2.209464846652047,
IND,2023Q3,industrycat10,5,11.71653345854689,-2.209464846652047,-0.7467260766089456,
IND,2023Q4,industrycat10,5,10.969807381937944,-0.7467260766089456,1.3143911413677216,
IND,2024Q1,industrycat10,5,12.284198523305665,1.3143911413677216,2.1043261396626995,
IND,2024Q2,industrycat10,5,14.388524662968365,2.1043261396626995,-2.659015089647097,
IND,2024Q3,industrycat10,5,11.729509573321268,-2.659015089647097,0.09512581496072592,
IND,2024Q4,industrycat10,5,11.824635388281994,0.09512581496072592,0.4009717835011628,
IND,2025Q1,industrycat10,5,12.225607171783157,0.4009717835011628,0.6942460006596693,
IND,2025Q2,industrycat10,5,12.919853172442826,0.6942460006596693,-1.795461613498892,
IND,2025Q3,industrycat10,5,11.124391558943934,-1.795461613498892,-0.24514140395494266,
IND,2025Q4,industrycat10,5,10.879250154988991,-0.24514140395494266,,
IND,2021Q1,industrycat10,6,12.962981485990255,,-0.13787072782208654,
IND,2021Q2,industrycat10,6,12.825110758168169,-0.13787072782208654,-0.12904951672419607,
IND,2021Q3,industrycat10,6,12.696061241443973,-0.12904951672419607,-0.1038701591826019,
IND,2021Q4,industrycat10,6,12.59219108226137,-0.1038701591826019,0.43562175254985647,
IND,2022Q1,industrycat10,6,13.027812834811227,0.43562175254985647,0.8323072845808444,
IND,2022Q2,industrycat10,6,13.860120119392072,0.8323072845808444,-0.8325788368470484,
IND,2022Q3,industrycat10,6,13.027541282545023,-0.8325788368470484,0.010559208077191684,
IND,2022Q4,industrycat10,6,13.038100490622215,0.010559208077191684,0.37194807353698245,
IND,2023Q1,industrycat10,6,13.410048564159197,0.37194807353698245,-0.02655861246523017,
IND,2023Q2,industrycat10,6,13.383489951693967,-0.02655861246523017,-0.5429724427721894,
IND,2023Q3,industrycat10,6,12.840517508921778,-0.5429724427721894,-0.1484180996932416,
IND,2023Q4,industrycat10,6,12.692099409228536,-0.1484180996932416,0.20644276783783155,
IND,2024Q1,industrycat10,6,12.898542177066368,0.20644276783783155,0.6946977484577275,
IND,2024Q2,industrycat10,6,13.593239925524095,0.6946977484577275,-0.2793634135190608,
IND,2024Q3,industrycat10,6,13.313876512005034,-0.2793634135190608,-0.08483299671290467,
IND,2024Q4,industrycat10,6,13.22904351529213,-0.08483299671290467,0.3754961716234355,
IND,2025Q1,industrycat10,6,13.604539686915565,0.3754961716234355,0.1833258357492138,
IND,2025Q2,industrycat10,6,13.787865522664779,0.1833258357492138,-0.26728063479474784,
IND,2025Q3,industrycat10,6,13.520584887870031,-0.26728063479474784,-0.21328200867772296,
IND,2025Q4,industrycat10,6,13.307302879192308,-0.21328200867772296,,
IND,2021Q1,industrycat10,7,6.2110515061339635,,-0.004252933581120999,
IND,2021Q2,industrycat10,7,6.2067985725528425,-0.004252933581120999,-0.6994705735560016,
IND,2021Q3,industrycat10,7,5.507327998996841,-0.6994705735560016,0.7417203791343203,
IND,2021Q4,industrycat10,7,6.249048378131161,0.7417203791343203,-0.10346350249884395,
IND,2022Q1,industrycat10,7,6.145584875632317,-0.10346350249884395,0.4536007709405592,
IND,2022Q2,industrycat10,7,6.599185646572876,0.4536007709405592,-0.7465933595734748,
IND,2022Q3,industrycat10,7,5.852592286999402,-0.7465933595734748,0.18827756103808024,
IND,2022Q4,industrycat10,7,6.040869848037482,0.18827756103808024,-0.14604001322647786,
IND,2023Q1,industrycat10,7,5.894829834811004,-0.14604001322647786,0.2368656472552635,
IND,2023Q2,industrycat10,7,6.1316954820662675,0.2368656472552635,-0.3487236216701515,
IND,2023Q3,industrycat10,7,5.782971860396116,-0.3487236216701515,0.035503688881665774,
IND,2023Q4,industrycat10,7,5.818475549277782,0.035503688881665774,0.4391622209996955,
IND,2024Q1,industrycat10,7,6.257637770277477,0.4391622209996955,-0.07476676281495731,
IND,2024Q2,industrycat10,7,6.18287100746252,-0.07476676281495731,-0.22024926479913987,
IND,2024Q3,industrycat10,7,5.96262174266338,-0.22024926479913987,0.23554798591738635,
IND,2024Q4,industrycat10,7,6.198169728580766,0.23554798591738635,-0.24080212694375014,
IND,2025Q1,industrycat10,7,5.957367601637016,-0.24080212694375014,0.1807168578892755,
IND,2025Q2,industrycat10,7,6.138084459526292,0.1807168578892755,-0.05267498589332131,
IND,2025Q3,industrycat10,7,6.0854094736329705,-0.05267498589332131,-0.18371664013880196,
IND,2025Q4,industrycat10,7,5.9016928334941685,-0.18371664013880196,,
IND,2021Q1,industrycat10,8,3.1189606166507993,,-0.16553153475103155,
IND,2021Q2,industrycat10,8,2.9534290818997677,-0.16553153475103155,0.17001268027727434,
IND,2021Q3,industrycat10,8,3.123441762177042,0.17001268027727434,0.12850205632114964,
IND,2021Q4,industrycat10,8,3.2519438184981917,0.12850205632114964,-0.21379568866152354,
IND,2022Q1,industrycat10,8,3.038148129836668,-0.21379568866152354,0.06693798642170412,
IND,2022Q2,industrycat10,8,3.1050861162583723,0.06693798642170412,-0.3057574102642131,
IND,2022Q3,industrycat10,8,2.799328705994159,-0.3057574102642131,-0.011828976282369563,
IND,2022Q4,industrycat10,8,2.7874997297117896,-0.011828976282369563,0.24736231792951635,
IND,2023Q1,industrycat10,8,3.034862047641306,0.24736231792951635,-0.09113470749811636,
IND,2023Q2,industrycat10,8,2.9437273401431896,-0.09113470749811636,0.02101663234393758,
IND,2023Q3,industrycat10,8,2.964743972487127,0.02101663234393758,0.0828681263779183,
IND,2023Q4,industrycat10,8,3.0476120988650455,0.0828681263779183,-0.005464889255728966,
IND,2024Q1,industrycat10,8,3.0421472096093165,-0.005464889255728966,0.04753918562533688,
IND,2024Q2,industrycat10,8,3.0896863952346534,0.04753918562533688,0.3157008319273453,
IND,2024Q3,industrycat10,8,3.4053872271619987,0.3157008319273453,-0.3879248274651972,
IND,2024Q4,industrycat10,8,3.0174623996968015,-0.3879248274651972,0.6302245296532316,
IND,2025Q1,industrycat10,8,3.647686929350033,0.6302245296532316,-0.008665892845348022,
IND,2025Q2,industrycat10,8,3.639021036504685,-0.008665892845348022,-0.018783566612850855,
IND,2025Q3,industrycat10,8,3.6202374698918343,-0.018783566612850855,-0.07559503668633649,
IND,2025Q4,industrycat10,8,3.5446424332054978,-0.07559503668633649,,
IND,2021Q1,industrycat10,9,1.5803275115364215,,0.07672053458946237,
IND,2021Q2,industrycat10,9,1.6570480461258839,0.07672053458946237,-0.13828609061649577,
IND,2021Q3,industrycat10,9,1.518761955509388,-0.13828609061649577,0.05157173910951407,
IND,2021Q4,industrycat10,9,1.5703336946189022,0.05157173910951407,0.22612077893793048,
IND,2022Q1,industrycat10,9,1.7964544735568326,0.22612077893793048,-0.18342229364604834,
IND,2022Q2,industrycat10,9,1.6130321799107843,-0.18342229364604834,0.08349257233387708,
IND,2022Q3,industrycat10,9,1.6965247522446614,0.08349257233387708,-0.21958555421411896,
IND,2022Q4,industrycat10,9,1.4769391980305424,-0.21958555421411896,0.08028968384912205,
IND,2023Q1,industrycat10,9,1.5572288818796645,0.08028968384912205,-0.12947419877952693,
IND,2023Q2,industrycat10,9,1.4277546831001375,-0.12947419877952693,0.15843931086778107,
IND,2023Q3,industrycat10,9,1.5861939939679186,0.15843931086778107,-0.11372507937148169,
IND,2023Q4,industrycat10,9,1.472468914596437,-0.11372507937148169,-0.08518213890665915,
IND,2024Q1,industrycat10,9,1.3872867756897778,-0.08518213890665915,0.25864527376699153,
IND,2024Q2,industrycat10,9,1.6459320494567693,0.25864527376699153,-0.2943786209921109,
IND,2024Q3,industrycat10,9,1.3515534284646584,-0.2943786209921109,0.40537389104723687,
IND,2024Q4,industrycat10,9,1.7569273195118953,0.40537389104723687,-0.30607486160878516,
IND,2025Q1,industrycat10,9,1.4508524579031101,-0.30607486160878516,0.02416170569968923,
IND,2025Q2,industrycat10,9,1.4750141636027994,0.02416170569968923,0.016515718711166638,
IND,2025Q3,industrycat10,9,1.491529882313966,0.016515718711166638,0.03223513755095153,
IND,2025Q4,industrycat10,9,1.5237650198649175,0.03223513755095153,,
IND,2021Q1,lstatus,1,36.92074767024962,,-1.8184584251091565,
IND,2021Q2,lstatus,1,35.10228924514046,-1.8184584251091565,0.6844218348542839,
IND,2021Q3,lstatus,1,35.786711079994745,0.6844218348542839,0.5247973897758342,
IND,2021Q4,lstatus,1,36.31150846977058,0.5247973897758342,-0.11674441258637103,
IND,2022Q1,lstatus,1,36.19476405718421,-0.11674441258637103,-0.051370511058443924,
IND,2022Q2,lstatus,1,36.143393546125765,-0.051370511058443924,1.7045057954586724,
IND,2022Q3,lstatus,1,37.84789934158444,1.7045057954586724,0.9300815864553655,
IND,2022Q4,lstatus,1,38.7779809280398,0.9300815864553655,0.5402393532790555,
IND,2023Q1,lstatus,1,39.31822028131886,0.5402393532790555,-0.2182944108448197,
IND,2023Q2,lstatus,1,39.09992587047404,-0.2182944108448197,1.8950022897964516,
IND,2023Q3,lstatus,1,40.99492816027049,1.8950022897964516,-0.472614200480038,
IND,2023Q4,lstatus,1,40.52231395979045,-0.472614200480038,-0.31273380792087124,
IND,2024Q1,lstatus,1,40.20958015186958,-0.31273380792087124,-1.3031955535792505,
IND,2024Q2,lstatus,1,38.90638459829033,-1.3031955535792505,1.4273481152312328,
IND,2024Q3,lstatus,1,40.33373271352156,1.4273481152312328,0.4106139080955913,
IND,2024Q4,lstatus,1,40.744346621617154,0.4106139080955913,-1.1122762158392803,
IND,2025Q1,lstatus,1,39.632070405777874,-1.1122762158392803,-0.37641025595778643,
IND,2025Q2,lstatus,1,39.25566014982009,-0.37641025595778643,0.19172137775785103,
IND,2025Q3,lstatus,1,39.44738152757794,0.19172137775785103,0.6830316293494079,
IND,2025Q4,lstatus,1,40.13041315692735,0.6830316293494079,,
IND,2021Q1,lstatus,2,2.4421183861901574,,1.1754806290021467,
IND,2021Q2,lstatus,2,3.617599015192304,1.1754806290021467,-0.7923802541624769,
IND,2021Q3,lstatus,2,2.825218761029827,-0.7923802541624769,-0.390691213247671,
IND,2021Q4,lstatus,2,2.434527547782156,-0.390691213247671,0.08619747890440621,
IND,2022Q1,lstatus,2,2.5207250266865624,0.08619747890440621,-0.09087550425839774,
IND,2022Q2,lstatus,2,2.4298495224281647,-0.09087550425839774,-0.29668007029362187,
IND,2022Q3,lstatus,2,2.133169452134543,-0.29668007029362187,-0.015374919665383402,
IND,2022Q4,lstatus,2,2.1177945324691594,-0.015374919665383402,-0.07915224222732986,
IND,2023Q1,lstatus,2,2.0386422902418295,-0.07915224222732986,0.23270755547989452,
IND,2023Q2,lstatus,2,2.271349845721724,0.23270755547989452,-0.21287326729399947,
IND,2023Q3,lstatus,2,2.0584765784277246,-0.21287326729399947,-0.035998331635884284,
IND,2023Q4,lstatus,2,2.0224782467918403,-0.035998331635884284,-0.027753532736501274,
IND,2024Q1,lstatus,2,1.994724714055339,-0.027753532736501274,0.17456311386338452,
IND,2024Q2,lstatus,2,2.1692878279187235,0.17456311386338452,-0.11252277339493011,
IND,2024Q3,lstatus,2,2.0567650545237934,-0.11252277339493011,-0.054524058867225556,
IND,2024Q4,lstatus,2,2.002240995656568,-0.054524058867225556,0.2199760019998993,
IND,2025Q1,lstatus,2,2.222216997656467,0.2199760019998993,0.012999021101631314,
IND,2025Q2,lstatus,2,2.2352160187580985,0.012999021101631314,-0.07929572083759195,
IND,2025Q3,lstatus,2,2.1559202979205065,-0.07929572083759195,-0.1286581212807083,
IND,2025Q4,lstatus,2,2.0272621766397982,-0.1286581212807083,,
IND,2021Q1,lstatus,3,35.40320801846267,,1.9863774553393299,
IND,2021Q2,lstatus,3,37.389585473802,1.9863774553393299,-1.2092147716678312,
IND,2021Q3,lstatus,3,36.18037070213417,-1.2092147716678312,-0.5586136987143533,
IND,2021Q4,lstatus,3,35.621757003419816,-0.5586136987143533,0.4098069511422793,
IND,2022Q1,lstatus,3,36.031563954562095,0.4098069511422793,0.4826897119986313,
IND,2022Q2,lstatus,3,36.51425366656073,0.4826897119986313,-1.9701521580447192,
IND,2022Q3,lstatus,3,34.54410150851601,-1.9701521580447192,-1.00902483845762,
IND,2022Q4,lstatus,3,33.53507667005839,-1.00902483845762,-0.31219511439913106,
IND,2023Q1,lstatus,3,33.22288155565926,-0.31219511439913106,0.459015533471657,
IND,2023Q2,lstatus,3,33.68189708913091,0.459015533471657,-2.077760355594222,
IND,2023Q3,lstatus,3,31.60413673353669,-2.077760355594222,0.9838312151106265,
IND,2023Q4,lstatus,3,32.58796794864732,0.9838312151106265,-0.0912888483995502,
IND,2024Q1,lstatus,3,32.49667910024777,-0.0912888483995502,1.096233712008008,
IND,2024Q2,lstatus,3,33.592912812255776,1.096233712008008,-0.7786842402787144,
IND,2024Q3,lstatus,3,32.81422857197706,-0.7786842402787144,-0.5764736557174786,
IND,2024Q4,lstatus,3,32.23775491625958,-0.5764736557174786,1.3855297877061687,
IND,2025Q1,lstatus,3,33.62328470396575,1.3855297877061687,0.3714562837537869,
IND,2025Q2,lstatus,3,33.99474098771954,0.3714562837537869,-0.08265115319309047,
IND,2025Q3,lstatus,3,33.91208983452645,-0.08265115319309047,-0.47352966414737097,
IND,2025Q4,lstatus,3,33.43856017037908,-0.47352966414737097,,
IND,2021Q1,lstatus,NA,25.233925925097537,,-1.3433996592323005,
IND,2021Q2,lstatus,NA,23.890526265865237,-1.3433996592323005,1.3171731909760176,
IND,2021Q3,lstatus,NA,25.207699456841254,1.3171731909760176,0.42450752218618604,
IND,2021Q4,lstatus,NA,25.63220697902744,0.42450752218618604,-0.37926001746029314,
IND,2022Q1,lstatus,NA,25.252946961567147,-0.37926001746029314,-0.3404436966818203,
IND,2022Q2,lstatus,NA,24.912503264885327,-0.3404436966818203,0.5623264328796758,
IND,2022Q3,lstatus,NA,25.474829697765003,0.5623264328796758,0.094318171667652,
IND,2022Q4,lstatus,NA,25.569147869432655,0.094318171667652,-0.14889199665260122,
IND,2023Q1,lstatus,NA,25.420255872780054,-0.14889199665260122,-0.47342867810673894,
IND,2023Q2,lstatus,NA,24.946827194673315,-0.47342867810673894,0.3956313330917638,
IND,2023Q3,lstatus,NA,25.34245852776508,0.3956313330917638,-0.47521868299471137,
IND,2023Q4,lstatus,NA,24.867239844770367,-0.47521868299471137,0.4317761890569649,
IND,2024Q1,lstatus,NA,25.299016033827332,0.4317761890569649,0.03239872770785013,
IND,2024Q2,lstatus,NA,25.331414761535182,0.03239872770785013,-0.5361411015576216,
IND,2024Q3,lstatus,NA,24.79527365997756,-0.5361411015576216,0.22038380648913503,
IND,2024Q4,lstatus,NA,25.015657466466696,0.22038380648913503,-0.49322957386677757,
IND,2025Q1,lstatus,NA,24.522427892599918,-0.49322957386677757,-0.00804504889764246,
IND,2025Q2,lstatus,NA,24.514382843702275,-0.00804504889764246,-0.02977450372715751,
IND,2025Q3,lstatus,NA,24.484608339975118,-0.02977450372715751,-0.0808438439213397,
IND,2025Q4,lstatus,NA,24.40376449605378,-0.0808438439213397,,
IND,2021Q1,occup,1,8.420242763278651,,1.0268775978271112,
IND,2021Q2,occup,1,9.447120361105762,1.0268775978271112,-0.278272262709379,
IND,2021Q3,occup,1,9.168848098396383,-0.278272262709379,-0.6802638123606375,
IND,2021Q4,occup,1,8.488584286035746,-0.6802638123606375,-0.7448614142821048,
IND,2022Q1,occup,1,7.743722871753641,-0.7448614142821048,-1.8627793824672452,
IND,2022Q2,occup,1,5.880943489286396,-1.8627793824672452,-1.5521528978409327,
IND,2022Q3,occup,1,4.328790591445463,-1.5521528978409327,-0.2689676054971599,
IND,2022Q4,occup,1,4.059822985948303,-0.2689676054971599,0.05999850554842201,
IND,2023Q1,occup,1,4.119821491496725,0.05999850554842201,-0.3803023411317792,
IND,2023Q2,occup,1,3.739519150364946,-0.3803023411317792,-0.4004532993572756,
IND,2023Q3,occup,1,3.3390658510076703,-0.4004532993572756,0.023062586487299086,
IND,2023Q4,occup,1,3.3621284374949694,0.023062586487299086,0.270824614161973,
IND,2024Q1,occup,1,3.6329530516569424,0.270824614161973,-0.3520682790350529,
IND,2024Q2,occup,1,3.2808847726218895,-0.3520682790350529,0.14525359527536663,
IND,2024Q3,occup,1,3.426138367897256,0.14525359527536663,0.36124867588245513,
IND,2024Q4,occup,1,3.7873870437797112,0.36124867588245513,-0.9327548271518351,
IND,2025Q1,occup,1,2.854632216627876,-0.9327548271518351,-0.018125731760517905,
IND,2025Q2,occup,1,2.8365064848673582,-0.018125731760517905,-0.04230248379796331,
IND,2025Q3,occup,1,2.794204001069395,-0.04230248379796331,-0.1203379570345926,
IND,2025Q4,occup,1,2.6738660440348023,-0.1203379570345926,,
IND,2021Q1,occup,2,5.427846714764538,,0.2777858486110114,
IND,2021Q2,occup,2,5.705632563375549,0.2777858486110114,-0.3005800903590998,
IND,2021Q3,occup,2,5.4050524730164495,-0.3005800903590998,-0.136891412194168,
IND,2021Q4,occup,2,5.2681610608222815,-0.136891412194168,0.09435118104068341,
IND,2022Q1,occup,2,5.362512241862965,0.09435118104068341,0.26294560825663105,
IND,2022Q2,occup,2,5.625457850119596,0.26294560825663105,0.2035794301511169,
IND,2022Q3,occup,2,5.829037280270713,0.2035794301511169,-0.3715879636448127,
IND,2022Q4,occup,2,5.4574493166259,-0.3715879636448127,0.22719539377938602,
IND,2023Q1,occup,2,5.684644710405286,0.22719539377938602,0.19016389646533582,
IND,2023Q2,occup,2,5.874808606870622,0.19016389646533582,-0.35916394749111724,
IND,2023Q3,occup,2,5.515644659379505,-0.35916394749111724,0.21189545470086202,
IND,2023Q4,occup,2,5.727540114080367,0.21189545470086202,0.0521483494188244,
IND,2024Q1,occup,2,5.779688463499191,0.0521483494188244,-0.16453541760332335,
IND,2024Q2,occup,2,5.615153045895868,-0.16453541760332335,0.04692027695031786,
IND,2024Q3,occup,2,5.662073322846186,0.04692027695031786,-0.06400874333733864,
IND,2024Q4,occup,2,5.598064579508847,-0.06400874333733864,0.03661058505901149,
IND,2025Q1,occup,2,5.6346751645678586,0.03661058505901149,0.26635042215413307,
IND,2025Q2,occup,2,5.901025586721992,0.26635042215413307,0.13215730506783174,
IND,2025Q3,occup,2,6.033182891789823,0.13215730506783174,-0.2908319606955505,
IND,2025Q4,occup,2,5.742350931094273,-0.2908319606955505,,
IND,2021Q1,occup,3,2.3175962915017085,,0.037536085040388745,
IND,2021Q2,occup,3,2.3551323765420973,0.037536085040388745,-0.2456949265392918,
IND,2021Q3,occup,3,2.1094374500028055,-0.2456949265392918,0.21662510665368861,
IND,2021Q4,occup,3,2.326062556656494,0.21662510665368861,0.09079993703462996,
IND,2022Q1,occup,3,2.416862493691124,0.09079993703462996,-0.05317290395579333,
IND,2022Q2,occup,3,2.3636895897353307,-0.05317290395579333,-0.11507107280848361,
IND,2022Q3,occup,3,2.248618516926847,-0.11507107280848361,0.01124864515709767,
IND,2022Q4,occup,3,2.259867162083945,0.01124864515709767,0.45676531220004746,
IND,2023Q1,occup,3,2.7166324742839922,0.45676531220004746,-0.6263506487600337,
IND,2023Q2,occup,3,2.0902818255239586,-0.6263506487600337,0.230226175303347,
IND,2023Q3,occup,3,2.3205080008273056,0.230226175303347,0.11254735132611371,
IND,2023Q4,occup,3,2.4330553521534193,0.11254735132611371,-0.051051829514334734,
IND,2024Q1,occup,3,2.3820035226390845,-0.051051829514334734,0.08530501358105935,
IND,2024Q2,occup,3,2.467308536220144,0.08530501358105935,-0.0974052244679946,
IND,2024Q3,occup,3,2.3699033117521493,-0.0974052244679946,0.08660384450527925,
IND,2024Q4,occup,3,2.4565071562574285,0.08660384450527925,0.1910452331257262,
IND,2025Q1,occup,3,2.6475523893831547,0.1910452331257262,-0.008963250912557452,
IND,2025Q2,occup,3,2.6385891384705973,-0.008963250912557452,0.006158380927087759,
IND,2025Q3,occup,3,2.644747519397685,0.006158380927087759,0.04132783085382119,
IND,2025Q4,occup,3,2.6860753502515062,0.04132783085382119,,
IND,2021Q1,occup,4,1.8953979045987077,,0.03056086156253346,
IND,2021Q2,occup,4,1.9259587661612412,0.03056086156253346,-0.010389822653842362,
IND,2021Q3,occup,4,1.9155689435073988,-0.010389822653842362,0.1387009800008916,
IND,2021Q4,occup,4,2.0542699235082904,0.1387009800008916,0.2410398157704381,
IND,2022Q1,occup,4,2.2953097392787285,0.2410398157704381,-0.08450682754093508,
IND,2022Q2,occup,4,2.2108029117377934,-0.08450682754093508,0.05534681670154118,
IND,2022Q3,occup,4,2.2661497284393346,0.05534681670154118,-0.34343129466240496,
IND,2022Q4,occup,4,1.9227184337769296,-0.34343129466240496,0.0440401780363604,
IND,2023Q1,occup,4,1.96675861181329,0.0440401780363604,0.14900919130033308,
IND,2023Q2,occup,4,2.115767803113623,0.14900919130033308,0.15681166722706408,
IND,2023Q3,occup,4,2.272579470340687,0.15681166722706408,0.019393954109323985,
IND,2023Q4,occup,4,2.291973424450011,0.019393954109323985,0.01295027041605934,
IND,2024Q1,occup,4,2.3049236948660705,0.01295027041605934,-0.15550404383790184,
IND,2024Q2,occup,4,2.1494196510281687,-0.15550404383790184,0.265177394235534,
IND,2024Q3,occup,4,2.4145970452637027,0.265177394235534,-0.17793931498140392,
IND,2024Q4,occup,4,2.2366577302822988,-0.17793931498140392,0.10859712528556864,
IND,2025Q1,occup,4,2.3452548555678674,0.10859712528556864,-0.0043364328706636535,
IND,2025Q2,occup,4,2.3409184226972037,-0.0043364328706636535,-0.06502610256976649,
IND,2025Q3,occup,4,2.2758923201274373,-0.06502610256976649,0.048913432441160865,
IND,2025Q4,occup,4,2.324805752568598,0.048913432441160865,,
IND,2021Q1,occup,5,9.759722856268837,,-0.3359146607911434,
IND,2021Q2,occup,5,9.423808195477694,-0.3359146607911434,0.15058085988948733,
IND,2021Q3,occup,5,9.574389055367181,0.15058085988948733,0.5968940065462682,
IND,2021Q4,occup,5,10.17128306191345,0.5968940065462682,0.4415017065269513,
IND,2022Q1,occup,5,10.6127847684404,0.4415017065269513,1.3279571311465599,
IND,2022Q2,occup,5,11.94074189958696,1.3279571311465599,-0.12724672992793984,
IND,2022Q3,occup,5,11.81349516965902,-0.12724672992793984,0.5664234734315166,
IND,2022Q4,occup,5,12.379918643090537,0.5664234734315166,0.6197879864112643,
IND,2023Q1,occup,5,12.999706629501802,0.6197879864112643,-0.3160553666801018,
IND,2023Q2,occup,5,12.6836512628217,-0.3160553666801018,-0.4507127191498661,
IND,2023Q3,occup,5,12.232938543671834,-0.4507127191498661,-0.13288323377540756,
IND,2023Q4,occup,5,12.100055309896426,-0.13288323377540756,0.17959384278314694,
IND,2024Q1,occup,5,12.279649152679573,0.17959384278314694,0.22963537850530003,
IND,2024Q2,occup,5,12.509284531184873,0.22963537850530003,0.1226584625156395,
IND,2024Q3,occup,5,12.631942993700513,0.1226584625156395,-0.01169813302829148,
IND,2024Q4,occup,5,12.620244860672221,-0.01169813302829148,0.7322074606173334,
IND,2025Q1,occup,5,13.352452321289555,0.7322074606173334,0.29642357390568286,
IND,2025Q2,occup,5,13.648875895195237,0.29642357390568286,-0.26227857945087685,
IND,2025Q3,occup,5,13.38659731574436,-0.26227857945087685,-0.2570440556335374,
IND,2025Q4,occup,5,13.129553260110823,-0.2570440556335374,,
IND,2021Q1,occup,6,32.680929404798384,,0.8946493097461428,
IND,2021Q2,occup,6,33.57557871454453,0.8946493097461428,0.5864711538796925,
IND,2021Q3,occup,6,34.16204986842422,0.5864711538796925,0.5696589719355387,
IND,2021Q4,occup,6,34.73170884035976,0.5696589719355387,-1.610703831730575,
IND,2022Q1,occup,6,33.12100500862918,-1.610703831730575,-1.3286769526310032,
IND,2022Q2,occup,6,31.79232805599818,-1.3286769526310032,3.718215330414747,
IND,2022Q3,occup,6,35.51054338641293,3.718215330414747,0.4925684165201787,level_shift
IND,2022Q4,occup,6,36.003111802933105,0.4925684165201787,-2.6950257871126837,
IND,2023Q1,occup,6,33.30808601582042,-2.6950257871126837,0.3439976947608159,
IND,2023Q2,occup,6,33.65208371058124,0.3439976947608159,4.013164692525379,
IND,2023Q3,occup,6,37.66524840310662,4.013164692525379,-0.23149709076207614,level_shift
IND,2023Q4,occup,6,37.43375131234454,-0.23149709076207614,-1.6073660976009805,
IND,2024Q1,occup,6,35.82638521474356,-1.6073660976009805,-1.945498628754919,
IND,2024Q2,occup,6,33.88088658598864,-1.945498628754919,1.4171693305935236,
IND,2024Q3,occup,6,35.298055916582165,1.4171693305935236,0.5720001671161654,
IND,2024Q4,occup,6,35.87005608369833,0.5720001671161654,-3.2964285193168834,
IND,2025Q1,occup,6,32.57362756438145,-3.2964285193168834,0.04595319101541406,level_shift
IND,2025Q2,occup,6,32.61958075539686,0.04595319101541406,1.9468637894896617,
IND,2025Q3,occup,6,34.56644454488652,1.9468637894896617,0.6814919827452357,
IND,2025Q4,occup,6,35.24793652763176,0.6814919827452357,,
IND,2021Q1,occup,7,12.272703179207518,,-1.1035673100281134,
IND,2021Q2,occup,7,11.169135869179405,-1.1035673100281134,-2.1613067423277013,
IND,2021Q3,occup,7,9.007829126851703,-2.1613067423277013,0.40614134948948255,
IND,2021Q4,occup,7,9.413970476341186,0.40614134948948255,0.7675370357830325,
IND,2022Q1,occup,7,10.181507512124218,0.7675370357830325,1.1778049971520055,
IND,2022Q2,occup,7,11.359312509276224,1.1778049971520055,-0.6796764277567391,
IND,2022Q3,occup,7,10.679636081519485,-0.6796764277567391,0.8754436269841221,
IND,2022Q4,occup,7,11.555079708503607,0.8754436269841221,-0.0606091718029127,
IND,2023Q1,occup,7,11.494470536700694,-0.0606091718029127,0.3595443770951938,
IND,2023Q2,occup,7,11.854014913795888,0.3595443770951938,-1.2428253586749243,
IND,2023Q3,occup,7,10.611189555120964,-1.2428253586749243,0.40579312433269443,
IND,2023Q4,occup,7,11.016982679453658,0.40579312433269443,0.3806255027883729,
IND,2024Q1,occup,7,11.397608182242031,0.3806255027883729,0.769408390481745,
IND,2024Q2,occup,7,12.167016572723776,0.769408390481745,-1.3815444748872068,
IND,2024Q3,occup,7,10.78547209783657,-1.3815444748872068,0.13930999194753468,
IND,2024Q4,occup,7,10.924782089784104,0.13930999194753468,0.6064525610725653,
IND,2025Q1,occup,7,11.53123465085667,0.6064525610725653,0.030610120197962942,
IND,2025Q2,occup,7,11.561844771054632,0.030610120197962942,-0.16020683456886964,
IND,2025Q3,occup,7,11.401637936485763,-0.16020683456886964,-0.1893272216858648,
IND,2025Q4,occup,7,11.212310714799898,-0.1893272216858648,,
IND,2021Q1,occup,8,5.853952166081194,,-0.2327447539494285,
IND,2021Q2,occup,8,5.621207412131765,-0.2327447539494285,-0.34105812882385145,
IND,2021Q3,occup,8,5.280149283307914,-0.34105812882385145,0.5191552000537554,
IND,2021Q4,occup,8,5.799304483361669,0.5191552000537554,-0.16055081295717066,
IND,2022Q1,occup,8,5.6387536704044985,-0.16055081295717066,0.3926501032543044,
IND,2022Q2,occup,8,6.031403773658803,0.3926501032543044,-0.3177333841649084,
IND,2022Q3,occup,8,5.7136703894938945,-0.3177333841649084,-0.11027010401102277,
IND,2022Q4,occup,8,5.603400285482872,-0.11027010401102277,0.12772787082849124,
IND,2023Q1,occup,8,5.731128156311363,0.12772787082849124,-0.08443046579999258,
IND,2023Q2,occup,8,5.64669769051137,-0.08443046579999258,-0.23938878638989536,
IND,2023Q3,occup,8,5.407308904121475,-0.23938878638989536,0.03647222832536112,
IND,2023Q4,occup,8,5.443781132446836,0.03647222832536112,0.3320178636244009,
IND,2024Q1,occup,8,5.775798996071237,0.3320178636244009,0.3007121589639965,
IND,2024Q2,occup,8,6.0765111550352335,0.3007121589639965,-0.3218841368355472,
IND,2024Q3,occup,8,5.754627018199686,-0.3218841368355472,0.21913356575388576,
IND,2024Q4,occup,8,5.973760583953572,0.21913356575388576,0.2989486318170833,
IND,2025Q1,occup,8,6.272709215770655,0.2989486318170833,0.01380719026665922,
IND,2025Q2,occup,8,6.286516406037315,0.01380719026665922,-0.19122999843024147,
IND,2025Q3,occup,8,6.095286407607073,-0.19122999843024147,-0.18281733879049167,
IND,2025Q4,occup,8,5.9124690688165815,-0.18281733879049167,,
IND,2021Q1,occup,9,21.348402456533766,,-0.5719767150518074,
IND,2021Q2,occup,9,20.776425741481958,-0.5719767150518074,2.600249959643989,
IND,2021Q3,occup,9,23.376675701125947,2.600249959643989,-1.6300203901248054,
IND,2021Q4,occup,9,21.746655311001142,-1.6300203901248054,0.8808863828140865,
IND,2022Q1,occup,9,22.62754169381523,0.8808863828140865,0.16777822678550436,
IND,2022Q2,occup,9,22.795319920600733,0.16777822678550436,-1.1852610647684116,
IND,2022Q3,occup,9,21.61005885583232,-1.1852610647684116,-0.8514271942775054,
IND,2022Q4,occup,9,20.758631661554816,-0.8514271942775054,1.2201197121116039,
IND,2023Q1,occup,9,21.97875137366642,1.2201197121116039,0.36442366275022664,
IND,2023Q2,occup,9,22.343175036416646,0.36442366275022664,-1.7076584239926973,
IND,2023Q3,occup,9,20.63551661242395,-1.7076584239926973,-0.44478437474417376,
IND,2023Q4,occup,9,20.190732237679775,-0.44478437474417376,0.43025748392254215,
IND,2024Q1,occup,9,20.620989721602317,0.43025748392254215,1.2325454276990726,
IND,2024Q2,occup,9,21.85353514930139,1.2325454276990726,-0.19634522337961613,
IND,2024Q3,occup,9,21.657189925921774,-0.19634522337961613,-1.1246500538582858,
IND,2024Q4,occup,9,20.532539872063488,-1.1246500538582858,2.25532174949144,
IND,2025Q1,occup,9,22.787861621554928,2.25532174949144,-0.6217190819961296,
IND,2025Q2,occup,9,22.1661425395588,-0.6217190819961296,-1.3641354766668563,
IND,2025Q3,occup,9,20.802007062891942,-1.3641354766668563,0.26862528779981787,
IND,2025Q4,occup,9,21.07063235069176,0.26862528779981787,,
IND,2021Q1,occup,NA,0.023206262966690278,,,
IND,2021Q1,socialsec,NA,100.0,,0.0,
IND,2021Q2,socialsec,NA,100.0,0.0,0.0,
IND,2021Q3,socialsec,NA,100.0,0.0,0.0,
IND,2021Q4,socialsec,NA,100.0,0.0,1.4210854715202004e-14,
IND,2022Q1,socialsec,NA,100.00000000000001,1.4210854715202004e-14,-1.4210854715202004e-14,
IND,2022Q2,socialsec,NA,100.0,-1.4210854715202004e-14,0.0,
IND,2022Q3,socialsec,NA,100.0,0.0,0.0,
IND,2022Q4,socialsec,NA,100.0,0.0,0.0,
IND,2023Q1,socialsec,NA,100.0,0.0,0.0,
IND,2023Q2,socialsec,NA,100.0,0.0,0.0,
IND,2023Q3,socialsec,NA,100.0,0.0,-1.4210854715202004e-14,
IND,2023Q4,socialsec,NA,99.99999999999999,-1.4210854715202004e-14,1.4210854715202004e-14,
IND,2024Q1,socialsec,NA,100.0,1.4210854715202004e-14,0.0,
IND,2024Q2,socialsec,NA,100.0,0.0,0.0,
IND,2024Q3,socialsec,NA,100.0,0.0,0.0,
IND,2024Q4,socialsec,NA,100.0,0.0,0.0,
IND,2025Q1,socialsec,NA,100.0,0.0,0.0,
IND,2025Q2,socialsec,NA,100.0,0.0,0.0,
IND,2025Q3,socialsec,NA,100.0,0.0,0.0,
IND,2025Q4,socialsec,NA,100.0,0.0,,
IND,2021Q1,urban,0,70.95728649870952,,0.6335929729084882,
IND,2021Q2,urban,0,71.59087947161801,0.6335929729084882,0.42126364261389426,
IND,2021Q3,urban,0,72.0121431142319,0.42126364261389426,0.11501807175102385,
IND,2021Q4,urban,0,72.12716118598293,0.11501807175102385,-0.3210539971630908,
IND,2022Q1,urban,0,71.80610718881984,-0.3210539971630908,-0.1472422876478845,
IND,2022Q2,urban,0,71.65886490117195,-0.1472422876478845,0.5839328272046913,
IND,2022Q3,urban,0,72.24279772837664,0.5839328272046913,-0.08073011499315896,
IND,2022Q4,urban,0,72.16206761338348,-0.08073011499315896,-0.2632237091478231,
IND,2023Q1,urban,0,71.89884390423566,-0.2632237091478231,0.2570395084990196,
IND,2023Q2,urban,0,72.15588341273468,0.2570395084990196,-1.3871602831628707,
IND,2023Q3,urban,0,70.76872312957181,-1.3871602831628707,-0.018343551278292125,
IND,2023Q4,urban,0,70.75037957829352,-0.018343551278292125,0.06309880547708246,
IND,2024Q1,urban,0,70.8134783837706,0.06309880547708246,0.41287577181900303,
IND,2024Q2,urban,0,71.2263541555896,0.41287577181900303,-1.6033321553788795,
IND,2024Q3,urban,0,69.62302200021072,-1.6033321553788795,0.657348417390395,
IND,2024Q4,urban,0,70.28037041760112,0.657348417390395,-1.7422379245195998,
IND,2025Q1,urban,0,68.53813249308152,-1.7422379245195998,-0.025527392737288324,
IND,2025Q2,urban,0,68.51260510034423,-0.025527392737288324,0.09825704278955527,
IND,2025Q3,urban,0,68.61086214313379,0.09825704278955527,-0.31580348044890627,
IND,2025Q4,urban,0,68.29505866268488,-0.31580348044890627,,
IND,2021Q1,urban,1,29.042713501290482,,-0.6335929729084775,
IND,2021Q2,urban,1,28.409120528382005,-0.6335929729084775,-0.421263642613912,
IND,2021Q3,urban,1,27.987856885768092,-0.421263642613912,-0.11501807175100964,
IND,2021Q4,urban,1,27.872838814017083,-0.11501807175100964,0.32105399716307303,
IND,2022Q1,urban,1,28.193892811180156,0.32105399716307303,0.14724228764789515,
IND,2022Q2,urban,1,28.34113509882805,0.14724228764789515,-0.5839328272046913,
IND,2022Q3,urban,1,27.75720227162336,-0.5839328272046913,0.08073011499315186,
IND,2022Q4,urban,1,27.83793238661651,0.08073011499315186,0.2632237091478302,
IND,2023Q1,urban,1,28.101156095764342,0.2632237091478302,-0.2570395084990267,
IND,2023Q2,urban,1,27.844116587265315,-0.2570395084990267,1.3871602831628707,
IND,2023Q3,urban,1,29.231276870428186,1.3871602831628707,0.018343551278292125,
IND,2023Q4,urban,1,29.249620421706478,0.018343551278292125,-0.0630988054770718,
IND,2024Q1,urban,1,29.186521616229406,-0.0630988054770718,-0.41287577181901014,
IND,2024Q2,urban,1,28.773645844410396,-0.41287577181901014,1.603332155378883,
IND,2024Q3,urban,1,30.37697799978928,1.603332155378883,-0.6573484173904056,
IND,2024Q4,urban,1,29.719629582398873,-0.6573484173904056,1.7422379245196034,
IND,2025Q1,urban,1,31.461867506918477,1.7422379245196034,0.02552739273729898,
IND,2025Q2,urban,1,31.487394899655776,0.02552739273729898,-0.09825704278956593,
IND,2025Q3,urban,1,31.38913785686621,-0.09825704278956593,0.31580348044889206,
IND,2025Q4,urban,1,31.704941337315102,0.31580348044889206,,
MEX,2021Q1,educat7,1,7.45158201363287,,0.015149760877761764,
MEX,2021Q2,educat7,1,7.466731774510632,0.015149760877761764,-0.05765195046082816,
MEX,2021Q3,educat7,1,7.409079824049804,-0.05765195046082816,-0.048662118662940124,
MEX,2021Q4,educat7,1,7.360417705386864,-0.048662118662940124,0.008466747632380311,
MEX,2022Q1,educat7,1,7.368884453019244,0.008466747632380311,0.11671402801370956,
MEX,2022Q2,educat7,1,7.485598481032953,0.11671402801370956,-0.1395176419377675,
MEX,2022Q3,educat7,1,7.346080839095186,-0.1395176419377675,0.018270196466550814,
MEX,2022Q4,educat7,1,7.364351035561737,0.018270196466550814,0.057280769327533676,
MEX,2023Q1,educat7,1,7.42163180488927,0.057280769327533676,0.12119155975785745,
MEX,2023Q2,educat7,1,7.542823364647128,0.12119155975785745,-0.09097016281689196,
MEX,2023Q3,educat7,1,7.451853201830236,-0.09097016281689196,0.02880067455971691,
MEX,2023Q4,educat7,1,7.480653876389953,0.02880067455971691,0.046529260563440644,
MEX,2024Q1,educat7,1,7.5271831369533935,0.046529260563440644,0.06338073369026898,
MEX,2024Q2,educat7,1,7.5905638706436624,0.06338073369026898,-0.2805496227029094,
MEX,2024Q3,educat7,1,7.310014247940753,-0.2805496227029094,-0.08705440799284592,
MEX,2024Q4,educat7,1,7.222959839947907,-0.08705440799284592,0.05650949117009407,
MEX,2025Q1,educat7,1,7.279469331118001,0.05650949117009407,-0.15735788543235163,
MEX,2025Q2,educat7,1,7.12211144568565,-0.15735788543235163,-0.33777474051968603,
MEX,2025Q3,educat7,1,6.7843367051659635,-0.33777474051968603,-0.039244505119098605,
MEX,2025Q4,educat7,1,6.745092200046865,-0.039244505119098605,-0.016290272044345855,
MEX,2026Q1,educat7,1,6.728801928002519,-0.016290272044345855,0.027805052651325823,
MEX,2026Q2,educat7,1,6.756606980653845,0.027805052651325823,,
MEX,2021Q1,educat7,2,14.848111208941384,,0.055489369401886535,
MEX,2021Q2,educat7,2,14.903600578343271,0.055489369401886535,-0.053739277963503085,
MEX,2021Q3,educat7,2,14.849861300379768,-0.053739277963503085,-0.2949364769568952,
MEX,2021Q4,educat7,2,14.554924823422873,-0.2949364769568952,-0.17200097498947464,
MEX,2022Q1,educat7,2,14.382923848433398,-0.17200097498947464,-0.12151992548913348,
MEX,2022Q2,educat7,2,14.261403922944265,-0.12151992548913348,-0.02623137987194646,
MEX,2022Q3,educat7,2,14.235172543072318,-0.02623137987194646,-0.1681248873655541,
MEX,2022Q4,educat7,2,14.067047655706764,-0.1681248873655541,-0.036070670440210506,
MEX,2023Q1,educat7,2,14.030976985266554,-0.036070670440210506,-0.02919488327876074,
MEX,2023Q2,educat7,2,14.001782101987793,-0.02919488327876074,0.08957478070183811,
MEX,2023Q3,educat7,2,14.091356882689631,0.08957478070183811,-0.11515267027441567,
MEX,2023Q4,educat7,2,13.976204212415215,-0.11515267027441567,-0.10656716793671883,
MEX,2024Q1,educat7,2,13.869637044478496,-0.10656716793671883,-0.08634816183931804,
MEX,2024Q2,educat7,2,13.783288882639178,-0.08634816183931804,0.11686298870159995,
MEX,2024Q3,educat7,2,13.900151871340778,0.11686298870159995,-0.17546603968452956,
MEX,2024Q4,educat7,2,13.724685831656249,-0.17546603968452956,-0.046685798163720094,
MEX,2025Q1,educat7,2,13.678000033492529,-0.046685798163720094,0.04721085667971181,
MEX,2025Q2,educat7,2,13.72521089017224,0.04721085667971181,-0.0578047239356394,
MEX,2025Q3,educat7,2,13.667406166236601,-0.0578047239356394,-0.08356345601514903,
MEX,2025Q4,educat7,2,13.583842710221452,-0.08356345601514903,-0.22122869591520988,
MEX,2026Q1,educat7,2,13.362614014306242,-0.22122869591520988,-0.13453114218120632,
MEX,2026Q2,educat7,2,13.228082872125036,-0.13453114218120632,,
MEX,2021Q1,educat7,3,12.430101556251328,,-0.038790842999231856,
MEX,2021Q2,educat7,3,12.391310713252096,-0.038790842999231856,-0.17284308030566997,
MEX,2021Q3,educat7,3,12.218467632946426,-0.17284308030566997,0.03590183974925942,
MEX,2021Q4,educat7,3,12.254369472695686,0.03590183974925942,0.1550345882756865,
MEX,2022Q1,educat7,3,12.409404060971372,0.1550345882756865,0.004959229878252813,
MEX,2022Q2,educat7,3,12.414363290849625,0.004959229878252813,-0.06114227825621654,
MEX,2022Q3,educat7,3,12.353221012593409,-0.06114227825621654,0.026026311584598005,
MEX,2022Q4,educat7,3,12.379247324178007,0.026026311584598005,0.013157189074147979,
MEX,2023Q1,educat7,3,12.392404513252155,0.013157189074147979,-0.054879139707086466,
MEX,2023Q2,educat7,3,12.337525373545068,-0.054879139707086466,-0.032006748919529926,
MEX,2023Q3,educat7,3,12.305518624625538,-0.032006748919529926,-0.06395295315452465,
MEX,2023Q4,educat7,3,12.241565671471013,-0.06395295315452465,0.04553139592410815,
MEX,2024Q1,educat7,3,12.287097067395122,0.04553139592410815,-0.07437415297942529,
MEX,2024Q2,educat7,3,12.212722914415696,-0.07437415297942529,-0.109535071455797,
MEX,2024Q3,educat7,3,12.1031878429599,-0.109535071455797,-0.17179148227032393,
MEX,2024Q4,educat7,3,11.931396360689575,-0.17179148227032393,0.08486969095774555,
MEX,2025Q1,educat7,3,12.016266051647321,0.08486969095774555,-0.1020739364262031,
MEX,2025Q2,educat7,3,11.914192115221118,-0.1020739364262031,-0.0632199578154573,
MEX,2025Q3,educat7,3,11.85097215740566,-0.0632199578154573,-0.05480211771847188,
MEX,2025Q4,educat7,3,11.796170039687189,-0.05480211771847188,0.19053922077625352,
MEX,2026Q1,educat7,3,11.986709260463442,0.19053922077625352,-0.1521341674938732,
MEX,2026Q2,educat7,3,11.834575092969569,-0.1521341674938732,,
MEX,2021Q1,educat7,4,28.844475627074353,,-0.04020655885339508,
MEX,2021Q2,educat7,4,28.804269068220957,-0.04020655885339508,-0.00554458505352784,
MEX,2021Q3,educat7,4,28.79872448316743,-0.00554458505352784,-0.15794321406405842,
MEX,2021Q4,educat7,4,28.64078126910337,-0.15794321406405842,0.009356371003963915,
MEX,2022Q1,educat7,4,28.650137640107335,0.009356371003963915,-0.16757683798159917,
MEX,2022Q2,educat7,4,28.482560802125736,-0.16757683798159917,0.09541674822898472,
MEX,2022Q3,educat7,4,28.57797755035472,0.09541674822898472,0.11048009591527119,
MEX,2022Q4,educat7,4,28.688457646269992,0.11048009591527119,-0.010278246149873382,
MEX,2023Q1,educat7,4,28.67817940012012,-0.010278246149873382,-0.043001168791715116,
MEX,2023Q2,educat7,4,28.635178231328403,-0.043001168791715116,-0.08101162287611885,
MEX,2023Q3,educat7,4,28.554166608452284,-0.08101162287611885,-0.08940328263473063,
MEX,2023Q4,educat7,4,28.464763325817554,-0.08940328263473063,-0.05785808705671158,
MEX,2024Q1,educat7,4,28.406905238760842,-0.05785808705671158,-0.05953001328409613,
MEX,2024Q2,educat7,4,28.347375225476746,-0.05953001328409613,0.18103614476459384,
MEX,2024Q3,educat7,4,28.52841137024134,0.18103614476459384,0.17940504557599013,
MEX,2024Q4,educat7,4,28.70781641581733,0.17940504557599013,-0.06212701166966639,
MEX,2025Q1,educat7,4,28.645689404147664,-0.06212701166966639,-0.010174240562893289,
MEX,2025Q2,educat7,4,28.63551516358477,-0.010174240562893289,0.22324046444348156,
MEX,2025Q3,educat7,4,28.858755628028252,0.22324046444348156,0.06619828269244721,
MEX,2025Q4,educat7,4,28.9249539107207,0.06619828269244721,-0.21147290328305246,
MEX,2026Q1,educat7,4,28.713481007437647,-0.21147290328305246,0.13371431552337754,
MEX,2026Q2,educat7,4,28.847195322961024,0.13371431552337754,,
MEX,2021Q1,educat7,5,11.64379332086023,,0.005243104567281165,
MEX,2021Q2,educat7,5,11.64903642542751,0.005243104567281165,0.25989986228130135,
MEX,2021Q3,educat7,5,11.908936287708812,0.25989986228130135,0.29582696705753975,
MEX,2021Q4,educat7,5,12.204763254766352,0.29582696705753975,0.053358539074675804,
MEX,2022Q1,educat7,5,12.258121793841028,0.053358539074675804,0.13368865046405354,
MEX,2022Q2,educat7,5,12.391810444305081,0.13368865046405354,0.1909947818391693,
MEX,2022Q3,educat7,5,12.58280522614425,0.1909947818391693,0.04564121395707055,
MEX,2022Q4,educat7,5,12.628446440101321,0.04564121395707055,0.11882024144649428,
MEX,2023Q1,educat7,5,12.747266681547815,0.11882024144649428,-0.09793073458047985,
MEX,2023Q2,educat7,5,12.649335946967335,-0.09793073458047985,-0.02975252744580459,
MEX,2023Q3,educat7,5,12.61958341952153,-0.02975252744580459,0.02483980283774123,
MEX,2023Q4,educat7,5,12.644423222359272,0.02483980283774123,-0.039665004471862275,
MEX,2024Q1,educat7,5,12.60475821788741,-0.039665004471862275,0.02495642290881861,
MEX,2024Q2,educat7,5,12.629714640796228,0.02495642290881861,0.16187947445381035,
MEX,2024Q3,educat7,5,12.791594115250039,0.16187947445381035,0.2352649179988937,
MEX,2024Q4,educat7,5,13.026859033248932,0.2352649179988937,0.10415923226376655,
MEX,2025Q1,educat7,5,13.131018265512699,0.10415923226376655,0.07662652706775752,
MEX,2025Q2,educat7,5,13.207644792580457,0.07662652706775752,0.4109421811824543,
MEX,2025Q3,educat7,5,13.61858697376291,0.4109421811824543,0.16888206586185817,
MEX,2025Q4,educat7,5,13.787469039624769,0.16888206586185817,0.12877075096876034,
MEX,2026Q1,educat7,5,13.91623979059353,0.12877075096876034,0.18056847142693222,
MEX,2026Q2,educat7,5,14.096808262020462,0.18056847142693222,,
MEX,2021Q1,educat7,6,2.9906426088940132,,-0.07654706946033762,
MEX,2021Q2,educat7,6,2.9140955394336756,-0.07654706946033762,-0.05096972803072308,
MEX,2021Q3,educat7,6,2.8631258114029525,-0.05096972803072308,-0.008847127445741787,
MEX,2021Q4,educat7,6,2.8542786839572107,-0.008847127445741787,0.03349423154626541,
MEX,2022Q1,educat7,6,2.887772915503476,0.03349423154626541,-0.042422611010483724,
MEX,2022Q2,educat7,6,2.8453503044929924,-0.042422611010483724,0.004795213376848295,
MEX,2022Q3,educat7,6,2.8501455178698407,0.004795213376848295,-0.008863358338699445,
MEX,2022Q4,educat7,6,2.8412821595311413,-0.008863358338699445,0.053483432260397645,
MEX,2023Q1,educat7,6,2.894765591791539,0.053483432260397645,0.004397754002391174,
MEX,2023Q2,educat7,6,2.89916334579393,0.004397754002391174,-0.022122231025375694,
MEX,2023Q3,educat7,6,2.8770411147685544,-0.022122231025375694,-0.015786493318012962,
MEX,2023Q4,educat7,6,2.8612546214505414,-0.015786493318012962,0.07004892869902246,
MEX,2024Q1,educat7,6,2.931303550149564,0.07004892869902246,-0.09357726880118866,
MEX,2024Q2,educat7,6,2.8377262813483752,-0.09357726880118866,0.014113812659467762,
MEX,2024Q3,educat7,6,2.851840094007843,0.014113812659467762,-0.0009300384557406893,
MEX,2024Q4,educat7,6,2.8509100555521023,-0.0009300384557406893,-0.0038679519464599466,
MEX,2025Q1,educat7,6,2.8470421036056424,-0.0038679519464599466,-0.06917485033098103,
MEX,2025Q2,educat7,6,2.7778672532746613,-0.06917485033098103,-0.009543114760458327,
MEX,2025Q3,educat7,6,2.768324138514203,-0.009543114760458327,-0.041993584831332864,
MEX,2025Q4,educat7,6,2.72633055368287,-0.041993584831332864,-0.04760405560545733,
MEX,2026Q1,educat7,6,2.678726498077413,-0.04760405560545733,-0.03460148151036879,
MEX,2026Q2,educat7,6,2.644125016567044,-0.03460148151036879,,
MEX,2021Q1,educat7,7,15.260752242923388,,0.17528725008664026,
MEX,2021Q2,educat7,7,15.436039493010028,0.17528725008664026,0.1267434903732525,
MEX,2021Q3,educat7,7,15.562782983383281,0.1267434903732525,0.1732306222239739,
MEX,2021Q4,educat7,7,15.736013605607255,0.1732306222239739,-0.08012321351245077,
MEX,2022Q1,educat7,7,15.655890392094804,-0.08012321351245077,0.11440383992833425,
MEX,2022Q2,educat7,7,15.770294232023138,0.11440383992833425,-0.05405962359337124,
MEX,2022Q3,educat7,7,15.716234608429767,-0.05405962359337124,0.0833169896133441,
MEX,2022Q4,educat7,7,15.799551598043111,0.0833169896133441,-0.08046934971737052,
MEX,2023Q1,educat7,7,15.71908224832574,-0.08046934971737052,0.16659245566330583,
MEX,2023Q2,educat7,7,15.885674703989046,0.16659245566330583,0.29249858677381013,
MEX,2023Q3,educat7,7,16.178173290762857,0.29249858677381013,0.26172862765522,
MEX,2023Q4,educat7,7,16.439901918418077,0.26172862765522,0.1376674961903568,
MEX,2024Q1,educat7,7,16.577569414608433,0.1376674961903568,0.18176088301117588,
MEX,2024Q2,educat7,7,16.75933029761961,0.18176088301117588,0.07037561278376003,
MEX,2024Q3,educat7,7,16.82970591040337,0.07037561278376003,0.12172593478431537,
MEX,2024Q4,educat7,7,16.951431845187685,0.12172593478431537,0.021482390689158137,
MEX,2025Q1,educat7,7,16.972914235876843,0.021482390689158137,0.2578187271244303,
MEX,2025Q2,educat7,7,17.230732963001273,0.2578187271244303,-0.18014513399242915,
MEX,2025Q3,educat7,7,17.050587829008844,-0.18014513399242915,0.0047214358929608125,
MEX,2025Q4,educat7,7,17.055309264901805,0.0047214358929608125,0.26367511755740125,
MEX,2026Q1,educat7,7,17.318984382459206,0.26367511755740125,-0.0017530463846355815,
MEX,2026Q2,educat7,7,17.31723133607457,-0.0017530463846355815,,
MEX,2021Q1,educat7,NA,6.530541421422433,,-0.0956250136206016,
MEX,2021Q2,educat7,NA,6.434916407801832,-0.0956250136206016,-0.04589473084030704,
MEX,2021Q3,educat7,NA,6.389021676961525,-0.04589473084030704,0.005429508098864666,
MEX,2021Q4,educat7,NA,6.394451185060389,0.005429508098864666,-0.007586289031047855,
MEX,2022Q1,educat7,NA,6.3868648960293415,-0.007586289031047855,-0.03824637380313334,
MEX,2022Q2,educat7,NA,6.348618522226208,-0.03824637380313334,-0.010255819785702336,
MEX,2022Q3,educat7,NA,6.338362702440506,-0.010255819785702336,-0.10674656183257891,
MEX,2022Q4,educat7,NA,6.231616140607927,-0.10674656183257891,-0.11592336580112228,
MEX,2023Q1,educat7,NA,6.115692774806805,-0.11592336580112228,-0.06717584306550872,
MEX,2023Q2,educat7,NA,6.048516931741296,-0.06717584306550872,-0.12621007439192233,
MEX,2023Q3,educat7,NA,5.922306857349374,-0.12621007439192233,-0.031073705670999985,
MEX,2023Q4,educat7,NA,5.891233151678374,-0.031073705670999985,-0.09568682191163891,
MEX,2024Q1,educat7,NA,5.795546329766735,-0.09568682191163891,0.04373155729376865,
MEX,2024Q2,educat7,NA,5.839277887060503,0.04373155729376865,-0.15418333920452731,
MEX,2024Q3,educat7,NA,5.685094547855976,-0.15418333920452731,-0.1011539299557569,
MEX,2024Q4,educat7,NA,5.583940617900219,-0.1011539299557569,-0.1543400433009161,
MEX,2025Q1,educat7,NA,5.429600574599303,-0.1543400433009161,-0.0428751981194706,
MEX,2025Q2,educat7,NA,5.386725376479832,-0.0428751981194706,0.014305025397732152,
MEX,2025Q3,educat7,NA,5.401030401877565,0.014305025397732152,-0.020198120763216032,
MEX,2025Q4,educat7,NA,5.3808322811143485,-0.020198120763216032,-0.08638916245434647,
MEX,2026Q1,educat7,NA,5.294443118660002,-0.08638916245434647,-0.019068002031554343,
MEX,2026Q2,educat7,NA,5.275375116628448,-0.019068002031554343,,
MEX,2021Q1,empstat,1,68.62593530661785,,-0.17121795620653302,
MEX,2021Q2,empstat,1,68.45471735041131,-0.17121795620653302,-0.5713573886087318,
MEX,2021Q3,empstat,1,67.88335996180258,-0.5713573886087318,-0.12094625897611877,
MEX,2021Q4,empstat,1,67.76241370282646,-0.12094625897611877,0.6872516031020837,
MEX,2022Q1,empstat,1,68.44966530592855,0.6872516031020837,-0.16893256569979087,
MEX,2022Q2,empstat,1,68.28073274022876,-0.16893256569979087,-0.5496597841558781,
MEX,2022Q3,empstat,1,67.73107295607288,-0.5496597841558781,0.4364901015672018,
MEX,2022Q4,empstat,1,68.16756305764008,0.4364901015672018,0.4473544442472672,
MEX,2023Q1,empstat,1,68.61491750188735,0.4473544442472672,-0.058485979309253366,
MEX,2023Q2,empstat,1,68.5564315225781,-0.058485979309253366,-0.16356694320245424,
MEX,2023Q3,empstat,1,68.39286457937564,-0.16356694320245424,0.6212852716435151,
MEX,2023Q4,empstat,1,69.01414985101916,0.6212852716435151,0.1124814141822128,
MEX,2024Q1,empstat,1,69.12663126520137,0.1124814141822128,0.03959261663919733,
MEX,2024Q2,empstat,1,69.16622388184057,0.03959261663919733,-0.32043270125333834,
MEX,2024Q3,empstat,1,68.84579118058723,-0.32043270125333834,0.6853305099931788,
MEX,2024Q4,empstat,1,69.5311216905804,0.6853305099931788,-0.03233735623113887,
MEX,2025Q1,empstat,1,69.49878433434927,-0.03233735623113887,-0.3649492353363968,
MEX,2025Q2,empstat,1,69.13383509901287,-0.3649492353363968,-0.6721875972865661,
MEX,2025Q3,empstat,1,68.4616475017263,-0.6721875972865661,0.5327085879266065,
MEX,2025Q4,empstat,1,68.99435608965291,0.5327085879266065,-0.044844850356469124,
MEX,2026Q1,empstat,1,68.94951123929644,-0.044844850356469124,-0.1716325770811551,
MEX,2026Q2,empstat,1,68.77787866221529,-0.1716325770811551,,
MEX,2021Q1,empstat,2,3.920894443556156,,0.11172898784881369,
MEX,2021Q2,empstat,2,4.03262343140497,0.11172898784881369,0.280409522288358,
MEX,2021Q3,empstat,2,4.313032953693328,0.280409522288358,-0.11676518616579656,
MEX,2021Q4,empstat,2,4.196267767527531,-0.11676518616579656,-0.2562115009557444,
MEX,2022Q1,empstat,2,3.9400562665717866,-0.2562115009557444,-0.02211743767222485,
MEX,2022Q2,empstat,2,3.917938828899562,-0.02211743767222485,0.42977674661281995,
MEX,2022Q3,empstat,2,4.347715575512382,0.42977674661281995,-0.15985594320420482,
MEX,2022Q4,empstat,2,4.187859632308177,-0.15985594320420482,-0.37133225903403755,
MEX,2023Q1,empstat,2,3.8165273732741394,-0.37133225903403755,0.04022630171196395,
MEX,2023Q2,empstat,2,3.8567536749861033,0.04022630171196395,0.13272385415355625,
MEX,2023Q3,empstat,2,3.9894775291396596,0.13272385415355625,-0.2249347454758066,
MEX,2023Q4,empstat,2,3.764542783663853,-0.2249347454758066,-0.1260463837863477,
MEX,2024Q1,empstat,2,3.6384963998775053,-0.1260463837863477,-0.09836576729928348,
MEX,2024Q2,empstat,2,3.540130632578222,-0.09836576729928348,0.18883508922555592,
MEX,2024Q3,empstat,2,3.7289657218037777,0.18883508922555592,-0.38613325734138426,
MEX,2024Q4,empstat,2,3.3428324644623935,-0.38613325734138426,-0.0724951724340488,
MEX,2025Q1,empstat,2,3.2703372920283447,-0.0724951724340488,0.0012628692078173742,
MEX,2025Q2,empstat,2,3.271600161236162,0.0012628692078173742,0.339379945090283,
MEX,2025Q3,empstat,2,3.610980106326445,0.339379945090283,-0.29297447910900987,
MEX,2025Q4,empstat,2,3.318005627217435,-0.29297447910900987,-0.18661737352733976,
MEX,2026Q1,empstat,2,3.1313882536900954,-0.18661737352733976,0.033192068252771545,
MEX,2026Q2,empstat,2,3.164580321942867,0.033192068252771545,,
MEX,2021Q1,empstat,3,4.892612821523006,,-0.023595443893637658,
MEX,2021Q2,empstat,3,4.869017377629368,-0.023595443893637658,0.11392828327932847,
MEX,2021Q3,empstat,3,4.982945660908697,0.11392828327932847,0.07817377001109094,
MEX,2021Q4,empstat,3,5.0611194309197876,0.07817377001109094,0.07385388169781493,
MEX,2022Q1,empstat,3,5.1349733126176025,0.07385388169781493,0.06667904686258996,
MEX,2022Q2,empstat,3,5.2016523594801924,0.06667904686258996,-0.08791724731418427,
MEX,2022Q3,empstat,3,5.113735112166008,-0.08791724731418427,-0.023037705461258717,
MEX,2022Q4,empstat,3,5.0906974067047495,-0.023037705461258717,0.1862709838782841,
MEX,2023Q1,empstat,3,5.276968390583034,0.1862709838782841,-0.03169050444143107,
MEX,2023Q2,empstat,3,5.2452778861416025,-0.03169050444143107,0.16666197162348872,
MEX,2023Q3,empstat,3,5.411939857765091,0.16666197162348872,-0.3731753460399698,
MEX,2023Q4,empstat,3,5.038764511725121,-0.3731753460399698,0.540950480797405,
MEX,2024Q1,empstat,3,5.5797149925225265,0.540950480797405,-0.20251010655132706,
MEX,2024Q2,empstat,3,5.377204885971199,-0.20251010655132706,-0.05660491334307771,
MEX,2024Q3,empstat,3,5.320599972628122,-0.05660491334307771,0.4743390218296426,
MEX,2024Q4,empstat,3,5.794938994457764,0.4743390218296426,-0.6373610960865683,
MEX,2025Q1,empstat,3,5.157577898371196,-0.6373610960865683,0.800369139991032,
MEX,2025Q2,empstat,3,5.957947038362228,0.800369139991032,0.21601409061586985,
MEX,2025Q3,empstat,3,6.173961128978098,0.21601409061586985,-0.19800735235394828,
MEX,2025Q4,empstat,3,5.9759537766241495,-0.19800735235394828,-0.6836947910473503,
MEX,2026Q1,empstat,3,5.292258985576799,-0.6836947910473503,0.727286886553248,
MEX,2026Q2,empstat,3,6.019545872130047,0.727286886553248,,
MEX,2021Q1,empstat,4,22.560557428302992,,0.0830844122513561,
MEX,2021Q2,empstat,4,22.64364184055435,0.0830844122513561,0.17701958304104792,
MEX,2021Q3,empstat,4,22.820661423595396,0.17701958304104792,0.1595376751308244,
MEX,2021Q4,empstat,4,22.98019909872622,0.1595376751308244,-0.5048939838441626,
MEX,2022Q1,empstat,4,22.475305114882058,-0.5048939838441626,0.12437095650943775,
MEX,2022Q2,empstat,4,22.599676071391496,0.12437095650943775,0.2078002848572318,
MEX,2022Q3,empstat,4,22.807476356248728,0.2078002848572318,-0.2535964529017285,
MEX,2022Q4,empstat,4,22.553879903347,-0.2535964529017285,-0.2622931690915209,
MEX,2023Q1,empstat,4,22.29158673425548,-0.2622931690915209,0.049950182038720925,
MEX,2023Q2,empstat,4,22.3415369162942,0.049950182038720925,-0.13581888257458985,
MEX,2023Q3,empstat,4,22.20571803371961,-0.13581888257458985,-0.023175180127744,
MEX,2023Q4,empstat,4,22.182542853591865,-0.023175180127744,-0.5273855111932662,
MEX,2024Q1,empstat,4,21.6551573423986,-0.5273855111932662,0.2612832572114172,
MEX,2024Q2,empstat,4,21.916440599610016,0.2612832572114172,0.18820252537086546,
MEX,2024Q3,empstat,4,22.104643124980882,0.18820252537086546,-0.7735362744814509,
MEX,2024Q4,empstat,4,21.33110685049943,-0.7735362744814509,0.7421936247517635,
MEX,2025Q1,empstat,4,22.073300475251195,0.7421936247517635,-0.4366827738624508,
MEX,2025Q2,empstat,4,21.636617701388744,-0.4366827738624508,0.11679356158041543,
MEX,2025Q3,empstat,4,21.75341126296916,0.11679356158041543,-0.041726756463656756,
MEX,2025Q4,empstat,4,21.711684506505502,-0.041726756463656756,0.9151570149311539,
MEX,2026Q1,empstat,4,22.626841521436656,0.9151570149311539,-0.588846377724856,
MEX,2026Q2,empstat,4,22.0379951437118,-0.588846377724856,,
MEX,2021Q1,industrycat10,1,12.167291164015362,,0.1742835165200809,
MEX,2021Q2,industrycat10,1,12.341574680535443,0.1742835165200809,0.08369650987264876,
MEX,2021Q3,industrycat10,1,12.425271190408091,0.08369650987264876,-0.4015096778695231,
MEX,2021Q4,industrycat10,1,12.023761512538568,-0.4015096778695231,-0.466719152942467,
MEX,2022Q1,industrycat10,1,11.557042359596101,-0.466719152942467,0.16905937201531884,
MEX,2022Q2,industrycat10,1,11.72610173161142,0.16905937201531884,0.5299061914475267,
MEX,2022Q3,industrycat10,1,12.256007923058947,0.5299061914475267,-0.4817796809737267,
MEX,2022Q4,industrycat10,1,11.77422824208522,-0.4817796809737267,-0.5587631040938259,
MEX,2023Q1,industrycat10,1,11.215465137991394,-0.5587631040938259,0.04435189830556041,
MEX,2023Q2,industrycat10,1,11.259817036296955,0.04435189830556041,0.0852138955637134,
MEX,2023Q3,industrycat10,1,11.345030931860668,0.0852138955637134,-0.5072174108163505,
MEX,2023Q4,industrycat10,1,10.837813521044318,-0.5072174108163505,-0.06709713908094983,
MEX,2024Q1,industrycat10,1,10.770716381963368,-0.06709713908094983,-0.2507607751208294,
MEX,2024Q2,industrycat10,1,10.519955606842538,-0.2507607751208294,0.9728601821789056,
MEX,2024Q3,industrycat10,1,11.492815789021444,0.9728601821789056,-1.0023309403104221,
MEX,2024Q4,industrycat10,1,10.490484848711022,-1.0023309403104221,-0.08369502584545074,
MEX,2025Q1,industrycat10,1,10.406789822865571,-0.08369502584545074,0.18562184885598754,
MEX,2025Q2,industrycat10,1,10.592411671721559,0.18562184885598754,0.27532925153655796,
MEX,2025Q3,industrycat10,1,10.867740923258117,0.27532925153655796,-0.4520947739198462,
MEX,2025Q4,industrycat10,1,10.41564614933827,-0.4520947739198462,-0.13697177946125727,
MEX,2026Q1,industrycat10,1,10.278674369877013,-0.13697177946125727,-0.020116147100079473,
MEX,2026Q2,industrycat10,1,10.258558222776934,-0.020116147100079473,,
MEX,2021Q1,industrycat10,10,14.97860713525897,,0.19864834812140053,
MEX,2021Q2,industrycat10,10,15.177255483380371,0.19864834812140053,-0.291583581821115,
MEX,2021Q3,industrycat10,10,14.885671901559256,-0.291583581821115,0.21134836886032637,
MEX,2021Q4,industrycat10,10,15.097020270419582,0.21134836886032637,0.042430109359003154,
MEX,2022Q1,industrycat10,10,15.139450379778586,0.042430109359003154,-0.010151225050751833,
MEX,2022Q2,industrycat10,10,15.129299154727834,-0.010151225050751833,-0.34476259450191193,
MEX,2022Q3,industrycat10,10,14.784536560225922,-0.34476259450191193,0.4493872846537297,
MEX,2022Q4,industrycat10,10,15.233923844879651,0.4493872846537297,-0.1262168690723442,
MEX,2023Q1,industrycat10,10,15.107706975807307,-0.1262168690723442,-0.08153134507431226,
MEX,2023Q2,industrycat10,10,15.026175630732995,-0.08153134507431226,0.25833069395838315,
MEX,2023Q3,industrycat10,10,15.284506324691378,0.25833069395838315,-0.020601385849520426,
MEX,2023Q4,industrycat10,10,15.263904938841858,-0.020601385849520426,0.11863868088114948,
MEX,2024Q1,industrycat10,10,15.382543619723007,0.11863868088114948,-0.018390260016481363,
MEX,2024Q2,industrycat10,10,15.364153359706526,-0.018390260016481363,-0.1172577219732549,
MEX,2024Q3,industrycat10,10,15.246895637733271,-0.1172577219732549,0.3951515228606457,
MEX,2024Q4,industrycat10,10,15.642047160593917,0.3951515228606457,-0.4248870608403692,
MEX,2025Q1,industrycat10,10,15.217160099753547,-0.4248870608403692,-0.12479082318305856,
MEX,2025Q2,industrycat10,10,15.092369276570489,-0.12479082318305856,-0.24664616047822285,
MEX,2025Q3,industrycat10,10,14.845723116092266,-0.24664616047822285,0.27468479846223737,
MEX,2025Q4,industrycat10,10,15.120407914554503,0.27468479846223737,0.1443829444936071,
MEX,2026Q1,industrycat10,10,15.26479085904811,0.1443829444936071,-0.11410671788070914,
MEX,2026Q2,industrycat10,10,15.150684141167401,-0.11410671788070914,,
MEX,2021Q1,industrycat10,2,0.3123575342809685,,0.004154598678094257,
MEX,2021Q2,industrycat10,2,0.3165121329590628,0.004154598678094257,-0.03925308448820436,
MEX,2021Q3,industrycat10,2,0.2772590484708584,-0.03925308448820436,0.009712378443149816,
MEX,2021Q4,industrycat10,2,0.28697142691400823,0.009712378443149816,0.040601456135535896,
MEX,2022Q1,industrycat10,2,0.32757288304954413,0.040601456135535896,0.04000376534141792,
MEX,2022Q2,industrycat10,2,0.36757664839096205,0.04000376534141792,0.020319050390319948,
MEX,2022Q3,industrycat10,2,0.387895698781282,0.020319050390319948,0.028412259252117267,
MEX,2022Q4,industrycat10,2,0.41630795803339926,0.028412259252117267,-0.031334773779505,
MEX,2023Q1,industrycat10,2,0.38497318425389426,-0.031334773779505,-0.056228382513556996,
MEX,2023Q2,industrycat10,2,0.32874480174033727,-0.056228382513556996,0.05332323726596,
MEX,2023Q3,industrycat10,2,0.38206803900629727,0.05332323726596,-0.04312591450403147,
MEX,2023Q4,industrycat10,2,0.3389421245022658,-0.04312591450403147,0.033971652781759176,
MEX,2024Q1,industrycat10,2,0.37291377728402497,0.033971652781759176,0.0019381391931515002,
MEX,2024Q2,industrycat10,2,0.37485191647717647,0.0019381391931515002,-0.012951468170692593,
MEX,2024Q3,industrycat10,2,0.3619004483064839,-0.012951468170692593,-0.020487810441072507,
MEX,2024Q4,industrycat10,2,0.3414126378654114,-0.020487810441072507,-0.011252182473877326,
MEX,2025Q1,industrycat10,2,0.33016045539153405,-0.011252182473877326,0.005768964084260031,
MEX,2025Q2,industrycat10,2,0.3359294194757941,0.005768964084260031,-0.01911760499482895,
MEX,2025Q3,industrycat10,2,0.3168118144809651,-0.01911760499482895,-0.01588945916928891,
MEX,2025Q4,industrycat10,2,0.3009223553116762,-0.01588945916928891,0.01836984758908422,
MEX,2026Q1,industrycat10,2,0.31929220290076044,0.01836984758908422,0.0028725158953160634,
MEX,2026Q2,industrycat10,2,0.3221647187960765,0.0028725158953160634,,
MEX,2021Q1,industrycat10,3,18.068078485621143,,-0.6988828040449846,
MEX,2021Q2,industrycat10,3,17.36919568157616,-0.6988828040449846,0.16116408662452386,
MEX,2021Q3,industrycat10,3,17.530359768200682,0.16116408662452386,0.11678259729296414,
MEX,2021Q4,industrycat10,3,17.647142365493647,0.11678259729296414,0.0626299503109351,
MEX,2022Q1,industrycat10,3,17.70977231580458,0.0626299503109351,-0.09860238828875012,
MEX,2022Q2,industrycat10,3,17.61116992751583,-0.09860238828875012,0.061800236484128135,
MEX,2022Q3,industrycat10,3,17.67297016399996,0.061800236484128135,-0.06581520548653685,
MEX,2022Q4,industrycat10,3,17.607154958513423,-0.06581520548653685,0.1780542848640536,
MEX,2023Q1,industrycat10,3,17.785209243377476,0.1780542848640536,-0.11758550057583861,
MEX,2023Q2,industrycat10,3,17.667623742801638,-0.11758550057583861,-0.1152091322872657,
MEX,2023Q3,industrycat10,3,17.552414610514372,-0.1152091322872657,0.12594268786514462,
MEX,2023Q4,industrycat10,3,17.678357298379517,0.12594268786514462,-0.07174251465792025,
MEX,2024Q1,industrycat10,3,17.606614783721596,-0.07174251465792025,-0.12322467172887741,
MEX,2024Q2,industrycat10,3,17.48339011199272,-0.12322467172887741,-0.3204075421543209,
MEX,2024Q3,industrycat10,3,17.162982569838398,-0.3204075421543209,0.29623149826251094,
MEX,2024Q4,industrycat10,3,17.45921406810091,0.29623149826251094,-0.13116803417630152,
MEX,2025Q1,industrycat10,3,17.328046033924608,-0.13116803417630152,-0.030757102894789057,
MEX,2025Q2,industrycat10,3,17.29728893102982,-0.030757102894789057,0.07211629190628344,
MEX,2025Q3,industrycat10,3,17.369405222936102,0.07211629190628344,-0.054951539628341095,
MEX,2025Q4,industrycat10,3,17.31445368330776,-0.054951539628341095,0.017156693122107214,
MEX,2026Q1,industrycat10,3,17.331610376429868,0.017156693122107214,0.02902866587409747,
MEX,2026Q2,industrycat10,3,17.360639042303966,0.02902866587409747,,
MEX,2021Q3,industrycat10,4,0.8143708842806902,,0.06085681575914825,
MEX,2021Q4,industrycat10,4,0.8752277000398384,0.06085681575914825,-0.004764729354651331,
MEX,2022Q1,industrycat10,4,0.8704629706851871,-0.004764729354651331,-0.05082616981639898,
MEX,2022Q2,industrycat10,4,0.8196368008687881,-0.05082616981639898,0.009944225502510173,
MEX,2022Q3,industrycat10,4,0.8295810263712983,0.009944225502510173,0.019208162430846665,
MEX,2022Q4,industrycat10,4,0.8487891888021449,0.019208162430846665,-0.030099507391009306,
MEX,2023Q1,industrycat10,4,0.8186896814111356,-0.030099507391009306,-0.040959805854955844,
MEX,2023Q2,industrycat10,4,0.7777298755561798,-0.040959805854955844,0.030095748631380537,
MEX,2023Q3,industrycat10,4,0.8078256241875603,0.030095748631380537,-0.010770842625654975,
MEX,2023Q4,industrycat10,4,0.7970547815619053,-0.010770842625654975,0.009829010220375411,
MEX,2024Q1,industrycat10,4,0.8068837917822808,0.009829010220375411,-0.029138839516656634,
MEX,2024Q2,industrycat10,4,0.7777449522656241,-0.029138839516656634,-0.017183357383167563,
MEX,2024Q3,industrycat10,4,0.7605615948824566,-0.017183357383167563,-0.01171577764198739,
MEX,2024Q4,industrycat10,4,0.7488458172404692,-0.01171577764198739,0.06145218969700539,
MEX,2025Q1,industrycat10,4,0.8102980069374746,0.06145218969700539,-0.001881358159767088,
MEX,2025Q2,industrycat10,4,0.8084166487777075,-0.001881358159767088,-0.04657098450248631,
MEX,2025Q3,industrycat10,4,0.7618456642752212,-0.04657098450248631,-0.034071498834680636,
MEX,2025Q4,industrycat10,4,0.7277741654405405,-0.034071498834680636,0.019784381902264947,
MEX,2026Q1,industrycat10,4,0.7475585473428055,0.019784381902264947,-0.038395766884800175,
MEX,2026Q2,industrycat10,4,0.7091627804580053,-0.038395766884800175,,
MEX,2021Q1,industrycat10,5,8.142355569138926,,-0.01364517261773912,
MEX,2021Q2,industrycat10,5,8.128710396521187,-0.01364517261773912,-0.2997577612877551,
MEX,2021Q3,industrycat10,5,7.828952635233432,-0.2997577612877551,-0.08497944942753222,
MEX,2021Q4,industrycat10,5,7.7439731858059,-0.08497944942753222,0.2081447529856888,
MEX,2022Q1,industrycat10,5,7.952117938791589,0.2081447529856888,0.03498224813236561,
MEX,2022Q2,industrycat10,5,7.987100186923954,0.03498224813236561,-0.29614252174864664,
MEX,2022Q3,industrycat10,5,7.690957665175308,-0.29614252174864664,-0.020624114090345813,
MEX,2022Q4,industrycat10,5,7.670333551084962,-0.020624114090345813,0.19777334590148055,
MEX,2023Q1,industrycat10,5,7.8681068969864425,0.19777334590148055,-0.12312249027026656,
MEX,2023Q2,industrycat10,5,7.744984406716176,-0.12312249027026656,0.1381173083613252,
MEX,2023Q3,industrycat10,5,7.883101715077501,0.1381173083613252,0.0464993264155833,
MEX,2023Q4,industrycat10,5,7.929601041493084,0.0464993264155833,-0.031054833514705393,
MEX,2024Q1,industrycat10,5,7.898546207978379,-0.031054833514705393,0.26862194625033986,
MEX,2024Q2,industrycat10,5,8.167168154228719,0.26862194625033986,-0.21493189745590513,
MEX,2024Q3,industrycat10,5,7.952236256772814,-0.21493189745590513,-0.2327045080602348,
MEX,2024Q4,industrycat10,5,7.719531748712579,-0.2327045080602348,0.13671186230769994,
MEX,2025Q1,industrycat10,5,7.856243611020279,0.13671186230769994,-0.08492810294131115,
MEX,2025Q2,industrycat10,5,7.771315508078968,-0.08492810294131115,0.04001422018858136,
MEX,2025Q3,industrycat10,5,7.811329728267549,0.04001422018858136,0.048139837894372484,
MEX,2025Q4,industrycat10,5,7.859469566161922,0.048139837894372484,0.01899967433883898,
MEX,2026Q1,industrycat10,5,7.878469240500761,0.01899967433883898,0.18451447168330137,
MEX,2026Q2,industrycat10,5,8.062983712184062,0.18451447168330137,,
MEX,2021Q1,industrycat10,6,28.134859335661172,,0.43290669943903737,
MEX,2021Q2,industrycat10,6,28.56776603510021,0.43290669943903737,0.523026806751755,
MEX,2021Q3,industrycat10,6,29.090792841851965,0.523026806751755,0.37276694668532784,
MEX,2021Q4,industrycat10,6,29.463559788537292,0.37276694668532784,-0.17211919307719725,
MEX,2022Q1,industrycat10,6,29.291440595460095,-0.17211919307719725,0.1262045500333997,
MEX,2022Q2,industrycat10,6,29.417645145493495,0.1262045500333997,-0.049411360519595604,
MEX,2022Q3,industrycat10,6,29.3682337849739,-0.049411360519595604,-0.03432326157872012,
MEX,2022Q4,industrycat10,6,29.33391052339518,-0.03432326157872012,0.13977624258080823,
MEX,2023Q1,industrycat10,6,29.473686765975987,0.13977624258080823,0.14406888450684718,
MEX,2023Q2,industrycat10,6,29.617755650482835,0.14406888450684718,-0.32873346613127197,
MEX,2023Q3,industrycat10,6,29.289022184351563,-0.32873346613127197,0.1350445363328383,
MEX,2023Q4,industrycat10,6,29.4240667206844,0.1350445363328383,-0.04610642051646607,
MEX,2024Q1,industrycat10,6,29.377960300167935,-0.04610642051646607,0.18873681517186824,
MEX,2024Q2,industrycat10,6,29.566697115339803,0.18873681517186824,-0.23197739260782768,
MEX,2024Q3,industrycat10,6,29.334719722731975,-0.23197739260782768,0.46768295160258333,
MEX,2024Q4,industrycat10,6,29.80240267433456,0.46768295160258333,0.19364535935245897,
MEX,2025Q1,industrycat10,6,29.996048033687018,0.19364535935245897,-0.019809506454190995,
MEX,2025Q2,industrycat10,6,29.976238527232827,-0.019809506454190995,0.19167766388185115,
MEX,2025Q3,industrycat10,6,30.167916191114678,0.19167766388185115,0.12256690543856408,
MEX,2025Q4,industrycat10,6,30.290483096553242,0.12256690543856408,-0.23529496557806695,
MEX,2026Q1,industrycat10,6,30.055188130975175,-0.23529496557806695,0.11583391972314772,
MEX,2026Q2,industrycat10,6,30.171022050698323,0.11583391972314772,,
MEX,2021Q1,industrycat10,7,5.087037292581711,,0.0359681741267881,
MEX,2021Q2,industrycat10,7,5.123005466708499,0.0359681741267881,0.005734421353427166,
MEX,2021Q3,industrycat10,7,5.128739888061927,0.005734421353427166,-0.08745928376607459,
MEX,2021Q4,industrycat10,7,5.041280604295852,-0.08745928376607459,0.3397093944243492,
MEX,2022Q1,industrycat10,7,5.380989998720201,0.3397093944243492,-0.09313698368173373,
MEX,2022Q2,industrycat10,7,5.2878530150384675,-0.09313698368173373,-0.12450477403175242,
MEX,2022Q3,industrycat10,7,5.163348241006715,-0.12450477403175242,-0.027805435587775484,
MEX,2022Q4,industrycat10,7,5.13554280541894,-0.027805435587775484,0.31402488511089377,
MEX,2023Q1,industrycat10,7,5.449567690529833,0.31402488511089377,-0.0197420813870135,
MEX,2023Q2,industrycat10,7,5.42982560914282,-0.0197420813870135,-0.08836028508773808,
MEX,2023Q3,industrycat10,7,5.341465324055082,-0.08836028508773808,0.17261945553035574,
MEX,2023Q4,industrycat10,7,5.5140847795854375,0.17261945553035574,0.02231389360808045,
MEX,2024Q1,industrycat10,7,5.536398673193518,0.02231389360808045,0.07339782456911692,
MEX,2024Q2,industrycat10,7,5.609796497762635,0.07339782456911692,-0.05332027753986335,
MEX,2024Q3,industrycat10,7,5.5564762202227715,-0.05332027753986335,0.20062460219138512,
MEX,2024Q4,industrycat10,7,5.757100822414157,0.20062460219138512,0.1301239197932178,
MEX,2025Q1,industrycat10,7,5.8872247422073745,0.1301239197932178,0.021293251169560712,
MEX,2025Q2,industrycat10,7,5.908517993376935,0.021293251169560712,0.04098612488773945,
MEX,2025Q3,industrycat10,7,5.949504118264675,0.04098612488773945,-0.07106504804582325,
MEX,2025Q4,industrycat10,7,5.878439070218851,-0.07106504804582325,0.05127087052938695,
MEX,2026Q1,industrycat10,7,5.929709940748238,0.05127087052938695,0.05812712026635669,
MEX,2026Q2,industrycat10,7,5.987837061014595,0.05812712026635669,,
MEX,2021Q1,industrycat10,8,7.123015060236984,,-0.028427730873860746,
MEX,2021Q2,industrycat10,8,7.094587329363123,-0.028427730873860746,0.1782443070134727,
MEX,2021Q3,industrycat10,8,7.272831636376596,0.1782443070134727,0.003306653616882649,
MEX,2021Q4,industrycat10,8,7.276138289993479,0.003306653616882649,-0.03511385385884047,
MEX,2022Q1,industrycat10,8,7.241024436134638,-0.03511385385884047,-0.13654881318090695,
MEX,2022Q2,industrycat10,8,7.104475622953731,-0.13654881318090695,0.12422236005792442,
MEX,2022Q3,industrycat10,8,7.228697983011656,0.12422236005792442,0.12503394268767476,
MEX,2022Q4,industrycat10,8,7.35373192569933,0.12503394268767476,-0.05738745704383952,
MEX,2023Q1,industrycat10,8,7.296344468655491,-0.05738745704383952,0.15581838500003276,
MEX,2023Q2,industrycat10,8,7.4521628536555236,0.15581838500003276,0.1229385466544306,
MEX,2023Q3,industrycat10,8,7.575101400309954,0.1229385466544306,0.052570208783629724,
MEX,2023Q4,industrycat10,8,7.627671609093584,0.052570208783629724,0.04035207897411386,
MEX,2024Q1,industrycat10,8,7.668023688067698,0.04035207897411386,-0.051154915263956546,
MEX,2024Q2,industrycat10,8,7.616868772803741,-0.051154915263956546,0.003368805492908855,
MEX,2024Q3,industrycat10,8,7.62023757829665,0.003368805492908855,0.051408517173483936,
MEX,2024Q4,industrycat10,8,7.671646095470134,0.051408517173483936,0.0966058000186365,
MEX,2025Q1,industrycat10,8,7.7682518954887705,0.0966058000186365,-0.01744756526149871,
MEX,2025Q2,industrycat10,8,7.750804330227272,-0.01744756526149871,-0.194848685863378,
MEX,2025Q3,industrycat10,8,7.555955644363894,-0.194848685863378,0.0696442174361902,
MEX,2025Q4,industrycat10,8,7.625599861800084,0.0696442174361902,0.08071250107337935,
MEX,2026Q1,industrycat10,8,7.706312362873463,0.08071250107337935,-0.23809953828994423,
MEX,2026Q2,industrycat10,8,7.468212824583519,-0.23809953828994423,,
MEX,2021Q1,industrycat10,9,4.815555090331407,,-0.11417419595591394,
MEX,2021Q2,industrycat10,9,4.701380894375493,-0.11417419595591394,-0.6224754954973815,
MEX,2021Q3,industrycat10,9,4.078905398878112,-0.6224754954973815,-0.1638292843607947,
MEX,2021Q4,industrycat10,9,3.915076114517317,-0.1638292843607947,-0.004538854510593993,
MEX,2022Q1,industrycat10,9,3.910537260006723,-0.004538854510593993,0.04146246998601111,
MEX,2022Q2,industrycat10,9,3.951999729992734,0.04146246998601111,0.017684277133882542,
MEX,2022Q3,industrycat10,9,3.9696840071266166,0.017684277133882542,0.032185559447668766,
MEX,2022Q4,industrycat10,9,4.001869566574285,0.032185559447668766,0.016261010522535813,
MEX,2023Q1,industrycat10,9,4.018130577096821,0.016261010522535813,-0.016974772244662262,
MEX,2023Q2,industrycat10,9,4.001155804852159,-0.016974772244662262,-0.10994003683692233,
MEX,2023Q3,industrycat10,9,3.8912157680152366,-0.10994003683692233,0.05803191412952069,
MEX,2023Q4,industrycat10,9,3.9492476821447573,0.05803191412952069,0.06524262378002543,
MEX,2024Q1,industrycat10,9,4.014490305924783,0.06524262378002543,-0.15147889366455347,
MEX,2024Q2,industrycat10,9,3.8630114122602293,-0.15147889366455347,0.03001759317885222,
MEX,2024Q3,industrycat10,9,3.8930290054390815,0.03001759317885222,-0.2488931387485982,
MEX,2024Q4,industrycat10,9,3.6441358666904833,-0.2488931387485982,0.07909537499895958,
MEX,2025Q1,industrycat10,9,3.723231241689443,0.07909537499895958,0.012649658891235926,
MEX,2025Q2,industrycat10,9,3.735880900580679,0.012649658891235926,-0.05291605169379521,
MEX,2025Q3,industrycat10,9,3.6829648488868836,-0.05291605169379521,0.07089137268686851,
MEX,2025Q4,industrycat10,9,3.753856221573752,0.07089137268686851,0.03939667426666871,
MEX,2026Q1,industrycat10,9,3.793252895840421,0.03939667426666871,-0.031128539406202194,
MEX,2026Q2,industrycat10,9,3.7621243564342186,-0.031128539406202194,,
MEX,2021Q1,industrycat10,NA,1.170843332873353,,0.009168566607100193,
MEX,2021Q2,industrycat10,NA,1.1800118994804532,0.009168566607100193,-0.5131670928020653,
MEX,2021Q3,industrycat10,NA,0.6668448066783879,-0.5131670928020653,-0.03699606523387078,
MEX,2021Q4,industrycat10,NA,0.6298487414445171,-0.03699606523387078,-0.010259879471764766,
MEX,2022Q1,industrycat10,NA,0.6195888619727523,-0.010259879471764766,-0.022446825489971012,
MEX,2022Q2,industrycat10,NA,0.5971420364827813,-0.022446825489971012,0.05094490978561517,
MEX,2022Q3,industrycat10,NA,0.6480869462683965,0.05094490978561517,-0.02387951075492989,
MEX,2022Q4,industrycat10,NA,0.6242074355134666,-0.02387951075492989,-0.042088057599249495,
MEX,2023Q1,industrycat10,NA,0.5821193779142171,-0.042088057599249495,0.11190521010816556,
MEX,2023Q2,industrycat10,NA,0.6940245880223826,0.11190521010816556,-0.04577651009199546,
MEX,2023Q3,industrycat10,NA,0.6482480779303872,-0.04577651009199546,-0.008992575261515756,
MEX,2023Q4,industrycat10,NA,0.6392555026688714,-0.008992575261515756,-0.07434703247546015,
MEX,2024Q1,industrycat10,NA,0.5649084701934113,-0.07434703247546015,0.0914536301268788,
MEX,2024Q2,industrycat10,NA,0.6563621003202901,0.0914536301268788,-0.038216923565636995,
MEX,2024Q3,industrycat10,NA,0.6181451767546531,-0.038216923565636995,0.10503308311170623,
MEX,2024Q4,industrycat10,NA,0.7231782598663593,0.10503308311170623,-0.046632202831978775,
MEX,2025Q1,industrycat10,NA,0.6765460570343805,-0.046632202831978775,0.054280735893569965,
MEX,2025Q2,industrycat10,NA,0.7308267929279505,0.054280735893569965,-0.06002406486830125,
MEX,2025Q3,industrycat10,NA,0.6708027280596492,-0.06002406486830125,0.04214518767974962,
MEX,2025Q4,industrycat10,NA,0.7129479157393989,0.04214518767974962,-0.0178068422760137,
MEX,2026Q1,industrycat10,NA,0.6951410734633852,-0.0178068422760137,0.05147001611951918,
MEX,2026Q2,industrycat10,NA,0.7466110895829043,0.05147001611951918,,
MEX,2021Q1,lstatus,1,41.644573096246084,,1.6868138468037657,
MEX,2021Q2,lstatus,1,43.33138694304985,1.6868138468037657,0.3683303357515726,
MEX,2021Q3,lstatus,1,43.69971727880142,0.3683303357515726,0.5291558447920579,
MEX,2021Q4,lstatus,1,44.22887312359348,0.5291558447920579,-0.5097830543264834,
MEX,2022Q1,lstatus,1,43.719090069267,-0.5097830543264834,0.954558228816218,
MEX,2022Q2,lstatus,1,44.673648298083215,0.954558228816218,-0.030462632066907247,
MEX,2022Q3,lstatus,1,44.64318566601631,-0.030462632066907247,0.6388566815052954,
MEX,2022Q4,lstatus,1,45.2820423475216,0.6388566815052954,0.04813452681754171,
MEX,2023Q1,lstatus,1,45.330176874339145,0.04813452681754171,-0.035389116314497926,
MEX,2023Q2,lstatus,1,45.29478775802465,-0.035389116314497926,0.4273081922201669,
MEX,2023Q3,lstatus,1,45.722095950244814,0.4273081922201669,0.10510049545501943,
MEX,2023Q4,lstatus,1,45.82719644569983,0.10510049545501943,-0.24919692999721121,
MEX,2024Q1,lstatus,1,45.57799951570262,-0.24919692999721121,0.07927068702474571,
MEX,2024Q2,lstatus,1,45.65727020272737,0.07927068702474571,0.07942327604939692,
MEX,2024Q3,lstatus,1,45.736693478776765,0.07942327604939692,-0.08032408995749307,
MEX,2024Q4,lstatus,1,45.65636938881927,-0.08032408995749307,-0.41614468339250976,
MEX,2025Q1,lstatus,1,45.24022470542676,-0.41614468339250976,0.2818141203628812,
MEX,2025Q2,lstatus,1,45.52203882578964,0.2818141203628812,0.006736557278621547,
MEX,2025Q3,lstatus,1,45.528775383068265,0.006736557278621547,0.10868085099973968,
MEX,2025Q4,lstatus,1,45.637456234068004,0.10868085099973968,-0.22970421815680453,
MEX,2026Q1,lstatus,1,45.4077520159112,-0.22970421815680453,0.34338418442128216,
MEX,2026Q2,lstatus,1,45.75113620033248,0.34338418442128216,,
MEX,2021Q1,lstatus,2,1.89606956492645,,0.006452355574120938,
MEX,2021Q2,lstatus,2,1.902521920500571,0.006452355574120938,0.03155279290415791,
MEX,2021Q3,lstatus,2,1.934074713404729,0.03155279290415791,-0.25388068929378194,
MEX,2021Q4,lstatus,2,1.680194024110947,-0.25388068929378194,-0.11617446864905379,
MEX,2022Q1,lstatus,2,1.5640195554618932,-0.11617446864905379,-0.072004202970269,
MEX,2022Q2,lstatus,2,1.4920153524916242,-0.072004202970269,0.09351283059184556,
MEX,2022Q3,lstatus,2,1.5855281830834698,0.09351283059184556,-0.1916616203040915,
MEX,2022Q4,lstatus,2,1.3938665627793783,-0.1916616203040915,-0.15608384719624602,
MEX,2023Q1,lstatus,2,1.2377827155831322,-0.15608384719624602,0.07367970663256473,
MEX,2023Q2,lstatus,2,1.311462422215697,0.07367970663256473,0.09897111193974295,
MEX,2023Q3,lstatus,2,1.41043353415544,0.09897111193974295,-0.1460101895984296,
MEX,2023Q4,lstatus,2,1.2644233445570103,-0.1460101895984296,-0.07548561562492928,
MEX,2024Q1,lstatus,2,1.188937728932081,-0.07548561562492928,0.06275239431443191,
MEX,2024Q2,lstatus,2,1.251690123246513,0.06275239431443191,0.16361905218131612,
MEX,2024Q3,lstatus,2,1.415309175427829,0.16361905218131612,-0.21205035351313573,
MEX,2024Q4,lstatus,2,1.2032588219146934,-0.21205035351313573,-0.06059770061303382,
MEX,2025Q1,lstatus,2,1.1426611213016595,-0.06059770061303382,0.10124867986162811,
MEX,2025Q2,lstatus,2,1.2439098011632876,0.10124867986162811,0.10956628999357632,
MEX,2025Q3,lstatus,2,1.353476091156864,0.10956628999357632,-0.16085971617987216,
MEX,2025Q4,lstatus,2,1.1926163749769918,-0.16085971617987216,-0.002615082877250652,
MEX,2026Q1,lstatus,2,1.1900012920997411,-0.002615082877250652,0.057106890475871364,
MEX,2026Q2,lstatus,2,1.2471081825756125,0.057106890475871364,,
MEX,2021Q1,lstatus,3,32.66875700556724,,-1.2978082779237639,
MEX,2021Q2,lstatus,3,31.370948727643473,-1.2978082779237639,-0.2132905707878372,
MEX,2021Q3,lstatus,3,31.157658156855636,-0.2132905707878372,-0.12345148433884034,
MEX,2021Q4,lstatus,3,31.034206672516795,-0.12345148433884034,0.7698628182861391,
MEX,2022Q1,lstatus,3,31.804069490802934,0.7698628182861391,-0.8996692241148239,
MEX,2022Q2,lstatus,3,30.90440026668811,-0.8996692241148239,-0.011720844992307633,
MEX,2022Q3,lstatus,3,30.892679421695803,-0.011720844992307633,-0.3393096553801165,
MEX,2022Q4,lstatus,3,30.553369766315686,-0.3393096553801165,0.18088118725544433,
MEX,2023Q1,lstatus,3,30.73425095357113,0.18088118725544433,0.09669778934852857,
MEX,2023Q2,lstatus,3,30.83094874291966,0.09669778934852857,-0.2258541209519116,
MEX,2023Q3,lstatus,3,30.605094621967748,-0.2258541209519116,0.0961418771880389,
MEX,2023Q4,lstatus,3,30.701236499155787,0.0961418771880389,0.5042129796154988,
MEX,2024Q1,lstatus,3,31.205449478771285,0.5042129796154988,-0.253964616054251,
MEX,2024Q2,lstatus,3,30.951484862717034,-0.253964616054251,-0.02622892389238629,
MEX,2024Q3,lstatus,3,30.925255938824648,-0.02622892389238629,0.45083752126266674,
MEX,2024Q4,lstatus,3,31.376093460087315,0.45083752126266674,0.6506959012868343,
MEX,2025Q1,lstatus,3,32.02678936137415,0.6506959012868343,-0.20603891994084833,
MEX,2025Q2,lstatus,3,31.8207504414333,-0.20603891994084833,0.11950984403049603,
MEX,2025Q3,lstatus,3,31.940260285463797,0.11950984403049603,0.22324568613323592,
MEX,2025Q4,lstatus,3,32.16350597159703,0.22324568613323592,0.5934321335619543,
MEX,2026Q1,lstatus,3,32.75693810515899,0.5934321335619543,-0.27374017219269575,
MEX,2026Q2,lstatus,3,32.48319793296629,-0.27374017219269575,,
MEX,2021Q1,lstatus,NA,23.79060033326023,,-0.3954579244541243,
MEX,2021Q2,lstatus,NA,23.395142408806105,-0.3954579244541243,-0.18659255786788975,
MEX,2021Q3,lstatus,NA,23.208549850938216,-0.18659255786788975,-0.15182367115943407,
MEX,2021Q4,lstatus,NA,23.05672617977878,-0.15182367115943407,-0.14390529531060636,
MEX,2022Q1,lstatus,NA,22.912820884468175,-0.14390529531060636,0.01711519826887198,
MEX,2022Q2,lstatus,NA,22.929936082737047,0.01711519826887198,-0.05132935353262624,
MEX,2022Q3,lstatus,NA,22.87860672920442,-0.05132935353262624,-0.10788540582109007,
MEX,2022Q4,lstatus,NA,22.77072132338333,-0.10788540582109007,-0.07293186687673625,
MEX,2023Q1,lstatus,NA,22.697789456506595,-0.07293186687673625,-0.1349883796665985,
MEX,2023Q2,lstatus,NA,22.562801076839996,-0.1349883796665985,-0.3004251832079987,
MEX,2023Q3,lstatus,NA,22.262375893631997,-0.3004251832079987,-0.055232183044623184,
MEX,2023Q4,lstatus,NA,22.207143710587374,-0.055232183044623184,-0.1795304339933601,
MEX,2024Q1,lstatus,NA,22.027613276594014,-0.1795304339933601,0.11194153471507562,
MEX,2024Q2,lstatus,NA,22.13955481130909,0.11194153471507562,-0.2168134043383283,
MEX,2024Q3,lstatus,NA,21.92274140697076,-0.2168134043383283,-0.15846307779204238,
MEX,2024Q4,lstatus,NA,21.76427832917872,-0.15846307779204238,-0.17395351728129071,
MEX,2025Q1,lstatus,NA,21.59032481189743,-0.17395351728129071,-0.17702388028365945,
MEX,2025Q2,lstatus,NA,21.41330093161377,-0.17702388028365945,-0.23581269130269433,
MEX,2025Q3,lstatus,NA,21.177488240311074,-0.23581269130269433,-0.17106682095310077,
MEX,2025Q4,lstatus,NA,21.006421419357974,-0.17106682095310077,-0.36111283252790116,
MEX,2026Q1,lstatus,NA,20.645308586830073,-0.36111283252790116,-0.1267509027044582,
MEX,2026Q2,lstatus,NA,20.518557684125614,-0.1267509027044582,,
MEX,2021Q1,occup,0,0.17440116496489644,,-0.052023110926020605,
MEX,2021Q2,occup,0,0.12237805403887583,-0.052023110926020605,-0.00033543045916781256,
MEX,2021Q3,occup,0,0.12204262357970802,-0.00033543045916781256,-0.0038469538209388587,
MEX,2021Q4,occup,0,0.11819566975876916,-0.0038469538209388587,0.01734318308670063,
MEX,2022Q1,occup,0,0.1355388528454698,0.01734318308670063,-0.022630048234893715,
MEX,2022Q2,occup,0,0.11290880461057608,-0.022630048234893715,-0.01849796956841475,
MEX,2022Q3,occup,0,0.09441083504216133,-0.01849796956841475,0.015580101789648956,
MEX,2022Q4,occup,0,0.10999093683181028,0.015580101789648956,0.01675090872873576,
MEX,2023Q1,occup,0,0.12674184556054605,0.01675090872873576,-0.021518151014273776,
MEX,2023Q2,occup,0,0.10522369454627227,-0.021518151014273776,0.0031635625601324074,
MEX,2023Q3,occup,0,0.10838725710640468,0.0031635625601324074,0.017840045601275667,
MEX,2023Q4,occup,0,0.12622730270768034,0.017840045601275667,-0.010369806953851812,
MEX,2024Q1,occup,0,0.11585749575382853,-0.010369806953851812,0.009429133080475549,
MEX,2024Q2,occup,0,0.12528662883430408,0.009429133080475549,0.015510390073475322,
MEX,2024Q3,occup,0,0.1407970189077794,0.015510390073475322,-0.00465087497371966,
MEX,2024Q4,occup,0,0.13614614393405974,-0.00465087497371966,0.0077208872212888024,
MEX,2025Q1,occup,0,0.14386703115534855,0.0077208872212888024,-0.03835694009998519,
MEX,2025Q2,occup,0,0.10551009105536335,-0.03835694009998519,0.012388336096068778,
MEX,2025Q3,occup,0,0.11789842715143213,0.012388336096068778,0.002877634690889294,
MEX,2025Q4,occup,0,0.12077606184232142,0.002877634690889294,-0.014041954583300584,
MEX,2026Q1,occup,0,0.10673410725902084,-0.014041954583300584,0.001954929770135047,
MEX,2026Q2,occup,0,0.10868903702915589,0.001954929770135047,,
MEX,2021Q1,occup,1,3.102053167569229,,0.0339385466735167,
MEX,2021Q2,occup,1,3.1359917142427456,0.0339385466735167,-0.1422455390443127,
MEX,2021Q3,occup,1,2.993746175198433,-0.1422455390443127,0.16222234842138494,
MEX,2021Q4,occup,1,3.155968523619818,0.16222234842138494,-0.04507643638086423,
MEX,2022Q1,occup,1,3.1108920872389536,-0.04507643638086423,-0.007661521009300731,
MEX,2022Q2,occup,1,3.103230566229653,-0.007661521009300731,-0.07607588265053478,
MEX,2022Q3,occup,1,3.027154683579118,-0.07607588265053478,-0.07712711429313135,
MEX,2022Q4,occup,1,2.9500275692859868,-0.07712711429313135,0.12667030967296933,
MEX,2023Q1,occup,1,3.076697878958956,0.12667030967296933,-0.075979687386865,
MEX,2023Q2,occup,1,3.000718191572091,-0.075979687386865,0.05098393286547154,
MEX,2023Q3,occup,1,3.0517021244375626,0.05098393286547154,0.06357908743207963,
MEX,2023Q4,occup,1,3.1152812118696422,0.06357908743207963,0.07991514041894332,
MEX,2024Q1,occup,1,3.1951963522885856,0.07991514041894332,0.09384692419653051,
MEX,2024Q2,occup,1,3.289043276485116,0.09384692419653051,-0.009998398145086185,
MEX,2024Q3,occup,1,3.27904487834003,-0.009998398145086185,0.005331653178012541,
MEX,2024Q4,occup,1,3.2843765315180424,0.005331653178012541,0.024065193605675272,
MEX,2025Q1,occup,1,3.3084417251237177,0.024065193605675272,0.15276065519578008,
MEX,2025Q2,occup,1,3.461202380319498,0.15276065519578008,-0.20425182131526487,
MEX,2025Q3,occup,1,3.256950559004233,-0.20425182131526487,-0.04530788513693329,
MEX,2025Q4,occup,1,3.2116426738672996,-0.04530788513693329,-0.17407054862553872,
MEX,2026Q1,occup,1,3.037572125241761,-0.17407054862553872,-0.009382329269755907,
MEX,2026Q2,occup,1,3.028189795972005,-0.009382329269755907,,
MEX,2021Q1,occup,2,9.745868057607167,,-0.05714656243462457,
MEX,2021Q2,occup,2,9.688721495172542,-0.05714656243462457,0.20153613862544084,
MEX,2021Q3,occup,2,9.890257633797983,0.20153613862544084,0.25356705845246097,
MEX,2021Q4,occup,2,10.143824692250444,0.25356705845246097,0.032498856889224825,
MEX,2022Q1,occup,2,10.176323549139669,0.032498856889224825,-0.11276404077650604,
MEX,2022Q2,occup,2,10.063559508363163,-0.11276404077650604,-0.1476502624714051,
MEX,2022Q3,occup,2,9.915909245891758,-0.1476502624714051,0.3696392502500938,
MEX,2022Q4,occup,2,10.285548496141852,0.3696392502500938,-0.22596030473297724,
MEX,2023Q1,occup,2,10.059588191408874,-0.22596030473297724,0.009168868971334732,
MEX,2023Q2,occup,2,10.068757060380209,0.009168868971334732,-0.03629023468922732,
MEX,2023Q3,occup,2,10.032466825690982,-0.03629023468922732,0.33723470272765965,
MEX,2023Q4,occup,2,10.369701528418641,0.33723470272765965,0.0016400469513566662,
MEX,2024Q1,occup,2,10.371341575369998,0.0016400469513566662,0.13742017036733856,
MEX,2024Q2,occup,2,10.508761745737337,0.13742017036733856,-0.14005763686962958,
MEX,2024Q3,occup,2,10.368704108867707,-0.14005763686962958,0.05006488859606506,
MEX,2024Q4,occup,2,10.418768997463772,0.05006488859606506,0.023252426271540116,
MEX,2025Q1,occup,2,10.442021423735312,0.023252426271540116,0.0633573769395106,
MEX,2025Q2,occup,2,10.505378800674823,0.0633573769395106,-0.3627966028921943,
MEX,2025Q3,occup,2,10.142582197782628,-0.3627966028921943,-0.2387694998825527,
MEX,2025Q4,occup,2,9.903812697900076,-0.2387694998825527,0.3929901653137584,
MEX,2026Q1,occup,2,10.296802863213834,0.3929901653137584,-0.18884733602894954,
MEX,2026Q2,occup,2,10.107955527184885,-0.18884733602894954,,
MEX,2021Q1,occup,3,8.56562942027177,,0.0319588097706589,
MEX,2021Q2,occup,3,8.59758823004243,0.0319588097706589,0.2486984909629104,
MEX,2021Q3,occup,3,8.84628672100534,0.2486984909629104,-0.10520891576284086,
MEX,2021Q4,occup,3,8.741077805242499,-0.10520891576284086,0.06484271530487185,
MEX,2022Q1,occup,3,8.805920520547371,0.06484271530487185,-0.11011221442099028,
MEX,2022Q2,occup,3,8.69580830612638,-0.11011221442099028,0.08177402476136386,
MEX,2022Q3,occup,3,8.777582330887745,0.08177402476136386,-0.06908816815041341,
MEX,2022Q4,occup,3,8.708494162737331,-0.06908816815041341,0.05115153726680255,
MEX,2023Q1,occup,3,8.759645700004134,0.05115153726680255,-0.123979004459434,
MEX,2023Q2,occup,3,8.6356666955447,-0.123979004459434,0.2172026648362877,
MEX,2023Q3,occup,3,8.852869360380987,0.2172026648362877,-0.2515334929175008,
MEX,2023Q4,occup,3,8.601335867463487,-0.2515334929175008,0.16039232326701658,
MEX,2024Q1,occup,3,8.761728190730503,0.16039232326701658,0.00442193737018215,
MEX,2024Q2,occup,3,8.766150128100685,0.00442193737018215,-0.0944520910897193,
MEX,2024Q3,occup,3,8.671698037010966,-0.0944520910897193,-0.012490612317400007,
MEX,2024Q4,occup,3,8.659207424693566,-0.012490612317400007,-0.08750825256584882,
MEX,2025Q1,occup,3,8.571699172127717,-0.08750825256584882,-0.10449081207310229,
MEX,2025Q2,occup,3,8.467208360054615,-0.10449081207310229,-0.03420962685506446,
MEX,2025Q3,occup,3,8.43299873319955,-0.03420962685506446,0.08564850398802903,
MEX,2025Q4,occup,3,8.51864723718758,0.08564850398802903,-0.07928449503634738,
MEX,2026Q1,occup,3,8.439362742151232,-0.07928449503634738,-0.018203374879089296,
MEX,2026Q2,occup,3,8.421159367272143,-0.018203374879089296,,
MEX,2021Q1,occup,4,6.5763110338478254,,0.04152050487287706,
MEX,2021Q2,occup,4,6.6178315387207025,0.04152050487287706,-0.4914920634373603,
MEX,2021Q3,occup,4,6.126339475283342,-0.4914920634373603,-0.25959869844322103,
MEX,2021Q4,occup,4,5.866740776840121,-0.25959869844322103,0.09172258928634225,
MEX,2022Q1,occup,4,5.958463366126463,0.09172258928634225,0.09993786101336966,
MEX,2022Q2,occup,4,6.058401227139833,0.09993786101336966,-0.02121220207646335,
MEX,2022Q3,occup,4,6.03718902506337,-0.02121220207646335,-0.1265425094113457,
MEX,2022Q4,occup,4,5.910646515652024,-0.1265425094113457,0.09608163780917867,
MEX,2023Q1,occup,4,6.006728153461203,0.09608163780917867,0.1444280187742253,
MEX,2023Q2,occup,4,6.151156172235428,0.1444280187742253,-0.20957056587387868,
MEX,2023Q3,occup,4,5.941585606361549,-0.20957056587387868,0.06914630678893552,
MEX,2023Q4,occup,4,6.010731913150485,0.06914630678893552,0.3699670967851718,
MEX,2024Q1,occup,4,6.380699009935657,0.3699670967851718,-0.1477933092903818,
MEX,2024Q2,occup,4,6.232905700645275,-0.1477933092903818,-0.05089621469516725,
MEX,2024Q3,occup,4,6.182009485950108,-0.05089621469516725,0.34686800380211746,
MEX,2024Q4,occup,4,6.528877489752225,0.34686800380211746,-0.07072691812386545,
MEX,2025Q1,occup,4,6.45815057162836,-0.07072691812386545,0.05336946950166599,
MEX,2025Q2,occup,4,6.511520041130026,0.05336946950166599,-0.011980597346077815,
MEX,2025Q3,occup,4,6.499539443783948,-0.011980597346077815,0.43737743959786357,
MEX,2025Q4,occup,4,6.936916883381811,0.43737743959786357,-0.17173628523556594,
MEX,2026Q1,occup,4,6.765180598146245,-0.17173628523556594,-0.1144331825942313,
MEX,2026Q2,occup,4,6.650747415552014,-0.1144331825942313,,
MEX,2021Q1,occup,5,18.78325615919123,,0.593502578444344,
MEX,2021Q2,occup,5,19.376758737635573,0.593502578444344,-0.22752892752840737,
MEX,2021Q3,occup,5,19.149229810107165,-0.22752892752840737,0.2077346611174491,
MEX,2021Q4,occup,5,19.356964471224614,0.2077346611174491,-0.06417702873910969,
MEX,2022Q1,occup,5,19.292787442485505,-0.06417702873910969,0.14247452769293645,
MEX,2022Q2,occup,5,19.43526197017844,0.14247452769293645,0.06408518838533084,
MEX,2022Q3,occup,5,19.499347158563772,0.06408518838533084,0.11836137026944371,
MEX,2022Q4,occup,5,19.617708528833216,0.11836137026944371,-0.20997149427919837,
MEX,2023Q1,occup,5,19.407737034554017,-0.20997149427919837,0.3969107568146626,
MEX,2023Q2,occup,5,19.80464779136868,0.3969107568146626,-0.25476572103111295,
MEX,2023Q3,occup,5,19.549882070337567,-0.25476572103111295,0.1886565153224069,
MEX,2023Q4,occup,5,19.738538585659974,0.1886565153224069,-0.02175820146253926,
MEX,2024Q1,occup,5,19.716780384197435,-0.02175820146253926,0.022298315354696285,
MEX,2024Q2,occup,5,19.73907869955213,0.022298315354696285,0.02997414122603459,
MEX,2024Q3,occup,5,19.769052840778166,0.02997414122603459,0.054684719349126,
MEX,2024Q4,occup,5,19.82373756012729,0.054684719349126,0.12830258210146184,
MEX,2025Q1,occup,5,19.952040142228753,0.12830258210146184,-0.08325481714206262,
MEX,2025Q2,occup,5,19.86878532508669,-0.08325481714206262,0.3604138936583894,
MEX,2025Q3,occup,5,20.22919921874508,0.3604138936583894,-0.18362288558774154,
MEX,2025Q4,occup,5,20.04557633315734,-0.18362288558774154,0.0047690250516829735,
MEX,2026Q1,occup,5,20.05034535820902,0.0047690250516829735,0.10408677842287517,
MEX,2026Q2,occup,5,20.154432136631897,0.10408677842287517,,
MEX,2021Q1,occup,6,7.728835693926389,,-0.05739255717294611,
MEX,2021Q2,occup,6,7.671443136753443,-0.05739255717294611,0.007696375351868845,
MEX,2021Q3,occup,6,7.679139512105312,0.007696375351868845,-0.17964793613460905,
MEX,2021Q4,occup,6,7.499491575970703,-0.17964793613460905,-0.21127132331090337,
MEX,2022Q1,occup,6,7.2882202526598,-0.21127132331090337,0.1232458294973302,
MEX,2022Q2,occup,6,7.41146608215713,0.1232458294973302,0.23604658230865994,
MEX,2022Q3,occup,6,7.64751266446579,0.23604658230865994,-0.059682170441289095,
MEX,2022Q4,occup,6,7.587830494024501,-0.059682170441289095,-0.34175603949022726,
MEX,2023Q1,occup,6,7.2460744545342735,-0.34175603949022726,0.05098089166977715,
MEX,2023Q2,occup,6,7.297055346204051,0.05098089166977715,-0.09463676053251824,
MEX,2023Q3,occup,6,7.202418585671532,-0.09463676053251824,-0.26980180180698543,
MEX,2023Q4,occup,6,6.932616783864547,-0.26980180180698543,0.04027207837462221,
MEX,2024Q1,occup,6,6.972888862239169,0.04027207837462221,-0.2460744778461592,
MEX,2024Q2,occup,6,6.72681438439301,-0.2460744778461592,0.7105469933958783,
MEX,2024Q3,occup,6,7.437361377788888,0.7105469933958783,-0.7255666098554459,
MEX,2024Q4,occup,6,6.711794767933442,-0.7255666098554459,-0.10748228914176661,
MEX,2025Q1,occup,6,6.604312478791676,-0.10748228914176661,0.1660047244203966,
MEX,2025Q2,occup,6,6.770317203212072,0.1660047244203966,0.2443041065662337,
MEX,2025Q3,occup,6,7.014621309778306,0.2443041065662337,-0.30443531828941683,
MEX,2025Q4,occup,6,6.710185991488889,-0.30443531828941683,-0.10397394319415287,
MEX,2026Q1,occup,6,6.606212048294736,-0.10397394319415287,0.14142728751309885,
MEX,2026Q2,occup,6,6.747639335807835,0.14142728751309885,,
MEX,2021Q1,occup,7,13.425890076259215,,-0.11337528246220785,
MEX,2021Q2,occup,7,13.312514793797007,-0.11337528246220785,-0.03646266778491736,
MEX,2021Q3,occup,7,13.27605212601209,-0.03646266778491736,0.01848594702082984,
MEX,2021Q4,occup,7,13.29453807303292,0.01848594702082984,0.027877828513901193,
MEX,2022Q1,occup,7,13.32241590154682,0.027877828513901193,0.1414831743905811,
MEX,2022Q2,occup,7,13.463899075937402,0.1414831743905811,-0.15853465507579934,
MEX,2022Q3,occup,7,13.305364420861602,-0.15853465507579934,-0.13201698031671683,
MEX,2022Q4,occup,7,13.173347440544886,-0.13201698031671683,0.1883364893570647,
MEX,2023Q1,occup,7,13.36168392990195,0.1883364893570647,-0.040645120387782896,
MEX,2023Q2,occup,7,13.321038809514167,-0.040645120387782896,0.050117220271928886,
MEX,2023Q3,occup,7,13.371156029786096,0.050117220271928886,-0.0672454327343548,
MEX,2023Q4,occup,7,13.303910597051742,-0.0672454327343548,-0.10531866074765439,
MEX,2024Q1,occup,7,13.198591936304087,-0.10531866074765439,0.341796419713825,
MEX,2024Q2,occup,7,13.540388356017912,0.341796419713825,-0.7232080623391912,
MEX,2024Q3,occup,7,12.817180293678721,-0.7232080623391912,0.07101314432257055,
MEX,2024Q4,occup,7,12.888193438001291,0.07101314432257055,0.18688804069003062,
MEX,2025Q1,occup,7,13.075081478691322,0.18688804069003062,0.0923561516485325,
MEX,2025Q2,occup,7,13.167437630339855,0.0923561516485325,0.08901589715525127,
MEX,2025Q3,occup,7,13.256453527495106,0.08901589715525127,0.28903333633726547,
MEX,2025Q4,occup,7,13.545486863832371,0.28903333633726547,-0.24525812509929068,
MEX,2026Q1,occup,7,13.30022873873308,-0.24525812509929068,0.11341448441044122,
MEX,2026Q2,occup,7,13.413643223143522,0.11341448441044122,,
MEX,2021Q1,occup,8,10.096888487344655,,-0.38145217342341375,
MEX,2021Q2,occup,8,9.715436313921241,-0.38145217342341375,0.3289237727106826,
MEX,2021Q3,occup,8,10.044360086631924,0.3289237727106826,-0.05268723582504009,
MEX,2021Q4,occup,8,9.991672850806884,-0.05268723582504009,0.26447541313797096,
MEX,2022Q1,occup,8,10.256148263944855,0.26447541313797096,-0.09015178849403505,
MEX,2022Q2,occup,8,10.16599647545082,-0.09015178849403505,-0.01710155314338202,
MEX,2022Q3,occup,8,10.148894922307438,-0.01710155314338202,0.016192940791917465,
MEX,2022Q4,occup,8,10.165087863099355,0.016192940791917465,0.13639100603937315,
MEX,2023Q1,occup,8,10.301478869138728,0.13639100603937315,-0.1585548161459993,
MEX,2023Q2,occup,8,10.14292405299273,-0.1585548161459993,0.07497743179607497,
MEX,2023Q3,occup,8,10.217901484788804,0.07497743179607497,0.07218580520221352,
MEX,2023Q4,occup,8,10.290087289991018,0.07218580520221352,-0.08052605272646574,
MEX,2024Q1,occup,8,10.209561237264552,-0.08052605272646574,0.17611354666788692,
MEX,2024Q2,occup,8,10.385674783932439,0.17611354666788692,0.028899983754747893,
MEX,2024Q3,occup,8,10.414574767687187,0.028899983754747893,0.10707290626460164,
MEX,2024Q4,occup,8,10.521647673951788,0.10707290626460164,0.20587734176446837,
MEX,2025Q1,occup,8,10.727525015716257,0.20587734176446837,-0.22530061616281927,
MEX,2025Q2,occup,8,10.502224399553437,-0.22530061616281927,-0.06904254240956575,
MEX,2025Q3,occup,8,10.433181857143872,-0.06904254240956575,0.0856174561518781,
MEX,2025Q4,occup,8,10.51879931329575,0.0856174561518781,0.029753849568848523,
MEX,2026Q1,occup,8,10.548553162864598,0.029753849568848523,0.0859338517626611,
MEX,2026Q2,occup,8,10.63448701462726,0.0859338517626611,,
MEX,2021Q1,occup,9,21.53591424505227,,-0.06998898007450194,
MEX,2021Q2,occup,9,21.465925264977766,-0.06998898007450194,0.36931146214367416,
MEX,2021Q3,occup,9,21.83523672712144,0.36931146214367416,-0.02978727294883754,
MEX,2021Q4,occup,9,21.805449454172603,-0.02978727294883754,-0.18898979591439513,
MEX,2022Q1,occup,9,21.616459658258208,-0.18898979591439513,-0.1624318696272944,
MEX,2022Q2,occup,9,21.454027788630913,-0.1624318696272944,0.05838364985369182,
MEX,2022Q3,occup,9,21.512411438484605,0.05838364985369182,-0.04537991887204029,
MEX,2022Q4,occup,9,21.467031519612565,-0.04537991887204029,0.16431250094842298,
MEX,2023Q1,occup,9,21.631344020560988,0.16431250094842298,-0.18463996965636298,
MEX,2023Q2,occup,9,21.446704050904625,-0.18463996965636298,0.18052720886594642,
MEX,2023Q3,occup,9,21.62723125977057,0.18052720886594642,-0.15262958052525022,
MEX,2023Q4,occup,9,21.47460167924532,-0.15262958052525022,-0.42594046541579544,
MEX,2024Q1,occup,9,21.048661213829526,-0.42594046541579544,-0.4038068274886726,
MEX,2024Q2,occup,9,20.644854386340853,-0.4038068274886726,0.2506938768039255,
MEX,2024Q3,occup,9,20.89554826314478,0.2506938768039255,0.06947355839749747,
MEX,2024Q4,occup,9,20.965021821542276,0.06947355839749747,-0.2888805033488886,
MEX,2025Q1,occup,9,20.676141318193388,-0.2888805033488886,-0.06804512292266907,
MEX,2025Q2,occup,9,20.60809619527072,-0.06804512292266907,-0.03940715459377131,
MEX,2025Q3,occup,9,20.568689040676947,-0.03940715459377131,-0.12050074516476883,
MEX,2025Q4,occup,9,20.44818829551218,-0.12050074516476883,0.36135404902793056,
MEX,2026Q1,occup,9,20.80954234454011,0.36135404902793056,-0.12573895142750047,
MEX,2026Q2,occup,9,20.68380339311261,-0.12573895142750047,,
MEX,2021Q1,occup,NA,0.2649524939653527,,0.030458226732321514,
MEX,2021Q2,occup,NA,0.2954107206976742,0.030458226732321514,-0.258101611540412,
MEX,2021Q3,occup,NA,0.03730910915726223,-0.258101611540412,-0.011233002076634687,
MEX,2021Q4,occup,NA,0.026076107080627544,-0.011233002076634687,0.010753998126260229,
MEX,2022Q1,occup,NA,0.03683010520688777,0.010753998126260229,-0.0013899100312021948,
MEX,2022Q2,occup,NA,0.03544019517568558,-0.0013899100312021948,-0.0012169203230429915,
MEX,2022Q3,occup,NA,0.034223274852642586,-0.0012169203230429915,-0.009936801616169853,
MEX,2022Q4,occup,NA,0.024286473236472733,-0.009936801616169853,-0.002006551320145055,
MEX,2023Q1,occup,NA,0.022279921916327678,-0.002006551320145055,0.0038282128207173215,
MEX,2023Q2,occup,NA,0.026108134737045,0.0038282128207173215,0.018291260930899035,
MEX,2023Q3,occup,NA,0.044399395667944035,0.018291260930899035,-0.007432155090478704,
MEX,2023Q4,occup,NA,0.03696724057746533,-0.007432155090478704,-0.008273498490804106,
MEX,2024Q1,occup,NA,0.028693742086661225,-0.008273498490804106,0.012348167874275551,
MEX,2024Q2,occup,NA,0.041041909960936776,0.012348167874275551,-0.017012982115268076,
MEX,2024Q3,occup,NA,0.0240289278456687,-0.017012982115268076,0.03819922323657631,
MEX,2024Q4,occup,NA,0.06222815108224501,0.03819922323657631,-0.02150850847409911,
MEX,2025Q1,occup,NA,0.0407196426081459,-0.02150850847409911,-0.008400069305247351,
MEX,2025Q2,occup,NA,0.03231957330289855,-0.008400069305247351,0.015566111935999667,
MEX,2025Q3,occup,NA,0.04788568523889822,0.015566111935999667,-0.007918036704514145,
MEX,2025Q4,occup,NA,0.03996764853438407,-0.007918036704514145,-0.0005017371880227176,
MEX,2026Q1,occup,NA,0.039465911346361356,-0.0005017371880227176,0.009787842320313447,
MEX,2026Q2,occup,NA,0.0492537536666748,0.009787842320313447,,
MEX,2021Q1,socialsec,0,60.59453192147662,,0.49285098713610864,
MEX,2021Q2,socialsec,0,61.08738290861273,0.49285098713610864,0.18221391051348945,
MEX,2021Q3,socialsec,0,61.26959681912622,0.18221391051348945,-0.2274491780874186,
MEX,2021Q4,socialsec,0,61.0421476410388,-0.2274491780874186,-0.3284734988807685,
MEX,2022Q1,socialsec,0,60.713674142158034,-0.3284734988807685,0.2265564998457137,
MEX,2022Q2,socialsec,0,60.94023064200375,0.2265564998457137,-0.011584568412494889,
MEX,2022Q3,socialsec,0,60.92864607359125,-0.011584568412494889,-0.6006797977698213,
MEX,2022Q4,socialsec,0,60.32796627582143,-0.6006797977698213,0.313243790641188,
MEX,2023Q1,socialsec,0,60.64121006646262,0.313243790641188,-0.10041505932085926,
MEX,2023Q2,socialsec,0,60.54079500714176,-0.10041505932085926,-0.09534281678960355,
MEX,2023Q3,socialsec,0,60.44545219035216,-0.09534281678960355,-0.3568052187965449,
MEX,2023Q4,socialsec,0,60.08864697155561,-0.3568052187965449,0.15960362609677503,
MEX,2024Q1,socialsec,0,60.24825059765239,0.15960362609677503,-0.5076572461518793,
MEX,2024Q2,socialsec,0,59.74059335150051,-0.5076572461518793,-0.03844756857986198,
MEX,2024Q3,socialsec,0,59.702145782920645,-0.03844756857986198,-0.48304973885118585,
MEX,2024Q4,socialsec,0,59.21909604406946,-0.48304973885118585,0.267264604440804,
MEX,2025Q1,socialsec,0,59.486360648510264,0.267264604440804,0.21085385547656443,
MEX,2025Q2,socialsec,0,59.69721450398683,0.21085385547656443,0.6282337998734135,
MEX,2025Q3,socialsec,0,60.32544830386024,0.6282337998734135,-0.4606364706128616,
MEX,2025Q4,socialsec,0,59.86481183324738,-0.4606364706128616,0.41509170086848,
MEX,2026Q1,socialsec,0,60.27990353411586,0.41509170086848,-0.158038968081037,
MEX,2026Q2,socialsec,0,60.12186456603482,-0.158038968081037,,
MEX,2021Q1,socialsec,1,38.86398932895779,,-0.6005379887022357,
MEX,2021Q2,socialsec,1,38.26345134025556,-0.6005379887022357,-0.21624435654623397,
MEX,2021Q3,socialsec,1,38.04720698370932,-0.21624435654623397,0.21177850239872242,
MEX,2021Q4,socialsec,1,38.258985486108045,0.21177850239872242,0.37232477885454784,
MEX,2022Q1,socialsec,1,38.63131026496259,0.37232477885454784,-0.3285730819788384,
MEX,2022Q2,socialsec,1,38.302737182983755,-0.3285730819788384,0.062384352207800475,
MEX,2022Q3,socialsec,1,38.365121535191555,0.062384352207800475,0.55986877275582,
MEX,2022Q4,socialsec,1,38.924990307947375,0.55986877275582,-0.17199131454439964,
MEX,2023Q1,socialsec,1,38.752998993402976,-0.17199131454439964,-0.020384125043236168,
MEX,2023Q2,socialsec,1,38.73261486835974,-0.020384125043236168,0.05914726743000642,
MEX,2023Q3,socialsec,1,38.791762135789746,0.05914726743000642,0.40595817730662276,
MEX,2023Q4,socialsec,1,39.19772031309637,0.40595817730662276,-0.11011331519943468,
MEX,2024Q1,socialsec,1,39.087606997896934,-0.11011331519943468,0.4356747583293554,
MEX,2024Q2,socialsec,1,39.52328175622629,0.4356747583293554,0.039938052238092325,
MEX,2024Q3,socialsec,1,39.56321980846438,0.039938052238092325,0.3220950102037108,
MEX,2024Q4,socialsec,1,39.88531481866809,0.3220950102037108,-0.12141688261753814,
MEX,2025Q1,socialsec,1,39.763897936050554,-0.12141688261753814,-0.3317170554561599,
MEX,2025Q2,socialsec,1,39.432180880594395,-0.3317170554561599,-0.5883117810567526,
MEX,2025Q3,socialsec,1,38.84386909953764,-0.5883117810567526,0.4981247440227463,
MEX,2025Q4,socialsec,1,39.34199384356039,0.4981247440227463,-0.2089206945188522,
MEX,2026Q1,socialsec,1,39.133073149041536,-0.2089206945188522,0.05350274139594546,
MEX,2026Q2,socialsec,1,39.18657589043748,0.05350274139594546,,
MEX,2021Q1,socialsec,NA,0.5414787495655828,,0.10768700156613131,
MEX,2021Q2,socialsec,NA,0.6491657511317142,0.10768700156613131,0.03403044603274341,
MEX,2021Q3,socialsec,NA,0.6831961971644576,0.03403044603274341,0.01567067568869518,
MEX,2021Q4,socialsec,NA,0.6988668728531527,0.01567067568869518,-0.043851279973784796,
MEX,2022Q1,socialsec,NA,0.655015592879368,-0.043851279973784796,0.10201658213312803,
MEX,2022Q2,socialsec,NA,0.757032175012496,0.10201658213312803,-0.05079978379530459,
MEX,2022Q3,socialsec,NA,0.7062323912171914,-0.05079978379530459,0.04081102501400491,
MEX,2022Q4,socialsec,NA,0.7470434162311963,0.04081102501400491,-0.1412524760967926,
MEX,2023Q1,socialsec,NA,0.6057909401344037,-0.1412524760967926,0.12079918436409676,
MEX,2023Q2,socialsec,NA,0.7265901244985005,0.12079918436409676,0.036195549359595125,
MEX,2023Q3,socialsec,NA,0.7627856738580956,0.036195549359595125,-0.0491529585100734,
MEX,2023Q4,socialsec,NA,0.7136327153480222,-0.0491529585100734,-0.049490310897346124,
MEX,2024Q1,socialsec,NA,0.6641424044506761,-0.049490310897346124,0.07198248782252747,
MEX,2024Q2,socialsec,NA,0.7361248922732035,0.07198248782252747,-0.0014904836582281256,
MEX,2024Q3,socialsec,NA,0.7346344086149754,-0.0014904836582281256,0.1609547286474694,
MEX,2024Q4,socialsec,NA,0.8955891372624448,0.1609547286474694,-0.14584772182326144,
MEX,2025Q1,socialsec,NA,0.7497414154391834,-0.14584772182326144,0.1208631999795966,
MEX,2025Q2,socialsec,NA,0.87060461541878,0.1208631999795966,-0.03992201881665802,
MEX,2025Q3,socialsec,NA,0.830682596602122,-0.03992201881665802,-0.037488273409883255,
MEX,2025Q4,socialsec,NA,0.7931943231922387,-0.037488273409883255,-0.20617100634963248,
MEX,2026Q1,socialsec,NA,0.5870233168426062,-0.20617100634963248,0.10453622668509044,
MEX,2026Q2,socialsec,NA,0.6915595435276967,0.10453622668509044,,
MEX,2021Q1,urban,0,22.815240394280032,,0.0032851676643730343,
MEX,2021Q2,urban,0,22.818525561944405,0.0032851676643730343,0.01006230655815088,
MEX,2021Q3,urban,0,22.828587868502556,0.01006230655815088,0.003255592042958,
MEX,2021Q4,urban,0,22.831843460545514,0.003255592042958,0.0005729555185460811,
MEX,2022Q1,urban,0,22.83241641606406,0.0005729555185460811,6.192984227126885e-05,
MEX,2022Q2,urban,0,22.83247834590633,6.192984227126885e-05,-0.006053379819231708,
MEX,2022Q3,urban,0,22.8264249660871,-0.006053379819231708,-0.013257562689862112,
MEX,2022Q4,urban,0,22.813167403397237,-0.013257562689862112,-0.003178018518863013,
MEX,2023Q1,urban,0,22.809989384878374,-0.003178018518863013,-0.008022623899279324,
MEX,2023Q2,urban,0,22.801966760979095,-0.008022623899279324,0.0312604058045558,
MEX,2023Q3,urban,0,22.83322716678365,0.0312604058045558,-0.01068593029313547,
MEX,2023Q4,urban,0,22.822541236490515,-0.01068593029313547,-0.004457038901193755,
MEX,2024Q1,urban,0,22.81808419758932,-0.004457038901193755,0.11631145392515663,
MEX,2024Q2,urban,0,22.93439565151448,0.11631145392515663,0.013046086594918904,
MEX,2024Q3,urban,0,22.947441738109397,0.013046086594918904,-1.5400414831829998,
MEX,2024Q4,urban,0,21.407400254926397,-1.5400414831829998,0.006769035577310234,
MEX,2025Q1,urban,0,21.414169290503708,0.006769035577310234,-0.004752693156937937,
MEX,2025Q2,urban,0,21.40941659734677,-0.004752693156937937,0.013112083412597286,
MEX,2025Q3,urban,0,21.422528680759367,0.013112083412597286,-0.07270185443586996,
MEX,2025Q4,urban,0,21.349826826323497,-0.07270185443586996,-0.009636819495788984,
MEX,2026Q1,urban,0,21.340190006827708,-0.009636819495788984,-0.014468937397946746,
MEX,2026Q2,urban,0,21.32572106942976,-0.014468937397946746,,
MEX,2021Q1,urban,1,77.18475960571998,,-0.0032851676643730343,
MEX,2021Q2,urban,1,77.1814744380556,-0.0032851676643730343,-0.010062306558154432,
MEX,2021Q3,urban,1,77.17141213149745,-0.010062306558154432,-0.0032555920429615526,
MEX,2021Q4,urban,1,77.16815653945449,-0.0032555920429615526,-0.0005729555185496338,
MEX,2022Q1,urban,1,77.16758358393594,-0.0005729555185496338,-6.192984226061071e-05,
MEX,2022Q2,urban,1,77.16752165409368,-6.192984226061071e-05,0.00605337981922105,
MEX,2022Q3,urban,1,77.1735750339129,0.00605337981922105,0.01325756268985856,
MEX,2022Q4,urban,1,77.18683259660276,0.01325756268985856,0.0031780185188665655,
MEX,2023Q1,urban,1,77.19001061512162,0.0031780185188665655,0.008022623899279324,
MEX,2023Q2,urban,1,77.1980332390209,0.008022623899279324,-0.031260405804559355,
MEX,2023Q3,urban,1,77.16677283321634,-0.031260405804559355,0.01068593029313547,
MEX,2023Q4,urban,1,77.17745876350948,0.01068593029313547,0.004457038901207966,
MEX,2024Q1,urban,1,77.18191580241069,0.004457038901207966,-0.11631145392516373,
MEX,2024Q2,urban,1,77.06560434848552,-0.11631145392516373,-0.01304608659492601,
MEX,2024Q3,urban,1,77.0525582618906,-0.01304608659492601,1.5400414831830034,
MEX,2024Q4,urban,1,78.5925997450736,1.5400414831830034,-0.006769035577306681,
MEX,2025Q1,urban,1,78.58583070949629,-0.006769035577306681,0.004752693156930832,
MEX,2025Q2,urban,1,78.59058340265322,0.004752693156930832,-0.013112083412593734,
MEX,2025Q3,urban,1,78.57747131924063,-0.013112083412593734,0.07270185443587707,
MEX,2025Q4,urban,1,78.6501731736765,0.07270185443587707,0.009636819495781879,
MEX,2026Q1,urban,1,78.65980999317229,0.009636819495781879,0.014468937397950299,
MEX,2026Q2,urban,1,78.67427893057024,0.014468937397950299,,
NGA,2024Q1,educat7,1,35.09030336797238,,0.7372472019593772,
NGA,2024Q3,educat7,1,35.82755056993176,0.7372472019593772,-1.203504409247003,
NGA,2024Q4,educat7,1,34.624046160684756,-1.203504409247003,1.4314309114126544,
NGA,2025Q1,educat7,1,36.05547707209741,1.4314309114126544,1.3222511932539476,
NGA,2025Q2,educat7,1,37.37772826535136,1.3222511932539476,,
NGA,2024Q1,educat7,3,14.695988471227896,,-0.5946223892437583,
NGA,2024Q3,educat7,3,14.101366081984137,-0.5946223892437583,0.6437388100819472,
NGA,2024Q4,educat7,3,14.745104892066085,0.6437388100819472,-0.07321277495899814,
NGA,2025Q1,educat7,3,14.671892117107086,-0.07321277495899814,0.21186619887237512,
NGA,2025Q2,educat7,3,14.883758315979462,0.21186619887237512,,
NGA,2024Q1,educat7,4,8.581628960668613,,-0.12348281506041303,
NGA,2024Q3,educat7,4,8.4581461456082,-0.12348281506041303,0.39488774496800616,
NGA,2024Q4,educat7,4,8.853033890576206,0.39488774496800616,-0.3335757082494393,
NGA,2025Q1,educat7,4,8.519458182326767,-0.3335757082494393,-0.5385392134872227,
NGA,2025Q2,educat7,4,7.9809189688395445,-0.5385392134872227,,
NGA,2024Q1,educat7,5,17.768718296779017,,0.5802508401401134,
NGA,2024Q3,educat7,5,18.34896913691913,0.5802508401401134,0.30885746577703443,
NGA,2024Q4,educat7,5,18.657826602696165,0.30885746577703443,-0.012160797475651464,
NGA,2025Q1,educat7,5,18.645665805220514,-0.012160797475651464,-0.019696708746273828,
NGA,2025Q2,educat7,5,18.62596909647424,-0.019696708746273828,,
NGA,2024Q1,educat7,6,3.760154666387903,,-0.5864715128801139,
NGA,2024Q3,educat7,6,3.173683153507789,-0.5864715128801139,0.1840006556563587,
NGA,2024Q4,educat7,6,3.357683809164148,0.1840006556563587,-0.08514048329043788,
NGA,2025Q1,educat7,6,3.27254332587371,-0.08514048329043788,-0.216050311226331,
NGA,2025Q2,educat7,6,3.056493014647379,-0.216050311226331,,
NGA,2024Q1,educat7,7,3.386157343445083,,0.09945607650817623,
NGA,2024Q3,educat7,7,3.485613419953259,0.09945607650817623,-0.4522628393933772,
NGA,2024Q4,educat7,7,3.033350580559882,-0.4522628393933772,0.23259375099779867,
NGA,2025Q1,educat7,7,3.2659443315576806,0.23259375099779867,-0.25405704695818043,
NGA,2025Q2,educat7,7,3.0118872845995,-0.25405704695818043,,
NGA,2024Q1,educat7,NA,16.717048893519106,,-0.11237740142338382,
NGA,2024Q3,educat7,NA,16.604671492095722,-0.11237740142338382,0.12428257215703908,
NGA,2024Q4,educat7,NA,16.72895406425276,0.12428257215703908,-1.1599348984359263,
NGA,2025Q1,educat7,NA,15.569019165816835,-1.1599348984359263,-0.5057741117083161,
NGA,2025Q2,educat7,NA,15.063245054108519,-0.5057741117083161,,
NGA,2024Q1,empstat,1,14.627417224902,,-2.886151455711026,
NGA,2024Q3,empstat,1,11.741265769190974,-2.886151455711026,-0.0945028650185602,
NGA,2024Q4,empstat,1,11.646762904172414,-0.0945028650185602,0.10740104026580255,
NGA,2025Q1,empstat,1,11.754163944438217,0.10740104026580255,-0.8739934340666107,
NGA,2025Q2,empstat,1,10.880170510371606,-0.8739934340666107,,
NGA,2024Q1,empstat,2,12.086100895464536,,2.0008768476778496,
NGA,2024Q3,empstat,2,14.086977743142386,2.0008768476778496,0.4119797533886729,
NGA,2024Q4,empstat,2,14.498957496531059,0.4119797533886729,0.09712909601482878,
NGA,2025Q1,empstat,2,14.596086592545888,0.09712909601482878,-1.9693506515012746,
NGA,2025Q2,empstat,2,12.626735941044613,-1.9693506515012746,,
NGA,2024Q1,empstat,3,17.2281656149853,,1.863851983455227,
NGA,2024Q3,empstat,3,19.092017598440528,1.863851983455227,-1.2002953862765615,
NGA,2024Q4,empstat,3,17.891722212163966,-1.2002953862765615,1.0613524722471048,
NGA,2025Q1,empstat,3,18.95307468441107,1.0613524722471048,0.41857597595439344,
NGA,2025Q2,empstat,3,19.371650660365464,0.41857597595439344,,
NGA,2024Q1,empstat,4,54.314346065442066,,-0.9665669882742876,
NGA,2024Q3,empstat,4,53.34777907716778,-0.9665669882742876,0.7314381047689125,
NGA,2024Q4,empstat,4,54.07921718193669,0.7314381047689125,-1.648599365754258,
NGA,2025Q1,empstat,4,52.43061781618243,-1.648599365754258,2.528220686742408,
NGA,2025Q2,empstat,4,54.95883850292484,2.528220686742408,,
NGA,2024Q1,empstat,5,1.7439701992061003,,-0.01201038714776903,
NGA,2024Q3,empstat,5,1.7319598120583313,-0.01201038714776903,0.15138039313753437,
NGA,2024Q4,empstat,5,1.8833402051958656,0.15138039313753437,0.38271675722652576,
NGA,2025Q1,empstat,5,2.2660569624223914,0.38271675722652576,-0.10345257712891742,
NGA,2025Q2,empstat,5,2.162604385293474,-0.10345257712891742,,
NGA,2024Q1,industrycat10,1,26.077722226832385,,7.9809846726455405,
NGA,2024Q3,industrycat10,1,34.058706899477926,7.9809846726455405,-0.08159939026957375,level_shift
NGA,2024Q4,industrycat10,1,33.97710750920835,-0.08159939026957375,-3.711939308855211,
NGA,2025Q1,industrycat10,1,30.26516820035314,-3.711939308855211,-1.758967617746439,level_shift
NGA,2025Q2,industrycat10,1,28.506200582606702,-1.758967617746439,,
NGA,2024Q1,industrycat10,10,10.745735715782507,,-1.8892512865893671,
NGA,2024Q3,industrycat10,10,8.85648442919314,-1.8892512865893671,-0.26789489391433285,
NGA,2024Q4,industrycat10,10,8.588589535278807,-0.26789489391433285,0.8137363025043225,
NGA,2025Q1,industrycat10,10,9.40232583778313,0.8137363025043225,-1.796531572151589,
NGA,2025Q2,industrycat10,10,7.60579426563154,-1.796531572151589,,
NGA,2024Q1,industrycat10,2,0.3977612506001761,,-0.09413199316184317,
NGA,2024Q3,industrycat10,2,0.3036292574383329,-0.09413199316184317,-0.15212409414108896,
NGA,2024Q4,industrycat10,2,0.15150516329724395,-0.15212409414108896,0.28155396934933974,
NGA,2025Q1,industrycat10,2,0.4330591326465837,0.28155396934933974,0.017529068508708112,
NGA,2025Q2,industrycat10,2,0.4505882011552918,0.017529068508708112,,
NGA,2024Q1,industrycat10,3,13.65797776550438,,-1.265869545937342,
NGA,2024Q3,industrycat10,3,12.392108219567039,-1.265869545937342,0.8281527925100605,
NGA,2024Q4,industrycat10,3,13.2202610120771,0.8281527925100605,0.26894342197781995,
NGA,2025Q1,industrycat10,3,13.489204434054919,0.26894342197781995,-1.5960538803323967,
NGA,2025Q2,industrycat10,3,11.893150553722522,-1.5960538803323967,,
NGA,2024Q1,industrycat10,4,0.20720911155831956,,0.03154053232078419,
NGA,2024Q3,industrycat10,4,0.23874964387910375,0.03154053232078419,-0.10689780493155815,
NGA,2024Q4,industrycat10,4,0.1318518389475456,-0.10689780493155815,0.03050626357556338,
NGA,2025Q1,industrycat10,4,0.16235810252310898,0.03050626357556338,0.14060299377320692,
NGA,2025Q2,industrycat10,4,0.3029610962963159,0.14060299377320692,,
NGA,2024Q1,industrycat10,5,3.711349806013311,,-0.14702867005833298,
NGA,2024Q3,industrycat10,5,3.564321135954978,-0.14702867005833298,-0.2837141252236859,
NGA,2024Q4,industrycat10,5,3.280607010731292,-0.2837141252236859,-0.25823679557739965,
NGA,2025Q1,industrycat10,5,3.0223702151538925,-0.25823679557739965,-0.10602195675853077,
NGA,2025Q2,industrycat10,5,2.9163482583953617,-0.10602195675853077,,
NGA,2024Q1,industrycat10,6,36.95181840056979,,-3.888453257626466,
NGA,2024Q3,industrycat10,6,33.063365142943326,-3.888453257626466,0.419699106979742,level_shift
NGA,2024Q4,industrycat10,6,33.48306424992307,0.419699106979742,1.6210061278596726,
NGA,2025Q1,industrycat10,6,35.10407037778274,1.6210061278596726,-2.362500938966143,
NGA,2025Q2,industrycat10,6,32.7415694388166,-2.362500938966143,,
NGA,2024Q1,industrycat10,7,5.057909507511861,,-0.8861160440645133,
NGA,2024Q3,industrycat10,7,4.171793463447348,-0.8861160440645133,-0.041806203641716166,
NGA,2024Q4,industrycat10,7,4.129987259805632,-0.041806203641716166,0.7445672272004975,
NGA,2025Q1,industrycat10,7,4.8745544870061295,0.7445672272004975,-0.22351669407370256,
NGA,2025Q2,industrycat10,7,4.651037792932427,-0.22351669407370256,,
NGA,2024Q1,industrycat10,8,2.1343333947845844,,0.03444626204486401,
NGA,2024Q3,industrycat10,8,2.1687796568294484,0.03444626204486401,-0.06862509872098999,
NGA,2024Q4,industrycat10,8,2.1001545581084584,-0.06862509872098999,0.1491125149607866,
NGA,2025Q1,industrycat10,8,2.249267073069245,0.1491125149607866,-0.30011895814955736,
NGA,2025Q2,industrycat10,8,1.9491481149196876,-0.30011895814955736,,
NGA,2024Q1,industrycat10,9,1.0543371931521743,,0.12772495811718332,
NGA,2024Q3,industrycat10,9,1.1820621512693577,0.12772495811718332,-0.245190288646851,
NGA,2024Q4,industrycat10,9,0.9368718626225067,-0.245190288646851,0.043607216352698264,
NGA,2025Q1,industrycat10,9,0.9804790789752049,0.043607216352698264,0.03857481000306384,
NGA,2025Q2,industrycat10,9,1.0190538889782688,0.03857481000306384,,
NGA,2024Q1,industrycat10,NA,0.0038456276905085014,,0.01329743296139944,
NGA,2025Q1,industrycat10,NA,0.017143060651907942,0.01329743296139944,7.947004745893376,
NGA,2025Q2,industrycat10,NA,7.964147806545284,7.947004745893376,,end_jump
NGA,2024Q1,lstatus,1,39.80236856999671,,1.205555833970294,
NGA,2024Q3,lstatus,1,41.007924403967,1.205555833970294,0.3211974393217787,
NGA,2024Q4,lstatus,1,41.32912184328878,0.3211974393217787,0.7481887436457413,
NGA,2025Q1,lstatus,1,42.07731058693452,0.7481887436457413,-1.1634061086398972,
NGA,2025Q2,lstatus,1,40.913904478294626,-1.1634061086398972,,
NGA,2024Q1,lstatus,2,2.250714416086345,,-0.22219847982325547,
NGA,2024Q3,lstatus,2,2.0285159362630893,-0.22219847982325547,0.16034126913705915,
NGA,2024Q4,lstatus,2,2.1888572054001485,0.16034126913705915,0.12793735395078443,
NGA,2025Q1,lstatus,2,2.316794559350933,0.12793735395078443,-0.00036113828121164815,
NGA,2025Q2,lstatus,2,2.3164334210697213,-0.00036113828121164815,,
NGA,2024Q1,lstatus,3,12.325625851236067,,-0.9158826845287482,
NGA,2024Q3,lstatus,3,11.409743166707319,-0.9158826845287482,-0.27061897917798916,
NGA,2024Q4,lstatus,3,11.13912418752933,-0.27061897917798916,-0.05044396019600761,
NGA,2025Q1,lstatus,3,11.088680227333322,-0.05044396019600761,0.8645412121049834,
NGA,2025Q2,lstatus,3,11.953221439438305,0.8645412121049834,,
NGA,2024Q1,lstatus,NA,45.621291162680876,,-0.06747466961828508,
NGA,2024Q3,lstatus,NA,45.55381649306259,-0.06747466961828508,-0.21091972928085312,
NGA,2024Q4,lstatus,NA,45.34289676378174,-0.21091972928085312,-0.8256821374005199,
NGA,2025Q1,lstatus,NA,44.51721462638122,-0.8256821374005199,0.29922603481613663,
NGA,2025Q2,lstatus,NA,44.816440661197355,0.29922603481613663,,
NGA,2024Q1,occup,0,0.08342400680240873,,-0.03720947561372208,
NGA,2024Q3,occup,0,0.04621453118868665,-0.03720947561372208,-0.02540553595632529,
NGA,2024Q4,occup,0,0.020808995232361363,-0.02540553595632529,0.0584803510537526,
NGA,2025Q1,occup,0,0.07928934628611396,0.0584803510537526,-0.06356125056701245,
NGA,2025Q2,occup,0,0.015728095719101515,-0.06356125056701245,,
NGA,2024Q1,occup,1,0.8717586853211029,,1.1882177019320475,
NGA,2024Q3,occup,1,2.0599763872531502,1.1882177019320475,-1.1041242919056056,
NGA,2024Q4,occup,1,0.9558520953475446,-1.1041242919056056,-0.018719300010816675,
NGA,2025Q1,occup,1,0.9371327953367279,-0.018719300010816675,-0.0728281071603315,
NGA,2025Q2,occup,1,0.8643046881763964,-0.0728281071603315,,
NGA,2024Q1,occup,2,5.953924250430482,,-0.675548215247125,
NGA,2024Q3,occup,2,5.278376035183357,-0.675548215247125,-0.6439536014770431,
NGA,2024Q4,occup,2,4.634422433706314,-0.6439536014770431,0.6965012588261104,
NGA,2025Q1,occup,2,5.330923692532425,0.6965012588261104,-0.7844372485712663,
NGA,2025Q2,occup,2,4.546486443961158,-0.7844372485712663,,
NGA,2024Q1,occup,3,2.5006330600098776,,-0.001336298760296284,
NGA,2024Q3,occup,3,2.4992967612495813,-0.001336298760296284,-0.2747912748851671,
NGA,2024Q4,occup,3,2.2245054863644143,-0.2747912748851671,0.17848123051011555,
NGA,2025Q1,occup,3,2.40298671687453,0.17848123051011555,-0.28781512131890574,
NGA,2025Q2,occup,3,2.115171595555624,-0.28781512131890574,,
NGA,2024Q1,occup,4,1.1211136330016551,,0.06398931996989043,
NGA,2024Q3,occup,4,1.1851029529715456,0.06398931996989043,-0.41738792795821766,
NGA,2024Q4,occup,4,0.7677150250133279,-0.41738792795821766,0.1300969693083568,
NGA,2025Q1,occup,4,0.8978119943216847,0.1300969693083568,0.026141391265393943,
NGA,2025Q2,occup,4,0.9239533855870786,0.026141391265393943,,
NGA,2024Q1,occup,5,35.49668596513643,,-3.783182878237021,
NGA,2024Q3,occup,5,31.713503086899408,-3.783182878237021,1.000134291934998,level_shift
NGA,2024Q4,occup,5,32.713637378834406,1.000134291934998,0.7588677682402007,
NGA,2025Q1,occup,5,33.47250514707461,0.7588677682402007,-2.341002505772437,
NGA,2025Q2,occup,5,31.13150264130217,-2.341002505772437,,
NGA,2024Q1,occup,6,24.144817785578883,,7.142846926946294,
NGA,2024Q3,occup,6,31.287664712525178,7.142846926946294,-0.10480622843050114,level_shift
NGA,2024Q4,occup,6,31.182858484094677,-0.10480622843050114,-3.8206796483198637,
NGA,2025Q1,occup,6,27.362178835774813,-3.8206796483198637,-1.4846814202368712,level_shift
NGA,2025Q2,occup,6,25.877497415537942,-1.4846814202368712,,
NGA,2024Q1,occup,7,14.634713622630343,,-1.2619240869259407,
NGA,2024Q3,occup,7,13.372789535704403,-1.2619240869259407,0.36837935633300667,
NGA,2024Q4,occup,7,13.74116889203741,0.36837935633300667,0.9664519411140144,
NGA,2025Q1,occup,7,14.707620833151424,0.9664519411140144,-1.7805634029248179,
NGA,2025Q2,occup,7,12.927057430226606,-1.7805634029248179,,
NGA,2024Q1,occup,8,7.180249025395859,,-1.4552259839157413,
NGA,2024Q3,occup,8,5.725023041480117,-1.4552259839157413,0.5524527775246071,
NGA,2024Q4,occup,8,6.277475819004724,0.5524527775246071,0.6865983106724576,
NGA,2025Q1,occup,8,6.964074129677182,0.6865983106724576,-0.6774933186892156,
NGA,2025Q2,occup,8,6.286580810987966,-0.6774933186892156,,
NGA,2024Q1,occup,9,7.791235820673884,,-0.9591828651293097,
NGA,2024Q3,occup,9,6.832052955544574,-0.9591828651293097,0.6495024348202474,
NGA,2024Q4,occup,9,7.4815553903648215,0.6495024348202474,0.3467780579537667,
NGA,2025Q1,occup,9,7.828333448318588,0.3467780579537667,-0.4807637619179177,
NGA,2025Q2,occup,9,7.3475696864006705,-0.4807637619179177,,
NGA,2024Q1,occup,NA,0.22144414501907217,,-0.20430108436716424,
NGA,2025Q1,occup,NA,0.017143060651907942,-0.20430108436716424,7.947004745893376,
NGA,2025Q2,occup,NA,7.964147806545284,7.947004745893376,,end_jump
NGA,2024Q1,socialsec,0,11.550223864730523,,-2.541610090208769,
NGA,2024Q3,socialsec,0,9.008613774521754,-2.541610090208769,-0.015219532337315655,
NGA,2024Q4,socialsec,0,8.993394242184438,-0.015219532337315655,-0.3831472871840482,
NGA,2025Q1,socialsec,0,8.61024695500039,-0.3831472871840482,-0.44426198550286955,
NGA,2025Q2,socialsec,0,8.16598496949752,-0.44426198550286955,,
NGA,2024Q1,socialsec,1,3.809229342243799,,-0.38928617569763135,
NGA,2024Q3,socialsec,1,3.4199431665461675,-0.38928617569763135,-0.23277882989763654,
NGA,2024Q4,socialsec,1,3.187164336648531,-0.23277882989763654,0.4390694884689732,
NGA,2025Q1,socialsec,1,3.626233825117504,0.4390694884689732,-0.4009869854289465,
NGA,2025Q2,socialsec,1,3.2252468396885576,-0.4009869854289465,,
NGA,2024Q1,socialsec,NA,84.64054679302568,,2.930896265906398,
NGA,2024Q3,socialsec,NA,87.57144305893208,2.930896265906398,0.2479983622349522,
NGA,2024Q4,socialsec,NA,87.81944142116703,0.2479983622349522,-0.05592220128491476,
NGA,2025Q1,socialsec,NA,87.76351921988211,-0.05592220128491476,0.8452489709318058,
NGA,2025Q2,socialsec,NA,88.60876819081392,0.8452489709318058,,
NGA,2024Q1,urban,0,42.553145543922604,,3.2515106265715517,
NGA,2024Q3,urban,0,45.804656170494155,3.2515106265715517,-3.923432485962067,spike
NGA,2024Q4,urban,0,41.88122368453209,-3.923432485962067,5.172967261641382,spike
NGA,2025Q1,urban,0,47.05419094617347,5.172967261641382,-1.0957679625264376,level_shift
NGA,2025Q2,urban,0,45.95842298364703,-1.0957679625264376,,
NGA,2024Q1,urban,1,57.446854456077396,,-3.2515106265715517,
NGA,2024Q3,urban,1,54.195343829505845,-3.2515106265715517,3.923432485962067,spike
NGA,2024Q4,urban,1,58.11877631546791,3.923432485962067,-5.172967261641382,spike
NGA,2025Q1,urban,1,52.94580905382653,-5.172967261641382,1.0957679625264376,level_shift
NGA,2025Q2,urban,1,54.04157701635297,1.0957679625264376,,
PER,2022Q1,educat7,1,3.46412437458141,,-0.1304712797936669,
PER,2022Q2,educat7,1,3.333653094787743,-0.1304712797936669,-0.009037546127704577,
PER,2022Q3,educat7,1,3.3246155486600384,-0.009037546127704577,0.13207167657329322,
PER,2022Q4,educat7,1,3.4566872252333316,0.13207167657329322,-0.351062062760946,
PER,2023Q1,educat7,1,3.1056251624723856,-0.351062062760946,0.028295581202642417,
PER,2023Q2,educat7,1,3.133920743675028,0.028295581202642417,0.02043702700023209,
PER,2023Q3,educat7,1,3.15435777067526,0.02043702700023209,-0.0036263866067831607,
PER,2023Q4,educat7,1,3.150731384068477,-0.0036263866067831607,-0.1083358305154305,
PER,2024Q1,educat7,1,3.0423955535530465,-0.1083358305154305,0.005303962613589341,
PER,2024Q2,educat7,1,3.047699516166636,0.005303962613589341,0.04493628191529275,
PER,2024Q3,educat7,1,3.0926357980819286,0.04493628191529275,-0.11529195732175834,
PER,2024Q4,educat7,1,2.9773438407601702,-0.11529195732175834,0.024241617435231788,
PER,2025Q1,educat7,1,3.001585458195402,0.024241617435231788,0.13065679554029552,
PER,2025Q2,educat7,1,3.1322422537356975,0.13065679554029552,-0.03123753175015498,
PER,2025Q3,educat7,1,3.1010047219855426,-0.03123753175015498,-0.17278896955860956,
PER,2025Q4,educat7,1,2.928215752426933,-0.17278896955860956,-0.11345492570696125,
PER,2026Q1,educat7,1,2.8147608267199717,-0.11345492570696125,0.0001580477395459745,
PER,2026Q2,educat7,1,2.8149188744595177,0.0001580477395459745,,
PER,2022Q1,educat7,2,8.340075338204018,,0.06195646255424059,
PER,2022Q2,educat7,2,8.402031800758259,0.06195646255424059,-0.3596742943762905,
PER,2022Q3,educat7,2,8.042357506381968,-0.3596742943762905,-0.1494083834959552,
PER,2022Q4,educat7,2,7.892949122886013,-0.1494083834959552,0.4431748308322012,
PER,2023Q1,educat7,2,8.336123953718214,0.4431748308322012,0.14391830077627077,
PER,2023Q2,educat7,2,8.480042254494485,0.14391830077627077,-0.3022890098631219,
PER,2023Q3,educat7,2,8.177753244631363,-0.3022890098631219,0.00756127390883421,
PER,2023Q4,educat7,2,8.185314518540197,0.00756127390883421,0.15643792517527721,
PER,2024Q1,educat7,2,8.341752443715475,0.15643792517527721,-0.15510610007250314,
PER,2024Q2,educat7,2,8.186646343642972,-0.15510610007250314,-0.11204318310776351,
PER,2024Q3,educat7,2,8.074603160535208,-0.11204318310776351,0.08805762808472117,
PER,2024Q4,educat7,2,8.16266078861993,0.08805762808472117,-0.33451096511979994,
PER,2025Q1,educat7,2,7.828149823500129,-0.33451096511979994,0.06696810298258438,
PER,2025Q2,educat7,2,7.895117926482714,0.06696810298258438,-0.2090599447040713,
PER,2025Q3,educat7,2,7.686057981778642,-0.2090599447040713,0.15358830957931868,
PER,2025Q4,educat7,2,7.839646291357961,0.15358830957931868,0.00672827427089473,
PER,2026Q1,educat7,2,7.846374565628856,0.00672827427089473,-0.03020390878200807,
PER,2026Q2,educat7,2,7.816170656846848,-0.03020390878200807,,
PER,2022Q1,educat7,3,8.827201719171356,,0.019814030613009237,
PER,2022Q2,educat7,3,8.847015749784365,0.019814030613009237,-0.006537640227097796,
PER,2022Q3,educat7,3,8.840478109557267,-0.006537640227097796,-0.20295991031327176,
PER,2022Q4,educat7,3,8.637518199243996,-0.20295991031327176,0.0034701167047686,
PER,2023Q1,educat7,3,8.640988315948764,0.0034701167047686,0.0398509274594403,
PER,2023Q2,educat7,3,8.680839243408204,0.0398509274594403,0.136108665492916,
PER,2023Q3,educat7,3,8.81694790890112,0.136108665492916,-0.13322306127532357,
PER,2023Q4,educat7,3,8.683724847625797,-0.13322306127532357,-0.0037931942736850743,
PER,2024Q1,educat7,3,8.679931653352112,-0.0037931942736850743,0.2458664716965444,
PER,2024Q2,educat7,3,8.925798125048656,0.2458664716965444,-0.06401648976379093,
PER,2024Q3,educat7,3,8.861781635284865,-0.06401648976379093,-0.06051232008410601,
PER,2024Q4,educat7,3,8.80126931520076,-0.06051232008410601,0.33651836599617013,
PER,2025Q1,educat7,3,9.13778768119693,0.33651836599617013,-0.2570580261910198,
PER,2025Q2,educat7,3,8.88072965500591,-0.2570580261910198,-0.027175900873308123,
PER,2025Q3,educat7,3,8.853553754132601,-0.027175900873308123,0.01931958513710441,
PER,2025Q4,educat7,3,8.872873339269706,0.01931958513710441,0.09440775301985482,
PER,2026Q1,educat7,3,8.96728109228956,0.09440775301985482,-0.15799617379368947,
PER,2026Q2,educat7,3,8.809284918495871,-0.15799617379368947,,
PER,2022Q1,educat7,4,16.192357688295928,,0.9902401039878406,
PER,2022Q2,educat7,4,17.18259779228377,0.9902401039878406,0.2148520904350839,
PER,2022Q3,educat7,4,17.397449882718853,0.2148520904350839,0.4495922407887889,
PER,2022Q4,educat7,4,17.84704212350764,0.4495922407887889,-1.8636968403658098,
PER,2023Q1,educat7,4,15.983345283141832,-1.8636968403658098,0.3294433441899276,
PER,2023Q2,educat7,4,16.31278862733176,0.3294433441899276,0.8413787609276895,
PER,2023Q3,educat7,4,17.15416738825945,0.8413787609276895,0.28064159492520346,
PER,2023Q4,educat7,4,17.434808983184652,0.28064159492520346,-1.4605442877796744,
PER,2024Q1,educat7,4,15.974264695404978,-1.4605442877796744,0.48751691966693933,
PER,2024Q2,educat7,4,16.461781615071917,0.48751691966693933,0.2808912327246418,
PER,2024Q3,educat7,4,16.74267284779656,0.2808912327246418,0.14114299048535628,
PER,2024Q4,educat7,4,16.883815838281915,0.14114299048535628,-1.0960873262833477,
PER,2025Q1,educat7,4,15.787728511998568,-1.0960873262833477,0.28977874871660525,
PER,2025Q2,educat7,4,16.077507260715173,0.28977874871660525,0.3404595226581506,
PER,2025Q3,educat7,4,16.417966783373323,0.3404595226581506,0.031097053361868632,
PER,2025Q4,educat7,4,16.449063836735192,0.031097053361868632,-1.4167861786527727,
PER,2026Q1,educat7,4,15.03227765808242,-1.4167861786527727,0.6017901802641727,
PER,2026Q2,educat7,4,15.634067838346592,0.6017901802641727,,
PER,2022Q1,educat7,5,31.347513343303174,,-1.0762755897207334,
PER,2022Q2,educat7,5,30.27123775358244,-1.0762755897207334,-1.1456678474872817,
PER,2022Q3,educat7,5,29.12556990609516,-1.1456678474872817,-1.159197727953849,
PER,2022Q4,educat7,5,27.96637217814131,-1.159197727953849,1.7123647890606222,
PER,2023Q1,educat7,5,29.67873696720193,1.7123647890606222,-0.6154665358945302,
PER,2023Q2,educat7,5,29.0632704313074,-0.6154665358945302,-1.0940842149203576,
PER,2023Q3,educat7,5,27.969186216387044,-1.0940842149203576,-0.28133888362499704,
PER,2023Q4,educat7,5,27.687847332762047,-0.28133888362499704,1.546855966015503,
PER,2024Q1,educat7,5,29.23470329877755,1.546855966015503,-0.5907191576118933,
PER,2024Q2,educat7,5,28.643984141165657,-0.5907191576118933,-0.5945478942788149,
PER,2024Q3,educat7,5,28.04943624688684,-0.5945478942788149,0.6443730213823464,
PER,2024Q4,educat7,5,28.693809268269188,0.6443730213823464,0.4287059309731589,
PER,2025Q1,educat7,5,29.122515199242347,0.4287059309731589,-0.042533035386210116,
PER,2025Q2,educat7,5,29.079982163856137,-0.042533035386210116,-0.92308370532675,
PER,2025Q3,educat7,5,28.156898458529387,-0.92308370532675,0.4689043472601959,
PER,2025Q4,educat7,5,28.625802805789583,0.4689043472601959,1.1453709850244103,
PER,2026Q1,educat7,5,29.771173790813993,1.1453709850244103,-1.0244937870840651,
PER,2026Q2,educat7,5,28.746680003729928,-1.0244937870840651,,
PER,2022Q1,educat7,6,14.268033204569454,,0.01109911057567281,
PER,2022Q2,educat7,6,14.279132315145127,0.01109911057567281,0.5723019649395802,
PER,2022Q3,educat7,6,14.851434280084707,0.5723019649395802,0.4180426481648709,
PER,2022Q4,educat7,6,15.269476928249578,0.4180426481648709,0.1983014428601546,
PER,2023Q1,educat7,6,15.467778371109732,0.1983014428601546,0.10797826452820303,
PER,2023Q2,educat7,6,15.575756635637935,0.10797826452820303,-0.13367595636983864,
PER,2023Q3,educat7,6,15.442080679268097,-0.13367595636983864,-0.04020718614317964,
PER,2023Q4,educat7,6,15.401873493124917,-0.04020718614317964,-0.28746728811422706,
PER,2024Q1,educat7,6,15.11440620501069,-0.28746728811422706,0.46607376617772367,
PER,2024Q2,educat7,6,15.580479971188414,0.46607376617772367,-0.10584750027828171,
PER,2024Q3,educat7,6,15.474632470910132,-0.10584750027828171,-0.19516448745581982,
PER,2024Q4,educat7,6,15.279467983454312,-0.19516448745581982,0.21917353164245945,
PER,2025Q1,educat7,6,15.498641515096772,0.21917353164245945,-0.3731728142419364,
PER,2025Q2,educat7,6,15.125468700854835,-0.3731728142419364,0.14350049311572377,
PER,2025Q3,educat7,6,15.268969193970559,0.14350049311572377,-0.3983002981155579,
PER,2025Q4,educat7,6,14.870668895855001,-0.3983002981155579,0.18201784304997126,
PER,2026Q1,educat7,6,15.052686738904972,0.18201784304997126,0.03801557890602858,
PER,2026Q2,educat7,6,15.090702317811001,0.03801557890602858,,
PER,2022Q1,educat7,7,17.560694331874643,,0.1236371617836376,
PER,2022Q2,educat7,7,17.68433149365828,0.1236371617836376,0.7337632728437491,
PER,2022Q3,educat7,7,18.41809476650203,0.7337632728437491,0.5118594562361061,
PER,2022Q4,educat7,7,18.929954222738136,0.5118594562361061,-0.1425522763309921,
PER,2023Q1,educat7,7,18.787401946407144,-0.1425522763309921,-0.034019882261951295,
PER,2023Q2,educat7,7,18.753382064145192,-0.034019882261951295,0.532124727732473,
PER,2023Q3,educat7,7,19.285506791877665,0.532124727732473,0.17019264881623286,
PER,2023Q4,educat7,7,19.4556994406939,0.17019264881623286,0.1568467094922532,
PER,2024Q1,educat7,7,19.61254615018615,0.1568467094922532,-0.4589358624704083,
PER,2024Q2,educat7,7,19.153610287715743,-0.4589358624704083,0.550627552788729,
PER,2024Q3,educat7,7,19.704237840504472,0.550627552788729,-0.5026048750907464,
PER,2024Q4,educat7,7,19.201632965413726,-0.5026048750907464,0.4219588453561336,
PER,2025Q1,educat7,7,19.62359181076986,0.4219588453561336,0.18536022857967893,
PER,2025Q2,educat7,7,19.80895203934954,0.18536022857967893,0.7065970668804056,
PER,2025Q3,educat7,7,20.515549106229944,0.7065970668804056,-0.10182002766430287,
PER,2025Q4,educat7,7,20.41372907856564,-0.10182002766430287,0.1017162489945811,
PER,2026Q1,educat7,7,20.515445327560222,0.1017162489945811,0.5727300627500114,
PER,2026Q2,educat7,7,21.088175390310234,0.5727300627500114,,
PER,2022Q1,empstat,1,47.24433527541487,,0.5403939691847341,
PER,2022Q2,empstat,1,47.7847292445996,0.5403939691847341,0.6323671076745114,
PER,2022Q3,empstat,1,48.417096352274115,0.6323671076745114,0.8164175314678204,
PER,2022Q4,empstat,1,49.233513883741935,0.8164175314678204,-1.552818505072608,
PER,2023Q1,empstat,1,47.68069537866933,-1.552818505072608,0.26857681922889043,
PER,2023Q2,empstat,1,47.94927219789822,0.26857681922889043,1.392004150972312,
PER,2023Q3,empstat,1,49.34127634887053,1.392004150972312,-0.001689720334276501,
PER,2023Q4,empstat,1,49.33958662853625,-0.001689720334276501,-1.0710422960788932,
PER,2024Q1,empstat,1,48.26854433245736,-1.0710422960788932,0.5636249276242893,
PER,2024Q2,empstat,1,48.83216926008165,0.5636249276242893,1.1769602403954167,
PER,2024Q3,empstat,1,50.009129500477066,1.1769602403954167,-0.09405888332213408,
PER,2024Q4,empstat,1,49.91507061715493,-0.09405888332213408,-0.6415907950458006,
PER,2025Q1,empstat,1,49.27347982210913,-0.6415907950458006,0.6958637807555164,
PER,2025Q2,empstat,1,49.96934360286465,0.6958637807555164,1.0201837631205066,
PER,2025Q3,empstat,1,50.989527365985154,1.0201837631205066,-0.3236258155963583,
PER,2025Q4,empstat,1,50.665901550388796,-0.3236258155963583,-0.21822555405766053,
PER,2026Q1,empstat,1,50.447675996331135,-0.21822555405766053,1.6666678022470336,
PER,2026Q2,empstat,1,52.11434379857817,1.6666678022470336,,
PER,2022Q1,empstat,2,11.226285393210102,,-1.0886285323379141,
PER,2022Q2,empstat,2,10.137656860872188,-1.0886285323379141,-0.4852283251016303,
PER,2022Q3,empstat,2,9.652428535770557,-0.4852283251016303,0.3871534881340839,
PER,2022Q4,empstat,2,10.039582023904641,0.3871534881340839,0.7469877242393856,
PER,2023Q1,empstat,2,10.786569748144027,0.7469877242393856,-0.4222268702977914,
PER,2023Q2,empstat,2,10.364342877846235,-0.4222268702977914,-1.2570454235526327,
PER,2023Q3,empstat,2,9.107297454293603,-1.2570454235526327,-1.0877830395648207,
PER,2023Q4,empstat,2,8.019514414728782,-1.0877830395648207,1.7677472256967732,
PER,2024Q1,empstat,2,9.787261640425555,1.7677472256967732,-0.26932280996375546,
PER,2024Q2,empstat,2,9.5179388304618,-0.26932280996375546,-0.6195424752889558,
PER,2024Q3,empstat,2,8.898396355172844,-0.6195424752889558,0.013298258411657216,
PER,2024Q4,empstat,2,8.911694613584501,0.013298258411657216,1.1311658271340121,
PER,2025Q1,empstat,2,10.042860440718513,1.1311658271340121,-0.6802113049492142,
PER,2025Q2,empstat,2,9.3626491357693,-0.6802113049492142,0.017827201451503072,
PER,2025Q3,empstat,2,9.380476337220802,0.017827201451503072,-0.7402303668784036,
PER,2025Q4,empstat,2,8.640245970342399,-0.7402303668784036,1.2240315767175414,
PER,2026Q1,empstat,2,9.86427754705994,1.2240315767175414,-1.549909170515635,
PER,2026Q2,empstat,2,8.314368376544305,-1.549909170515635,,
PER,2022Q1,empstat,3,2.9995968550062004,,0.21328038652008496,
PER,2022Q2,empstat,3,3.2128772415262854,0.21328038652008496,0.23187246137970074,
PER,2022Q3,empstat,3,3.444749702905986,0.23187246137970074,0.2728688550219833,
PER,2022Q4,empstat,3,3.7176185579279695,0.2728688550219833,0.10531315653723805,
PER,2023Q1,empstat,3,3.8229317144652075,0.10531315653723805,0.3607747214147077,
PER,2023Q2,empstat,3,4.183706435879915,0.3607747214147077,0.09139400646888607,
PER,2023Q3,empstat,3,4.275100442348801,0.09139400646888607,-0.18659248972453035,
PER,2023Q4,empstat,3,4.088507952624271,-0.18659248972453035,-0.3022203646207111,
PER,2024Q1,empstat,3,3.78628758800356,-0.3022203646207111,0.14988335982429257,
PER,2024Q2,empstat,3,3.9361709478278524,0.14988335982429257,-0.05279446370941221,
PER,2024Q3,empstat,3,3.88337648411844,-0.05279446370941221,0.15195427778026582,
PER,2024Q4,empstat,3,4.035330761898706,0.15195427778026582,-0.7044268277102361,
PER,2025Q1,empstat,3,3.33090393418847,-0.7044268277102361,0.45618648032176035,
PER,2025Q2,empstat,3,3.78709041451023,0.45618648032176035,-0.1939494175223464,
PER,2025Q3,empstat,3,3.593140996987884,-0.1939494175223464,0.219986239441738,
PER,2025Q4,empstat,3,3.813127236429622,0.219986239441738,-0.1909518575028093,
PER,2026Q1,empstat,3,3.6221753789268125,-0.1909518575028093,-0.1643190518742812,
PER,2026Q2,empstat,3,3.4578563270525313,-0.1643190518742812,,
PER,2022Q1,empstat,4,38.52978247636882,,0.33495417663311144,
PER,2022Q2,empstat,4,38.864736653001934,0.33495417663311144,-0.3790112439525828,
PER,2022Q3,empstat,4,38.48572540904935,-0.3790112439525828,-1.4764398746238925,
PER,2022Q4,empstat,4,37.00928553442546,-1.4764398746238925,0.7005176242959976,
PER,2023Q1,empstat,4,37.709803158721456,0.7005176242959976,-0.20712467034582005,
PER,2023Q2,empstat,4,37.502678488375636,-0.20712467034582005,-0.22635273388858224,
PER,2023Q3,empstat,4,37.276325754487054,-0.22635273388858224,1.2760652496236418,
PER,2023Q4,empstat,4,38.552391004110696,1.2760652496236418,-0.3944845649971569,
PER,2024Q1,empstat,4,38.15790643911354,-0.3944845649971569,-0.4441854774848437,
PER,2024Q2,empstat,4,37.713720961628695,-0.4441854774848437,-0.5046233013970394,
PER,2024Q3,empstat,4,37.209097660231656,-0.5046233013970394,-0.07119365286978763,
PER,2024Q4,empstat,4,37.13790400736187,-0.07119365286978763,0.2148517956220246,
PER,2025Q1,empstat,4,37.35275580298389,0.2148517956220246,-0.4718389561280887,
PER,2025Q2,empstat,4,36.880916846855804,-0.4718389561280887,-0.844061547049634,
PER,2025Q3,empstat,4,36.03685529980617,-0.844061547049634,0.8438699430330132,
PER,2025Q4,empstat,4,36.88072524283918,0.8438699430330132,-0.8148541651570582,
PER,2026Q1,empstat,4,36.065871077682125,-0.8148541651570582,0.04756042014286521,
PER,2026Q2,empstat,4,36.11343149782499,0.04756042014286521,,
PER,2022Q1,industrycat10,1,25.60845050734421,,-0.3616842534170104,
PER,2022Q2,industrycat10,1,25.2467662539272,-0.3616842534170104,-0.6330576483129704,
PER,2022Q3,industrycat10,1,24.613708605614228,-0.6330576483129704,-0.07093486668509286,
PER,2022Q4,industrycat10,1,24.542773738929135,-0.07093486668509286,-0.09531688585452258,
PER,2023Q1,industrycat10,1,24.447456853074613,-0.09531688585452258,-0.3941176138780662,
PER,2023Q2,industrycat10,1,24.053339239196546,-0.3941176138780662,-1.1888122446039127,
PER,2023Q3,industrycat10,1,22.864526994592634,-1.1888122446039127,-0.8015499454641812,
PER,2023Q4,industrycat10,1,22.062977049128452,-0.8015499454641812,1.8433607096480173,
PER,2024Q1,industrycat10,1,23.90633775877647,1.8433607096480173,-1.1900118647435036,
PER,2024Q2,industrycat10,1,22.716325894032966,-1.1900118647435036,-0.6166565063112266,
PER,2024Q3,industrycat10,1,22.09966938772174,-0.6166565063112266,0.26579650447168746,
PER,2024Q4,industrycat10,1,22.365465892193427,0.26579650447168746,1.511599529065947,
PER,2025Q1,industrycat10,1,23.877065421259374,1.511599529065947,-0.8092465621330511,
PER,2025Q2,industrycat10,1,23.067818859126323,-0.8092465621330511,-0.03451483366890429,
PER,2025Q3,industrycat10,1,23.03330402545742,-0.03451483366890429,-1.0325165060348134,
PER,2025Q4,industrycat10,1,22.000787519422605,-1.0325165060348134,1.2111217383895614,
PER,2026Q1,industrycat10,1,23.211909257812167,1.2111217383895614,-1.494140852569604,
PER,2026Q2,industrycat10,1,21.717768405242563,-1.494140852569604,,
PER,2022Q1,industrycat10,10,12.044030835249782,,0.9666823216980269,
PER,2022Q2,industrycat10,10,13.010713156947808,0.9666823216980269,-0.3446159175073973,
PER,2022Q3,industrycat10,10,12.666097239440411,-0.3446159175073973,0.5078135513355342,
PER,2022Q4,industrycat10,10,13.173910790775945,0.5078135513355342,-0.6582468968936226,
PER,2023Q1,industrycat10,10,12.515663893882323,-0.6582468968936226,1.6625797363576744,
PER,2023Q2,industrycat10,10,14.178243630239997,1.6625797363576744,0.25334516133852425,
PER,2023Q3,industrycat10,10,14.431588791578521,0.25334516133852425,-0.19934362036499564,
PER,2023Q4,industrycat10,10,14.232245171213526,-0.19934362036499564,-1.2849510417372052,
PER,2024Q1,industrycat10,10,12.94729412947632,-1.2849510417372052,1.4556879597373058,
PER,2024Q2,industrycat10,10,14.402982089213626,1.4556879597373058,-0.4613198976715651,
PER,2024Q3,industrycat10,10,13.941662191542061,-0.4613198976715651,0.07210740371227686,
PER,2024Q4,industrycat10,10,14.013769595254338,0.07210740371227686,-1.1590809732561471,
PER,2025Q1,industrycat10,10,12.854688621998191,-1.1590809732561471,1.027160138601559,
PER,2025Q2,industrycat10,10,13.88184876059975,1.027160138601559,-0.1336846655414643,
PER,2025Q3,industrycat10,10,13.748164095058286,-0.1336846655414643,0.4537852408024108,
PER,2025Q4,industrycat10,10,14.201949335860697,0.4537852408024108,-1.0115486529684716,
PER,2026Q1,industrycat10,10,13.190400682892225,-1.0115486529684716,0.5889785373389582,
PER,2026Q2,industrycat10,10,13.779379220231183,0.5889785373389582,,
PER,2022Q1,industrycat10,2,0.6854723272965374,,-0.03560402231106097,
PER,2022Q2,industrycat10,2,0.6498683049854764,-0.03560402231106097,0.15994118426014914,
PER,2022Q3,industrycat10,2,0.8098094892456256,0.15994118426014914,0.05365356541957611,
PER,2022Q4,industrycat10,2,0.8634630546652017,0.05365356541957611,0.07277322951161602,
PER,2023Q1,industrycat10,2,0.9362362841768177,0.07277322951161602,-0.06716152302212652,
PER,2023Q2,industrycat10,2,0.8690747611546912,-0.06716152302212652,0.053035692524642686,
PER,2023Q3,industrycat10,2,0.9221104536793339,0.053035692524642686,-0.01990637850118049,
PER,2023Q4,industrycat10,2,0.9022040751781534,-0.01990637850118049,-0.012850811081856817,
PER,2024Q1,industrycat10,2,0.8893532640962966,-0.012850811081856817,0.07654546680156082,
PER,2024Q2,industrycat10,2,0.9658987308978574,0.07654546680156082,0.18038685316148484,
PER,2024Q3,industrycat10,2,1.1462855840593422,0.18038685316148484,-0.1301153753310469,
PER,2024Q4,industrycat10,2,1.0161702087282953,-0.1301153753310469,-0.07366846883658773,
PER,2025Q1,industrycat10,2,0.9425017398917076,-0.07366846883658773,0.05843401440237528,
PER,2025Q2,industrycat10,2,1.0009357542940829,0.05843401440237528,0.22856164007589674,
PER,2025Q3,industrycat10,2,1.2294973943699796,0.22856164007589674,-0.31872229513460637,
PER,2025Q4,industrycat10,2,0.9107750992353733,-0.31872229513460637,0.16831642549357106,
PER,2026Q1,industrycat10,2,1.0790915247289443,0.16831642549357106,-0.07166957290312426,
PER,2026Q2,industrycat10,2,1.00742195182582,-0.07166957290312426,,
PER,2022Q1,industrycat10,3,8.160746795842803,,0.05969513642210167,
PER,2022Q2,industrycat10,3,8.220441932264904,0.05969513642210167,0.3564314886919604,
PER,2022Q3,industrycat10,3,8.576873420956865,0.3564314886919604,-0.22518400898805524,
PER,2022Q4,industrycat10,3,8.35168941196881,-0.22518400898805524,0.10050214296759385,
PER,2023Q1,industrycat10,3,8.452191554936404,0.10050214296759385,0.02452461966207231,
PER,2023Q2,industrycat10,3,8.476716174598476,0.02452461966207231,-0.3776979998700334,
PER,2023Q3,industrycat10,3,8.099018174728442,-0.3776979998700334,0.6692069156771954,
PER,2023Q4,industrycat10,3,8.768225090405638,0.6692069156771954,-0.4574730603114787,
PER,2024Q1,industrycat10,3,8.310752030094159,-0.4574730603114787,0.2591686308994543,
PER,2024Q2,industrycat10,3,8.569920660993613,0.2591686308994543,0.4359982672472036,
PER,2024Q3,industrycat10,3,9.005918928240817,0.4359982672472036,-0.08746748782830593,
PER,2024Q4,industrycat10,3,8.918451440412511,-0.08746748782830593,-0.6188543122108374,
PER,2025Q1,industrycat10,3,8.299597128201674,-0.6188543122108374,0.31445468804381704,
PER,2025Q2,industrycat10,3,8.61405181624549,0.31445468804381704,0.25709270327683775,
PER,2025Q3,industrycat10,3,8.871144519522328,0.25709270327683775,-0.10573211412850902,
PER,2025Q4,industrycat10,3,8.76541240539382,-0.10573211412850902,-0.5171878036344104,
PER,2026Q1,industrycat10,3,8.248224601759409,-0.5171878036344104,0.3274657056728447,
PER,2026Q2,industrycat10,3,8.575690307432254,0.3274657056728447,,
PER,2022Q1,industrycat10,4,0.6595836569292967,,-0.07422937438299249,
PER,2022Q2,industrycat10,4,0.5853542825463042,-0.07422937438299249,-0.0014858495882343892,
PER,2022Q3,industrycat10,4,0.5838684329580698,-0.0014858495882343892,0.033343442345022734,
PER,2022Q4,industrycat10,4,0.6172118753030925,0.033343442345022734,0.09916897393995561,
PER,2023Q1,industrycat10,4,0.7163808492430481,0.09916897393995561,-0.03585203112817914,
PER,2023Q2,industrycat10,4,0.680528818114869,-0.03585203112817914,-0.11715037463432476,
PER,2023Q3,industrycat10,4,0.5633784434805442,-0.11715037463432476,0.07082531744720544,
PER,2023Q4,industrycat10,4,0.6342037609277497,0.07082531744720544,0.01930422753293881,
PER,2024Q1,industrycat10,4,0.6535079884606885,0.01930422753293881,-0.10399398394034753,
PER,2024Q2,industrycat10,4,0.5495140045203409,-0.10399398394034753,0.10396959807966899,
PER,2024Q3,industrycat10,4,0.6534836026000099,0.10396959807966899,-0.022751781321274644,
PER,2024Q4,industrycat10,4,0.6307318212787353,-0.022751781321274644,-0.007186498542382069,
PER,2025Q1,industrycat10,4,0.6235453227363532,-0.007186498542382069,0.016648958237630795,
PER,2025Q2,industrycat10,4,0.640194280973984,0.016648958237630795,0.033847088461072206,
PER,2025Q3,industrycat10,4,0.6740413694350562,0.033847088461072206,0.015411763356859565,
PER,2025Q4,industrycat10,4,0.6894531327919158,0.015411763356859565,-0.041507238802250934,
PER,2026Q1,industrycat10,4,0.6479458939896648,-0.041507238802250934,-0.03490279147267572,
PER,2026Q2,industrycat10,4,0.6130431025169891,-0.03490279147267572,,
PER,2022Q1,industrycat10,5,7.256170881157847,,-0.07706354388463676,
PER,2022Q2,industrycat10,5,7.17910733727321,-0.07706354388463676,0.07631295831071405,
PER,2022Q3,industrycat10,5,7.255420295583924,0.07631295831071405,-0.0813392832569848,
PER,2022Q4,industrycat10,5,7.17408101232694,-0.0813392832569848,-0.48285104302529547,
PER,2023Q1,industrycat10,5,6.691229969301644,-0.48285104302529547,-0.39364357769152125,
PER,2023Q2,industrycat10,5,6.297586391610123,-0.39364357769152125,0.5094521559220144,
PER,2023Q3,industrycat10,5,6.807038547532137,0.5094521559220144,-0.2174542227158467,
PER,2023Q4,industrycat10,5,6.589584324816291,-0.2174542227158467,-0.011225256270671835,
PER,2024Q1,industrycat10,5,6.578359068545619,-0.011225256270671835,-0.3663317999804274,
PER,2024Q2,industrycat10,5,6.212027268565191,-0.3663317999804274,0.5119034270935341,
PER,2024Q3,industrycat10,5,6.7239306956587255,0.5119034270935341,0.4173017752421835,
PER,2024Q4,industrycat10,5,7.141232470900909,0.4173017752421835,-0.4456655590090577,
PER,2025Q1,industrycat10,5,6.695566911891851,-0.4456655590090577,-0.46115670792076013,
PER,2025Q2,industrycat10,5,6.234410203971091,-0.46115670792076013,0.4008154900759955,
PER,2025Q3,industrycat10,5,6.635225694047087,0.4008154900759955,0.41246182471858983,
PER,2025Q4,industrycat10,5,7.0476875187656765,0.41246182471858983,0.07099569997488331,
PER,2026Q1,industrycat10,5,7.11868321874056,0.07099569997488331,-0.24550439759997555,
PER,2026Q2,industrycat10,5,6.873178821140584,-0.24550439759997555,,
PER,2022Q1,industrycat10,6,27.394117209536503,,-0.3363982781315862,
PER,2022Q2,industrycat10,6,27.057718931404917,-0.3363982781315862,-0.6977088394472588,
PER,2022Q3,industrycat10,6,26.36001009195766,-0.6977088394472588,-0.45067073291124515,
PER,2022Q4,industrycat10,6,25.909339359046413,-0.45067073291124515,1.397547166553828,
PER,2023Q1,industrycat10,6,27.30688652560024,1.397547166553828,-1.181168276310519,
PER,2023Q2,industrycat10,6,26.125718249289722,-1.181168276310519,0.5303429305764276,
PER,2023Q3,industrycat10,6,26.65606117986615,0.5303429305764276,-0.046472949604105196,
PER,2023Q4,industrycat10,6,26.609588230262045,-0.046472949604105196,0.5182568838156385,
PER,2024Q1,industrycat10,6,27.127845114077683,0.5182568838156385,-0.3796337375734318,
PER,2024Q2,industrycat10,6,26.74821137650425,-0.3796337375734318,0.11166448213441882,
PER,2024Q3,industrycat10,6,26.85987585863867,0.11166448213441882,-0.549539130818772,
PER,2024Q4,industrycat10,6,26.310336727819898,-0.549539130818772,0.5898781355689522,
PER,2025Q1,industrycat10,6,26.90021486338885,0.5898781355689522,-0.5480490777115321,
PER,2025Q2,industrycat10,6,26.352165785677318,-0.5480490777115321,-0.24511421751417828,
PER,2025Q3,industrycat10,6,26.10705156816314,-0.24511421751417828,0.2784603443747038,
PER,2025Q4,industrycat10,6,26.385511912537844,0.2784603443747038,0.5274142770825527,
PER,2026Q1,industrycat10,6,26.912926189620396,0.5274142770825527,-0.7158715872596133,
PER,2026Q2,industrycat10,6,26.197054602360783,-0.7158715872596133,,
PER,2022Q1,industrycat10,7,8.510225532858763,,-0.11054525642799362,
PER,2022Q2,industrycat10,7,8.39968027643077,-0.11054525642799362,0.5957237430832087,
PER,2022Q3,industrycat10,7,8.995404019513979,0.5957237430832087,-0.09178168497544625,
PER,2022Q4,industrycat10,7,8.903622334538532,-0.09178168497544625,-0.08356135261711017,
PER,2023Q1,industrycat10,7,8.820060981921422,-0.08356135261711017,0.050281873411764266,
PER,2023Q2,industrycat10,7,8.870342855333186,0.050281873411764266,-0.08660934146289634,
PER,2023Q3,industrycat10,7,8.78373351387029,-0.08660934146289634,0.26330944371484577,
PER,2023Q4,industrycat10,7,9.047042957585136,0.26330944371484577,-0.34704213177193566,
PER,2024Q1,industrycat10,7,8.7000008258132,-0.34704213177193566,0.19251985608098288,
PER,2024Q2,industrycat10,7,8.892520681894183,0.19251985608098288,-0.198537263705024,
PER,2024Q3,industrycat10,7,8.693983418189159,-0.198537263705024,0.24057646696088675,
PER,2024Q4,industrycat10,7,8.934559885150046,0.24057646696088675,-0.03729294724638876,
PER,2025Q1,industrycat10,7,8.897266937903657,-0.03729294724638876,0.10263060034103155,
PER,2025Q2,industrycat10,7,8.999897538244689,0.10263060034103155,-0.6093831262453886,
PER,2025Q3,industrycat10,7,8.3905144119993,-0.6093831262453886,0.12015845664324942,
PER,2025Q4,industrycat10,7,8.51067286864255,0.12015845664324942,-0.0022384356034983455,
PER,2026Q1,industrycat10,7,8.508434433039051,-0.0022384356034983455,0.718105907276211,
PER,2026Q2,industrycat10,7,9.226540340315262,0.718105907276211,,
PER,2022Q1,industrycat10,8,5.8644708946661295,,-0.05725772877965163,
PER,2022Q2,industrycat10,8,5.807213165886478,-0.05725772877965163,0.0848351536800287,
PER,2022Q3,industrycat10,8,5.8920483195665065,0.0848351536800287,0.3104090078055437,
PER,2022Q4,industrycat10,8,6.20245732737205,0.3104090078055437,0.09101531281865594,
PER,2023Q1,industrycat10,8,6.293472640190706,0.09101531281865594,0.10902246384231695,
PER,2023Q2,industrycat10,8,6.402495104033023,0.10902246384231695,0.08359923026216443,
PER,2023Q3,industrycat10,8,6.486094334295188,0.08359923026216443,0.09999743439406839,
PER,2023Q4,industrycat10,8,6.586091768689256,0.09999743439406839,-0.04285104918503624,
PER,2024Q1,industrycat10,8,6.54324071950422,-0.04285104918503624,-0.10878692764264386,
PER,2024Q2,industrycat10,8,6.434453791861576,-0.10878692764264386,0.034860771546015634,
PER,2024Q3,industrycat10,8,6.4693145634075915,0.034860771546015634,-0.09782392564967335,
PER,2024Q4,industrycat10,8,6.371490637757918,-0.09782392564967335,0.05472349987696745,
PER,2025Q1,industrycat10,8,6.426214137634886,0.05472349987696745,0.302567417422412,
PER,2025Q2,industrycat10,8,6.728781555057298,0.302567417422412,0.011613941808093386,
PER,2025Q3,industrycat10,8,6.740395496865391,0.011613941808093386,0.4836619915085665,
PER,2025Q4,industrycat10,8,7.2240574883739574,0.4836619915085665,-0.28831451851059775,
PER,2026Q1,industrycat10,8,6.93574296986336,-0.28831451851059775,0.48399369157240724,
PER,2026Q2,industrycat10,8,7.419736661435767,0.48399369157240724,,
PER,2022Q1,industrycat10,9,3.81673135911812,,0.026404999214822755,
PER,2022Q2,industrycat10,9,3.8431363583329428,0.026404999214822755,0.4036237268297804,
PER,2022Q3,industrycat10,9,4.246760085162723,0.4036237268297804,0.014691009911157238,
PER,2022Q4,industrycat10,9,4.26145109507388,0.014691009911157238,-0.441030647401087,
PER,2023Q1,industrycat10,9,3.8204204476727934,-0.441030647401087,0.2255343287565834,
PER,2023Q2,industrycat10,9,4.045954776429377,0.2255343287565834,0.3404947899473747,
PER,2023Q3,industrycat10,9,4.3864495663767515,0.3404947899473747,0.18138800541700562,
PER,2023Q4,industrycat10,9,4.567837571793757,0.18138800541700562,-0.22452847063840853,
PER,2024Q1,industrycat10,9,4.343309101155349,-0.22452847063840853,0.1648364003610574,
PER,2024Q2,industrycat10,9,4.508145501516406,0.1648364003610574,-0.10226973157452512,
PER,2024Q3,industrycat10,9,4.405875769941881,-0.10226973157452512,-0.10808444943796225,
PER,2024Q4,industrycat10,9,4.297791320503919,-0.10808444943796225,0.18554759458954706,
PER,2025Q1,industrycat10,9,4.483338915093466,0.18554759458954706,-0.0034434692834990344,
PER,2025Q2,industrycat10,9,4.479895445809967,-0.0034434692834990344,0.09076597927204322,
PER,2025Q3,industrycat10,9,4.57066142508201,0.09076597927204322,-0.30696870610645455,
PER,2025Q4,industrycat10,9,4.263692718975555,-0.30696870610645455,-0.11705149142133475,
PER,2026Q1,industrycat10,9,4.146641227554221,-0.11705149142133475,0.4435453599445909,
PER,2026Q2,industrycat10,9,4.5901865874988115,0.4435453599445909,,
PER,2022Q1,lstatus,1,67.45313404490183,,1.1854575611625222,
PER,2022Q2,lstatus,1,68.63859160606435,1.1854575611625222,-0.6351923851396322,
PER,2022Q3,lstatus,1,68.00339922092472,-0.6351923851396322,-0.004988068357661746,
PER,2022Q4,lstatus,1,67.99841115256706,-0.004988068357661746,-1.870096100137559,
PER,2023Q1,lstatus,1,66.1283150524295,-1.870096100137559,0.7410757114942044,
PER,2023Q2,lstatus,1,66.8693907639237,0.7410757114942044,-0.5954911978688386,
PER,2023Q3,lstatus,1,66.27389956605487,-0.5954911978688386,-0.32011047844915197,
PER,2023Q4,lstatus,1,65.95378908760571,-0.32011047844915197,-0.3590253498355054,
PER,2024Q1,lstatus,1,65.59476373777021,-0.3590253498355054,0.45375811735095795,
PER,2024Q2,lstatus,1,66.04852185512117,0.45375811735095795,-0.2892403145571478,
PER,2024Q3,lstatus,1,65.75928154056402,-0.2892403145571478,0.5363330342512853,
PER,2024Q4,lstatus,1,66.2956145748153,0.5363330342512853,-0.6681476216192976,
PER,2025Q1,lstatus,1,65.627466953196,-0.6681476216192976,0.15018611302318163,
PER,2025Q2,lstatus,1,65.77765306621919,0.15018611302318163,0.37938592608558963,
PER,2025Q3,lstatus,1,66.15703899230478,0.37938592608558963,0.5496895508427428,
PER,2025Q4,lstatus,1,66.70672854314752,0.5496895508427428,-1.1227710065081027,
PER,2026Q1,lstatus,1,65.58395753663942,-1.1227710065081027,0.45782631335363533,
PER,2026Q2,lstatus,1,66.04178384999305,0.45782631335363533,,
PER,2022Q1,lstatus,2,4.455246741699234,,-1.4518008645868896,
PER,2022Q2,lstatus,2,3.0034458771123447,-1.4518008645868896,0.08476442883582713,
PER,2022Q3,lstatus,2,3.088210305948172,0.08476442883582713,-0.319266127089453,
PER,2022Q4,lstatus,2,2.768944178858719,-0.319266127089453,1.343567385371251,
PER,2023Q1,lstatus,2,4.11251156422997,1.343567385371251,-0.34103483333895657,
PER,2023Q2,lstatus,2,3.7714767308910133,-0.34103483333895657,-0.1878342359711751,
PER,2023Q3,lstatus,2,3.583642494919838,-0.1878342359711751,0.04134531797999497,
PER,2023Q4,lstatus,2,3.624987812899833,0.04134531797999497,0.8468878152920767,
PER,2024Q1,lstatus,2,4.47187562819191,0.8468878152920767,-0.3611399438734155,
PER,2024Q2,lstatus,2,4.110735684318494,-0.3611399438734155,-0.4046236438403388,
PER,2024Q3,lstatus,2,3.7061120404781556,-0.4046236438403388,-0.44203779968317214,
PER,2024Q4,lstatus,2,3.2640742407949834,-0.44203779968317214,0.5255535034109142,
PER,2025Q1,lstatus,2,3.7896277442058977,0.5255535034109142,0.31604717823428663,
PER,2025Q2,lstatus,2,4.105674922440184,0.31604717823428663,-1.1353080769691961,
PER,2025Q3,lstatus,2,2.970366845470988,-1.1353080769691961,-0.2646696946027305,
PER,2025Q4,lstatus,2,2.7056971508682577,-0.2646696946027305,0.7961290016731626,
PER,2026Q1,lstatus,2,3.5018261525414203,0.7961290016731626,-0.631882297820543,
PER,2026Q2,lstatus,2,2.8699438547208773,-0.631882297820543,,
PER,2022Q1,lstatus,3,28.091619213398946,,0.26634330342437096,
PER,2022Q2,lstatus,3,28.357962516823317,0.26634330342437096,0.5504279563038033,
PER,2022Q3,lstatus,3,28.90839047312712,0.5504279563038033,0.32425419544711787,
PER,2022Q4,lstatus,3,29.23264466857424,0.32425419544711787,0.526528714766286,
PER,2023Q1,lstatus,3,29.759173383340524,0.526528714766286,-0.40004087815524514,
PER,2023Q2,lstatus,3,29.35913250518528,-0.40004087815524514,0.7833254338400195,
PER,2023Q3,lstatus,3,30.1424579390253,0.7833254338400195,0.27876516046914546,
PER,2023Q4,lstatus,3,30.421223099494444,0.27876516046914546,-0.4878624654565549,
PER,2024Q1,lstatus,3,29.93336063403789,-0.4878624654565549,-0.09261817347754331,
PER,2024Q2,lstatus,3,29.840742460560346,-0.09261817347754331,0.6938639583974826,
PER,2024Q3,lstatus,3,30.53460641895783,0.6938639583974826,-0.0942952345681114,
PER,2024Q4,lstatus,3,30.440311184389717,-0.0942952345681114,0.14259411820837897,
PER,2025Q1,lstatus,3,30.582905302598096,0.14259411820837897,-0.46623329125747404,
PER,2025Q2,lstatus,3,30.116672011340622,-0.46623329125747404,0.7559221508836131,
PER,2025Q3,lstatus,3,30.872594162224235,0.7559221508836131,-0.2850198562400088,
PER,2025Q4,lstatus,3,30.587574305984226,-0.2850198562400088,0.32664200483495165,
PER,2026Q1,lstatus,3,30.914216310819178,0.32664200483495165,0.1740559844668894,
PER,2026Q2,lstatus,3,31.088272295286068,0.1740559844668894,,
PER,2022Q1,occup,0,0.5247771427011915,,0.004124673500611076,
PER,2022Q2,occup,0,0.5289018162018025,0.004124673500611076,0.05883629759813236,
PER,2022Q3,occup,0,0.5877381137999349,0.05883629759813236,0.031675296374728545,
PER,2022Q4,occup,0,0.6194134101746634,0.031675296374728545,0.052085838777425675,
PER,2023Q1,occup,0,0.6714992489520891,0.052085838777425675,0.057815556318151606,
PER,2023Q2,occup,0,0.7293148052702407,0.057815556318151606,0.03570729662147343,
PER,2023Q3,occup,0,0.7650221018917142,0.03570729662147343,-0.09171111736142434,
PER,2023Q4,occup,0,0.6733109845302898,-0.09171111736142434,0.08417275063251795,
PER,2024Q1,occup,0,0.7574837351628078,0.08417275063251795,0.02668603876468134,
PER,2024Q2,occup,0,0.7841697739274891,0.02668603876468134,-0.09640357724203485,
PER,2024Q3,occup,0,0.6877661966854542,-0.09640357724203485,-0.022844238042214804,
PER,2024Q4,occup,0,0.6649219586432394,-0.022844238042214804,0.14967397594394993,
PER,2025Q1,occup,0,0.8145959345871894,0.14967397594394993,-0.04590765703913702,
PER,2025Q2,occup,0,0.7686882775480524,-0.04590765703913702,-0.1578505958749814,
PER,2025Q3,occup,0,0.610837681673071,-0.1578505958749814,-0.09821941019079394,
PER,2025Q4,occup,0,0.512618271482277,-0.09821941019079394,0.1448060101953501,
PER,2026Q1,occup,0,0.6574242816776271,0.1448060101953501,0.013432090270350305,
PER,2026Q2,occup,0,0.6708563719479774,0.013432090270350305,,
PER,2022Q1,occup,1,0.47066772037408067,,-0.032552793020608595,
PER,2022Q2,occup,1,0.4381149273534721,-0.032552793020608595,0.1303864580452993,
PER,2022Q3,occup,1,0.5685013853987714,0.1303864580452993,0.04856154064771101,
PER,2022Q4,occup,1,0.6170629260464824,0.04856154064771101,-0.09574973493794026,
PER,2023Q1,occup,1,0.5213131911085421,-0.09574973493794026,0.016439367220980494,
PER,2023Q2,occup,1,0.5377525583295226,0.016439367220980494,0.05407496562270564,
PER,2023Q3,occup,1,0.5918275239522283,0.05407496562270564,0.042342327818919445,
PER,2023Q4,occup,1,0.6341698517711477,0.042342327818919445,-0.050639577787634726,
PER,2024Q1,occup,1,0.583530273983513,-0.050639577787634726,0.09502198625595348,
PER,2024Q2,occup,1,0.6785522602394665,0.09502198625595348,-0.0015554733088234407,
PER,2024Q3,occup,1,0.676996786930643,-0.0015554733088234407,0.03407845734521919,
PER,2024Q4,occup,1,0.7110752442758622,0.03407845734521919,-0.07559283329435951,
PER,2025Q1,occup,1,0.6354824109815027,-0.07559283329435951,0.08848918550563689,
PER,2025Q2,occup,1,0.7239715964871396,0.08848918550563689,-0.0410393612153338,
PER,2025Q3,occup,1,0.6829322352718058,-0.0410393612153338,-0.004465167555205651,
PER,2025Q4,occup,1,0.6784670677166001,-0.004465167555205651,0.11094510970221261,
PER,2026Q1,occup,1,0.7894121774188128,0.11094510970221261,0.04197031410371577,
PER,2026Q2,occup,1,0.8313824915225285,0.04197031410371577,,
PER,2022Q1,occup,2,6.209797771938793,,0.5536524695448408,
PER,2022Q2,occup,2,6.763450241483634,0.5536524695448408,0.5463116648545725,
PER,2022Q3,occup,2,7.309761906338206,0.5463116648545725,0.13545899273601503,
PER,2022Q4,occup,2,7.445220899074221,0.13545899273601503,-0.5113512863539516,
PER,2023Q1,occup,2,6.93386961272027,-0.5113512863539516,1.1329029918463105,
PER,2023Q2,occup,2,8.06677260456658,1.1329029918463105,0.4731000743314091,
PER,2023Q3,occup,2,8.53987267889799,0.4731000743314091,-0.1494830614354754,
PER,2023Q4,occup,2,8.390389617462514,-0.1494830614354754,-0.8297697481906532,
PER,2024Q1,occup,2,7.560619869271861,-0.8297697481906532,0.6844307078115701,
PER,2024Q2,occup,2,8.24505057708343,0.6844307078115701,0.17616347588709402,
PER,2024Q3,occup,2,8.421214052970525,0.17616347588709402,0.2130902758704849,
PER,2024Q4,occup,2,8.63430432884101,0.2130902758704849,-0.5498081582450745,
PER,2025Q1,occup,2,8.084496170595935,-0.5498081582450745,0.6093307631012745,
PER,2025Q2,occup,2,8.69382693369721,0.6093307631012745,0.2224898687846899,
PER,2025Q3,occup,2,8.9163168024819,0.2224898687846899,0.9516079203534904,
PER,2025Q4,occup,2,9.86792472283539,0.9516079203534904,-1.3606805171237006,
PER,2026Q1,occup,2,8.50724420571169,-1.3606805171237006,0.7676085017071994,
PER,2026Q2,occup,2,9.274852707418889,0.7676085017071994,,
PER,2022Q1,occup,3,7.2453283450472,,-0.2541703565670064,
PER,2022Q2,occup,3,6.991157988480194,-0.2541703565670064,0.01879410262476977,
PER,2022Q3,occup,3,7.009952091104964,0.01879410262476977,0.5445501586958965,
PER,2022Q4,occup,3,7.55450224980086,0.5445501586958965,-0.08011180005314511,
PER,2023Q1,occup,3,7.474390449747715,-0.08011180005314511,-0.09513989075208062,
PER,2023Q2,occup,3,7.3792505589956345,-0.09513989075208062,-0.16139356178450992,
PER,2023Q3,occup,3,7.217856997211125,-0.16139356178450992,0.12429741310848907,
PER,2023Q4,occup,3,7.342154410319614,0.12429741310848907,-0.2546129958808052,
PER,2024Q1,occup,3,7.0875414144388085,-0.2546129958808052,0.0012130889894059749,
PER,2024Q2,occup,3,7.0887545034282144,0.0012130889894059749,0.1166163821301458,
PER,2024Q3,occup,3,7.20537088555836,0.1166163821301458,0.27230640312967846,
PER,2024Q4,occup,3,7.477677288688039,0.27230640312967846,-0.5400499654787732,
PER,2025Q1,occup,3,6.937627323209266,-0.5400499654787732,0.16874802095118024,
PER,2025Q2,occup,3,7.106375344160446,0.16874802095118024,0.4022704792094851,
PER,2025Q3,occup,3,7.508645823369931,0.4022704792094851,0.14670713448207895,
PER,2025Q4,occup,3,7.65535295785201,0.14670713448207895,0.0556589907066698,
PER,2026Q1,occup,3,7.71101194855868,0.0556589907066698,0.06231944451464955,
PER,2026Q2,occup,3,7.773331393073329,0.06231944451464955,,
PER,2022Q1,occup,4,5.40486334165496,,-0.07119782060698387,
PER,2022Q2,occup,4,5.333665521047976,-0.07119782060698387,-0.17103024525331367,
PER,2022Q3,occup,4,5.1626352757946625,-0.17103024525331367,0.7405621321472919,
PER,2022Q4,occup,4,5.9031974079419545,0.7405621321472919,-0.07295476389311784,
PER,2023Q1,occup,4,5.830242644048837,-0.07295476389311784,-0.052346026585062155,
PER,2023Q2,occup,4,5.7778966174637745,-0.052346026585062155,0.15923792776061063,
PER,2023Q3,occup,4,5.937134545224385,0.15923792776061063,-0.08654486943702455,
PER,2023Q4,occup,4,5.8505896757873606,-0.08654486943702455,-0.11032660336773237,
PER,2024Q1,occup,4,5.740263072419628,-0.11032660336773237,-0.0881564692106851,
PER,2024Q2,occup,4,5.652106603208943,-0.0881564692106851,0.19054831681650697,
PER,2024Q3,occup,4,5.84265492002545,0.19054831681650697,-0.12347638415634865,
PER,2024Q4,occup,4,5.719178535869101,-0.12347638415634865,0.02355969074703612,
PER,2025Q1,occup,4,5.7427382266161375,0.02355969074703612,-0.2130042212008556,
PER,2025Q2,occup,4,5.529734005415282,-0.2130042212008556,0.540339705544528,
PER,2025Q3,occup,4,6.07007371095981,0.540339705544528,-0.3849126044400153,
PER,2025Q4,occup,4,5.685161106519795,-0.3849126044400153,-0.13074969785194313,
PER,2026Q1,occup,4,5.5544114086678515,-0.13074969785194313,0.7826717510165802,
PER,2026Q2,occup,4,6.337083159684432,0.7826717510165802,,
PER,2022Q1,occup,5,18.167000915865504,,-0.015960161463596023,
PER,2022Q2,occup,5,18.151040754401908,-0.015960161463596023,-0.205513410869667,
PER,2022Q3,occup,5,17.94552734353224,-0.205513410869667,-0.7490394380972809,
PER,2022Q4,occup,5,17.19648790543496,-0.7490394380972809,1.29965304038517,
PER,2023Q1,occup,5,18.49614094582013,1.29965304038517,-0.8152389775946673,
PER,2023Q2,occup,5,17.680901968225463,-0.8152389775946673,0.04486916420459153,
PER,2023Q3,occup,5,17.725771132430054,0.04486916420459153,0.19859460051804945,
PER,2023Q4,occup,5,17.924365732948104,0.19859460051804945,0.11078815158429478,
PER,2024Q1,occup,5,18.0351538845324,0.11078815158429478,-0.1554599218935735,
PER,2024Q2,occup,5,17.879693962638825,-0.1554599218935735,-0.43547292603777166,
PER,2024Q3,occup,5,17.444221036601053,-0.43547292603777166,-0.2822612299811311,
PER,2024Q4,occup,5,17.161959806619922,-0.2822612299811311,0.8571668318512096,
PER,2025Q1,occup,5,18.019126638471132,0.8571668318512096,-0.530796450504841,
PER,2025Q2,occup,5,17.48833018796629,-0.530796450504841,0.1744077324205513,
PER,2025Q3,occup,5,17.662737920386842,0.1744077324205513,0.18052690665906113,
PER,2025Q4,occup,5,17.843264827045903,0.18052690665906113,0.01617565995475445,
PER,2026Q1,occup,5,17.859440487000658,0.01617565995475445,-0.40831879092194256,
PER,2026Q2,occup,5,17.451121696078715,-0.40831879092194256,,
PER,2022Q1,occup,6,12.214685426073583,,0.0877680732786601,
PER,2022Q2,occup,6,12.302453499352243,0.0877680732786601,-0.21337383382534725,
PER,2022Q3,occup,6,12.089079665526896,-0.21337383382534725,-0.3550669628849601,
PER,2022Q4,occup,6,11.734012702641936,-0.3550669628849601,0.3606224277896235,
PER,2023Q1,occup,6,12.09463513043156,0.3606224277896235,0.08892489996017439,
PER,2023Q2,occup,6,12.183560030391734,0.08892489996017439,-0.4032556312546056,
PER,2023Q3,occup,6,11.780304399137128,-0.4032556312546056,0.2079262679212981,
PER,2023Q4,occup,6,11.988230667058426,0.2079262679212981,0.4941202825611697,
PER,2024Q1,occup,6,12.482350949619596,0.4941202825611697,-0.9145217198663449,
PER,2024Q2,occup,6,11.56782922975325,-0.9145217198663449,-0.015176090206226789,
PER,2024Q3,occup,6,11.552653139547024,-0.015176090206226789,0.11837986576118276,
PER,2024Q4,occup,6,11.671033005308207,0.11837986576118276,0.7121962657696841,
PER,2025Q1,occup,6,12.38322927107789,0.7121962657696841,-0.6641725706975787,
PER,2025Q2,occup,6,11.719056700380312,-0.6641725706975787,0.26939345501930134,
PER,2025Q3,occup,6,11.988450155399613,0.26939345501930134,-0.7676673950588793,
PER,2025Q4,occup,6,11.220782760340734,-0.7676673950588793,0.4068206733098094,
PER,2026Q1,occup,6,11.627603433650544,0.4068206733098094,-0.33685995020678483,
PER,2026Q2,occup,6,11.290743483443759,-0.33685995020678483,,
PER,2022Q1,occup,7,9.874983677350317,,0.062271284329249,
PER,2022Q2,occup,7,9.937254961679566,0.062271284329249,-0.21360799378529194,
PER,2022Q3,occup,7,9.723646967894274,-0.21360799378529194,-0.3679766848111061,
PER,2022Q4,occup,7,9.355670283083168,-0.3679766848111061,-0.2864222675783985,
PER,2023Q1,occup,7,9.069248015504769,-0.2864222675783985,0.05672357768093761,
PER,2023Q2,occup,7,9.125971593185707,0.05672357768093761,0.45811737129392327,
PER,2023Q3,occup,7,9.58408896447963,0.45811737129392327,0.011503621595400304,
PER,2023Q4,occup,7,9.59559258607503,0.011503621595400304,-0.3954284265572223,
PER,2024Q1,occup,7,9.200164159517808,-0.3954284265572223,0.4071523165544271,
PER,2024Q2,occup,7,9.607316476072235,0.4071523165544271,0.21929757078223133,
PER,2024Q3,occup,7,9.826614046854466,0.21929757078223133,-0.22754538729523333,
PER,2024Q4,occup,7,9.599068659559233,-0.22754538729523333,-0.5860406293432749,
PER,2025Q1,occup,7,9.013028030215958,-0.5860406293432749,0.5157704669110306,
PER,2025Q2,occup,7,9.528798497126989,0.5157704669110306,-0.22727911407139523,
PER,2025Q3,occup,7,9.301519383055593,-0.22727911407139523,0.310218222207876,
PER,2025Q4,occup,7,9.61173760526347,0.310218222207876,-0.612187898202901,
PER,2026Q1,occup,7,8.999549707060568,-0.612187898202901,-0.1666341789851966,
PER,2026Q2,occup,7,8.832915528075372,-0.1666341789851966,,
PER,2022Q1,occup,8,7.949202100900073,,-0.033487334148910364,
PER,2022Q2,occup,8,7.9157147667511625,-0.033487334148910364,0.5328200890250203,
PER,2022Q3,occup,8,8.448534855776183,0.5328200890250203,-0.17417472708066484,
PER,2022Q4,occup,8,8.274360128695518,-0.17417472708066484,-0.4074494604725496,
PER,2023Q1,occup,8,7.866910668222968,-0.4074494604725496,0.3559980846599702,
PER,2023Q2,occup,8,8.222908752882939,0.3559980846599702,-0.10481523632580014,
PER,2023Q3,occup,8,8.118093516557138,-0.10481523632580014,0.3970764498625723,
PER,2023Q4,occup,8,8.51516996641971,0.3970764498625723,-0.39829851046581766,
PER,2024Q1,occup,8,8.116871455953893,-0.39829851046581766,0.5588456924690277,
PER,2024Q2,occup,8,8.67571714842292,0.5588456924690277,0.030589217845744088,
PER,2024Q3,occup,8,8.706306366268665,0.030589217845744088,-0.13731438783451289,
PER,2024Q4,occup,8,8.568991978434152,-0.13731438783451289,-0.21388108508864967,
PER,2025Q1,occup,8,8.355110893345502,-0.21388108508864967,0.09395030942802407,
PER,2025Q2,occup,8,8.449061202773526,0.09395030942802407,-0.07362024667351896,
PER,2025Q3,occup,8,8.375440956100007,-0.07362024667351896,-0.36197875008526736,
PER,2025Q4,occup,8,8.01346220601474,-0.36197875008526736,0.25607140239690196,
PER,2026Q1,occup,8,8.269533608411642,0.25607140239690196,0.5238551782447853,
PER,2026Q2,occup,8,8.793388786656427,0.5238551782447853,,
PER,2022Q1,occup,9,31.938693558094293,,-0.3004480348462657,
PER,2022Q2,occup,9,31.638245523248028,-0.3004480348462657,-0.48362312841414834,
PER,2022Q3,occup,9,31.15462239483388,-0.48362312841414834,0.14544969227234006,
PER,2022Q4,occup,9,31.30007208710622,0.14544969227234006,-0.2583219936631096,
PER,2023Q1,occup,9,31.04175009344311,-0.2583219936631096,-0.7460795827546995,
PER,2023Q2,occup,9,30.29567051068841,-0.7460795827546995,-0.5556423704697906,
PER,2023Q3,occup,9,29.74002814021862,-0.5556423704697906,-0.6540016325908269,
PER,2023Q4,occup,9,29.086026507627793,-0.6540016325908269,1.3499946774718978,
PER,2024Q1,occup,9,30.43602118509969,1.3499946774718978,-0.6152117198744627,
PER,2024Q2,occup,9,29.820809465225228,-0.6152117198744627,-0.18460689666688168,
PER,2024Q3,occup,9,29.636202568558346,-0.18460689666688168,0.155586625202897,
PER,2024Q4,occup,9,29.791789193761243,0.155586625202897,0.22277590713822448,
PER,2025Q1,occup,9,30.014565100899468,0.22277590713822448,-0.022407846454701286,
PER,2025Q2,occup,9,29.992157254444766,-0.022407846454701286,-1.1091119231433346,
PER,2025Q3,occup,9,28.88304533130143,-1.1091119231433346,0.028183143627657614,
PER,2025Q4,occup,9,28.91122847492909,0.028183143627657614,1.1131402669128434,
PER,2026Q1,occup,9,30.024368741841933,1.1131402669128434,-1.2800443597433606,
PER,2026Q2,occup,9,28.744324382098572,-1.2800443597433606,,
PER,2022Q1,socialsec,0,62.83901851249376,,0.30643730836258953,
PER,2022Q2,socialsec,0,63.14545582085635,0.30643730836258953,1.2413597469251059,
PER,2022Q3,socialsec,0,64.38681556778145,1.2413597469251059,-0.8661067823199602,
PER,2022Q4,socialsec,0,63.520708785461494,-0.8661067823199602,-1.3927130741750062,
PER,2023Q1,socialsec,0,62.12799571128649,-1.3927130741750062,-1.4311256155503003,
PER,2023Q2,socialsec,0,60.69687009573619,-1.4311256155503003,-0.5000950090643315,
PER,2023Q3,socialsec,0,60.196775086671856,-0.5000950090643315,-0.9468647110764863,
PER,2023Q4,socialsec,0,59.24991037559537,-0.9468647110764863,1.5671136416458538,
PER,2024Q1,socialsec,0,60.81702401724122,1.5671136416458538,-1.2389448377336265,
PER,2024Q2,socialsec,0,59.5780791795076,-1.2389448377336265,0.5586572511106951,
PER,2024Q3,socialsec,0,60.13673643061829,0.5586572511106951,-1.1564099021238974,
PER,2024Q4,socialsec,0,58.980326528494395,-1.1564099021238974,1.6576348831833982,
PER,2025Q1,socialsec,0,60.63796141167779,1.6576348831833982,-1.8233844943875965,
PER,2025Q2,socialsec,0,58.814576917290196,-1.8233844943875965,-1.7197237601920463,
PER,2025Q3,socialsec,0,57.09485315709815,-1.7197237601920463,-0.7834737042798565,
PER,2025Q4,socialsec,0,56.311379452818294,-0.7834737042798565,1.7786968466184305,
PER,2026Q1,socialsec,0,58.090076299436724,1.7786968466184305,-2.7418604401115374,
PER,2026Q2,socialsec,0,55.34821585932519,-2.7418604401115374,,
PER,2022Q1,socialsec,1,37.16098148750625,,-0.30643730836258953,
PER,2022Q2,socialsec,1,36.85454417914366,-0.30643730836258953,-1.2413597469251059,
PER,2022Q3,socialsec,1,35.61318443221855,-1.2413597469251059,0.8661067823199602,
PER,2022Q4,socialsec,1,36.47929121453851,0.8661067823199602,1.392713074174992,
PER,2023Q1,socialsec,1,37.872004288713505,1.392713074174992,1.4311256155503003,
PER,2023Q2,socialsec,1,39.303129904263805,1.4311256155503003,0.5000950090643386,
PER,2023Q3,socialsec,1,39.803224913328144,0.5000950090643386,0.9468647110764792,
PER,2023Q4,socialsec,1,40.75008962440462,0.9468647110764792,-1.5671136416458396,
PER,2024Q1,socialsec,1,39.182975982758784,-1.5671136416458396,1.2389448377336123,
PER,2024Q2,socialsec,1,40.421920820492396,1.2389448377336123,-0.558657251110688,
PER,2024Q3,socialsec,1,39.86326356938171,-0.558657251110688,1.1564099021238974,
PER,2024Q4,socialsec,1,41.019673471505605,1.1564099021238974,-1.6576348831834053,
PER,2025Q1,socialsec,1,39.3620385883222,-1.6576348831834053,1.8233844943876107,
PER,2025Q2,socialsec,1,41.18542308270981,1.8233844943876107,1.719723760192032,
PER,2025Q3,socialsec,1,42.90514684290184,1.719723760192032,0.7834737042798778,
PER,2025Q4,socialsec,1,43.68862054718172,0.7834737042798778,-1.7786968466184518,
PER,2026Q1,socialsec,1,41.90992370056327,-1.7786968466184518,2.7418604401115374,
PER,2026Q2,socialsec,1,44.651784140674806,2.7418604401115374,,
PER,2022Q1,urban,0,17.06752604581876,,-0.12490132862820857,
PER,2022Q2,urban,0,16.94262471719055,-0.12490132862820857,-0.1271109912711701,
PER,2022Q3,urban,0,16.81551372591938,-0.1271109912711701,-0.126611991728236,
PER,2022Q4,urban,0,16.688901734191145,-0.126611991728236,-0.12417714990042938,
PER,2023Q1,urban,0,16.564724584290715,-0.12417714990042938,-2.6549386603449356,
PER,2023Q2,urban,0,13.90978592394578,-2.6549386603449356,-0.3805320178337315,
PER,2023Q3,urban,0,13.529253906112048,-0.3805320178337315,2.665983981639732,
PER,2023Q4,urban,0,16.19523788775178,2.665983981639732,-0.12085560994944444,
PER,2024Q1,urban,0,16.074382277802336,-0.12085560994944444,-0.12047859937863947,
PER,2024Q2,urban,0,15.953903678423696,-0.12047859937863947,-0.12005030189082078,
PER,2024Q3,urban,0,15.833853376532876,-0.12005030189082078,-0.11950071109390059,
PER,2024Q4,urban,0,15.714352665438975,-0.11950071109390059,-0.11900728318031817,
PER,2025Q1,urban,0,15.595345382258657,-0.11900728318031817,-0.11863153411800553,
PER,2025Q2,urban,0,15.476713848140651,-0.11863153411800553,-0.12080719181935962,
PER,2025Q3,urban,0,15.355906656321292,-0.12080719181935962,-0.12146806649407971,
PER,2025Q4,urban,0,15.234438589827212,-0.12146806649407971,-0.12017179190247163,
PER,2026Q1,urban,0,15.11426679792474,-0.12017179190247163,-0.12010794292174332,
PER,2026Q2,urban,0,14.994158855002997,-0.12010794292174332,,
PER,2022Q1,urban,1,82.93247395418123,,0.12490132862822634,
PER,2022Q2,urban,1,83.05737528280946,0.12490132862822634,0.12711099127115233,
PER,2022Q3,urban,1,83.18448627408061,0.12711099127115233,0.12661199172825377,
PER,2022Q4,urban,1,83.31109826580887,0.12661199172825377,0.12417714990041873,
PER,2023Q1,urban,1,83.43527541570928,0.12417714990041873,2.654938660344939,
PER,2023Q2,urban,1,86.09021407605422,2.654938660344939,0.3805320178337297,
PER,2023Q3,urban,1,86.47074609388795,0.3805320178337297,-2.665983981639741,
PER,2023Q4,urban,1,83.80476211224821,-2.665983981639741,0.12085560994945865,
PER,2024Q1,urban,1,83.92561772219767,0.12085560994945865,0.12047859937862881,
PER,2024Q2,urban,1,84.0460963215763,0.12047859937862881,0.12005030189082788,
PER,2024Q3,urban,1,84.16614662346713,0.12005030189082788,0.11950071109390592,
PER,2024Q4,urban,1,84.28564733456103,0.11950071109390592,0.11900728318029508,
PER,2025Q1,urban,1,84.40465461774133,0.11900728318029508,0.1186315341180233,
PER,2025Q2,urban,1,84.52328615185935,0.1186315341180233,0.12080719181935251,
PER,2025Q3,urban,1,84.6440933436787,0.12080719181935251,0.1214680664941028,
PER,2025Q4,urban,1,84.76556141017281,0.1214680664941028,0.12017179190245031,
PER,2026Q1,urban,1,84.88573320207526,0.12017179190245031,0.12010794292174864,
PER,2026Q2,urban,1,85.005841144997,0.12010794292174864,,
PHL,2021Q1,educat7,1,5.886753050453508,,0.45522062514423567,
PHL,2021Q2,educat7,1,6.341973675597743,0.45522062514423567,-1.080924279029797,
PHL,2021Q3,educat7,1,5.261049396567946,-1.080924279029797,0.22131033072629247,
PHL,2021Q4,educat7,1,5.482359727294239,0.22131033072629247,0.1711477030484101,
PHL,2022Q1,educat7,1,5.653507430342649,0.1711477030484101,0.5800867853807539,
PHL,2022Q2,educat7,1,6.233594215723403,0.5800867853807539,-1.0641002220885278,
PHL,2022Q3,educat7,1,5.169493993634875,-1.0641002220885278,-0.08034535701124934,
PHL,2022Q4,educat7,1,5.089148636623626,-0.08034535701124934,0.5586893736248131,
PHL,2023Q1,educat7,1,5.647838010248439,0.5586893736248131,0.23681572045180488,
PHL,2023Q2,educat7,1,5.884653730700244,0.23681572045180488,-1.0023220889717424,
PHL,2023Q3,educat7,1,4.882331641728501,-1.0023220889717424,0.0842294246922437,
PHL,2023Q4,educat7,1,4.966561066420745,0.0842294246922437,0.386133576389482,
PHL,2024Q1,educat7,1,5.352694642810227,0.386133576389482,0.4490983758311451,
PHL,2024Q2,educat7,1,5.801793018641372,0.4490983758311451,-0.7517247005811445,
PHL,2024Q3,educat7,1,5.0500683180602275,-0.7517247005811445,0.017844868477426168,
PHL,2024Q4,educat7,1,5.067913186537654,0.017844868477426168,0.5093837265034757,
PHL,2025Q1,educat7,1,5.577296913041129,0.5093837265034757,-0.9675481674751669,
PHL,2025Q2,educat7,1,4.6097487455659625,-0.9675481674751669,-0.2730255151063661,
PHL,2025Q4,educat7,1,4.336723230459596,-0.2730255151063661,,
PHL,2021Q1,educat7,2,19.30158745019638,,-0.3558496647889058,
PHL,2021Q2,educat7,2,18.945737785407474,-0.3558496647889058,-0.05691562970167041,
PHL,2021Q3,educat7,2,18.888822155705803,-0.05691562970167041,-0.12071364025882048,
PHL,2021Q4,educat7,2,18.768108515446983,-0.12071364025882048,0.08562285231126054,
PHL,2022Q1,educat7,2,18.853731367758243,0.08562285231126054,-0.18842754932022387,
PHL,2022Q2,educat7,2,18.66530381843802,-0.18842754932022387,-0.32711051979007877,
PHL,2022Q3,educat7,2,18.33819329864794,-0.32711051979007877,0.20564241852677867,
PHL,2022Q4,educat7,2,18.54383571717472,0.20564241852677867,-0.1451667363547422,
PHL,2023Q1,educat7,2,18.398668980819977,-0.1451667363547422,0.032854139237645796,
PHL,2023Q2,educat7,2,18.431523120057623,0.032854139237645796,0.35304312814608707,
PHL,2023Q3,educat7,2,18.78456624820371,0.35304312814608707,-0.4634130480715335,
PHL,2023Q4,educat7,2,18.321153200132176,-0.4634130480715335,0.5187729186778078,
PHL,2024Q1,educat7,2,18.839926118809984,0.5187729186778078,-0.7292289884010934,
PHL,2024Q2,educat7,2,18.11069713040889,-0.7292289884010934,-0.1031119547301067,
PHL,2024Q3,educat7,2,18.007585175678784,-0.1031119547301067,-0.1713839960070409,
PHL,2024Q4,educat7,2,17.836201179671743,-0.1713839960070409,-0.19004273930132953,
PHL,2025Q1,educat7,2,17.646158440370414,-0.19004273930132953,-0.07416990917124977,
PHL,2025Q2,educat7,2,17.571988531199164,-0.07416990917124977,-1.5289591172280517,
PHL,2025Q4,educat7,2,16.043029413971112,-1.5289591172280517,,
PHL,2021Q1,educat7,3,9.856502070719682,,-0.2191154277853009,
PHL,2021Q2,educat7,3,9.63738664293438,-0.2191154277853009,-0.1680976454538765,
PHL,2021Q3,educat7,3,9.469288997480504,-0.1680976454538765,0.24782461716272586,
PHL,2021Q4,educat7,3,9.71711361464323,0.24782461716272586,-0.34962443225388284,
PHL,2022Q1,educat7,3,9.367489182389347,-0.34962443225388284,-0.0054137568815999515,
PHL,2022Q2,educat7,3,9.362075425507747,-0.0054137568815999515,0.3637564110465341,
PHL,2022Q3,educat7,3,9.725831836554281,0.3637564110465341,-0.31922448936423287,
PHL,2022Q4,educat7,3,9.406607347190048,-0.31922448936423287,-0.22716842148742522,
PHL,2023Q1,educat7,3,9.179438925702623,-0.22716842148742522,0.18148971085184762,
PHL,2023Q2,educat7,3,9.36092863655447,0.18148971085184762,-0.4665543278851967,
PHL,2023Q3,educat7,3,8.894374308669274,-0.4665543278851967,0.14780899657274205,
PHL,2023Q4,educat7,3,9.042183305242016,0.14780899657274205,-0.16055324655159708,
PHL,2024Q1,educat7,3,8.881630058690419,-0.16055324655159708,0.3079040363849703,
PHL,2024Q2,educat7,3,9.18953409507539,0.3079040363849703,0.3841955003923836,
PHL,2024Q3,educat7,3,9.573729595467773,0.3841955003923836,-0.17023271454336175,
PHL,2024Q4,educat7,3,9.403496880924411,-0.17023271454336175,-0.14570776401577845,
PHL,2025Q1,educat7,3,9.257789116908633,-0.14570776401577845,0.07472266676048456,
PHL,2025Q2,educat7,3,9.332511783669117,0.07472266676048456,-0.33878575242960274,
PHL,2025Q4,educat7,3,8.993726031239515,-0.33878575242960274,,
PHL,2021Q1,educat7,4,16.23985575405379,,-0.5892024390938442,
PHL,2021Q2,educat7,4,15.650653314959944,-0.5892024390938442,0.9522572733558388,
PHL,2021Q3,educat7,4,16.602910588315783,0.9522572733558388,-0.4684740846083031,
PHL,2021Q4,educat7,4,16.13443650370748,-0.4684740846083031,0.26585276180156114,
PHL,2022Q1,educat7,4,16.40028926550904,0.26585276180156114,-0.8591997835543221,
PHL,2022Q2,educat7,4,15.54108948195472,-0.8591997835543221,0.1926195415861276,
PHL,2022Q3,educat7,4,15.733709023540847,0.1926195415861276,0.30027187442225767,
PHL,2022Q4,educat7,4,16.033980897963104,0.30027187442225767,-0.631350566880629,
PHL,2023Q1,educat7,4,15.402630331082475,-0.631350566880629,-0.1633713259861871,
PHL,2023Q2,educat7,4,15.239259005096288,-0.1633713259861871,0.6899033968838033,
PHL,2023Q3,educat7,4,15.929162401980092,0.6899033968838033,-1.2815329552085188,
PHL,2023Q4,educat7,4,14.647629446771573,-1.2815329552085188,0.9691326751620029,
PHL,2024Q1,educat7,4,15.616762121933576,0.9691326751620029,-0.762760369083086,
PHL,2024Q2,educat7,4,14.85400175285049,-0.762760369083086,-0.17645636584017765,
PHL,2024Q3,educat7,4,14.677545387010312,-0.17645636584017765,-0.7893774510915694,
PHL,2024Q4,educat7,4,13.888167935918743,-0.7893774510915694,-0.18639141402263526,
PHL,2025Q1,educat7,4,13.701776521896107,-0.18639141402263526,0.39872955246924846,
PHL,2025Q2,educat7,4,14.100506074365356,0.39872955246924846,-0.9901881737210108,
PHL,2025Q4,educat7,4,13.110317900644345,-0.9901881737210108,,
PHL,2021Q1,educat7,5,20.433224210120056,,-0.25805471185048745,
PHL,2021Q2,educat7,5,20.175169498269568,-0.25805471185048745,0.3519711400087715,
PHL,2021Q3,educat7,5,20.52714063827834,0.3519711400087715,0.336278054917873,
PHL,2021Q4,educat7,5,20.863418693196213,0.336278054917873,-0.036294732991922984,
PHL,2022Q1,educat7,5,20.82712396020429,-0.036294732991922984,0.729217846166275,
PHL,2022Q2,educat7,5,21.556341806370565,0.729217846166275,0.22373392329951258,
PHL,2022Q3,educat7,5,21.780075729670077,0.22373392329951258,0.3843852887546966,
PHL,2022Q4,educat7,5,22.164461018424774,0.3843852887546966,-0.20629780198841274,
PHL,2023Q1,educat7,5,21.95816321643636,-0.20629780198841274,-0.46937024738565825,
PHL,2023Q2,educat7,5,21.488792969050703,-0.46937024738565825,0.310539128723601,
PHL,2023Q3,educat7,5,21.799332097774304,0.310539128723601,0.6689490659647461,
PHL,2023Q4,educat7,5,22.46828116373905,0.6689490659647461,-0.5763809939053424,
PHL,2024Q1,educat7,5,21.891900169833708,-0.5763809939053424,0.7991294184081674,
PHL,2024Q2,educat7,5,22.691029588241875,0.7991294184081674,0.2046691405011778,
PHL,2024Q3,educat7,5,22.895698728743053,0.2046691405011778,0.49495805901719336,
PHL,2024Q4,educat7,5,23.390656787760246,0.49495805901719336,-0.006770440381256293,
PHL,2025Q1,educat7,5,23.38388634737899,-0.006770440381256293,0.39757178127277726,
PHL,2025Q2,educat7,5,23.781458128651767,0.39757178127277726,-0.11015579424232769,
PHL,2025Q4,educat7,5,23.67130233440944,-0.11015579424232769,,
PHL,2021Q1,educat7,6,2.656615101498067,,0.12844064385981158,
PHL,2021Q2,educat7,6,2.7850557453578784,0.12844064385981158,0.4193724068934781,
PHL,2021Q3,educat7,6,3.2044281522513565,0.4193724068934781,-0.6676146062279362,
PHL,2021Q4,educat7,6,2.5368135460234202,-0.6676146062279362,-0.17382457360458758,
PHL,2022Q1,educat7,6,2.3629889724188327,-0.17382457360458758,0.024870713653978083,
PHL,2022Q2,educat7,6,2.3878596860728107,0.024870713653978083,-0.14323801091680854,
PHL,2022Q3,educat7,6,2.244621675156002,-0.14323801091680854,-0.014577804594493315,
PHL,2022Q4,educat7,6,2.230043870561509,-0.014577804594493315,0.08863903774484116,
PHL,2023Q1,educat7,6,2.31868290830635,0.08863903774484116,-0.09759053676708129,
PHL,2023Q2,educat7,6,2.2210923715392688,-0.09759053676708129,-0.3580646170524082,
PHL,2023Q3,educat7,6,1.8630277544868605,-0.3580646170524082,0.061558417473455584,
PHL,2023Q4,educat7,6,1.9245861719603161,0.061558417473455584,-0.12978945380177698,
PHL,2024Q1,educat7,6,1.7947967181585391,-0.12978945380177698,0.14381845683715433,
PHL,2024Q2,educat7,6,1.9386151749956935,0.14381845683715433,0.0007077719783938896,
PHL,2024Q3,educat7,6,1.9393229469740874,0.0007077719783938896,-0.14568628031076236,
PHL,2024Q4,educat7,6,1.793636666663325,-0.14568628031076236,0.17027563505824395,
PHL,2025Q1,educat7,6,1.963912301721569,0.17027563505824395,0.039514833051992104,
PHL,2025Q2,educat7,6,2.003427134773561,0.039514833051992104,-0.05829706025668946,
PHL,2025Q4,educat7,6,1.9451300745168716,-0.05829706025668946,,
PHL,2021Q1,educat7,7,17.850721119371304,,0.7807902231924011,
PHL,2021Q2,educat7,7,18.631511342563705,0.7807902231924011,-0.2320353980510781,
PHL,2021Q3,educat7,7,18.399475944512627,-0.2320353980510781,0.6147374677621755,
PHL,2021Q4,educat7,7,19.014213412274803,0.6147374677621755,0.10702133615633258,
PHL,2022Q1,educat7,7,19.121234748431135,0.10702133615633258,-0.29663911333967974,
PHL,2022Q2,educat7,7,18.824595635091455,-0.29663911333967974,0.7578418710651498,
PHL,2022Q3,educat7,7,19.582437506156605,0.7578418710651498,-0.4009824923334193,
PHL,2022Q4,educat7,7,19.181455013823186,-0.4009824923334193,0.6132395631965686,
PHL,2023Q1,educat7,7,19.794694577019754,0.6132395631965686,0.09998610686461262,
PHL,2023Q2,educat7,7,19.894680683884367,0.09998610686461262,0.029646733884614918,
PHL,2023Q3,educat7,7,19.924327417768982,0.029646733884614918,0.9822143187716001,
PHL,2023Q4,educat7,7,20.906541736540582,0.9822143187716001,-0.9470003999119889,
PHL,2024Q1,educat7,7,19.959541336628593,-0.9470003999119889,-0.43671682137140166,
PHL,2024Q2,educat7,7,19.52282451525719,-0.43671682137140166,1.1341122701175692,
PHL,2024Q3,educat7,7,20.65693678537476,1.1341122701175692,0.6190449529782498,
PHL,2024Q4,educat7,7,21.27598173835301,0.6190449529782498,-0.30226108530349904,
PHL,2025Q1,educat7,7,20.97372065304951,-0.30226108530349904,0.2559380518920449,
PHL,2025Q2,educat7,7,21.229658704941556,0.2559380518920449,0.8960634487263128,
PHL,2025Q4,educat7,7,22.12572215366787,0.8960634487263128,,
PHL,2021Q1,educat7,NA,7.7747412435872105,,0.057770751322093084,
PHL,2021Q2,educat7,NA,7.832511994909304,0.057770751322093084,-0.18562786802166986,
PHL,2021Q3,educat7,NA,7.646884126887634,-0.18562786802166986,-0.16334813947400129,
PHL,2021Q4,educat7,NA,7.4835359874136325,-0.16334813947400129,-0.06990091446715851,
PHL,2022Q1,educat7,NA,7.413635072946474,-0.06990091446715851,0.015504857894796054,
PHL,2022Q2,educat7,NA,7.42913993084127,0.015504857894796054,-0.003502994201891596,
PHL,2022Q3,educat7,NA,7.425636936639378,-0.003502994201891596,-0.07516943840034163,
PHL,2022Q4,educat7,NA,7.350467498239037,-0.07516943840034163,-0.05058444785503813,
PHL,2023Q1,educat7,NA,7.299883050383999,-0.05058444785503813,0.17918643273303392,
PHL,2023Q2,educat7,NA,7.479069483117033,0.17918643273303392,0.44380864627125227,
PHL,2023Q3,educat7,NA,7.922878129388285,0.44380864627125227,-0.19981422019473705,
PHL,2023Q4,educat7,NA,7.723063909193548,-0.19981422019473705,-0.060315076058595096,
PHL,2024Q1,educat7,NA,7.662748833134953,-0.060315076058595096,0.22875589139412256,
PHL,2024Q2,educat7,NA,7.891504724529075,0.22875589139412256,-0.6923916618380748,
PHL,2024Q3,educat7,NA,7.1991130626910005,-0.6923916618380748,0.14483256147987067,
PHL,2024Q4,educat7,NA,7.343945624170871,0.14483256147987067,0.15151408146277046,
PHL,2025Q1,educat7,NA,7.495459705633642,0.15151408146277046,-0.12475880880011836,
PHL,2025Q2,educat7,NA,7.370700896833523,-0.12475880880011836,2.4033479642577253,
PHL,2025Q4,educat7,NA,9.774048861091249,2.4033479642577253,,
PHL,2021Q1,empstat,1,62.79730232031188,,-1.784490867450927,
PHL,2021Q2,empstat,1,61.01281145286095,-1.784490867450927,6.077309136473836,
PHL,2021Q3,empstat,1,67.09012058933479,6.077309136473836,-4.595367890639501,spike
PHL,2021Q4,empstat,1,62.49475269869529,-4.595367890639501,3.177961178968438,spike
PHL,2022Q1,empstat,1,65.67271387766372,3.177961178968438,-2.831469005205058,level_shift
PHL,2022Q2,empstat,1,62.84124487245867,-2.831469005205058,-0.7418827553165954,
PHL,2022Q3,empstat,1,62.09936211714207,-0.7418827553165954,0.5268333977354303,
PHL,2022Q4,empstat,1,62.6261955148775,0.5268333977354303,-0.3141996938847669,
PHL,2023Q1,empstat,1,62.311995820992735,-0.3141996938847669,-0.7643178745899988,
PHL,2023Q2,empstat,1,61.547677946402736,-0.7643178745899988,6.2016940875909725,
PHL,2023Q3,empstat,1,67.74937203399371,6.2016940875909725,-4.6753564327848025,spike
PHL,2023Q4,empstat,1,63.074015601208906,-4.6753564327848025,4.554991257587723,spike
PHL,2024Q1,empstat,1,67.62900685879663,4.554991257587723,-4.009115949161206,spike
PHL,2024Q2,empstat,1,63.61989090963542,-4.009115949161206,0.1228739340641738,level_shift
PHL,2024Q3,empstat,1,63.7427648436996,0.1228739340641738,0.10124682025983844,
PHL,2024Q4,empstat,1,63.844011663959435,0.10124682025983844,-0.827012860068109,
PHL,2025Q1,empstat,1,63.016998803891326,-0.827012860068109,0.17250880429652682,
PHL,2025Q2,empstat,1,63.18950760818785,0.17250880429652682,1.092190331827581,
PHL,2025Q4,empstat,1,64.28169794001543,1.092190331827581,,
PHL,2021Q1,empstat,2,5.892866887948571,,2.0204889628519984,
PHL,2021Q2,empstat,2,7.91335585080057,2.0204889628519984,-4.174398056200532,
PHL,2021Q3,empstat,2,3.7389577946000374,-4.174398056200532,3.5385276626170805,spike
PHL,2021Q4,empstat,2,7.277485457217118,3.5385276626170805,-2.3366723651528023,level_shift
PHL,2022Q1,empstat,2,4.940813092064316,-2.3366723651528023,2.130109177538057,
PHL,2022Q2,empstat,2,7.070922269602373,2.130109177538057,0.7734230486023383,
PHL,2022Q3,empstat,2,7.844345318204711,0.7734230486023383,-0.5696246612976257,
PHL,2022Q4,empstat,2,7.2747206569070855,-0.5696246612976257,0.8632186687402559,
PHL,2023Q1,empstat,2,8.137939325647341,0.8632186687402559,0.3159265567324603,
PHL,2023Q2,empstat,2,8.453865882379802,0.3159265567324603,-4.201881173136348,
PHL,2023Q3,empstat,2,4.2519847092434535,-4.201881173136348,2.2350414575192854,level_shift
PHL,2023Q4,empstat,2,6.487026166762739,2.2350414575192854,-2.035488948204785,
PHL,2024Q1,empstat,2,4.451537218557954,-2.035488948204785,2.021617272814458,
PHL,2024Q2,empstat,2,6.473154491372412,2.021617272814458,-0.7961424637870591,
PHL,2024Q3,empstat,2,5.677012027585353,-0.7961424637870591,0.2035628248200423,
PHL,2024Q4,empstat,2,5.880574852405395,0.2035628248200423,0.6765539768986795,
PHL,2025Q1,empstat,2,6.557128829304075,0.6765539768986795,0.2721123110902486,
PHL,2025Q2,empstat,2,6.829241140394323,0.2721123110902486,-0.619861177083898,
PHL,2025Q4,empstat,2,6.209379963310425,-0.619861177083898,,
PHL,2021Q1,empstat,3,2.712902245193583,,-0.09364887430861835,
PHL,2021Q2,empstat,3,2.6192533708849646,-0.09364887430861835,0.3704740750413422,
PHL,2021Q3,empstat,3,2.989727445926307,0.3704740750413422,0.09593636863324351,
PHL,2021Q4,empstat,3,3.0856638145595503,0.09593636863324351,-0.2368940270061266,
PHL,2022Q1,empstat,3,2.8487697875534237,-0.2368940270061266,-0.3193442731692975,
PHL,2022Q2,empstat,3,2.529425514384126,-0.3193442731692975,0.08049841302092897,
PHL,2022Q3,empstat,3,2.609923927405055,0.08049841302092897,-0.28457862632404707,
PHL,2022Q4,empstat,3,2.325345301081008,-0.28457862632404707,0.20096122202307587,
PHL,2023Q1,empstat,3,2.526306523104084,0.20096122202307587,-0.046480921925451835,
PHL,2023Q2,empstat,3,2.479825601178632,-0.046480921925451835,0.5954300154897259,
PHL,2023Q3,empstat,3,3.075255616668358,0.5954300154897259,-0.493071857050817,
PHL,2023Q4,empstat,3,2.582183759617541,-0.493071857050817,0.050453845859144586,
PHL,2024Q1,empstat,3,2.6326376054766856,0.050453845859144586,-0.5857023602357354,
PHL,2024Q2,empstat,3,2.04693524524095,-0.5857023602357354,0.3144433517058993,
PHL,2024Q3,empstat,3,2.3613785969468495,0.3144433517058993,0.18861887949335143,
PHL,2024Q4,empstat,3,2.549997476440201,0.18861887949335143,-0.3195088309588683,
PHL,2025Q1,empstat,3,2.2304886454813326,-0.3195088309588683,-0.2398258386767811,
PHL,2025Q2,empstat,3,1.9906628068045515,-0.2398258386767811,0.03717626641920724,
PHL,2025Q4,empstat,3,2.027839073223759,0.03717626641920724,,
PHL,2021Q1,empstat,4,28.596928546545968,,-0.14234922109244152,
PHL,2021Q2,empstat,4,28.454579325453526,-0.14234922109244152,-2.2733851553146636,
PHL,2021Q3,empstat,4,26.181194170138863,-2.2733851553146636,0.9609038593891874,
PHL,2021Q4,empstat,4,27.14209802952805,0.9609038593891874,-0.604394786809511,
PHL,2022Q1,empstat,4,26.53770324271854,-0.604394786809511,1.0207041008362943,
PHL,2022Q2,empstat,4,27.558407343554833,1.0207041008362943,-0.11203870630666302,
PHL,2022Q3,empstat,4,27.44636863724817,-0.11203870630666302,0.3273698898862243,
PHL,2022Q4,empstat,4,27.773738527134395,0.3273698898862243,-0.7499801968785498,
PHL,2023Q1,empstat,4,27.023758330255845,-0.7499801968785498,0.494872239782989,
PHL,2023Q2,empstat,4,27.518630570038834,0.494872239782989,-2.5952429299443516,
PHL,2023Q3,empstat,4,24.923387640094482,-2.5952429299443516,2.9333868323163266,
PHL,2023Q4,empstat,4,27.85677447241081,2.9333868323163266,-2.569956155242078,
PHL,2024Q1,empstat,4,25.28681831716873,-2.569956155242078,2.5732010365824785,
PHL,2024Q2,empstat,4,27.86001935375121,2.5732010365824785,0.3588251780169962,
PHL,2024Q3,empstat,4,28.218844531768205,0.3588251780169962,-0.4934285245732255,
PHL,2024Q4,empstat,4,27.72541600719498,-0.4934285245732255,0.4699677141282983,
PHL,2025Q1,empstat,4,28.195383721323278,0.4699677141282983,-0.20479527671001563,
PHL,2025Q2,empstat,4,27.990588444613262,-0.20479527671001563,-0.5095054211628707,
PHL,2025Q4,empstat,4,27.481083023450392,-0.5095054211628707,,
PHL,2021Q1,industrycat10,1,24.349628229308678,,0.05596807382419655,
PHL,2021Q2,industrycat10,1,24.405596303132874,0.05596807382419655,-2.362078478324406,
PHL,2021Q3,industrycat10,1,22.043517824808468,-2.362078478324406,2.528351594478135,
PHL,2021Q4,industrycat10,1,24.571869419286603,2.528351594478135,-2.8572893153728955,
PHL,2022Q1,industrycat10,1,21.714580103913708,-2.8572893153728955,1.8483166852595332,
PHL,2022Q2,industrycat10,1,23.56289678917324,1.8483166852595332,-0.0773345683103237,
PHL,2022Q3,industrycat10,1,23.485562220862917,-0.0773345683103237,-0.9761338230501728,
PHL,2022Q4,industrycat10,1,22.509428397812744,-0.9761338230501728,-0.3027332176377868,
PHL,2023Q1,industrycat10,1,22.206695180174957,-0.3027332176377868,-0.2639363720536636,
PHL,2023Q2,industrycat10,1,21.942758808121294,-0.2639363720536636,-1.3873034787167597,
PHL,2023Q3,industrycat10,1,20.555455329404534,-1.3873034787167597,1.588399612506855,
PHL,2023Q4,industrycat10,1,22.14385494191139,1.588399612506855,-1.7344386797696885,
PHL,2024Q1,industrycat10,1,20.4094162621417,-1.7344386797696885,-0.14623019700898254,
PHL,2024Q2,industrycat10,1,20.263186065132718,-0.14623019700898254,0.8777506706058098,
PHL,2024Q3,industrycat10,1,21.140936735738528,0.8777506706058098,0.012274266279192148,
PHL,2024Q4,industrycat10,1,21.15321100201772,0.012274266279192148,-0.029397545898632416,
PHL,2025Q1,industrycat10,1,21.123813456119088,-0.029397545898632416,-0.5391881390508573,
PHL,2025Q2,industrycat10,1,20.58462531706823,-0.5391881390508573,0.8572739701531518,
PHL,2025Q4,industrycat10,1,21.441899287221382,0.8572739701531518,,
PHL,2021Q1,industrycat10,10,11.660010422903017,,-0.2021187577559882,
PHL,2021Q2,industrycat10,10,11.457891665147029,-0.2021187577559882,0.14793016726456898,
PHL,2021Q3,industrycat10,10,11.605821832411598,0.14793016726456898,-0.2035041605144361,
PHL,2021Q4,industrycat10,10,11.402317671897162,-0.2035041605144361,0.4580894661166841,
PHL,2022Q1,industrycat10,10,11.860407138013846,0.4580894661166841,-0.1893432922034357,
PHL,2022Q2,industrycat10,10,11.67106384581041,-0.1893432922034357,-0.32035397492546025,
PHL,2022Q3,industrycat10,10,11.35070987088495,-0.32035397492546025,0.2610543345286995,
PHL,2022Q4,industrycat10,10,11.61176420541365,0.2610543345286995,-0.10746912445441481,
PHL,2023Q1,industrycat10,10,11.504295080959235,-0.10746912445441481,0.7493624122306937,
PHL,2023Q2,industrycat10,10,12.253657493189928,0.7493624122306937,-0.01803303294487968,
PHL,2023Q3,industrycat10,10,12.235624460245049,-0.01803303294487968,-0.4380653752412904,
PHL,2023Q4,industrycat10,10,11.797559085003758,-0.4380653752412904,0.573388879982156,
PHL,2024Q1,industrycat10,10,12.370947964985914,0.573388879982156,-0.0815507614862323,
PHL,2024Q2,industrycat10,10,12.289397203499682,-0.0815507614862323,-0.5188597736032374,
PHL,2024Q3,industrycat10,10,11.770537429896445,-0.5188597736032374,0.0772289820789478,
PHL,2024Q4,industrycat10,10,11.847766411975392,0.0772289820789478,0.26895298270654777,
PHL,2025Q1,industrycat10,10,12.11671939468194,0.26895298270654777,-0.15259848107968566,
PHL,2025Q2,industrycat10,10,11.964120913602255,-0.15259848107968566,-1.255598904625602,
PHL,2025Q4,industrycat10,10,10.708522008976653,-1.255598904625602,,
PHL,2021Q1,industrycat10,2,0.43028433634543956,,0.014343182577741698,
PHL,2021Q2,industrycat10,2,0.44462751892318125,0.014343182577741698,0.04115678983857973,
PHL,2021Q3,industrycat10,2,0.485784308761761,0.04115678983857973,-0.09746233688344957,
PHL,2021Q4,industrycat10,2,0.3883219718783114,-0.09746233688344957,0.08022401568989307,
PHL,2022Q1,industrycat10,2,0.4685459875682045,0.08022401568989307,-0.025005993916185798,
PHL,2022Q2,industrycat10,2,0.4435399936520187,-0.025005993916185798,-0.03690374285173831,
PHL,2022Q3,industrycat10,2,0.4066362508002804,-0.03690374285173831,0.0970674917490853,
PHL,2022Q4,industrycat10,2,0.5037037425493657,0.0970674917490853,-0.044440693564260225,
PHL,2023Q1,industrycat10,2,0.45926304898510545,-0.044440693564260225,0.040583134950824884,
PHL,2023Q2,industrycat10,2,0.49984618393593033,0.040583134950824884,-0.004128195491299724,
PHL,2023Q3,industrycat10,2,0.4957179884446306,-0.004128195491299724,-0.15643165596662173,
PHL,2023Q4,industrycat10,2,0.3392863324780089,-0.15643165596662173,0.13031455811716547,
PHL,2024Q1,industrycat10,2,0.46960089059517435,0.13031455811716547,0.03451099138011954,
PHL,2024Q2,industrycat10,2,0.5041118819752939,0.03451099138011954,-0.11587810304206692,
PHL,2024Q3,industrycat10,2,0.38823377893322697,-0.11587810304206692,0.15549046177046966,
PHL,2024Q4,industrycat10,2,0.5437242407036966,0.15549046177046966,-0.08918307111825952,
PHL,2025Q1,industrycat10,2,0.4545411695854371,-0.08918307111825952,-0.068329006022389,
PHL,2025Q2,industrycat10,2,0.3862121635630481,-0.068329006022389,0.08854031834875165,
PHL,2025Q4,industrycat10,2,0.47475248191179975,0.08854031834875165,,
PHL,2021Q1,industrycat10,3,7.613625676733485,,0.2903988107119764,
PHL,2021Q2,industrycat10,3,7.9040244874454615,0.2903988107119764,0.5612136371779304,
PHL,2021Q3,industrycat10,3,8.465238124623392,0.5612136371779304,-0.8858851067533848,
PHL,2021Q4,industrycat10,3,7.579353017870007,-0.8858851067533848,0.8355244151560601,
PHL,2022Q1,industrycat10,3,8.414877433026067,0.8355244151560601,-0.40244794728250355,
PHL,2022Q2,industrycat10,3,8.012429485743564,-0.40244794728250355,-0.6436330369133199,
PHL,2022Q3,industrycat10,3,7.368796448830244,-0.6436330369133199,0.44415474863905846,
PHL,2022Q4,industrycat10,3,7.812951197469302,0.44415474863905846,-0.0593335595739104,
PHL,2023Q1,industrycat10,3,7.753617637895392,-0.0593335595739104,-0.5668065597916714,
PHL,2023Q2,industrycat10,3,7.18681107810372,-0.5668065597916714,0.9223581290435137,
PHL,2023Q3,industrycat10,3,8.109169207147234,0.9223581290435137,-0.5714399778257011,
PHL,2023Q4,industrycat10,3,7.537729229321533,-0.5714399778257011,0.2387431450736024,
PHL,2024Q1,industrycat10,3,7.776472374395135,0.2387431450736024,-0.04481454937719853,
PHL,2024Q2,industrycat10,3,7.731657825017937,-0.04481454937719853,-0.4895579644981298,
PHL,2024Q3,industrycat10,3,7.242099860519807,-0.4895579644981298,-0.009726915477481946,
PHL,2024Q4,industrycat10,3,7.232372945042325,-0.009726915477481946,-0.2866990539974523,
PHL,2025Q1,industrycat10,3,6.945673891044873,-0.2866990539974523,-0.10885518373172687,
PHL,2025Q2,industrycat10,3,6.836818707313146,-0.10885518373172687,0.6486144950319925,
PHL,2025Q4,industrycat10,3,7.485433202345138,0.6486144950319925,,
PHL,2021Q1,industrycat10,4,0.32370392855278285,,-0.012237667870072189,
PHL,2021Q2,industrycat10,4,0.31146626068271066,-0.012237667870072189,0.10998476198417179,
PHL,2021Q3,industrycat10,4,0.42145102266688245,0.10998476198417179,-0.03388519330636869,
PHL,2021Q4,industrycat10,4,0.38756582936051376,-0.03388519330636869,0.01621720897663448,
PHL,2022Q1,industrycat10,4,0.40378303833714824,0.01621720897663448,-0.026764113117932475,
PHL,2022Q2,industrycat10,4,0.37701892521921576,-0.026764113117932475,-0.00021406029229598111,
PHL,2022Q3,industrycat10,4,0.3768048649269198,-0.00021406029229598111,-0.0518244753472466,
PHL,2022Q4,industrycat10,4,0.3249803895796732,-0.0518244753472466,0.014908731475236747,
PHL,2023Q1,industrycat10,4,0.3398891210549099,0.014908731475236747,-0.0062433170620038725,
PHL,2023Q2,industrycat10,4,0.33364580399290605,-0.0062433170620038725,0.07496276453721834,
PHL,2023Q3,industrycat10,4,0.4086085685301244,0.07496276453721834,-0.07081245772201678,
PHL,2023Q4,industrycat10,4,0.3377961108081076,-0.07081245772201678,0.07476461101533938,
PHL,2024Q1,industrycat10,4,0.412560721823447,0.07476461101533938,-0.07377651122643958,
PHL,2024Q2,industrycat10,4,0.3387842105970074,-0.07377651122643958,0.049409387236103164,
PHL,2024Q3,industrycat10,4,0.3881935978331106,0.049409387236103164,-0.02094885352913356,
PHL,2024Q4,industrycat10,4,0.367244744303977,-0.02094885352913356,0.0023638864813179117,
PHL,2025Q1,industrycat10,4,0.36960863078529493,0.0023638864813179117,0.017383562456967927,
PHL,2025Q2,industrycat10,4,0.38699219324226286,0.017383562456967927,-0.06670696886575556,
PHL,2025Q4,industrycat10,4,0.3202852243765073,-0.06670696886575556,,
PHL,2021Q1,industrycat10,5,10.062865755848891,,-0.5008059140391588,
PHL,2021Q2,industrycat10,5,9.562059841809733,-0.5008059140391588,0.9633131680308953,
PHL,2021Q3,industrycat10,5,10.525373009840628,0.9633131680308953,-1.0529870571048843,
PHL,2021Q4,industrycat10,5,9.472385952735744,-1.0529870571048843,0.5873045300734994,
PHL,2022Q1,industrycat10,5,10.059690482809243,0.5873045300734994,-0.4481305585545492,
PHL,2022Q2,industrycat10,5,9.611559924254694,-0.4481305585545492,-0.06815435299893124,
PHL,2022Q3,industrycat10,5,9.543405571255763,-0.06815435299893124,0.1827868261786456,
PHL,2022Q4,industrycat10,5,9.726192397434408,0.1827868261786456,-1.24173984037939,
PHL,2023Q1,industrycat10,5,8.484452557055018,-1.24173984037939,0.5040581237742217,
PHL,2023Q2,industrycat10,5,8.98851068082924,0.5040581237742217,1.2809289103057235,
PHL,2023Q3,industrycat10,5,10.269439591134963,1.2809289103057235,-0.7101959315007189,
PHL,2023Q4,industrycat10,5,9.559243659634244,-0.7101959315007189,0.47841782573425107,
PHL,2024Q1,industrycat10,5,10.037661485368496,0.47841782573425107,-0.3379045006219208,
PHL,2024Q2,industrycat10,5,9.699756984746575,-0.3379045006219208,0.2647577922213866,
PHL,2024Q3,industrycat10,5,9.964514776967961,0.2647577922213866,-0.23783321165539917,
PHL,2024Q4,industrycat10,5,9.726681565312562,-0.23783321165539917,-0.24609288462620071,
PHL,2025Q1,industrycat10,5,9.480588680686362,-0.24609288462620071,0.4036404762863981,
PHL,2025Q2,industrycat10,5,9.88422915697276,0.4036404762863981,-0.17903949038432465,
PHL,2025Q4,industrycat10,5,9.705189666588435,-0.17903949038432465,,
PHL,2021Q1,industrycat10,6,24.354356505597146,,1.6186109251443064,
PHL,2021Q2,industrycat10,6,25.972967430741452,1.6186109251443064,-2.146164327390867,
PHL,2021Q3,industrycat10,6,23.826803103350585,-2.146164327390867,1.6781631008281508,
PHL,2021Q4,industrycat10,6,25.504966204178736,1.6781631008281508,-1.0820670424639864,
PHL,2022Q1,industrycat10,6,24.42289916171475,-1.0820670424639864,0.9050837450757783,
PHL,2022Q2,industrycat10,6,25.327982906790528,0.9050837450757783,1.1906702487706866,
PHL,2022Q3,industrycat10,6,26.518653155561214,1.1906702487706866,-0.5395761384853728,
PHL,2022Q4,industrycat10,6,25.97907701707584,-0.5395761384853728,0.72762160928988,
PHL,2023Q1,industrycat10,6,26.70669862636572,0.72762160928988,0.02504289396959436,
PHL,2023Q2,industrycat10,6,26.731741520335316,0.02504289396959436,-2.585044361034175,
PHL,2023Q3,industrycat10,6,24.14669715930114,-2.585044361034175,1.6546848833872154,
PHL,2023Q4,industrycat10,6,25.801382042688356,1.6546848833872154,-1.16780125892058,
PHL,2024Q1,industrycat10,6,24.633580783767776,-1.16780125892058,2.0367618827973004,
PHL,2024Q2,industrycat10,6,26.670342666565077,2.0367618827973004,-0.820477319469866,
PHL,2024Q3,industrycat10,6,25.84986534709521,-0.820477319469866,-0.2634470521875727,
PHL,2024Q4,industrycat10,6,25.586418294907638,-0.2634470521875727,0.5740869347793236,
PHL,2025Q1,industrycat10,6,26.16050522968696,0.5740869347793236,-0.06890988701810485,
PHL,2025Q2,industrycat10,6,26.091595342668857,-0.06890988701810485,-0.51690662490034,
PHL,2025Q4,industrycat10,6,25.574688717768517,-0.51690662490034,,
PHL,2021Q1,industrycat10,7,8.25095717114141,,-0.7846245811281047,
PHL,2021Q2,industrycat10,7,7.466332590013305,-0.7846245811281047,0.7992731832473279,
PHL,2021Q3,industrycat10,7,8.265605773260633,0.7992731832473279,-0.7657428122341994,
PHL,2021Q4,industrycat10,7,7.499862961026434,-0.7657428122341994,0.9963267642071063,
PHL,2022Q1,industrycat10,7,8.49618972523354,0.9963267642071063,-0.6531574973225975,
PHL,2022Q2,industrycat10,7,7.843032227910943,-0.6531574973225975,-0.298093676304366,
PHL,2022Q3,industrycat10,7,7.544938551606577,-0.298093676304366,0.6588178274473888,
PHL,2022Q4,industrycat10,7,8.203756379053965,0.6588178274473888,0.32483954256150227,
PHL,2023Q1,industrycat10,7,8.528595921615468,0.32483954256150227,-0.298223866344415,
PHL,2023Q2,industrycat10,7,8.230372055271053,-0.298223866344415,0.9472905588316287,
PHL,2023Q3,industrycat10,7,9.177662614102681,0.9472905588316287,-0.6565707752533871,
PHL,2023Q4,industrycat10,7,8.521091838849294,-0.6565707752533871,0.6886215633920205,
PHL,2024Q1,industrycat10,7,9.209713402241315,0.6886215633920205,-0.5365441230252195,
PHL,2024Q2,industrycat10,7,8.673169279216095,-0.5365441230252195,-0.09904839023196033,
PHL,2024Q3,industrycat10,7,8.574120888984135,-0.09904839023196033,0.30874132900912166,
PHL,2024Q4,industrycat10,7,8.882862217993257,0.30874132900912166,0.10859467485482988,
PHL,2025Q1,industrycat10,7,8.991456892848086,0.10859467485482988,-0.32094381454803944,
PHL,2025Q2,industrycat10,7,8.670513078300047,-0.32094381454803944,0.24793306633705647,
PHL,2025Q4,industrycat10,7,8.918446144637104,0.24793306633705647,,
PHL,2021Q1,industrycat10,8,6.93520735058105,,-0.4913084961734677,
PHL,2021Q2,industrycat10,8,6.443898854407582,-0.4913084961734677,1.4864230447260374,
PHL,2021Q3,industrycat10,8,7.930321899133619,1.4864230447260374,-0.9310881254266787,
PHL,2021Q4,industrycat10,8,6.9992337737069406,-0.9310881254266787,0.8431788142000061,
PHL,2022Q1,industrycat10,8,7.842412587906947,0.8431788142000061,-0.7368108001749754,
PHL,2022Q2,industrycat10,8,7.105601787731971,-0.7368108001749754,0.17107620761592912,
PHL,2022Q3,industrycat10,8,7.2766779953479,0.17107620761592912,0.21536177845042648,
PHL,2022Q4,industrycat10,8,7.492039773798327,0.21536177845042648,0.27601231675374027,
PHL,2023Q1,industrycat10,8,7.768052090552067,0.27601231675374027,0.038582745324458045,
PHL,2023Q2,industrycat10,8,7.806634835876525,0.038582745324458045,0.9310981553378008,
PHL,2023Q3,industrycat10,8,8.737732991214326,0.9310981553378008,-0.7081221235096589,
PHL,2023Q4,industrycat10,8,8.029610867704667,-0.7081221235096589,0.578215400071949,
PHL,2024Q1,industrycat10,8,8.607826267776616,0.578215400071949,-0.5728701982559823,
PHL,2024Q2,industrycat10,8,8.034956069520634,-0.5728701982559823,0.36167613271324406,
PHL,2024Q3,industrycat10,8,8.396632202233878,0.36167613271324406,0.30614362622751656,
PHL,2024Q4,industrycat10,8,8.702775828461395,0.30614362622751656,-0.15980797344023756,
PHL,2025Q1,industrycat10,8,8.542967855021157,-0.15980797344023756,0.3539256123940735,
PHL,2025Q2,industrycat10,8,8.89689346741523,0.3539256123940735,0.0501020162925343,
PHL,2025Q4,industrycat10,8,8.946995483707765,0.0501020162925343,,
PHL,2021Q1,industrycat10,9,6.019360622988103,,0.011774424708557163,
PHL,2021Q2,industrycat10,9,6.03113504769666,0.011774424708557163,0.39894805344578455,
PHL,2021Q3,industrycat10,9,6.430083101142444,0.39894805344578455,-0.23595990308289227,
PHL,2021Q4,industrycat10,9,6.194123198059552,-0.23595990308289227,0.1224911434170064,
PHL,2022Q1,industrycat10,9,6.3166143414765585,0.1224911434170064,-0.27174022776315176,
PHL,2022Q2,industrycat10,9,6.044874113713407,-0.27174022776315176,0.08294095620981778,
PHL,2022Q3,industrycat10,9,6.1278150699232246,0.08294095620981778,-0.29170857011049733,
PHL,2022Q4,industrycat10,9,5.836106499812727,-0.29170857011049733,0.4123342355293911,
PHL,2023Q1,industrycat10,9,6.248440735342118,0.4123342355293911,-0.22241919499803675,
PHL,2023Q2,industrycat10,9,6.0260215403440816,-0.22241919499803675,-0.16212944986875755,
PHL,2023Q3,industrycat10,9,5.863892090475324,-0.16212944986875755,0.0685538011253124,
PHL,2023Q4,industrycat10,9,5.932445891600636,0.0685538011253124,0.13977395530379777,
PHL,2024Q1,industrycat10,9,6.072219846904434,0.13977395530379777,-0.2775820331754595,
PHL,2024Q2,industrycat10,9,5.794637813728975,-0.2775820331754595,0.4902275680687227,
PHL,2024Q3,industrycat10,9,6.284865381797697,0.4902275680687227,-0.32792263251564524,
PHL,2024Q4,industrycat10,9,5.956942749282052,-0.32792263251564524,-0.1428179497412687,
PHL,2025Q1,industrycat10,9,5.814124799540783,-0.1428179497412687,0.4838748603133638,
PHL,2025Q2,industrycat10,9,6.297999659854147,0.4838748603133638,0.1257881226125548,
PHL,2025Q4,industrycat10,9,6.423787782466702,0.1257881226125548,,
PHL,2021Q1,lstatus,1,38.286775646909604,,1.7795960684109744,
PHL,2021Q2,lstatus,1,40.06637171532058,1.7795960684109744,-1.701416009083097,
PHL,2021Q3,lstatus,1,38.36495570623748,-1.701416009083097,1.9756084190127368,
PHL,2021Q4,lstatus,1,40.34056412525022,1.9756084190127368,-0.8032224286179712,
PHL,2022Q1,lstatus,1,39.53734169663225,-0.8032224286179712,2.145901971769149,
PHL,2022Q2,lstatus,1,41.683243668401396,2.145901971769149,1.4985577252591042,
PHL,2022Q3,lstatus,1,43.1818013936605,1.4985577252591042,-0.39326823344078576,
PHL,2022Q4,lstatus,1,42.788533160219714,-0.39326823344078576,0.16537702577476665,
PHL,2023Q1,lstatus,1,42.95391018599448,0.16537702577476665,0.5755364909722829,
PHL,2023Q2,lstatus,1,43.529446676966764,0.5755364909722829,-3.45456414308169,
PHL,2023Q3,lstatus,1,40.074882533885074,-3.45456414308169,2.916262275084641,level_shift
PHL,2023Q4,lstatus,1,42.991144808969715,2.916262275084641,-1.9325984293770944,
PHL,2024Q1,lstatus,1,41.05854637959262,-1.9325984293770944,2.1976110930822728,
PHL,2024Q2,lstatus,1,43.25615747267489,2.1976110930822728,-0.7060759940253831,
PHL,2024Q3,lstatus,1,42.55008147864951,-0.7060759940253831,0.29711658161043175,
PHL,2024Q4,lstatus,1,42.84719806025994,0.29711658161043175,0.25667880417756805,
PHL,2025Q1,lstatus,1,43.10387686443751,0.25667880417756805,0.059450585333529204,
PHL,2025Q2,lstatus,1,43.16332744977104,0.059450585333529204,-0.26907647621730035,
PHL,2025Q4,lstatus,1,42.89425097355374,-0.26907647621730035,,
PHL,2021Q1,lstatus,2,3.679359046725053,,0.1522291375643685,
PHL,2021Q2,lstatus,2,3.8315881842894215,0.1522291375643685,-0.8584130063151747,
PHL,2021Q3,lstatus,2,2.973175177974247,-0.8584130063151747,0.2524253364720601,
PHL,2021Q4,lstatus,2,3.225600514446307,0.2524253364720601,-0.5274808017415462,
PHL,2022Q1,lstatus,2,2.6981197127047607,-0.5274808017415462,-0.17383087473988512,
PHL,2022Q2,lstatus,2,2.5242888379648756,-0.17383087473988512,-0.15331276185707665,
PHL,2022Q3,lstatus,2,2.370976076107799,-0.15331276185707665,-0.33447779988822335,
PHL,2022Q4,lstatus,2,2.0364982762195756,-0.33447779988822335,0.12077314534672601,
PHL,2023Q1,lstatus,2,2.1572714215663016,0.12077314534672601,-0.11373455368963192,
PHL,2023Q2,lstatus,2,2.0435368678766697,-0.11373455368963192,0.015304460390573205,
PHL,2023Q3,lstatus,2,2.058841328267243,0.015304460390573205,-0.17930490267218047,
PHL,2023Q4,lstatus,2,1.8795364255950624,-0.17930490267218047,0.0502335495663111,
PHL,2024Q1,lstatus,2,1.9297699751613735,0.0502335495663111,-0.10399500133387285,
PHL,2024Q2,lstatus,2,1.8257749738275006,-0.10399500133387285,0.29375806325658016,
PHL,2024Q3,lstatus,2,2.119533037084081,0.29375806325658016,-0.3705303811539362,
PHL,2024Q4,lstatus,2,1.7490026559301446,-0.3705303811539362,0.1758818076696136,
PHL,2025Q1,lstatus,2,1.9248844635997582,0.1758818076696136,-0.09478836157797699,
PHL,2025Q2,lstatus,2,1.8300961020217812,-0.09478836157797699,0.42907046351826517,
PHL,2025Q4,lstatus,2,2.2591665655400464,0.42907046351826517,,
PHL,2021Q1,lstatus,3,27.40179135629483,,-1.8782561524899748,
PHL,2021Q2,lstatus,3,25.523535203804855,-1.8782561524899748,2.716742156293396,
PHL,2021Q3,lstatus,3,28.24027736009825,2.716742156293396,-2.242286159608735,
PHL,2021Q4,lstatus,3,25.997991200489516,-2.242286159608735,1.5365492201855275,
PHL,2022Q1,lstatus,3,27.534540420675043,1.5365492201855275,-1.9745916995442983,
PHL,2022Q2,lstatus,3,25.559948721130745,-1.9745916995442983,-1.2812775587558995,
PHL,2022Q3,lstatus,3,24.278671162374845,-1.2812775587558995,0.7826492424269453,
PHL,2022Q4,lstatus,3,25.06132040480179,0.7826492424269453,-0.22911362101315547,
PHL,2023Q1,lstatus,3,24.832206783788635,-0.22911362101315547,-0.4256606737756634,
PHL,2023Q2,lstatus,3,24.40654611001297,-0.4256606737756634,3.6418700665385586,
PHL,2023Q3,lstatus,3,28.04841617655153,3.6418700665385586,-2.749490160673492,level_shift
PHL,2023Q4,lstatus,3,25.29892601587804,-2.749490160673492,2.047839987206583,
PHL,2024Q1,lstatus,3,27.34676600308462,2.047839987206583,-2.10000782896433,
PHL,2024Q2,lstatus,3,25.24675817412029,-2.10000782896433,0.48402366389494134,
PHL,2024Q3,lstatus,3,25.730781838015233,0.48402366389494134,0.1585608941869019,
PHL,2024Q4,lstatus,3,25.889342732202135,0.1585608941869019,-0.407097424997378,
PHL,2025Q1,lstatus,3,25.482245307204757,-0.407097424997378,0.10849165844258835,
PHL,2025Q2,lstatus,3,25.590736965647345,0.10849165844258835,0.07945652082678833,
PHL,2025Q4,lstatus,3,25.670193486474133,0.07945652082678833,,
PHL,2021Q1,lstatus,NA,30.632073950070524,,-0.05356905348538987,
PHL,2021Q2,lstatus,NA,30.578504896585134,-0.05356905348538987,-0.1569131408951172,
PHL,2021Q3,lstatus,NA,30.421591755690017,-0.1569131408951172,0.014252404123929807,
PHL,2021Q4,lstatus,NA,30.435844159813946,0.014252404123929807,-0.2058459898259919,
PHL,2022Q1,lstatus,NA,30.229998169987955,-0.2058459898259919,0.002520602515044601,
PHL,2022Q2,lstatus,NA,30.232518772503,0.002520602515044601,-0.06396740464614226,
PHL,2022Q3,lstatus,NA,30.168551367856857,-0.06396740464614226,-0.054903209097933114,
PHL,2022Q4,lstatus,NA,30.113648158758924,-0.054903209097933114,-0.05703655010835007,
PHL,2023Q1,lstatus,NA,30.056611608650574,-0.05703655010835007,-0.03614126350697333,
PHL,2023Q2,lstatus,NA,30.0204703451436,-0.03614126350697333,-0.20261038384744978,
PHL,2023Q3,lstatus,NA,29.81785996129615,-0.20261038384744978,0.01253278826104065,
PHL,2023Q4,lstatus,NA,29.83039274955719,0.01253278826104065,-0.16547510739579963,
PHL,2024Q1,lstatus,NA,29.66491764216139,-0.16547510739579963,0.00639173721593167,
PHL,2024Q2,lstatus,NA,29.671309379377323,0.00639173721593167,-0.07170573312615502,
PHL,2024Q3,lstatus,NA,29.59960364625117,-0.07170573312615502,-0.08514709464339276,
PHL,2024Q4,lstatus,NA,29.514456551607775,-0.08514709464339276,-0.025463186849801644,
PHL,2025Q1,lstatus,NA,29.488993364757974,-0.025463186849801644,-0.07315388219813812,
PHL,2025Q2,lstatus,NA,29.415839482559836,-0.07315388219813812,-0.23945050812773871,
PHL,2025Q4,lstatus,NA,29.176388974432097,-0.23945050812773871,,
PHL,2021Q1,occup,0,0.2150012422330144,,0.015240764986850841,
PHL,2021Q2,occup,0,0.23024200721986524,0.015240764986850841,-0.027250248108117464,
PHL,2021Q3,occup,0,0.20299175911174777,-0.027250248108117464,-0.002956253150726229,
PHL,2021Q4,occup,0,0.20003550596102154,-0.002956253150726229,-0.0010778163137264984,
PHL,2022Q1,occup,0,0.19895768964729504,-0.0010778163137264984,-0.028046584193694157,
PHL,2022Q2,occup,0,0.1709111054536009,-0.028046584193694157,0.059271600415639836,
PHL,2022Q3,occup,0,0.23018270586924072,0.059271600415639836,-0.05615558182292121,
PHL,2022Q4,occup,0,0.1740271240463195,-0.05615558182292121,0.012889043646900716,
PHL,2023Q1,occup,0,0.18691616769322023,0.012889043646900716,-0.01571977548432263,
PHL,2023Q2,occup,0,0.1711963922088976,-0.01571977548432263,0.06098653931978343,
PHL,2023Q3,occup,0,0.23218293152868102,0.06098653931978343,-0.03312495489030298,
PHL,2023Q4,occup,0,0.19905797663837804,-0.03312495489030298,0.008314979678598095,
PHL,2024Q1,occup,0,0.20737295631697614,0.008314979678598095,-0.017515946396981813,
PHL,2024Q2,occup,0,0.18985700991999432,-0.017515946396981813,0.02454238994046465,
PHL,2024Q3,occup,0,0.21439939986045897,0.02454238994046465,-0.04889406846196029,
PHL,2024Q4,occup,0,0.16550533139849868,-0.04889406846196029,0.0579775212246163,
PHL,2025Q1,occup,0,0.22348285262311499,0.0579775212246163,0.05269860257651279,
PHL,2025Q2,occup,0,0.2761814551996278,0.05269860257651279,0.1613722290518675,
PHL,2025Q4,occup,0,0.43755368425149527,0.1613722290518675,,
PHL,2021Q1,occup,1,8.284352529293143,,-0.07626353278462616,
PHL,2021Q2,occup,1,8.208088996508517,-0.07626353278462616,0.1596724707314774,
PHL,2021Q3,occup,1,8.367761467239994,0.1596724707314774,-0.0397720150342753,
PHL,2021Q4,occup,1,8.327989452205719,-0.0397720150342753,-3.7502341715306944,
PHL,2022Q1,occup,1,4.577755280675024,-3.7502341715306944,2.038346169515239,level_shift
PHL,2022Q2,occup,1,6.616101450190263,2.038346169515239,-1.7712844579021256,
PHL,2022Q3,occup,1,4.844816992288138,-1.7712844579021256,-1.5025870013427887,
PHL,2022Q4,occup,1,3.342229990945349,-1.5025870013427887,0.3848947507416929,
PHL,2023Q1,occup,1,3.727124741687042,0.3848947507416929,0.6044625818749636,
PHL,2023Q2,occup,1,4.3315873235620055,0.6044625818749636,-0.0028433819678026495,
PHL,2023Q3,occup,1,4.328743941594203,-0.0028433819678026495,-0.6694752130467752,
PHL,2023Q4,occup,1,3.6592687285474277,-0.6694752130467752,-0.06288679094280125,
PHL,2024Q1,occup,1,3.5963819376046264,-0.06288679094280125,-0.140668652349905,
PHL,2024Q2,occup,1,3.4557132852547214,-0.140668652349905,0.22777983618817865,
PHL,2024Q3,occup,1,3.6834931214429,0.22777983618817865,-0.11962224725219928,
PHL,2024Q4,occup,1,3.563870874190701,-0.11962224725219928,0.13449058961597693,
PHL,2025Q1,occup,1,3.6983614638066777,0.13449058961597693,-0.38235196050831544,
PHL,2025Q2,occup,1,3.3160095032983623,-0.38235196050831544,0.27363512283224845,
PHL,2025Q4,occup,1,3.5896446261306107,0.27363512283224845,,
PHL,2021Q1,occup,2,5.719596391937457,,0.09657731406310788,
PHL,2021Q2,occup,2,5.816173706000565,0.09657731406310788,-0.3315922312383206,
PHL,2021Q3,occup,2,5.484581474762244,-0.3315922312383206,0.04214286782148058,
PHL,2021Q4,occup,2,5.526724342583725,0.04214286782148058,-0.14304173256771424,
PHL,2022Q1,occup,2,5.3836826100160105,-0.14304173256771424,0.2354442890845796,
PHL,2022Q2,occup,2,5.61912689910059,0.2354442890845796,-0.4355438844337689,
PHL,2022Q3,occup,2,5.183583014666821,-0.4355438844337689,0.018473746004721292,
PHL,2022Q4,occup,2,5.202056760671542,0.018473746004721292,0.2488334505013885,
PHL,2023Q1,occup,2,5.450890211172931,0.2488334505013885,0.2634883918651152,
PHL,2023Q2,occup,2,5.714378603038046,0.2634883918651152,0.011402606960165151,
PHL,2023Q3,occup,2,5.725781209998211,0.011402606960165151,0.23887265576545946,
PHL,2023Q4,occup,2,5.964653865763671,0.23887265576545946,-0.05605610257573268,
PHL,2024Q1,occup,2,5.908597763187938,-0.05605610257573268,-0.33086250969328557,
PHL,2024Q2,occup,2,5.5777352534946525,-0.33086250969328557,-0.08700550381650007,
PHL,2024Q3,occup,2,5.490729749678152,-0.08700550381650007,0.5289558609690177,
PHL,2024Q4,occup,2,6.01968561064717,0.5289558609690177,-0.3015413150510282,
PHL,2025Q1,occup,2,5.718144295596142,-0.3015413150510282,0.05799078379146749,
PHL,2025Q2,occup,2,5.776135079387609,0.05799078379146749,0.061558184096522695,
PHL,2025Q4,occup,2,5.837693263484132,0.061558184096522695,,
PHL,2021Q1,occup,3,3.737458444691977,,-0.01311373904748736,
PHL,2021Q2,occup,3,3.72434470564449,-0.01311373904748736,0.8565792590571331,
PHL,2021Q3,occup,3,4.580923964701623,0.8565792590571331,-0.46575469972511563,
PHL,2021Q4,occup,3,4.115169264976507,-0.46575469972511563,0.06348117204360815,
PHL,2022Q1,occup,3,4.178650437020115,0.06348117204360815,-0.5346379484736414,
PHL,2022Q2,occup,3,3.644012488546474,-0.5346379484736414,0.715778895572948,
PHL,2022Q3,occup,3,4.359791384119422,0.715778895572948,-0.5785015154828272,
PHL,2022Q4,occup,3,3.7812898686365948,-0.5785015154828272,0.16865827692106627,
PHL,2023Q1,occup,3,3.949948145557661,0.16865827692106627,0.07961433227672288,
PHL,2023Q2,occup,3,4.029562477834384,0.07961433227672288,0.6632453508453988,
PHL,2023Q3,occup,3,4.692807828679783,0.6632453508453988,-0.39098325133492384,
PHL,2023Q4,occup,3,4.301824577344859,-0.39098325133492384,0.22762683907070613,
PHL,2024Q1,occup,3,4.529451416415565,0.22762683907070613,-0.14999685569819388,
PHL,2024Q2,occup,3,4.379454560717371,-0.14999685569819388,-0.16549852867732895,
PHL,2024Q3,occup,3,4.213956032040042,-0.16549852867732895,0.1337850531357727,
PHL,2024Q4,occup,3,4.347741085175815,0.1337850531357727,-0.2509794578948936,
PHL,2025Q1,occup,3,4.096761627280921,-0.2509794578948936,0.03201137901804163,
PHL,2025Q2,occup,3,4.128773006298963,0.03201137901804163,0.22567393675197334,
PHL,2025Q4,occup,3,4.354446943050936,0.22567393675197334,,
PHL,2021Q1,occup,4,6.3844147509957185,,-0.14606920104270493,
PHL,2021Q2,occup,4,6.238345549953014,-0.14606920104270493,0.5098840175835919,
PHL,2021Q3,occup,4,6.7482295675366055,0.5098840175835919,0.06873285125060224,
PHL,2021Q4,occup,4,6.816962418787208,0.06873285125060224,0.5152573967653975,
PHL,2022Q1,occup,4,7.332219815552605,0.5152573967653975,-0.3850985931086752,
PHL,2022Q2,occup,4,6.94712122244393,-0.3850985931086752,0.15087406501649614,
PHL,2022Q3,occup,4,7.097995287460426,0.15087406501649614,0.4564718148822555,
PHL,2022Q4,occup,4,7.554467102342682,0.4564718148822555,0.002932450990630997,
PHL,2023Q1,occup,4,7.557399553333313,0.002932450990630997,0.07252932426635894,
PHL,2023Q2,occup,4,7.629928877599672,0.07252932426635894,-0.3364082376463067,
PHL,2023Q3,occup,4,7.293520639953365,-0.3364082376463067,0.23871630586002723,
PHL,2023Q4,occup,4,7.532236945813392,0.23871630586002723,0.10337547482606091,
PHL,2024Q1,occup,4,7.635612420639453,0.10337547482606091,-0.228655918235944,
PHL,2024Q2,occup,4,7.406956502403509,-0.228655918235944,0.6391657768410708,
PHL,2024Q3,occup,4,8.04612227924458,0.6391657768410708,-0.14125120791027612,
PHL,2024Q4,occup,4,7.904871071334304,-0.14125120791027612,-0.19279407861560305,
PHL,2025Q1,occup,4,7.712076992718701,-0.19279407861560305,0.232496525492226,
PHL,2025Q2,occup,4,7.944573518210927,0.232496525492226,0.22067410096911821,
PHL,2025Q4,occup,4,8.165247619180045,0.22067410096911821,,
PHL,2021Q1,occup,5,19.864609799409465,,0.9199555356731643,
PHL,2021Q2,occup,5,20.78456533508263,0.9199555356731643,-0.8579005749968616,
PHL,2021Q3,occup,5,19.926664760085767,-0.8579005749968616,0.00842120795050505,
PHL,2021Q4,occup,5,19.935085968036272,0.00842120795050505,3.5625743316774923,
PHL,2022Q1,occup,5,23.497660299713765,3.5625743316774923,-2.4344760481237344,level_shift
PHL,2022Q2,occup,5,21.06318425159003,-2.4344760481237344,1.721561910182384,
PHL,2022Q3,occup,5,22.784746161772414,1.721561910182384,0.7165994418854673,
PHL,2022Q4,occup,5,23.50134560365788,0.7165994418854673,0.29573280206315644,
PHL,2023Q1,occup,5,23.797078405721038,0.29573280206315644,-0.4852002157984643,
PHL,2023Q2,occup,5,23.311878189922574,-0.4852002157984643,-0.26746646085895165,
PHL,2023Q3,occup,5,23.044411729063622,-0.26746646085895165,0.8534795491456393,
PHL,2023Q4,occup,5,23.89789127820926,0.8534795491456393,-0.22425371117764925,
PHL,2024Q1,occup,5,23.673637567031612,-0.22425371117764925,1.2412174959420739,
PHL,2024Q2,occup,5,24.914855062973686,1.2412174959420739,-0.7706141923266578,
PHL,2024Q3,occup,5,24.144240870647028,-0.7706141923266578,-0.08109619815146019,
PHL,2024Q4,occup,5,24.063144672495568,-0.08109619815146019,0.16465009525281005,
PHL,2025Q1,occup,5,24.227794767748378,0.16465009525281005,-0.02286454606841204,
PHL,2025Q2,occup,5,24.204930221679966,-0.02286454606841204,-0.7958892574020062,
PHL,2025Q4,occup,5,23.40904096427796,-0.7958892574020062,,
PHL,2021Q1,occup,6,13.24154829578241,,-0.8935786154688614,
PHL,2021Q2,occup,6,12.347969680313549,-0.8935786154688614,-1.046467728464167,
PHL,2021Q3,occup,6,11.301501951849382,-1.046467728464167,1.1244311371864608,
PHL,2021Q4,occup,6,12.425933089035842,1.1244311371864608,-1.1935906482651077,
PHL,2022Q1,occup,6,11.232342440770735,-1.1935906482651077,0.6829708435488637,
PHL,2022Q2,occup,6,11.915313284319598,0.6829708435488637,-0.22599071750536837,
PHL,2022Q3,occup,6,11.68932256681423,-0.22599071750536837,0.17973763590180525,
PHL,2022Q4,occup,6,11.869060202716035,0.17973763590180525,-0.8421055283720289,
PHL,2023Q1,occup,6,11.026954674344006,-0.8421055283720289,0.05932799602591743,
PHL,2023Q2,occup,6,11.086282670369924,0.05932799602591743,-0.5157190272639447,
PHL,2023Q3,occup,6,10.570563643105979,-0.5157190272639447,1.3151814004705678,
PHL,2023Q4,occup,6,11.885745043576547,1.3151814004705678,-1.4144665326553199,
PHL,2024Q1,occup,6,10.471278510921227,-1.4144665326553199,0.4142973280224016,
PHL,2024Q2,occup,6,10.885575838943629,0.4142973280224016,0.885096146751005,
PHL,2024Q3,occup,6,11.770671985694634,0.885096146751005,-0.01340173540676659,
PHL,2024Q4,occup,6,11.757270250287867,-0.01340173540676659,-0.21508173879527703,
PHL,2025Q1,occup,6,11.54218851149259,-0.21508173879527703,-0.6154200063903055,
PHL,2025Q2,occup,6,10.926768505102284,-0.6154200063903055,0.7333083928478636,
PHL,2025Q4,occup,6,11.660076897950148,0.7333083928478636,,
PHL,2021Q1,occup,7,7.206275710789974,,-0.3803419680268538,
PHL,2021Q2,occup,7,6.82593374276312,-0.3803419680268538,0.9241737270294532,
PHL,2021Q3,occup,7,7.750107469792574,0.9241737270294532,-0.7028496853182702,
PHL,2021Q4,occup,7,7.047257784474303,-0.7028496853182702,0.7303233417236026,
PHL,2022Q1,occup,7,7.777581126197906,0.7303233417236026,-0.14672035897426472,
PHL,2022Q2,occup,7,7.630860767223641,-0.14672035897426472,-0.5770496696253273,
PHL,2022Q3,occup,7,7.053811097598314,-0.5770496696253273,0.6625693997260607,
PHL,2022Q4,occup,7,7.716380497324375,0.6625693997260607,-0.5922691385192946,
PHL,2023Q1,occup,7,7.12411135880508,-0.5922691385192946,-0.39453644867891935,
PHL,2023Q2,occup,7,6.729574910126161,-0.39453644867891935,1.1680946349455263,
PHL,2023Q3,occup,7,7.897669545071687,1.1680946349455263,-1.0123121847181604,
PHL,2023Q4,occup,7,6.8853573603535265,-1.0123121847181604,0.7058882554613666,
PHL,2024Q1,occup,7,7.591245615814893,0.7058882554613666,-0.2232518593382169,
PHL,2024Q2,occup,7,7.367993756476676,-0.2232518593382169,0.13899234369448799,
PHL,2024Q3,occup,7,7.506986100171164,0.13899234369448799,-0.6906486537352219,
PHL,2024Q4,occup,7,6.816337446435942,-0.6906486537352219,0.362391081340097,
PHL,2025Q1,occup,7,7.178728527776039,0.362391081340097,-0.07721970185516991,
PHL,2025Q2,occup,7,7.101508825920869,-0.07721970185516991,0.053020532026256006,
PHL,2025Q4,occup,7,7.154529357947125,0.053020532026256006,,
PHL,2021Q1,occup,8,7.992042665449323,,-0.6873715816326404,
PHL,2021Q2,occup,8,7.304671083816682,-0.6873715816326404,0.6313627320584416,
PHL,2021Q3,occup,8,7.936033815875124,0.6313627320584416,-0.9179449368843198,
PHL,2021Q4,occup,8,7.018088878990804,-0.9179449368843198,0.9893376883982246,
PHL,2022Q1,occup,8,8.007426567389029,0.9893376883982246,0.14702066106166356,
PHL,2022Q2,occup,8,8.154447228450692,0.14702066106166356,-0.7310469605167498,
PHL,2022Q3,occup,8,7.423400267933943,-0.7310469605167498,0.8824718441578145,
PHL,2022Q4,occup,8,8.305872112091757,0.8824718441578145,0.16011590298740686,
PHL,2023Q1,occup,8,8.465988015079164,0.16011590298740686,-0.20110816506587703,
PHL,2023Q2,occup,8,8.264879850013287,-0.20110816506587703,0.5473494943391142,
PHL,2023Q3,occup,8,8.812229344352401,0.5473494943391142,-0.5664600841937784,
PHL,2023Q4,occup,8,8.245769260158623,-0.5664600841937784,0.5692445909623736,
PHL,2024Q1,occup,8,8.815013851120996,0.5692445909623736,0.005527215028372723,
PHL,2024Q2,occup,8,8.820541066149369,0.005527215028372723,-0.3953411110889693,
PHL,2024Q3,occup,8,8.4251999550604,-0.3953411110889693,0.21841551675958826,
PHL,2024Q4,occup,8,8.643615471819988,0.21841551675958826,0.11762868480998812,
PHL,2025Q1,occup,8,8.761244156629976,0.11762868480998812,-0.0879848555204017,
PHL,2025Q2,occup,8,8.673259301109574,-0.0879848555204017,0.44951552658487515,
PHL,2025Q4,occup,8,9.12277482769445,0.44951552658487515,,
PHL,2021Q1,occup,9,27.35470016941751,,1.1649650232800468,
PHL,2021Q2,occup,9,28.519665192697556,1.1649650232800468,-0.8184614236526251,
PHL,2021Q3,occup,9,27.70120376904493,-0.8184614236526251,0.885549525903663,
PHL,2021Q4,occup,9,28.586753294948593,0.885549525903663,-0.7730295619310752,
PHL,2022Q1,occup,9,27.813723733017518,-0.7730295619310752,0.4251975696636485,
PHL,2022Q2,occup,9,28.238921302681167,0.4251975696636485,1.0934292187958903,
PHL,2022Q3,occup,9,29.332350521477057,1.0934292187958903,-0.7790797839095767,
PHL,2022Q4,occup,9,28.55327073756748,-0.7790797839095767,0.16031798903907202,
PHL,2023Q1,occup,9,28.713588726606552,0.16031798903907202,0.017141978718502315,
PHL,2023Q2,occup,9,28.730730705325055,0.017141978718502315,-1.328641518672974,
PHL,2023Q3,occup,9,27.40208918665208,-1.328641518672974,0.026105776942241476,
PHL,2023Q4,occup,9,27.428194963594322,0.026105776942241476,0.1432129973523999,
PHL,2024Q1,occup,9,27.571407960946722,0.1432129973523999,-0.570090297280327,
PHL,2024Q2,occup,9,27.001317663666395,-0.570090297280327,-0.49711715750574825,
PHL,2024Q3,occup,9,26.504200506160647,-0.49711715750574825,0.21375768005349727,
PHL,2024Q4,occup,9,26.717958186214144,0.21375768005349727,0.12325861811332217,
PHL,2025Q1,occup,9,26.841216804327466,0.12325861811332217,0.8106437794643497,
PHL,2025Q2,occup,9,27.651860583791816,0.8106437794643497,-1.3828687677587048,
PHL,2025Q4,occup,9,26.26899181603311,-1.3828687677587048,,
PHL,2021Q1,socialsec,NA,100.0,,-1.4210854715202004e-14,
PHL,2021Q2,socialsec,NA,99.99999999999999,-1.4210854715202004e-14,1.4210854715202004e-14,
PHL,2021Q3,socialsec,NA,100.0,1.4210854715202004e-14,-1.4210854715202004e-14,
PHL,2021Q4,socialsec,NA,99.99999999999999,-1.4210854715202004e-14,1.4210854715202004e-14,
PHL,2022Q1,socialsec,NA,100.0,1.4210854715202004e-14,-1.4210854715202004e-14,
PHL,2022Q2,socialsec,NA,99.99999999999999,-1.4210854715202004e-14,1.4210854715202004e-14,
PHL,2022Q3,socialsec,NA,100.0,1.4210854715202004e-14,1.4210854715202004e-14,
PHL,2022Q4,socialsec,NA,100.00000000000001,1.4210854715202004e-14,-1.4210854715202004e-14,
PHL,2023Q1,socialsec,NA,100.0,-1.4210854715202004e-14,0.0,
PHL,2023Q2,socialsec,NA,100.0,0.0,0.0,
PHL,2023Q3,socialsec,NA,100.0,0.0,0.0,
PHL,2023Q4,socialsec,NA,100.0,0.0,0.0,
PHL,2024Q1,socialsec,NA,100.0,0.0,0.0,
PHL,2024Q2,socialsec,NA,100.0,0.0,0.0,
PHL,2024Q3,socialsec,NA,100.0,0.0,0.0,
PHL,2024Q4,socialsec,NA,100.0,0.0,0.0,
PHL,2025Q1,socialsec,NA,100.0,0.0,0.0,
PHL,2025Q2,socialsec,NA,100.0,0.0,0.0,
PHL,2025Q4,socialsec,NA,100.0,0.0,,
PHL,2021Q1,urban,0,48.510130788153205,,-1.2721563228832622,
PHL,2021Q2,urban,0,47.23797446526994,-1.2721563228832622,1.8702430278633102,
PHL,2021Q3,urban,0,49.10821749313325,1.8702430278633102,-0.7728550957802582,
PHL,2021Q4,urban,0,48.335362397352995,-0.7728550957802582,-0.15855917596036306,
PHL,2022Q1,urban,0,48.17680322139263,-0.15855917596036306,-0.9220656449425846,
PHL,2022Q2,urban,0,47.25473757645005,-0.9220656449425846,0.559208306811712,
PHL,2022Q3,urban,0,47.81394588326176,0.559208306811712,-0.3907763392950301,
PHL,2022Q4,urban,0,47.42316954396673,-0.3907763392950301,-1.0645728655065554,
PHL,2023Q1,urban,0,46.358596678460174,-1.0645728655065554,1.356917668462522,
PHL,2023Q2,urban,0,47.715514346922696,1.356917668462522,-0.7469241671294569,
PHL,2023Q3,urban,0,46.96859017979324,-0.7469241671294569,0.010205604106744204,
PHL,2025Q1,urban,0,46.97879578389998,0.010205604106744204,-2.1984467164194044,
PHL,2025Q2,urban,0,44.78034906748058,-2.1984467164194044,1.0190563291739991,
PHL,2025Q4,urban,0,45.79940539665458,1.0190563291739991,,
PHL,2021Q1,urban,1,51.489869211846795,,1.2721563228832622,
PHL,2021Q2,urban,1,52.76202553473006,1.2721563228832622,-1.8702430278633173,
PHL,2021Q3,urban,1,50.89178250686674,-1.8702430278633173,0.7728550957802653,
PHL,2021Q4,urban,1,51.664637602647005,0.7728550957802653,0.15855917596036306,
PHL,2022Q1,urban,1,51.82319677860737,0.15855917596036306,0.9220656449425846,
PHL,2022Q2,urban,1,52.74526242354995,0.9220656449425846,-0.5592083068117049,
PHL,2022Q3,urban,1,52.18605411673825,-0.5592083068117049,0.390776339295023,
PHL,2022Q4,urban,1,52.57683045603327,0.390776339295023,1.0645728655065554,
PHL,2023Q1,urban,1,53.641403321539826,1.0645728655065554,-1.356917668462522,
PHL,2023Q2,urban,1,52.284485653077304,-1.356917668462522,0.7469241671294569,
PHL,2023Q3,urban,1,53.03140982020676,0.7469241671294569,-0.010205604106744204,
PHL,2025Q1,urban,1,53.02120421610002,-0.010205604106744204,2.1984467164194115,
PHL,2025Q2,urban,1,55.21965093251943,2.1984467164194115,-1.0190563291740133,
PHL,2025Q4,urban,1,54.200594603345415,-1.0190563291740133,,
PHL,2023Q4,urban,NA,100.0,,0.0,
PHL,2024Q1,urban,NA,100.0,0.0,0.0,
PHL,2024Q2,urban,NA,100.0,0.0,0.0,
PHL,2024Q3,urban,NA,100.0,0.0,0.0,
PHL,2024Q4,urban,NA,100.0,0.0,,
URY,2021Q3,educat7,1,1.4242284724988394,,-0.07921186485054332,
URY,2021Q4,educat7,1,1.3450166076482961,-0.07921186485054332,-0.1360100898188954,
URY,2022Q1,educat7,1,1.2090065178294007,-0.1360100898188954,0.0953178132547714,
URY,2022Q2,educat7,1,1.3043243310841721,0.0953178132547714,-0.21121941863133054,
URY,2022Q3,educat7,1,1.0931049124528416,-0.21121941863133054,-0.03745919727521185,
URY,2022Q4,educat7,1,1.0556457151776297,-0.03745919727521185,-0.001439432681886288,
URY,2023Q1,educat7,1,1.0542062824957434,-0.001439432681886288,0.1313903174250195,
URY,2023Q2,educat7,1,1.185596599920763,0.1313903174250195,-0.061711857417396265,
URY,2023Q3,educat7,1,1.1238847425033667,-0.061711857417396265,0.0016985477793178827,
URY,2023Q4,educat7,1,1.1255832902826846,0.0016985477793178827,0.0897493755612091,
URY,2024Q1,educat7,1,1.2153326658438937,0.0897493755612091,-0.11583802172568625,
URY,2024Q2,educat7,1,1.0994946441182074,-0.11583802172568625,-0.15844641250335245,
URY,2024Q3,educat7,1,0.941048231614855,-0.15844641250335245,-0.07170846433474376,
URY,2024Q4,educat7,1,0.8693397672801112,-0.07170846433474376,0.10044888776700966,
URY,2025Q1,educat7,1,0.9697886550471209,0.10044888776700966,-0.06609856929735047,
URY,2025Q2,educat7,1,0.9036900857497704,-0.06609856929735047,-0.17298170174337235,
URY,2025Q3,educat7,1,0.730708384006398,-0.17298170174337235,0.07286398109857295,
URY,2025Q4,educat7,1,0.803572365104971,0.07286398109857295,,
URY,2021Q3,educat7,2,5.557366146998174,,-0.23542332402788357,
URY,2021Q4,educat7,2,5.32194282297029,-0.23542332402788357,-0.20173318632476356,
URY,2022Q1,educat7,2,5.1202096366455265,-0.20173318632476356,-0.15243023949728052,
URY,2022Q2,educat7,2,4.967779397148246,-0.15243023949728052,-0.427084881508784,
URY,2022Q3,educat7,2,4.540694515639462,-0.427084881508784,0.037771552212696236,
URY,2022Q4,educat7,2,4.578466067852158,0.037771552212696236,0.09574367742753243,
URY,2023Q1,educat7,2,4.674209745279691,0.09574367742753243,-0.054712550009455185,
URY,2023Q2,educat7,2,4.6194971952702355,-0.054712550009455185,0.0502967506433567,
URY,2023Q3,educat7,2,4.669793945913592,0.0502967506433567,0.17662938485512214,
URY,2023Q4,educat7,2,4.846423330768714,0.17662938485512214,0.16637754554994721,
URY,2024Q1,educat7,2,5.012800876318662,0.16637754554994721,-0.017196287734049243,
URY,2024Q2,educat7,2,4.995604588584612,-0.017196287734049243,-0.4533008696583849,
URY,2024Q3,educat7,2,4.542303718926227,-0.4533008696583849,-0.39544945792848196,
URY,2024Q4,educat7,2,4.1468542609977455,-0.39544945792848196,-0.008487197525423262,
URY,2025Q1,educat7,2,4.138367063472322,-0.008487197525423262,0.013246486328168494,
URY,2025Q2,educat7,2,4.151613549800491,0.013246486328168494,-0.06093389276253891,
URY,2025Q3,educat7,2,4.090679657037952,-0.06093389276253891,-0.06093009907774949,
URY,2025Q4,educat7,2,4.029749557960202,-0.06093009907774949,,
URY,2021Q3,educat7,3,16.455390762994703,,-0.00997355539487188,
URY,2021Q4,educat7,3,16.44541720759983,-0.00997355539487188,-0.3808144723746274,
URY,2022Q1,educat7,3,16.064602735225204,-0.3808144723746274,0.1029382041061524,
URY,2022Q2,educat7,3,16.167540939331356,0.1029382041061524,0.039481485783667836,
URY,2022Q3,educat7,3,16.207022425115024,0.039481485783667836,-0.6814058145467161,
URY,2022Q4,educat7,3,15.525616610568308,-0.6814058145467161,0.14087501218028464,
URY,2023Q1,educat7,3,15.666491622748593,0.14087501218028464,0.2638233724396244,
URY,2023Q2,educat7,3,15.930314995188217,0.2638233724396244,-0.17117835135606363,
URY,2023Q3,educat7,3,15.759136643832154,-0.17117835135606363,-0.15883371604259722,
URY,2023Q4,educat7,3,15.600302927789556,-0.15883371604259722,0.11226099129821598,
URY,2024Q1,educat7,3,15.712563919087772,0.11226099129821598,-0.3968354797479332,
URY,2024Q2,educat7,3,15.31572843933984,-0.3968354797479332,-0.50313599145945,
URY,2024Q3,educat7,3,14.81259244788039,-0.50313599145945,0.18439673880114782,
URY,2024Q4,educat7,3,14.996989186681537,0.18439673880114782,-0.006876881662343237,
URY,2025Q1,educat7,3,14.990112305019194,-0.006876881662343237,-0.38141496200624125,
URY,2025Q2,educat7,3,14.608697343012953,-0.38141496200624125,-0.27875049467975543,
URY,2025Q3,educat7,3,14.329946848333197,-0.27875049467975543,0.036513143977012774,
URY,2025Q4,educat7,3,14.36645999231021,0.036513143977012774,,
URY,2021Q3,educat7,4,42.6190118998968,,1.0130560072381627,
URY,2021Q4,educat7,4,43.63206790713496,1.0130560072381627,-0.2533887397767387,
URY,2022Q1,educat7,4,43.37867916735822,-0.2533887397767387,-0.31987942109800827,
URY,2022Q2,educat7,4,43.05879974626021,-0.31987942109800827,0.2882305294667731,
URY,2022Q3,educat7,4,43.347030275726986,0.2882305294667731,-0.030585564986871816,
URY,2022Q4,educat7,4,43.316444710740114,-0.030585564986871816,-0.118375184210187,
URY,2023Q1,educat7,4,43.19806952652993,-0.118375184210187,-0.010367395990172668,
URY,2023Q2,educat7,4,43.187702130539755,-0.010367395990172668,0.5681726334291852,
URY,2023Q3,educat7,4,43.75587476396894,0.5681726334291852,0.15423935090161933,
URY,2023Q4,educat7,4,43.91011411487056,0.15423935090161933,-0.7125016102244857,
URY,2024Q1,educat7,4,43.197612504646074,-0.7125016102244857,-0.7872027346215731,
URY,2024Q2,educat7,4,42.4104097700245,-0.7872027346215731,0.43658900221548436,
URY,2024Q3,educat7,4,42.846998772239985,0.43658900221548436,0.5049282502684633,
URY,2024Q4,educat7,4,43.35192702250845,0.5049282502684633,-0.29468252027547237,
URY,2025Q1,educat7,4,43.057244502232976,-0.29468252027547237,-0.3281472460875676,
URY,2025Q2,educat7,4,42.72909725614541,-0.3281472460875676,-0.29564976021354283,
URY,2025Q3,educat7,4,42.433447495931865,-0.29564976021354283,-1.020952541732953,
URY,2025Q4,educat7,4,41.41249495419891,-1.020952541732953,,
URY,2021Q3,educat7,5,9.794322560026849,,-0.02521100397074605,
URY,2021Q4,educat7,5,9.769111556056103,-0.02521100397074605,0.16451537733593646,
URY,2022Q1,educat7,5,9.93362693339204,0.16451537733593646,-0.08086981651500835,
URY,2022Q2,educat7,5,9.852757116877031,-0.08086981651500835,0.4075985987969748,
URY,2022Q3,educat7,5,10.260355715674006,0.4075985987969748,-0.27000461343161675,
URY,2022Q4,educat7,5,9.99035110224239,-0.27000461343161675,0.08463588374701381,
URY,2023Q1,educat7,5,10.074986985989403,0.08463588374701381,-0.045613886443046425,
URY,2023Q2,educat7,5,10.029373099546357,-0.045613886443046425,-0.2726449023094748,
URY,2023Q3,educat7,5,9.756728197236882,-0.2726449023094748,0.14202145703898594,
URY,2023Q4,educat7,5,9.898749654275868,0.14202145703898594,0.31482800869529903,
URY,2024Q1,educat7,5,10.213577662971167,0.31482800869529903,0.46444933515766884,
URY,2024Q2,educat7,5,10.678026998128836,0.46444933515766884,0.15536135863993117,
URY,2024Q3,educat7,5,10.833388356768767,0.15536135863993117,0.15075439091057596,
URY,2024Q4,educat7,5,10.984142747679343,0.15075439091057596,-0.08630925754933472,
URY,2025Q1,educat7,5,10.897833490130008,-0.08630925754933472,0.15921948557396703,
URY,2025Q2,educat7,5,11.057052975703975,0.15921948557396703,-0.0017208144851377227,
URY,2025Q3,educat7,5,11.055332161218837,-0.0017208144851377227,0.8255202771705363,
URY,2025Q4,educat7,5,11.880852438389374,0.8255202771705363,,
URY,2021Q3,educat7,6,18.007096368873217,,-0.488231774921573,
URY,2021Q4,educat7,6,17.518864593951644,-0.488231774921573,0.7561019897511407,
URY,2022Q1,educat7,6,18.274966583702785,0.7561019897511407,0.21419938415375128,
URY,2022Q2,educat7,6,18.489165967856536,0.21419938415375128,-0.026513318022939103,
URY,2022Q3,educat7,6,18.462652649833597,-0.026513318022939103,0.7050910117263847,
URY,2022Q4,educat7,6,19.16774366155998,0.7050910117263847,-0.24318378082598358,
URY,2023Q1,educat7,6,18.924559880733998,-0.24318378082598358,-0.2943807074520919,
URY,2023Q2,educat7,6,18.630179173281906,-0.2943807074520919,-0.2573204944664127,
URY,2023Q3,educat7,6,18.372858678815494,-0.2573204944664127,-0.15306842135315435,
URY,2023Q4,educat7,6,18.21979025746234,-0.15306842135315435,-0.18488398726208288,
URY,2024Q1,educat7,6,18.034906270200256,-0.18488398726208288,0.36782200863513026,
URY,2024Q2,educat7,6,18.402728278835387,0.36782200863513026,0.43871414747795257,
URY,2024Q3,educat7,6,18.84144242631334,0.43871414747795257,-0.2789001168507319,
URY,2024Q4,educat7,6,18.562542309462607,-0.2789001168507319,0.2364151363249789,
URY,2025Q1,educat7,6,18.798957445787586,0.2364151363249789,0.7288631560671632,
URY,2025Q2,educat7,6,19.52782060185475,0.7288631560671632,0.5080655246230279,
URY,2025Q3,educat7,6,20.035886126477777,0.5080655246230279,-0.1825045008292463,
URY,2025Q4,educat7,6,19.85338162564853,-0.1825045008292463,,
URY,2021Q3,educat7,7,6.14258378871143,,-0.17500448407254954,
URY,2021Q4,educat7,7,5.96757930463888,-0.17500448407254954,0.05132912120795119,
URY,2022Q1,educat7,7,6.018908425846831,0.05132912120795119,0.14072407559561828,
URY,2022Q2,educat7,7,6.15963250144245,0.14072407559561828,-0.07049299588437741,
URY,2022Q3,educat7,7,6.089139505558072,-0.07049299588437741,0.2765926263013583,
URY,2022Q4,educat7,7,6.36573213185943,0.2765926263013583,0.04174382436321711,
URY,2023Q1,educat7,7,6.4074759562226475,0.04174382436321711,0.009860850030111834,
URY,2023Q2,educat7,7,6.417336806252759,0.009860850030111834,0.14438622147680835,
URY,2023Q3,educat7,7,6.561723027729568,0.14438622147680835,-0.16268660317929928,
URY,2023Q4,educat7,7,6.399036424550268,-0.16268660317929928,0.21416967638191142,
URY,2024Q1,educat7,7,6.61320610093218,0.21416967638191142,0.48480118003643824,
URY,2024Q2,educat7,7,7.098007280968618,0.48480118003643824,0.08421876528782235,
URY,2024Q3,educat7,7,7.1822260462564405,0.08421876528782235,-0.09402134086623093,
URY,2024Q4,educat7,7,7.0882047053902095,-0.09402134086623093,0.059491832920588905,
URY,2025Q1,educat7,7,7.147696538310798,0.059491832920588905,-0.1256683505781604,
URY,2025Q2,educat7,7,7.022028187732638,-0.1256683505781604,0.3019711392613491,
URY,2025Q3,educat7,7,7.323999326993987,0.3019711392613491,0.3294897393938232,
URY,2025Q4,educat7,7,7.65348906638781,0.3294897393938232,,
URY,2021Q3,empstat,1,71.11511365981565,,-0.02424923797876488,
URY,2021Q4,empstat,1,71.09086442183688,-0.02424923797876488,0.3703747824527426,
URY,2022Q1,empstat,1,71.46123920428963,0.3703747824527426,0.00903539724394875,
URY,2022Q2,empstat,1,71.47027460153357,0.00903539724394875,0.07549042868967604,
URY,2022Q3,empstat,1,71.54576503022325,0.07549042868967604,0.14369516207524669,
URY,2022Q4,empstat,1,71.6894601922985,0.14369516207524669,0.327086973906745,
URY,2023Q1,empstat,1,72.01654716620524,0.327086973906745,-0.21888910544076623,
URY,2023Q2,empstat,1,71.79765806076448,-0.21888910544076623,-0.4155707780406175,
URY,2023Q3,empstat,1,71.38208728272386,-0.4155707780406175,-0.01389196027662365,
URY,2023Q4,empstat,1,71.36819532244724,-0.01389196027662365,-0.3458952150233472,
URY,2024Q1,empstat,1,71.02230010742389,-0.3458952150233472,0.268049164137139,
URY,2024Q2,empstat,1,71.29034927156103,0.268049164137139,0.28674172487735916,
URY,2024Q3,empstat,1,71.57709099643839,0.28674172487735916,0.04490636034283568,
URY,2024Q4,empstat,1,71.62199735678122,0.04490636034283568,-0.887455044026666,
URY,2025Q1,empstat,1,70.73454231275456,-0.887455044026666,0.006097411045701051,
URY,2025Q2,empstat,1,70.74063972380026,0.006097411045701051,-0.3342291979253531,
URY,2025Q3,empstat,1,70.4064105258749,-0.3342291979253531,0.15198925005459785,
URY,2025Q4,empstat,1,70.5583997759295,0.15198925005459785,,
URY,2021Q3,empstat,2,0.9255064370650928,,-0.011922801530920735,
URY,2021Q4,empstat,2,0.9135836355341721,-0.011922801530920735,-0.1639441506294207,
URY,2022Q1,empstat,2,0.7496394849047514,-0.1639441506294207,-0.08380512804619278,
URY,2022Q2,empstat,2,0.6658343568585586,-0.08380512804619278,0.05969881740670713,
URY,2022Q3,empstat,2,0.7255331742652658,0.05969881740670713,0.07460643031709402,
URY,2022Q4,empstat,2,0.8001396045823598,0.07460643031709402,0.08598616414273397,
URY,2023Q1,empstat,2,0.8861257687250937,0.08598616414273397,0.13393756256720046,
URY,2023Q2,empstat,2,1.0200633312922942,0.13393756256720046,-0.02166677943703732,
URY,2023Q3,empstat,2,0.9983965518552569,-0.02166677943703732,-0.07463768832903928,
URY,2023Q4,empstat,2,0.9237588635262176,-0.07463768832903928,0.004572627741145641,
URY,2024Q1,empstat,2,0.9283314912673633,0.004572627741145641,-0.19707620822035354,
URY,2024Q2,empstat,2,0.7312552830470097,-0.19707620822035354,0.06543264397963666,
URY,2024Q3,empstat,2,0.7966879270266464,0.06543264397963666,0.028251806411211056,
URY,2024Q4,empstat,2,0.8249397334378574,0.028251806411211056,-0.0644280790714502,
URY,2025Q1,empstat,2,0.7605116543664072,-0.0644280790714502,-0.09449090438789998,
URY,2025Q2,empstat,2,0.6660207499785072,-0.09449090438789998,-0.019813599172814333,
URY,2025Q3,empstat,2,0.6462071508056929,-0.019813599172814333,0.020740857138281443,
URY,2025Q4,empstat,2,0.6669480079439744,0.020740857138281443,,
URY,2021Q3,empstat,3,3.421872337831839,,-0.0796525554164309,
URY,2021Q4,empstat,3,3.342219782415408,-0.0796525554164309,-0.06630562949142016,
URY,2022Q1,empstat,3,3.275914152923988,-0.06630562949142016,0.07480730589790419,
URY,2022Q2,empstat,3,3.350721458821892,0.07480730589790419,0.48161360411875354,
URY,2022Q3,empstat,3,3.8323350629406456,0.48161360411875354,0.15254402568181025,
URY,2022Q4,empstat,3,3.984879088622456,0.15254402568181025,-0.1155540512787625,
URY,2023Q1,empstat,3,3.8693250373436934,-0.1155540512787625,-0.14042971083934752,
URY,2023Q2,empstat,3,3.728895326504346,-0.14042971083934752,-0.345801086925444,
URY,2023Q3,empstat,3,3.383094239578902,-0.345801086925444,0.0580468960207865,
URY,2023Q4,empstat,3,3.4411411355996884,0.0580468960207865,0.026703058172199423,
URY,2024Q1,empstat,3,3.467844193771888,0.026703058172199423,0.18788837838830963,
URY,2024Q2,empstat,3,3.6557325721601974,0.18788837838830963,-0.2535441697108749,
URY,2024Q3,empstat,3,3.4021884024493225,-0.2535441697108749,-0.1626060029578662,
URY,2024Q4,empstat,3,3.2395823994914563,-0.1626060029578662,0.3036637415200625,
URY,2025Q1,empstat,3,3.543246141011519,0.3036637415200625,0.017759510949699298,
URY,2025Q2,empstat,3,3.561005651961218,0.017759510949699298,-0.3268756505537205,
URY,2025Q3,empstat,3,3.2341300014074976,-0.3268756505537205,-0.09738780181372109,
URY,2025Q4,empstat,3,3.1367421995937765,-0.09738780181372109,,
URY,2021Q3,empstat,4,24.32685559960125,,0.07068744254353732,
URY,2021Q4,empstat,4,24.397543042144786,0.07068744254353732,-0.15023638429602215,
URY,2022Q1,empstat,4,24.247306657848764,-0.15023638429602215,-0.03370790267147328,
URY,2022Q2,empstat,4,24.21359875517729,-0.03370790267147328,-0.774092646749402,
URY,2022Q3,empstat,4,23.43950610842789,-0.774092646749402,-0.24270045866065715,
URY,2022Q4,empstat,4,23.19680564976723,-0.24270045866065715,-0.3801161688638217,
URY,2023Q1,empstat,4,22.81668948090341,-0.3801161688638217,0.15480038360263748,
URY,2023Q2,empstat,4,22.971489864506047,0.15480038360263748,0.8833063330032971,
URY,2023Q3,empstat,4,23.854796197509344,0.8833063330032971,0.05378941631149914,
URY,2023Q4,empstat,4,23.908585613820843,0.05378941631149914,0.3492723605678236,
URY,2024Q1,empstat,4,24.257857974388667,0.3492723605678236,-0.17980794704109826,
URY,2024Q2,empstat,4,24.07805002734757,-0.17980794704109826,-0.117571887965493,
URY,2024Q3,empstat,4,23.960478139382076,-0.117571887965493,-0.004285140064165915,
URY,2024Q4,empstat,4,23.95619299931791,-0.004285140064165915,0.5459246592243723,
URY,2025Q1,empstat,4,24.502117658542282,0.5459246592243723,0.21473270257003563,
URY,2025Q2,empstat,4,24.716850361112318,0.21473270257003563,0.7755217530774807,
URY,2025Q3,empstat,4,25.4923721141898,0.7755217530774807,-0.09702965950904385,
URY,2025Q4,empstat,4,25.395342454680755,-0.09702965950904385,,
URY,2021Q3,empstat,5,0.21065196568616743,,0.04513715238258639,
URY,2021Q4,empstat,5,0.2557891180687538,0.04513715238258639,0.0061328707230411394,
URY,2022Q1,empstat,5,0.26192198879179496,0.0061328707230411394,0.03764883881687697,
URY,2022Q2,empstat,5,0.29957082760867193,0.03764883881687697,0.07231598533347167,
URY,2022Q3,empstat,5,0.3718868129421436,0.07231598533347167,-0.04317134821269547,
URY,2022Q4,empstat,5,0.3287154647294481,-0.04317134821269547,0.06479780110450473,
URY,2023Q1,empstat,5,0.39351326583395285,0.06479780110450473,0.06964763757457326,
URY,2023Q2,empstat,5,0.4631609034085261,0.06964763757457326,-0.10241919505669261,
URY,2023Q3,empstat,5,0.3607417083518335,-0.10241919505669261,-0.02180804118046048,
URY,2023Q4,empstat,5,0.338933667171373,-0.02180804118046048,-0.06568527038881528,
URY,2024Q1,empstat,5,0.27324839678255775,-0.06568527038881528,-0.07998987553849415,
URY,2024Q2,empstat,5,0.1932585212440636,-0.07998987553849415,0.04324411756285923,
URY,2024Q3,empstat,5,0.23650263880692282,0.04324411756285923,0.07755253369314138,
URY,2024Q4,empstat,5,0.3140551725000642,0.07755253369314138,0.07390261769236506,
URY,2025Q1,empstat,5,0.38795779019242926,0.07390261769236506,-0.10724270183726492,
URY,2025Q2,empstat,5,0.28071508835516434,-0.10724270183726492,-0.06447625170161578,
URY,2025Q3,empstat,5,0.21623883665354857,-0.06447625170161578,0.022719536429422205,
URY,2025Q4,empstat,5,0.23895837308297077,0.022719536429422205,,
URY,2022Q1,empstat,NA,0.003978511241093596,,0.08099529995971594,
URY,2022Q3,empstat,NA,0.08497381120080953,0.08099529995971594,-0.06717453021221158,
URY,2023Q1,empstat,NA,0.017799280988597958,-0.06717453021221158,0.0009332325357240406,
URY,2023Q2,empstat,NA,0.018732513524321998,0.0009332325357240406,0.0021515064564787516,
URY,2023Q3,empstat,NA,0.02088401998080075,0.0021515064564787516,-0.001498622546160927,
URY,2023Q4,empstat,NA,0.019385397434639823,-0.001498622546160927,0.03103243893099735,
URY,2024Q1,empstat,NA,0.050417836365637174,0.03103243893099735,0.000936488274493906,
URY,2024Q2,empstat,NA,0.05135432464013108,0.000936488274493906,-0.024302428743500828,
URY,2024Q3,empstat,NA,0.027051895896630252,-0.024302428743500828,0.016180442574863185,
URY,2024Q4,empstat,NA,0.04323233847149344,0.016180442574863185,0.028392104661329992,
URY,2025Q1,empstat,NA,0.07162444313282343,0.028392104661329992,-0.036856018340273765,
URY,2025Q2,empstat,NA,0.034768424792549664,-0.036856018340273765,-0.03012705372398907,
URY,2025Q3,empstat,NA,0.004641371068560595,-0.03012705372398907,-0.0010321822995289407,
URY,2025Q4,empstat,NA,0.003609188769031654,-0.0010321822995289407,,
URY,2021Q3,industrycat10,1,8.342525536872069,,-0.6000735402810013,
URY,2021Q4,industrycat10,1,7.742451996591067,-0.6000735402810013,0.07402307843586264,
URY,2022Q1,industrycat10,1,7.81647507502693,0.07402307843586264,0.6412359650837809,
URY,2022Q2,industrycat10,1,8.457711040110711,0.6412359650837809,0.38530843814360694,
URY,2022Q3,industrycat10,1,8.843019478254318,0.38530843814360694,-0.4551240869764701,
URY,2022Q4,industrycat10,1,8.387895391277848,-0.4551240869764701,-0.2704885496319793,
URY,2023Q1,industrycat10,1,8.117406841645868,-0.2704885496319793,0.36692160465302237,
URY,2023Q2,industrycat10,1,8.48432844629889,0.36692160465302237,-0.11328785466687918,
URY,2023Q3,industrycat10,1,8.371040591632012,-0.11328785466687918,-0.37198072513486746,
URY,2023Q4,industrycat10,1,7.999059866497144,-0.37198072513486746,-0.1273087360680316,
URY,2024Q1,industrycat10,1,7.871751130429113,-0.1273087360680316,0.36026553292269803,
URY,2024Q2,industrycat10,1,8.23201666335181,0.36026553292269803,-0.48072757336224736,
URY,2024Q3,industrycat10,1,7.751289089989563,-0.48072757336224736,-0.22065544340339827,
URY,2024Q4,industrycat10,1,7.530633646586165,-0.22065544340339827,0.020016292331924923,
URY,2025Q1,industrycat10,1,7.55064993891809,0.020016292331924923,0.30783192101766055,
URY,2025Q2,industrycat10,1,7.85848185993575,0.30783192101766055,0.5440789693829018,
URY,2025Q3,industrycat10,1,8.402560829318652,0.5440789693829018,-0.5421236475311346,
URY,2025Q4,industrycat10,1,7.860437181787518,-0.5421236475311346,,
URY,2021Q3,industrycat10,10,27.30062974690467,,-0.877786640628976,
URY,2021Q4,industrycat10,10,26.422843106275693,-0.877786640628976,0.10840889922395291,
URY,2022Q1,industrycat10,10,26.531252005499645,0.10840889922395291,-0.19884473486206033,
URY,2022Q2,industrycat10,10,26.332407270637585,-0.19884473486206033,0.30471876218758354,
URY,2022Q3,industrycat10,10,26.63712603282517,0.30471876218758354,0.2126396579160854,
URY,2022Q4,industrycat10,10,26.849765690741254,0.2126396579160854,-0.8178101145646153,
URY,2023Q1,industrycat10,10,26.03195557617664,-0.8178101145646153,0.40834573896823656,
URY,2023Q2,industrycat10,10,26.440301315144875,0.40834573896823656,0.4881312348328599,
URY,2023Q3,industrycat10,10,26.928432549977735,0.4881312348328599,-0.0058255442349910425,
URY,2023Q4,industrycat10,10,26.922607005742744,-0.0058255442349910425,-0.20460276149874446,
URY,2024Q1,industrycat10,10,26.718004244244,-0.20460276149874446,-0.3394980102485228,
URY,2024Q2,industrycat10,10,26.378506233995477,-0.3394980102485228,-0.2153514534074894,
URY,2024Q3,industrycat10,10,26.163154780587988,-0.2153514534074894,0.3394438032638014,
URY,2024Q4,industrycat10,10,26.50259858385179,0.3394438032638014,-0.12013435222555202,
URY,2025Q1,industrycat10,10,26.382464231626237,-0.12013435222555202,-0.057669323488660496,
URY,2025Q2,industrycat10,10,26.324794908137576,-0.057669323488660496,0.10966232879763638,
URY,2025Q3,industrycat10,10,26.434457236935213,0.10966232879763638,-0.021774697983804714,
URY,2025Q4,industrycat10,10,26.412682538951408,-0.021774697983804714,,
URY,2021Q3,industrycat10,2,0.05976551546120796,,0.07346170746022995,
URY,2021Q4,industrycat10,2,0.1332272229214379,0.07346170746022995,0.02163482769921979,
URY,2022Q1,industrycat10,2,0.1548620506206577,0.02163482769921979,-0.07505743433638808,
URY,2022Q2,industrycat10,2,0.07980461628426962,-0.07505743433638808,0.0016303046356880152,
URY,2022Q3,industrycat10,2,0.08143492091995763,0.0016303046356880152,0.03741601557090117,
URY,2022Q4,industrycat10,2,0.1188509364908588,0.03741601557090117,0.04404728761819761,
URY,2023Q1,industrycat10,2,0.1628982241090564,0.04404728761819761,0.0050035251405573244,
URY,2023Q2,industrycat10,2,0.16790174924961374,0.0050035251405573244,0.004805781067802467,
URY,2023Q3,industrycat10,2,0.1727075303174162,0.004805781067802467,0.02297232314607242,
URY,2023Q4,industrycat10,2,0.19567985346348862,0.02297232314607242,-0.05897814879032509,
URY,2024Q1,industrycat10,2,0.13670170467316353,-0.05897814879032509,0.00677575225446489,
URY,2024Q2,industrycat10,2,0.14347745692762842,0.00677575225446489,0.07040519233168702,
URY,2024Q3,industrycat10,2,0.21388264925931544,0.07040519233168702,-0.077362467755516,
URY,2024Q4,industrycat10,2,0.13652018150379944,-0.077362467755516,-0.02773948613092521,
URY,2025Q1,industrycat10,2,0.10878069537287423,-0.02773948613092521,0.015020003190969106,
URY,2025Q2,industrycat10,2,0.12380069856384333,0.015020003190969106,0.03242105935356211,
URY,2025Q3,industrycat10,2,0.15622175791740545,0.03242105935356211,-0.013226450802697687,
URY,2025Q4,industrycat10,2,0.14299530711470776,-0.013226450802697687,,
URY,2021Q3,industrycat10,3,9.600076251143603,,-0.20874869191676382,
URY,2021Q4,industrycat10,3,9.39132755922684,-0.20874869191676382,-0.0030206636671739062,
URY,2022Q1,industrycat10,3,9.388306895559666,-0.0030206636671739062,0.3281884191566373,
URY,2022Q2,industrycat10,3,9.716495314716303,0.3281884191566373,0.07031586809608292,
URY,2022Q3,industrycat10,3,9.786811182812386,0.07031586809608292,-0.08226310986701257,
URY,2022Q4,industrycat10,3,9.704548072945373,-0.08226310986701257,0.4825074546461732,
URY,2023Q1,industrycat10,3,10.187055527591546,0.4825074546461732,0.009393072088883514,
URY,2023Q2,industrycat10,3,10.19644859968043,0.009393072088883514,-0.4623893370325458,
URY,2023Q3,industrycat10,3,9.734059262647884,-0.4623893370325458,-0.0335519984655015,
URY,2023Q4,industrycat10,3,9.700507264182383,-0.0335519984655015,0.34996482658056394,
URY,2024Q1,industrycat10,3,10.050472090762947,0.34996482658056394,-0.038204544831529574,
URY,2024Q2,industrycat10,3,10.012267545931417,-0.038204544831529574,-0.4146002251588605,
URY,2024Q3,industrycat10,3,9.597667320772556,-0.4146002251588605,-0.13687370695274304,
URY,2024Q4,industrycat10,3,9.460793613819813,-0.13687370695274304,0.2973456834256485,
URY,2025Q1,industrycat10,3,9.758139297245462,0.2973456834256485,-0.01919539005053572,
URY,2025Q2,industrycat10,3,9.738943907194926,-0.01919539005053572,-0.2413025161269573,
URY,2025Q3,industrycat10,3,9.497641391067969,-0.2413025161269573,0.17712746576850869,
URY,2025Q4,industrycat10,3,9.674768856836478,0.17712746576850869,,
URY,2021Q3,industrycat10,4,1.355850874198499,,-0.09412472366881763,
URY,2021Q4,industrycat10,4,1.2617261505296813,-0.09412472366881763,-0.09954104019796883,
URY,2022Q1,industrycat10,4,1.1621851103317125,-0.09954104019796883,0.10655450687322565,
URY,2022Q2,industrycat10,4,1.268739617204938,0.10655450687322565,-0.08507181829560695,
URY,2022Q3,industrycat10,4,1.1836677989093312,-0.08507181829560695,-0.09938431803541925,
URY,2022Q4,industrycat10,4,1.084283480873912,-0.09938431803541925,-0.03700958494143625,
URY,2023Q1,industrycat10,4,1.0472738959324757,-0.03700958494143625,-0.07010387537605944,
URY,2023Q2,industrycat10,4,0.9771700205564162,-0.07010387537605944,0.19722948587093203,
URY,2023Q3,industrycat10,4,1.1743995064273482,0.19722948587093203,0.018249193459311863,
URY,2023Q4,industrycat10,4,1.1926486998866601,0.018249193459311863,-0.04199043903462085,
URY,2024Q1,industrycat10,4,1.1506582608520393,-0.04199043903462085,0.06706465265515793,
URY,2024Q2,industrycat10,4,1.2177229135071972,0.06706465265515793,-0.10539116286965422,
URY,2024Q3,industrycat10,4,1.112331750637543,-0.10539116286965422,0.10061869441294369,
URY,2024Q4,industrycat10,4,1.2129504450504867,0.10061869441294369,0.009488347220709015,
URY,2025Q1,industrycat10,4,1.2224387922711957,0.009488347220709015,-0.08190892756373458,
URY,2025Q2,industrycat10,4,1.140529864707461,-0.08190892756373458,-0.08369344586862693,
URY,2025Q3,industrycat10,4,1.0568364188388342,-0.08369344586862693,0.0023101020065841027,
URY,2025Q4,industrycat10,4,1.0591465208454183,0.0023101020065841027,,
URY,2021Q3,industrycat10,5,6.808237168873581,,0.07761224503984643,
URY,2021Q4,industrycat10,5,6.885849413913427,0.07761224503984643,0.004112362389865787,
URY,2022Q1,industrycat10,5,6.889961776303293,0.004112362389865787,0.06212510227186474,
URY,2022Q2,industrycat10,5,6.952086878575158,0.06212510227186474,0.2272497230750039,
URY,2022Q3,industrycat10,5,7.179336601650162,0.2272497230750039,0.26692428978558347,
URY,2022Q4,industrycat10,5,7.446260891435745,0.26692428978558347,0.03862513250916777,
URY,2023Q1,industrycat10,5,7.484886023944913,0.03862513250916777,0.005888854668782528,
URY,2023Q2,industrycat10,5,7.490774878613696,0.005888854668782528,0.21447301626345006,
URY,2023Q3,industrycat10,5,7.705247894877146,0.21447301626345006,0.1445949144126848,
URY,2023Q4,industrycat10,5,7.8498428092898305,0.1445949144126848,-0.5774865098117576,
URY,2024Q1,industrycat10,5,7.272356299478073,-0.5774865098117576,-0.3594115912265856,
URY,2024Q2,industrycat10,5,6.912944708251487,-0.3594115912265856,0.4787268379888321,
URY,2024Q3,industrycat10,5,7.391671546240319,0.4787268379888321,0.4441092504514952,
URY,2024Q4,industrycat10,5,7.8357807966918145,0.4441092504514952,-0.10459226941388966,
URY,2025Q1,industrycat10,5,7.731188527277925,-0.10459226941388966,-0.2096636769837792,
URY,2025Q2,industrycat10,5,7.521524850294146,-0.2096636769837792,-0.45367894834178557,
URY,2025Q3,industrycat10,5,7.06784590195236,-0.45367894834178557,0.09378090228958769,
URY,2025Q4,industrycat10,5,7.161626804241948,0.09378090228958769,,
URY,2021Q3,industrycat10,6,20.333406489160513,,0.7536744225442398,
URY,2021Q4,industrycat10,6,21.087080911704753,0.7536744225442398,0.040373194968459813,
URY,2022Q1,industrycat10,6,21.127454106673213,0.040373194968459813,-0.7063350209459287,
URY,2022Q2,industrycat10,6,20.421119085727284,-0.7063350209459287,0.09508165064504581,
URY,2022Q3,industrycat10,6,20.51620073637233,0.09508165064504581,0.011562687187321785,
URY,2022Q4,industrycat10,6,20.52776342355965,0.011562687187321785,0.47874912453573515,
URY,2023Q1,industrycat10,6,21.006512548095387,0.47874912453573515,-0.07418212471690566,
URY,2023Q2,industrycat10,6,20.93233042337848,-0.07418212471690566,-0.4177879501372743,
URY,2023Q3,industrycat10,6,20.514542473241207,-0.4177879501372743,0.04788656756042897,
URY,2023Q4,industrycat10,6,20.562429040801636,0.04788656756042897,1.064536324741237,
URY,2024Q1,industrycat10,6,21.626965365542873,1.064536324741237,0.24205236063372482,
URY,2024Q2,industrycat10,6,21.869017726176597,0.24205236063372482,0.31117706282248037,
URY,2024Q3,industrycat10,6,22.180194788999078,0.31117706282248037,-0.5875086165431505,
URY,2024Q4,industrycat10,6,21.592686172455927,-0.5875086165431505,0.0564451833792603,
URY,2025Q1,industrycat10,6,21.649131355835188,0.0564451833792603,-0.19925761010415144,
URY,2025Q2,industrycat10,6,21.449873745731036,-0.19925761010415144,-0.4831025664567328,
URY,2025Q3,industrycat10,6,20.966771179274303,-0.4831025664567328,-0.4052415599591441,
URY,2025Q4,industrycat10,6,20.56152961931516,-0.4052415599591441,,
URY,2021Q3,industrycat10,7,7.233897724062913,,0.120570700707896,
URY,2021Q4,industrycat10,7,7.354468424770809,0.120570700707896,0.18848900056063211,
URY,2022Q1,industrycat10,7,7.5429574253314415,0.18848900056063211,0.32805613781114307,
URY,2022Q2,industrycat10,7,7.871013563142585,0.32805613781114307,-0.3106497005105888,
URY,2022Q3,industrycat10,7,7.560363862631996,-0.3106497005105888,-0.4567868533736563,
URY,2022Q4,industrycat10,7,7.1035770092583395,-0.4567868533736563,0.38506774553221135,
URY,2023Q1,industrycat10,7,7.488644754790551,0.38506774553221135,-0.29684000245648967,
URY,2023Q2,industrycat10,7,7.191804752334061,-0.29684000245648967,-0.14275577472480006,
URY,2023Q3,industrycat10,7,7.049048977609261,-0.14275577472480006,0.10214255419648488,
URY,2023Q4,industrycat10,7,7.151191531805746,0.10214255419648488,-0.1379193560959031,
URY,2024Q1,industrycat10,7,7.013272175709843,-0.1379193560959031,0.15826991463646944,
URY,2024Q2,industrycat10,7,7.171542090346312,0.15826991463646944,0.5019871882467779,
URY,2024Q3,industrycat10,7,7.67352927859309,0.5019871882467779,0.24340928808336315,
URY,2024Q4,industrycat10,7,7.916938566676453,0.24340928808336315,-0.15469435191826442,
URY,2025Q1,industrycat10,7,7.762244214758189,-0.15469435191826442,-0.0658311445693478,
URY,2025Q2,industrycat10,7,7.696413070188841,-0.0658311445693478,0.0897321730284375,
URY,2025Q3,industrycat10,7,7.786145243217279,0.0897321730284375,-0.238222453539926,
URY,2025Q4,industrycat10,7,7.547922789677353,-0.238222453539926,,
URY,2021Q3,industrycat10,8,11.192821102094921,,0.2568154128096509,
URY,2021Q4,industrycat10,8,11.449636514904572,0.2568154128096509,0.662171246631047,
URY,2022Q1,industrycat10,8,12.11180776153562,0.662171246631047,-0.44135388289774546,
URY,2022Q2,industrycat10,8,11.670453878637874,-0.44135388289774546,-0.4474599087047224,
URY,2022Q3,industrycat10,8,11.222993969933151,-0.4474599087047224,0.6357546867010555,
URY,2022Q4,industrycat10,8,11.858748656634207,0.6357546867010555,-0.47156417872093215,
URY,2023Q1,industrycat10,8,11.387184477913275,-0.47156417872093215,0.19809543795030748,
URY,2023Q2,industrycat10,8,11.585279915863582,0.19809543795030748,0.29008362890542294,
URY,2023Q3,industrycat10,8,11.875363544769005,0.29008362890542294,-0.0017493433143194181,
URY,2023Q4,industrycat10,8,11.873614201454686,-0.0017493433143194181,-0.17694743661336432,
URY,2024Q1,industrycat10,8,11.696666764841321,-0.17694743661336432,-0.2355624215551373,
URY,2024Q2,industrycat10,8,11.461104343286184,-0.2355624215551373,-0.529509954424972,
URY,2024Q3,industrycat10,8,10.931594388861212,-0.529509954424972,0.2844207949577555,
URY,2024Q4,industrycat10,8,11.216015183818968,0.2844207949577555,0.3957425871567146,
URY,2025Q1,industrycat10,8,11.611757770975682,0.3957425871567146,0.3265743032384947,
URY,2025Q2,industrycat10,8,11.938332074214177,0.3265743032384947,0.1406663254561611,
URY,2025Q3,industrycat10,8,12.078998399670338,0.1406663254561611,0.4292092151540565,
URY,2025Q4,industrycat10,8,12.508207614824395,0.4292092151540565,,
URY,2021Q3,industrycat10,9,7.327186743918676,,0.009645161180961814,
URY,2021Q4,industrycat10,9,7.336831905099638,0.009645161180961814,-0.08056719935253032,
URY,2022Q1,industrycat10,9,7.256264705747108,-0.08056719935253032,-0.08333919073013618,
URY,2022Q2,industrycat10,9,7.1729255150169715,-0.08333919073013618,-0.24689256855513353,
URY,2022Q3,industrycat10,9,6.926032946461838,-0.24689256855513353,-0.03643935776648011,
URY,2022Q4,industrycat10,9,6.889593588695358,-0.03643935776648011,0.1965885411049344,
URY,2023Q1,industrycat10,9,7.086182129800292,0.1965885411049344,-0.5555423305717859,
URY,2023Q2,industrycat10,9,6.530639799228506,-0.5555423305717859,-0.0806950512085507,
URY,2023Q3,industrycat10,9,6.449944748019956,-0.0806950512085507,0.07487312539417434,
URY,2023Q4,industrycat10,9,6.52481787341413,0.07487312539417434,-0.09154458161383694,
URY,2024Q1,industrycat10,9,6.433273291800293,-0.09154458161383694,0.12327939571678659,
URY,2024Q2,industrycat10,9,6.55655268751708,0.12327939571678659,0.4007728507772832,
URY,2024Q3,industrycat10,9,6.957325538294363,0.4007728507772832,-0.39315546178203675,
URY,2024Q4,industrycat10,9,6.564170076512326,-0.39315546178203675,-0.389159362395465,
URY,2025Q1,industrycat10,9,6.175010714116861,-0.389159362395465,-0.05810740153047611,
URY,2025Q2,industrycat10,9,6.116903312586385,-0.05810740153047611,0.41854336655034263,
URY,2025Q3,industrycat10,9,6.535446679136728,0.41854336655034263,0.5311193563292091,
URY,2025Q4,industrycat10,9,7.066566035465937,0.5311193563292091,,
URY,2021Q3,industrycat10,NA,0.4456028473093349,,0.4889539467527186,
URY,2021Q4,industrycat10,NA,0.9345567940620535,0.4889539467527186,-0.9160837066913476,
URY,2022Q1,industrycat10,NA,0.01847308737070587,-0.9160837066913476,0.038770132575591976,
URY,2022Q2,industrycat10,NA,0.05724321994629785,0.038770132575591976,0.005769249283051024,
URY,2022Q3,industrycat10,NA,0.06301246922934887,0.005769249283051024,-0.03429961114190383,
URY,2022Q4,industrycat10,NA,0.028712858087445045,-0.03429961114190383,-0.025692758436000076,
URY,2023Q2,industrycat10,NA,0.003020099651444968,-0.025692758436000076,0.022192820829577842,
URY,2023Q3,industrycat10,NA,0.02521292048102281,0.022192820829577842,0.0023889329805234817,
URY,2023Q4,industrycat10,NA,0.027601853461546293,0.0023889329805234817,0.002276818204792218,
URY,2024Q1,industrycat10,NA,0.02987867166633851,0.002276818204792218,0.014968959042459925,
URY,2024Q2,industrycat10,NA,0.044847630708798436,0.014968959042459925,-0.017488762943837565,
URY,2024Q3,industrycat10,NA,0.02735886776496087,-0.017488762943837565,0.003553865267483511,
URY,2024Q4,industrycat10,NA,0.030912733032444382,0.003553865267483511,0.01728172856983849,
URY,2025Q1,industrycat10,NA,0.04819446160228287,0.01728172856983849,0.04220724684355327,
URY,2025Q2,industrycat10,NA,0.09040170844583614,0.04220724684355327,-0.073326745774912,
URY,2025Q3,industrycat10,NA,0.01707496267092414,-0.073326745774912,-0.012958231731247397,
URY,2025Q4,industrycat10,NA,0.004116730939676744,-0.012958231731247397,,
URY,2021Q3,lstatus,1,56.20428759549416,,1.6779851985074856,
URY,2021Q4,lstatus,1,57.88227279400164,1.6779851985074856,-0.4197860700509253,
URY,2022Q1,lstatus,1,57.46248672395072,-0.4197860700509253,-0.7614078927844474,
URY,2022Q2,lstatus,1,56.70107883116627,-0.7614078927844474,-0.04361780523814218,
URY,2022Q3,lstatus,1,56.65746102592813,-0.04361780523814218,0.8516975311404593,
URY,2022Q4,lstatus,1,57.50915855706859,0.8516975311404593,-0.044167816872651144,
URY,2023Q1,lstatus,1,57.46499074019594,-0.044167816872651144,0.36185647596889936,
URY,2023Q2,lstatus,1,57.826847216164836,0.36185647596889936,0.6380399786760194,
URY,2023Q3,lstatus,1,58.464887194840855,0.6380399786760194,0.1554090353799964,
URY,2023Q4,lstatus,1,58.62029623022085,0.1554090353799964,0.07167620104029027,
URY,2024Q1,lstatus,1,58.69197243126114,0.07167620104029027,-0.20904422282974622,
URY,2024Q2,lstatus,1,58.482928208431396,-0.20904422282974622,0.6497254663514838,
URY,2024Q3,lstatus,1,59.13265367478288,0.6497254663514838,0.6546312877623848,
URY,2024Q4,lstatus,1,59.787284962545264,0.6546312877623848,-0.41792432154746706,
URY,2025Q1,lstatus,1,59.3693606409978,-0.41792432154746706,0.06845610471171426,
URY,2025Q2,lstatus,1,59.43781674570951,0.06845610471171426,0.4118183517805889,
URY,2025Q3,lstatus,1,59.8496350974901,0.4118183517805889,0.1501979779936704,
URY,2025Q4,lstatus,1,59.99983307548377,0.1501979779936704,,
URY,2021Q3,lstatus,2,5.98260797591396,,-1.3311674105790816,
URY,2021Q4,lstatus,2,4.6514405653348785,-1.3311674105790816,-0.022431830283208498,
URY,2022Q1,lstatus,2,4.62900873505167,-0.022431830283208498,0.3357876447584909,
URY,2022Q2,lstatus,2,4.964796379810161,0.3357876447584909,0.021900430517803215,
URY,2022Q3,lstatus,2,4.986696810327964,0.021900430517803215,-0.10740072213665641,
URY,2022Q4,lstatus,2,4.879296088191308,-0.10740072213665641,0.39883231709386724,
URY,2023Q1,lstatus,2,5.278128405285175,0.39883231709386724,0.1391897952269563,
URY,2023Q2,lstatus,2,5.417318200512131,0.1391897952269563,-0.261457185414419,
URY,2023Q3,lstatus,2,5.155861015097712,-0.261457185414419,0.10278960351646838,
URY,2023Q4,lstatus,2,5.258650618614181,0.10278960351646838,0.2727358654982037,
URY,2024Q1,lstatus,2,5.531386484112384,0.2727358654982037,-0.06409444489027027,
URY,2024Q2,lstatus,2,5.467292039222114,-0.06409444489027027,-0.1353850040958413,
URY,2024Q3,lstatus,2,5.331907035126273,-0.1353850040958413,-0.6255763496919879,
URY,2024Q4,lstatus,2,4.706330685434285,-0.6255763496919879,0.4629100717893344,
URY,2025Q1,lstatus,2,5.169240757223619,0.4629100717893344,-0.2193452100370621,
URY,2025Q2,lstatus,2,4.949895547186557,-0.2193452100370621,-0.4947198937440165,
URY,2025Q3,lstatus,2,4.455175653442541,-0.4947198937440165,0.18587855157212463,
URY,2025Q4,lstatus,2,4.641054205014665,0.18587855157212463,,
URY,2021Q3,lstatus,3,37.81310442859188,,-0.34681778792839424,
URY,2021Q4,lstatus,3,37.46628664066348,-0.34681778792839424,0.44221790033412134,
URY,2022Q1,lstatus,3,37.908504540997605,0.44221790033412134,0.42562024802597165,
URY,2022Q2,lstatus,3,38.334124789023576,0.42562024802597165,0.02171737472033186,
URY,2022Q3,lstatus,3,38.35584216374391,0.02171737472033186,-0.7442968090037994,
URY,2022Q4,lstatus,3,37.61154535474011,-0.7442968090037994,-0.35466450022122586,
URY,2023Q1,lstatus,3,37.25688085451888,-0.35466450022122586,-0.5010462711958539,
URY,2023Q2,lstatus,3,36.75583458332303,-0.5010462711958539,-0.3765827932615977,
URY,2023Q3,lstatus,3,36.37925179006143,-0.3765827932615977,-0.25819863889646655,
URY,2023Q4,lstatus,3,36.121053151164965,-0.25819863889646655,-0.34441206653848155,
URY,2024Q1,lstatus,3,35.77664108462648,-0.34441206653848155,0.27313866772001205,
URY,2024Q2,lstatus,3,36.049779752346495,0.27313866772001205,-0.5143404622556389,
URY,2024Q3,lstatus,3,35.535439290090856,-0.5143404622556389,-0.02905493807040216,
URY,2024Q4,lstatus,3,35.506384352020454,-0.02905493807040216,-0.044985750241885114,
URY,2025Q1,lstatus,3,35.46139860177857,-0.044985750241885114,0.15088910532537625,
URY,2025Q2,lstatus,3,35.612287707103945,0.15088910532537625,0.08290154196340893,
URY,2025Q3,lstatus,3,35.695189249067354,0.08290154196340893,-0.33607652956579415,
URY,2025Q4,lstatus,3,35.35911271950156,-0.33607652956579415,,
URY,2021Q3,occup,0,0.640260072033604,,0.19338325755858943,
URY,2021Q4,occup,0,0.8336433295921934,0.19338325755858943,-0.10143732108057824,
URY,2022Q1,occup,0,0.7322060085116152,-0.10143732108057824,-0.04366861426183877,
URY,2022Q2,occup,0,0.6885373942497764,-0.04366861426183877,-0.12522695045877963,
URY,2022Q3,occup,0,0.5633104437909968,-0.12522695045877963,-0.015617152829855985,
URY,2022Q4,occup,0,0.5476932909611408,-0.015617152829855985,0.2390150412700971,
URY,2023Q1,occup,0,0.7867083322312379,0.2390150412700971,-0.07045123450357615,
URY,2023Q2,occup,0,0.7162570977276618,-0.07045123450357615,-0.1826323630921869,
URY,2023Q3,occup,0,0.5336247346354749,-0.1826323630921869,-0.0031874268748096624,
URY,2023Q4,occup,0,0.5304373077606652,-0.0031874268748096624,0.10145203187030993,
URY,2024Q1,occup,0,0.6318893396309752,0.10145203187030993,0.045292403401617665,
URY,2024Q2,occup,0,0.6771817430325928,0.045292403401617665,-0.09947987257625535,
URY,2024Q3,occup,0,0.5777018704563375,-0.09947987257625535,0.1514102859048525,
URY,2024Q4,occup,0,0.72911215636119,0.1514102859048525,0.10729433646988373,
URY,2025Q1,occup,0,0.8364064928310737,0.10729433646988373,-0.2451530720973768,
URY,2025Q2,occup,0,0.5912534207336969,-0.2451530720973768,-0.05306191776340774,
URY,2025Q3,occup,0,0.5381915029702892,-0.05306191776340774,0.14667086381164007,
URY,2025Q4,occup,0,0.6848623667819292,0.14667086381164007,,
URY,2021Q3,occup,1,2.438298036839855,,-0.10499442872173192,
URY,2021Q4,occup,1,2.333303608118123,-0.10499442872173192,0.060460645298247684,
URY,2022Q1,occup,1,2.3937642534163706,0.060460645298247684,-0.04076237363725088,
URY,2022Q2,occup,1,2.3530018797791197,-0.04076237363725088,0.10112752995622287,
URY,2022Q3,occup,1,2.4541294097353425,0.10112752995622287,0.34862758178590836,
URY,2022Q4,occup,1,2.802756991521251,0.34862758178590836,0.14347148004952182,
URY,2023Q1,occup,1,2.9462284715707727,0.14347148004952182,0.013646839765981689,
URY,2023Q2,occup,1,2.9598753113367544,0.013646839765981689,-0.26201482166010637,
URY,2023Q3,occup,1,2.697860489676648,-0.26201482166010637,-0.11791272147394904,
URY,2023Q4,occup,1,2.579947768202699,-0.11791272147394904,0.44333976925220675,
URY,2024Q1,occup,1,3.0232875374549057,0.44333976925220675,0.08341602766952416,
URY,2024Q2,occup,1,3.10670356512443,0.08341602766952416,-0.375498109620382,
URY,2024Q3,occup,1,2.731205455504048,-0.375498109620382,-0.17625196011925892,
URY,2024Q4,occup,1,2.554953495384789,-0.17625196011925892,0.34298634389583604,
URY,2025Q1,occup,1,2.897939839280625,0.34298634389583604,0.048779261518129946,
URY,2025Q2,occup,1,2.946719100798755,0.048779261518129946,-0.21068745796848187,
URY,2025Q3,occup,1,2.736031642830273,-0.21068745796848187,0.03512981103367352,
URY,2025Q4,occup,1,2.7711614538639466,0.03512981103367352,,
URY,2021Q3,occup,2,15.056778262369775,,-0.7841665261795789,
URY,2021Q4,occup,2,14.272611736190196,-0.7841665261795789,0.2588305980882808,
URY,2022Q1,occup,2,14.531442334278477,0.2588305980882808,0.10147464180645827,
URY,2022Q2,occup,2,14.632916976084935,0.10147464180645827,-0.34916713558778234,
URY,2022Q3,occup,2,14.283749840497153,-0.34916713558778234,0.16661780546434457,
URY,2022Q4,occup,2,14.450367645961498,0.16661780546434457,-0.31121545256306504,
URY,2023Q1,occup,2,14.139152193398433,-0.31121545256306504,-0.09610333766089241,
URY,2023Q2,occup,2,14.04304885573754,-0.09610333766089241,0.30396087824381723,
URY,2023Q3,occup,2,14.347009733981357,0.30396087824381723,-0.18850205994740854,
URY,2023Q4,occup,2,14.158507674033949,-0.18850205994740854,-0.6866564054886624,
URY,2024Q1,occup,2,13.471851268545286,-0.6866564054886624,0.46696327785852887,
URY,2024Q2,occup,2,13.938814546403815,0.46696327785852887,0.23484404408884707,
URY,2024Q3,occup,2,14.173658590492662,0.23484404408884707,0.03693047049378073,
URY,2024Q4,occup,2,14.210589060986443,0.03693047049378073,-0.1593107638980733,
URY,2025Q1,occup,2,14.05127829708837,-0.1593107638980733,0.05795009494423553,
URY,2025Q2,occup,2,14.109228392032605,0.05795009494423553,0.5578249297740143,
URY,2025Q3,occup,2,14.66705332180662,0.5578249297740143,0.3374534646901104,
URY,2025Q4,occup,2,15.00450678649673,0.3374534646901104,,
URY,2021Q3,occup,3,8.248070659938515,,-0.5605540388096824,
URY,2021Q4,occup,3,7.687516621128832,-0.5605540388096824,0.16902346157221704,
URY,2022Q1,occup,3,7.856540082701049,0.16902346157221704,0.10453695586779244,
URY,2022Q2,occup,3,7.961077038568842,0.10453695586779244,-0.19011887088084745,
URY,2022Q3,occup,3,7.770958167687994,-0.19011887088084745,0.002505938155188403,
URY,2022Q4,occup,3,7.773464105843183,0.002505938155188403,0.017867863077503543,
URY,2023Q1,occup,3,7.791331968920686,0.017867863077503543,0.04545158152425799,
URY,2023Q2,occup,3,7.836783550444944,0.04545158152425799,0.115855158154333,
URY,2023Q3,occup,3,7.952638708599277,0.115855158154333,0.02674439677433238,
URY,2023Q4,occup,3,7.97938310537361,0.02674439677433238,-0.15525958516230354,
URY,2024Q1,occup,3,7.824123520211306,-0.15525958516230354,0.1456248202903918,
URY,2024Q2,occup,3,7.969748340501698,0.1456248202903918,0.30068773606016475,
URY,2024Q3,occup,3,8.270436076561863,0.30068773606016475,0.1554917271386742,
URY,2024Q4,occup,3,8.425927803700537,0.1554917271386742,-0.005680486805177409,
URY,2025Q1,occup,3,8.42024731689536,-0.005680486805177409,0.185660576450017,
URY,2025Q2,occup,3,8.605907893345377,0.185660576450017,0.1505291789079557,
URY,2025Q3,occup,3,8.756437072253332,0.1505291789079557,-0.016560893745127814,
URY,2025Q4,occup,3,8.739876178508204,-0.016560893745127814,,
URY,2021Q3,occup,4,10.910417792042596,,0.2552469230213461,
URY,2021Q4,occup,4,11.165664715063942,0.2552469230213461,0.36208160226411934,
URY,2022Q1,occup,4,11.527746317328061,0.36208160226411934,0.11660513864075917,
URY,2022Q2,occup,4,11.64435145596882,0.11660513864075917,-0.0007350983686347234,
URY,2022Q3,occup,4,11.643616357600186,-0.0007350983686347234,0.32345717736253476,
URY,2022Q4,occup,4,11.96707353496272,0.32345717736253476,-0.37705680363858285,
URY,2023Q1,occup,4,11.590016731324138,-0.37705680363858285,-0.24654217971022696,
URY,2023Q2,occup,4,11.34347455161391,-0.24654217971022696,-0.33254563781497914,
URY,2023Q3,occup,4,11.010928913798931,-0.33254563781497914,-0.17629820270641083,
URY,2023Q4,occup,4,10.83463071109252,-0.17629820270641083,-0.344523612912214,
URY,2024Q1,occup,4,10.490107098180307,-0.344523612912214,0.2863376597939524,
URY,2024Q2,occup,4,10.776444757974259,0.2863376597939524,0.36237482775184127,
URY,2024Q3,occup,4,11.1388195857261,0.36237482775184127,-0.6731820925800296,
URY,2024Q4,occup,4,10.46563749314607,-0.6731820925800296,-0.6257124995897634,
URY,2025Q1,occup,4,9.839924993556307,-0.6257124995897634,0.02527318266102263,
URY,2025Q2,occup,4,9.86519817621733,0.02527318266102263,0.11067424117097602,
URY,2025Q3,occup,4,9.975872417388306,0.11067424117097602,0.4313925788380466,
URY,2025Q4,occup,4,10.407264996226353,0.4313925788380466,,
URY,2021Q3,occup,5,20.835338641596515,,0.7000633945873211,
URY,2021Q4,occup,5,21.535402036183836,0.7000633945873211,0.12525254687122,
URY,2022Q1,occup,5,21.660654583055056,0.12525254687122,-0.3639509750527061,
URY,2022Q2,occup,5,21.29670360800235,-0.3639509750527061,0.21770685433248715,
URY,2022Q3,occup,5,21.514410462334837,0.21770685433248715,-0.1620328566130702,
URY,2022Q4,occup,5,21.352377605721767,-0.1620328566130702,-0.6479954227423654,
URY,2023Q1,occup,5,20.7043821829794,-0.6479954227423654,-0.2905614174057831,
URY,2023Q2,occup,5,20.413820765573618,-0.2905614174057831,-0.001670438848961453,
URY,2023Q3,occup,5,20.412150326724657,-0.001670438848961453,0.7970478306914046,
URY,2023Q4,occup,5,21.20919815741606,0.7970478306914046,1.1520035929858778,
URY,2024Q1,occup,5,22.36120175040194,1.1520035929858778,-0.1592743705446793,
URY,2024Q2,occup,5,22.20192737985726,-0.1592743705446793,-0.4857781270651955,
URY,2024Q3,occup,5,21.716149252792064,-0.4857781270651955,-0.2864609369144162,
URY,2024Q4,occup,5,21.429688315877648,-0.2864609369144162,0.39222247251355924,
URY,2025Q1,occup,5,21.821910788391207,0.39222247251355924,0.24504543762943953,
URY,2025Q2,occup,5,22.066956226020647,0.24504543762943953,-0.3928476428426002,
URY,2025Q3,occup,5,21.674108583178047,-0.3928476428426002,-0.28111210119723395,
URY,2025Q4,occup,5,21.392996481980813,-0.28111210119723395,,
URY,2021Q3,occup,6,4.405753443317978,,-0.4150340659665708,
URY,2021Q4,occup,6,3.990719377351407,-0.4150340659665708,0.021879108295262295,
URY,2022Q1,occup,6,4.012598485646669,0.021879108295262295,0.2738240053338217,
URY,2022Q2,occup,6,4.286422490980491,0.2738240053338217,0.2188477255369028,
URY,2022Q3,occup,6,4.505270216517394,0.2188477255369028,-0.26394531013265077,
URY,2022Q4,occup,6,4.241324906384743,-0.26394531013265077,-0.11598853477712101,
URY,2023Q1,occup,6,4.125336371607622,-0.11598853477712101,0.24383982021648443,
URY,2023Q2,occup,6,4.369176191824106,0.24383982021648443,0.2589644303636982,
URY,2023Q3,occup,6,4.6281406221878045,0.2589644303636982,-0.34837709295771546,
URY,2023Q4,occup,6,4.279763529230089,-0.34837709295771546,-0.3289776930380772,
URY,2024Q1,occup,6,3.950785836192012,-0.3289776930380772,0.02363877783478152,
URY,2024Q2,occup,6,3.9744246140267934,0.02363877783478152,0.02342351317621505,
URY,2024Q3,occup,6,3.9978481272030084,0.02342351317621505,0.022020174319519192,
URY,2024Q4,occup,6,4.019868301522528,0.022020174319519192,-0.2110378865468583,
URY,2025Q1,occup,6,3.8088304149756693,-0.2110378865468583,0.09759611371283894,
URY,2025Q2,occup,6,3.9064265286885083,0.09759611371283894,0.5142718731327212,
URY,2025Q3,occup,6,4.420698401821229,0.5142718731327212,-0.020514558768294222,
URY,2025Q4,occup,6,4.400183843052935,-0.020514558768294222,,
URY,2021Q3,occup,7,13.132745918630944,,0.131128391772247,
URY,2021Q4,occup,7,13.26387431040319,0.131128391772247,-0.39742893426294046,
URY,2022Q1,occup,7,12.86644537614025,-0.39742893426294046,-0.3165017290450116,
URY,2022Q2,occup,7,12.549943647095239,-0.3165017290450116,0.1414673448597572,
URY,2022Q3,occup,7,12.691410991954996,0.1414673448597572,-0.08809793007190336,
URY,2022Q4,occup,7,12.603313061883092,-0.08809793007190336,0.45935054980382617,
URY,2023Q1,occup,7,13.062663611686919,0.45935054980382617,-0.20471765054713664,
URY,2023Q2,occup,7,12.857945961139782,-0.20471765054713664,0.07645774159114715,
URY,2023Q3,occup,7,12.934403702730929,0.07645774159114715,0.543983424432751,
URY,2023Q4,occup,7,13.47838712716368,0.543983424432751,0.13499061210206342,
URY,2024Q1,occup,7,13.613377739265744,0.13499061210206342,-0.484054186820595,
URY,2024Q2,occup,7,13.129323552445149,-0.484054186820595,-0.009288342771816005,
URY,2024Q3,occup,7,13.120035209673333,-0.009288342771816005,0.017800516158986923,
URY,2024Q4,occup,7,13.13783572583232,0.017800516158986923,-0.31902402433905586,
URY,2025Q1,occup,7,12.818811701493264,-0.31902402433905586,0.1280139108913403,
URY,2025Q2,occup,7,12.946825612384604,0.1280139108913403,0.030051680707426698,
URY,2025Q3,occup,7,12.97687729309203,0.030051680707426698,0.08699500929782822,
URY,2025Q4,occup,7,13.063872302389859,0.08699500929782822,,
URY,2021Q3,occup,8,6.3815334784041315,,0.18131737761253408,
URY,2021Q4,occup,8,6.562850856016666,0.18131737761253408,0.202757453353974,
URY,2022Q1,occup,8,6.76560830937064,0.202757453353974,0.4121127670204183,
URY,2022Q2,occup,8,7.177721076391058,0.4121127670204183,-0.09587584642083069,
URY,2022Q3,occup,8,7.081845229970227,-0.09587584642083069,-0.07927062379702488,
URY,2022Q4,occup,8,7.002574606173202,-0.07927062379702488,0.7074772941436756,
URY,2023Q1,occup,8,7.710051900316878,0.7074772941436756,-0.32521738006463075,
URY,2023Q2,occup,8,7.384834520252247,-0.32521738006463075,-0.4505014058988728,
URY,2023Q3,occup,8,6.934333114353374,-0.4505014058988728,0.13047879581726107,
URY,2023Q4,occup,8,7.0648119101706355,0.13047879581726107,0.005136734166983459,
URY,2024Q1,occup,8,7.069948644337619,0.005136734166983459,0.2865777833281431,
URY,2024Q2,occup,8,7.356526427665762,0.2865777833281431,0.2687890818576699,
URY,2024Q3,occup,8,7.625315509523432,0.2687890818576699,0.1997756602951375,
URY,2024Q4,occup,8,7.8250911698185694,0.1997756602951375,0.1924235516067645,
URY,2025Q1,occup,8,8.017514721425334,0.1924235516067645,-0.4619061636758861,
URY,2025Q2,occup,8,7.555608557749448,-0.4619061636758861,-0.39853890058072494,
URY,2025Q3,occup,8,7.157069657168723,-0.39853890058072494,-0.004484622707552788,
URY,2025Q4,occup,8,7.15258503446117,-0.004484622707552788,,
URY,2021Q3,occup,9,17.641524311085885,,-0.04782483857268005,
URY,2021Q4,occup,9,17.593699472513205,-0.04782483857268005,0.011732574814683261,
URY,2022Q1,occup,9,17.605432047327888,0.011732574814683261,-0.20820780728269384,
URY,2022Q2,occup,9,17.397224240045194,-0.20820780728269384,0.04038461874760557,
URY,2022Q3,occup,9,17.4376088587928,0.04038461874760557,-0.19622405933614218,
URY,2022Q4,occup,9,17.241384799456657,-0.19622405933614218,-0.09725656349273493,
URY,2023Q1,occup,9,17.144128235963922,-0.09725656349273493,0.9276348587340628,
URY,2023Q2,occup,9,18.071763094697985,0.9276348587340628,0.4771465586135406,
URY,2023Q3,occup,9,18.548909653311526,0.4771465586135406,-0.663976943755447,
URY,2023Q4,occup,9,17.88493270955608,-0.663976943755447,-0.32881041084375795,
URY,2024Q1,occup,9,17.55612229871232,-0.32881041084375795,-0.687217225744071,
URY,2024Q2,occup,9,16.86890507296825,-0.687217225744071,-0.22007475090109452,
URY,2024Q3,occup,9,16.648830322067155,-0.22007475090109452,0.5524661553027457,
URY,2024Q4,occup,9,17.2012964773699,0.5524661553027457,0.2858389566928743,
URY,2025Q1,occup,9,17.487135434062775,0.2858389566928743,-0.0812593420337464,
URY,2025Q2,occup,9,17.40587609202903,-0.0812593420337464,-0.30821598453788823,
URY,2025Q3,occup,9,17.09766010749114,-0.30821598453788823,-0.735290035937048,
URY,2025Q4,occup,9,16.362370071554093,-0.735290035937048,,
URY,2021Q3,occup,NA,0.3092793837402209,,0.45143455369819774,
URY,2021Q4,occup,NA,0.7607139374384186,0.45143455369819774,-0.7131517352144908,
URY,2022Q1,occup,NA,0.047562202223927805,-0.7131517352144908,-0.035462009389751054,
URY,2022Q2,occup,NA,0.012100192834176753,-0.035462009389751054,0.04158982828389819,
URY,2022Q3,occup,NA,0.05369002111807494,0.04158982828389819,-0.03602056998733952,
URY,2022Q4,occup,NA,0.01766945113073543,-0.03602056998733952,-0.014649351479290456,
URY,2023Q2,occup,NA,0.0030200996514449722,-0.014649351479290456,0.004284867416135837,
URY,2024Q1,occup,NA,0.007304967067580809,0.004284867416135837,0.013015517616394304,
URY,2025Q4,occup,NA,0.020320484683975112,0.013015517616394304,,
URY,2021Q3,socialsec,0,22.475638189141545,,-0.3794623546292044,
URY,2021Q4,socialsec,0,22.09617583451234,-0.3794623546292044,-0.4770457130037826,
URY,2022Q1,socialsec,0,21.619130121508558,-0.4770457130037826,-0.9073635945267711,
URY,2022Q2,socialsec,0,20.711766526981787,-0.9073635945267711,0.10113477053718611,
URY,2022Q3,socialsec,0,20.812901297518973,0.10113477053718611,-0.4176985535008626,
URY,2022Q4,socialsec,0,20.39520274401811,-0.4176985535008626,-0.5062463924292331,
URY,2023Q1,socialsec,0,19.888956351588877,-0.5062463924292331,0.7950350279017186,
URY,2023Q2,socialsec,0,20.683991379490596,0.7950350279017186,1.346699745074087,
URY,2023Q3,socialsec,0,22.030691124564683,1.346699745074087,0.4073625271451675,
URY,2023Q4,socialsec,0,22.43805365170985,0.4073625271451675,-0.2895097622278371,
URY,2024Q1,socialsec,0,22.148543889482013,-0.2895097622278371,-0.6702191436898417,
URY,2024Q2,socialsec,0,21.47832474579217,-0.6702191436898417,0.037851520524387894,
URY,2024Q3,socialsec,0,21.51617626631656,0.037851520524387894,0.020161926185153334,
URY,2024Q4,socialsec,0,21.536338192501713,0.020161926185153334,0.5112172349422153,
URY,2025Q1,socialsec,0,22.04755542744393,0.5112172349422153,-0.0881568831529691,
URY,2025Q2,socialsec,0,21.95939854429096,-0.0881568831529691,0.051020767737082195,
URY,2025Q3,socialsec,0,22.01041931202804,0.051020767737082195,-0.2850578997072155,
URY,2025Q4,socialsec,0,21.725361412320826,-0.2850578997072155,,
URY,2021Q3,socialsec,1,77.52436181085845,,0.3794623546291973,
URY,2021Q4,socialsec,1,77.90382416548765,0.3794623546291973,0.47704571300380394,
URY,2022Q1,socialsec,1,78.38086987849145,0.47704571300380394,0.9073635945267569,
URY,2022Q2,socialsec,1,79.28823347301821,0.9073635945267569,-0.1011347705371719,
URY,2022Q3,socialsec,1,79.18709870248104,-0.1011347705371719,0.4176985535008413,
URY,2022Q4,socialsec,1,79.60479725598188,0.4176985535008413,0.5062463924292473,
URY,2023Q1,socialsec,1,80.11104364841113,0.5062463924292473,-0.7950350279017186,
URY,2023Q2,socialsec,1,79.31600862050941,-0.7950350279017186,-1.3509311478153023,
URY,2023Q3,socialsec,1,77.9650774726941,-1.3509311478153023,-0.4031311244039557,
URY,2023Q4,socialsec,1,77.56194634829015,-0.4031311244039557,0.2895097622278371,
URY,2024Q1,socialsec,1,77.85145611051799,0.2895097622278371,0.6702191436898346,
URY,2024Q2,socialsec,1,78.52167525420782,0.6702191436898346,-0.03785152052437013,
URY,2024Q3,socialsec,1,78.48382373368345,-0.03785152052437013,-0.020161926185167545,
URY,2024Q4,socialsec,1,78.46366180749828,-0.020161926185167545,-0.5112172349422082,
URY,2025Q1,socialsec,1,77.95244457255608,-0.5112172349422082,0.0881568831529762,
URY,2025Q2,socialsec,1,78.04060145570905,0.0881568831529762,-0.05102076773709996,
URY,2025Q3,socialsec,1,77.98958068797195,-0.05102076773709996,0.28505789970721196,
URY,2025Q4,socialsec,1,78.27463858767916,0.28505789970721196,,
URY,2023Q3,socialsec,NA,0.004231402741208039,,,
URY,2021Q3,urban,0,5.664196790022547,,-0.39346849869002565,
URY,2021Q4,urban,0,5.270728291332522,-0.39346849869002565,-0.02203464310000669,
URY,2022Q1,urban,0,5.248693648232515,-0.02203464310000669,0.3690163880261004,
URY,2022Q2,urban,0,5.617710036258615,0.3690163880261004,0.5312600234872518,
URY,2022Q3,urban,0,6.148970059745867,0.5312600234872518,-0.2752264361774106,
URY,2022Q4,urban,0,5.873743623568457,-0.2752264361774106,-0.3490261461665245,
URY,2023Q1,urban,0,5.524717477401932,-0.3490261461665245,0.06328271025351118,
URY,2023Q2,urban,0,5.588000187655443,0.06328271025351118,0.17346099589425545,
URY,2023Q3,urban,0,5.761461183549699,0.17346099589425545,-0.017071707045162476,
URY,2023Q4,urban,0,5.744389476504536,-0.017071707045162476,0.010568816020590788,
URY,2024Q1,urban,0,5.754958292525127,0.010568816020590788,-0.08624634060682634,
URY,2024Q2,urban,0,5.668711951918301,-0.08624634060682634,0.033973622842935924,
URY,2024Q3,urban,0,5.702685574761237,0.033973622842935924,-0.005585406124060555,
URY,2024Q4,urban,0,5.697100168637176,-0.005585406124060555,-0.09149243305523136,
URY,2025Q1,urban,0,5.605607735581945,-0.09149243305523136,0.11458986275521532,
URY,2025Q2,urban,0,5.72019759833716,0.11458986275521532,0.4616901835547109,
URY,2025Q3,urban,0,6.181887781891871,0.4616901835547109,-0.3256456565278327,
URY,2025Q4,urban,0,5.856242125364038,-0.3256456565278327,,
URY,2021Q3,urban,1,94.33580320997746,,0.39346849869002654,
URY,2021Q4,urban,1,94.72927170866748,0.39346849869002654,0.022034643099999585,
URY,2022Q1,urban,1,94.75130635176748,0.022034643099999585,-0.3690163880260826,
URY,2022Q2,urban,1,94.3822899637414,-0.3690163880260826,-0.5312600234872633,
URY,2022Q3,urban,1,93.85102994025414,-0.5312600234872633,0.2752264361774053,
URY,2022Q4,urban,1,94.12625637643154,0.2752264361774053,0.3490261461665227,
URY,2023Q1,urban,1,94.47528252259806,0.3490261461665227,-0.06328271025350318,
URY,2023Q2,urban,1,94.41199981234456,-0.06328271025350318,-0.1734609958942599,
URY,2023Q3,urban,1,94.2385388164503,-0.1734609958942599,0.017071707045161588,
URY,2023Q4,urban,1,94.25561052349546,0.017071707045161588,-0.010568816020608551,
URY,2024Q1,urban,1,94.24504170747485,-0.010568816020608551,0.08624634060683434,
URY,2024Q2,urban,1,94.33128804808169,0.08624634060683434,-0.033973622842921714,
URY,2024Q3,urban,1,94.29731442523877,-0.033973622842921714,0.0055854061240552255,
URY,2024Q4,urban,1,94.30289983136282,0.0055854061240552255,0.09149243305523669,
URY,2025Q1,urban,1,94.39439226441806,0.09149243305523669,-0.1145898627552242,
URY,2025Q2,urban,1,94.27980240166283,-0.1145898627552242,-0.46169018355470826,
URY,2025Q3,urban,1,93.81811221810813,-0.46169018355470826,0.3256456565278256,
URY,2025Q4,urban,1,94.14375787463595,0.3256456565278256,,
ZAF,2022Q1,educat7,1,14.284292410938644,,0.44562507866978684,
ZAF,2022Q2,educat7,1,14.72991748960843,0.44562507866978684,0.1476386713912703,
ZAF,2022Q3,educat7,1,14.877556160999701,0.1476386713912703,0.23021821580112878,
ZAF,2022Q4,educat7,1,15.10777437680083,0.23021821580112878,-0.906695571143997,
ZAF,2023Q1,educat7,1,14.201078805656833,-0.906695571143997,0.2845025910037222,
ZAF,2023Q2,educat7,1,14.485581396660555,0.2845025910037222,0.22503456714736636,
ZAF,2023Q3,educat7,1,14.710615963807921,0.22503456714736636,0.2907143227594453,
ZAF,2023Q4,educat7,1,15.001330286567367,0.2907143227594453,-0.9898569562312094,
ZAF,2024Q1,educat7,1,14.011473330336157,-0.9898569562312094,0.40861786169119085,
ZAF,2024Q2,educat7,1,14.420091192027348,0.40861786169119085,0.3165182281331784,
ZAF,2024Q3,educat7,1,14.736609420160526,0.3165182281331784,0.10441207431099997,
ZAF,2024Q4,educat7,1,14.841021494471526,0.10441207431099997,-0.8588358660258528,
ZAF,2025Q1,educat7,1,13.982185628445674,-0.8588358660258528,0.3147994644243326,
ZAF,2025Q2,educat7,1,14.296985092870006,0.3147994644243326,0.23024181493005713,
ZAF,2025Q3,educat7,1,14.527226907800063,0.23024181493005713,0.17191496058118183,
ZAF,2025Q4,educat7,1,14.699141868381245,0.17191496058118183,-1.0146513293726898,
ZAF,2026Q1,educat7,1,13.684490539008555,-1.0146513293726898,0.45944273321158846,
ZAF,2026Q2,educat7,1,14.143933272220144,0.45944273321158846,,
ZAF,2022Q1,educat7,2,16.43998828499777,,-0.30666084089466494,
ZAF,2022Q2,educat7,2,16.133327444103106,-0.30666084089466494,0.03432667318119442,
ZAF,2022Q3,educat7,2,16.1676541172843,0.03432667318119442,-0.22425870859636277,
ZAF,2022Q4,educat7,2,15.943395408687937,-0.22425870859636277,-0.1565538309134471,
ZAF,2023Q1,educat7,2,15.78684157777449,-0.1565538309134471,0.06710504864262745,
ZAF,2023Q2,educat7,2,15.853946626417118,0.06710504864262745,0.1207130658790696,
ZAF,2023Q3,educat7,2,15.974659692296187,0.1207130658790696,-0.15376889122003057,
ZAF,2023Q4,educat7,2,15.820890801076157,-0.15376889122003057,-0.210947699217094,
ZAF,2024Q1,educat7,2,15.609943101859063,-0.210947699217094,-0.032007981769250904,
ZAF,2024Q2,educat7,2,15.577935120089812,-0.032007981769250904,-0.1032304908294801,
ZAF,2024Q3,educat7,2,15.474704629260332,-0.1032304908294801,-0.10058746299874954,
ZAF,2024Q4,educat7,2,15.374117166261582,-0.10058746299874954,-0.2520999267054016,
ZAF,2025Q1,educat7,2,15.12201723955618,-0.2520999267054016,-0.09172808940955512,
ZAF,2025Q2,educat7,2,15.030289150146626,-0.09172808940955512,0.167048201725418,
ZAF,2025Q3,educat7,2,15.197337351872044,0.167048201725418,-0.4101521221925992,
ZAF,2025Q4,educat7,2,14.787185229679444,-0.4101521221925992,0.1448703060817973,
ZAF,2026Q1,educat7,2,14.932055535761242,0.1448703060817973,-0.21080279987690353,
ZAF,2026Q2,educat7,2,14.721252735884338,-0.21080279987690353,,
ZAF,2022Q1,educat7,3,4.705546813899512,,0.03602412449042003,
ZAF,2022Q2,educat7,3,4.741570938389932,0.03602412449042003,-0.0918805813310426,
ZAF,2022Q3,educat7,3,4.64969035705889,-0.0918805813310426,0.08079722569110626,
ZAF,2022Q4,educat7,3,4.730487582749996,0.08079722569110626,-0.02299548176752708,
ZAF,2023Q1,educat7,3,4.707492100982469,-0.02299548176752708,0.06130550651114941,
ZAF,2023Q2,educat7,3,4.768797607493618,0.06130550651114941,-0.09912938814472128,
ZAF,2023Q3,educat7,3,4.669668219348897,-0.09912938814472128,0.03072515768885431,
ZAF,2023Q4,educat7,3,4.700393377037751,0.03072515768885431,-0.17200706915295783,
ZAF,2024Q1,educat7,3,4.5283863078847935,-0.17200706915295783,-0.046563254330882486,
ZAF,2024Q2,educat7,3,4.481823053553911,-0.046563254330882486,0.10065583344928619,
ZAF,2024Q3,educat7,3,4.582478887003197,0.10065583344928619,0.024394645046772467,
ZAF,2024Q4,educat7,3,4.60687353204997,0.024394645046772467,-0.08216210845114524,
ZAF,2025Q1,educat7,3,4.524711423598824,-0.08216210845114524,-0.027395530762900577,
ZAF,2025Q2,educat7,3,4.497315892835924,-0.027395530762900577,0.06545036479370658,
ZAF,2025Q3,educat7,3,4.56276625762963,0.06545036479370658,-0.021164795657831803,
ZAF,2025Q4,educat7,3,4.541601461971799,-0.021164795657831803,-0.08904820937355229,
ZAF,2026Q1,educat7,3,4.452553252598246,-0.08904820937355229,-0.05518009104088595,
ZAF,2026Q2,educat7,3,4.39737316155736,-0.05518009104088595,,
ZAF,2022Q1,educat7,4,31.61367320948028,,-0.4121540986989629,
ZAF,2022Q2,educat7,4,31.201519110781316,-0.4121540986989629,-0.2575453883136589,
ZAF,2022Q3,educat7,4,30.943973722467657,-0.2575453883136589,-0.05071890633102072,
ZAF,2022Q4,educat7,4,30.893254816136636,-0.05071890633102072,0.31587487653212065,
ZAF,2023Q1,educat7,4,31.209129692668757,0.31587487653212065,-0.21033799342431792,
ZAF,2023Q2,educat7,4,30.99879169924444,-0.21033799342431792,-0.13943947109040522,
ZAF,2023Q3,educat7,4,30.859352228154034,-0.13943947109040522,-0.2501331446025219,
ZAF,2023Q4,educat7,4,30.609219083551512,-0.2501331446025219,0.16269838523022884,
ZAF,2024Q1,educat7,4,30.77191746878174,0.16269838523022884,-0.03089565527283966,
ZAF,2024Q2,educat7,4,30.7410218135089,-0.03089565527283966,0.1478265766847464,
ZAF,2024Q3,educat7,4,30.888848390193647,0.1478265766847464,-0.20678271482711708,
ZAF,2024Q4,educat7,4,30.68206567536653,-0.20678271482711708,0.03427723027724383,
ZAF,2025Q1,educat7,4,30.716342905643774,0.03427723027724383,0.00039940802168558776,
ZAF,2025Q2,educat7,4,30.71674231366546,0.00039940802168558776,-0.2413540946770496,
ZAF,2025Q3,educat7,4,30.47538821898841,-0.2413540946770496,-0.13083565633785454,
ZAF,2025Q4,educat7,4,30.344552562650556,-0.13083565633785454,0.265995023138931,
ZAF,2026Q1,educat7,4,30.610547585789487,0.265995023138931,-0.13798109261979263,
ZAF,2026Q2,educat7,4,30.472566493169694,-0.13798109261979263,,
ZAF,2022Q1,educat7,5,23.200553793098152,,-0.09009066301349833,
ZAF,2022Q2,educat7,5,23.110463130084653,-0.09009066301349833,-0.10539982000353731,
ZAF,2022Q3,educat7,5,23.005063310081116,-0.10539982000353731,-0.042044279982114574,
ZAF,2022Q4,educat7,5,22.963019030099,-0.042044279982114574,0.42103747203846,
ZAF,2023Q1,educat7,5,23.38405650213746,0.42103747203846,-0.1785464613798311,
ZAF,2023Q2,educat7,5,23.20551004075763,-0.1785464613798311,-0.31461754129981756,
ZAF,2023Q3,educat7,5,22.890892499457813,-0.31461754129981756,-0.10926344349832817,
ZAF,2023Q4,educat7,5,22.781629055959485,-0.10926344349832817,1.0331543686403748,
ZAF,2024Q1,educat7,5,23.81478342459986,1.0331543686403748,-0.12189404112606894,
ZAF,2024Q2,educat7,5,23.69288938347379,-0.12189404112606894,-0.3916995454537471,
ZAF,2024Q3,educat7,5,23.301189838020044,-0.3916995454537471,0.12059847393943457,
ZAF,2024Q4,educat7,5,23.421788311959478,0.12059847393943457,0.7260311994520343,
ZAF,2025Q1,educat7,5,24.147819511411512,0.7260311994520343,-0.00741488540775137,
ZAF,2025Q2,educat7,5,24.14040462600376,-0.00741488540775137,-0.14750904856990843,
ZAF,2025Q3,educat7,5,23.992895577433853,-0.14750904856990843,0.16826268951894363,
ZAF,2025Q4,educat7,5,24.161158266952796,0.16826268951894363,0.8946441985416236,
ZAF,2026Q1,educat7,5,25.05580246549442,0.8946441985416236,-0.22810401871184283,
ZAF,2026Q2,educat7,5,24.827698446782577,-0.22810401871184283,,
ZAF,2022Q1,educat7,6,5.367158091005577,,-0.11850616846806172,
ZAF,2022Q2,educat7,6,5.2486519225375154,-0.11850616846806172,0.0414578449435119,
ZAF,2022Q3,educat7,6,5.290109767481027,0.0414578449435119,0.06248557611830208,
ZAF,2022Q4,educat7,6,5.352595343599329,0.06248557611830208,0.1916693149134172,
ZAF,2023Q1,educat7,6,5.544264658512747,0.1916693149134172,0.12405196405382846,
ZAF,2023Q2,educat7,6,5.668316622566575,0.12405196405382846,0.05293967232905761,
ZAF,2023Q3,educat7,6,5.721256294895633,0.05293967232905761,-0.03964887611816437,
ZAF,2023Q4,educat7,6,5.681607418777468,-0.03964887611816437,0.16844808603005745,
ZAF,2024Q1,educat7,6,5.850055504807526,0.16844808603005745,-0.10785289632996697,
ZAF,2024Q2,educat7,6,5.742202608477559,-0.10785289632996697,-0.011089609721167015,
ZAF,2024Q3,educat7,6,5.731112998756392,-0.011089609721167015,0.00024662722888724176,
ZAF,2024Q4,educat7,6,5.731359625985279,0.00024662722888724176,0.09400934756805324,
ZAF,2025Q1,educat7,6,5.825368973553332,0.09400934756805324,-0.12190928135872081,
ZAF,2025Q2,educat7,6,5.7034596921946115,-0.12190928135872081,-0.06741348873988962,
ZAF,2025Q3,educat7,6,5.636046203454722,-0.06741348873988962,0.05414516230369326,
ZAF,2025Q4,educat7,6,5.690191365758415,0.05414516230369326,0.015739480117153093,
ZAF,2026Q1,educat7,6,5.705930845875568,0.015739480117153093,0.007284124796470337,
ZAF,2026Q2,educat7,6,5.7132149706720385,0.007284124796470337,,
ZAF,2022Q1,educat7,7,3.6916460615730506,,0.2734496689482038,
ZAF,2022Q2,educat7,7,3.9650957305212544,0.2734496689482038,0.16996016398552927,
ZAF,2022Q3,educat7,7,4.135055894506784,0.16996016398552927,-0.03313647821419785,
ZAF,2022Q4,educat7,7,4.101919416292586,-0.03313647821419785,0.12309353482941177,
ZAF,2023Q1,educat7,7,4.225012951121998,0.12309353482941177,-0.11976843128944648,
ZAF,2023Q2,educat7,7,4.105244519832551,-0.11976843128944648,0.14880455275732452,
ZAF,2023Q3,educat7,7,4.254049072589876,0.14880455275732452,0.05563520810573408,
ZAF,2023Q4,educat7,7,4.30968428069561,0.05563520810573408,0.03631757484059239,
ZAF,2024Q1,educat7,7,4.346001855536202,0.03631757484059239,-0.04651168442811304,
ZAF,2024Q2,educat7,7,4.299490171108089,-0.04651168442811304,-0.09618751534715475,
ZAF,2024Q3,educat7,7,4.203302655760934,-0.09618751534715475,0.024358559097306554,
ZAF,2024Q4,educat7,7,4.227661214858241,0.024358559097306554,0.24841376966808415,
ZAF,2025Q1,educat7,7,4.476074984526325,0.24841376966808415,-0.008112994063498746,
ZAF,2025Q2,educat7,7,4.467961990462826,-0.008112994063498746,-0.0015881830939266095,
ZAF,2025Q3,educat7,7,4.4663738073689,-0.0015881830939266095,0.1864744962651299,
ZAF,2025Q4,educat7,7,4.65284830363403,0.1864744962651299,-0.1549453820256348,
ZAF,2026Q1,educat7,7,4.497902921608395,-0.1549453820256348,0.08316529349641488,
ZAF,2026Q2,educat7,7,4.58106821510481,0.08316529349641488,,
ZAF,2022Q1,educat7,NA,0.6971413350070021,,0.17231289896680002,
ZAF,2022Q2,educat7,NA,0.8694542339738022,0.17231289896680002,0.0614424361467224,
ZAF,2022Q3,educat7,NA,0.9308966701205246,0.0614424361467224,-0.02334264448684209,
ZAF,2022Q4,educat7,NA,0.9075540256336825,-0.02334264448684209,0.034569685511571024,
ZAF,2023Q1,educat7,NA,0.9421237111452535,0.034569685511571024,-0.028312224117738483,
ZAF,2023Q2,educat7,NA,0.913811487027515,-0.028312224117738483,0.005694542422129301,
ZAF,2023Q3,educat7,NA,0.9195060294496443,0.005694542422129301,0.17573966688500275,
ZAF,2023Q4,educat7,NA,1.095245696334647,0.17573966688500275,-0.027806690139996704,
ZAF,2024Q1,educat7,NA,1.0674390061946504,-0.027806690139996704,-0.02289234843407395,
ZAF,2024Q2,educat7,NA,1.0445466577605764,-0.02289234843407395,0.037206523084376775,
ZAF,2024Q3,educat7,NA,1.0817531808449532,0.037206523084376775,0.0333597982024314,
ZAF,2024Q4,educat7,NA,1.1151129790473846,0.0333597982024314,0.0903663542169888,
ZAF,2025Q1,educat7,NA,1.2054793332643734,0.0903663542169888,-0.05863809144359888,
ZAF,2025Q2,educat7,NA,1.1468412418207745,-0.05863809144359888,-0.004875566368406359,
ZAF,2025Q3,educat7,NA,1.1419656754523682,-0.004875566368406359,-0.018644734480645075,
ZAF,2025Q4,educat7,NA,1.123320940971723,-0.018644734480645075,-0.06260408710764631,
ZAF,2026Q1,educat7,NA,1.0607168538640768,-0.06260408710764631,0.08217585074496547,
ZAF,2026Q2,educat7,NA,1.1428927046090422,0.08217585074496547,,
ZAF,2022Q1,empstat,1,82.94709335478943,,0.41701102775637366,
ZAF,2022Q2,empstat,1,83.3641043825458,0.41701102775637366,-0.8735245505297087,
ZAF,2022Q3,empstat,1,82.4905798320161,-0.8735245505297087,0.9437115451060549,
ZAF,2022Q4,empstat,1,83.43429137712215,0.9437115451060549,-0.6432563819960677,
ZAF,2023Q1,empstat,1,82.79103499512608,-0.6432563819960677,0.37184197214355663,
ZAF,2023Q2,empstat,1,83.16287696726964,0.37184197214355663,1.8326563245906158,
ZAF,2023Q3,empstat,1,84.99553329186026,1.8326563245906158,-1.2416007072341273,
ZAF,2023Q4,empstat,1,83.75393258462613,-1.2416007072341273,-0.06177875365332852,
ZAF,2024Q1,empstat,1,83.6921538309728,-0.06177875365332852,-0.6609802712170421,
ZAF,2024Q2,empstat,1,83.03117355975576,-0.6609802712170421,-0.8632375963290002,
ZAF,2024Q3,empstat,1,82.16793596342676,-0.8632375963290002,-0.19507337347387477,
ZAF,2024Q4,empstat,1,81.97286258995288,-0.19507337347387477,-0.3562680902156927,
ZAF,2025Q1,empstat,1,81.61659449973719,-0.3562680902156927,0.24599570265912973,
ZAF,2025Q2,empstat,1,81.86259020239632,0.24599570265912973,0.3022998286161993,
ZAF,2025Q3,empstat,1,82.16489003101252,0.3022998286161993,0.829041535258014,
ZAF,2025Q4,empstat,1,82.99393156627053,0.829041535258014,-0.8579192277091465,
ZAF,2026Q1,empstat,1,82.13601233856139,-0.8579192277091465,0.015291574652479767,
ZAF,2026Q2,empstat,1,82.15130391321387,0.015291574652479767,,
ZAF,2022Q1,empstat,2,0.7399904297206279,,-0.1658245436499155,
ZAF,2022Q2,empstat,2,0.5741658860707124,-0.1658245436499155,0.11081830858537722,
ZAF,2022Q3,empstat,2,0.6849841946560896,0.11081830858537722,-0.04922724875049567,
ZAF,2022Q4,empstat,2,0.635756945905594,-0.04922724875049567,0.08087469424522176,
ZAF,2023Q1,empstat,2,0.7166316401508157,0.08087469424522176,-0.1120044119785476,
ZAF,2023Q2,empstat,2,0.6046272281722681,-0.1120044119785476,-0.11868193088270135,
ZAF,2023Q3,empstat,2,0.48594529728956676,-0.11868193088270135,0.07765709789254754,
ZAF,2023Q4,empstat,2,0.5636023951821143,0.07765709789254754,0.03779965600690949,
ZAF,2024Q1,empstat,2,0.6014020511890238,0.03779965600690949,0.008841955034668336,
ZAF,2024Q2,empstat,2,0.6102440062236921,0.008841955034668336,0.01967192939511475,
ZAF,2024Q3,empstat,2,0.6299159356188069,0.01967192939511475,-0.0672195323515542,
ZAF,2024Q4,empstat,2,0.5626964032672527,-0.0672195323515542,0.11982600124813259,
ZAF,2025Q1,empstat,2,0.6825224045153853,0.11982600124813259,-0.08032571384950771,
ZAF,2025Q2,empstat,2,0.6021966906658776,-0.08032571384950771,0.10376162682884416,
ZAF,2025Q3,empstat,2,0.7059583174947217,0.10376162682884416,-0.12548148855234564,
ZAF,2025Q4,empstat,2,0.5804768289423761,-0.12548148855234564,0.07080590952611843,
ZAF,2026Q1,empstat,2,0.6512827384684945,0.07080590952611843,-0.16269836482363986,
ZAF,2026Q2,empstat,2,0.48858437364485463,-0.16269836482363986,,
ZAF,2022Q1,empstat,3,5.50343058955331,,-0.09353012709527952,
ZAF,2022Q2,empstat,3,5.4099004624580305,-0.09353012709527952,0.5988221489803394,
ZAF,2022Q3,empstat,3,6.00872261143837,0.5988221489803394,-0.23062414496323758,
ZAF,2022Q4,empstat,3,5.778098466475132,-0.23062414496323758,0.24784412540103506,
ZAF,2023Q1,empstat,3,6.025942591876167,0.24784412540103506,-0.1783614562736373,
ZAF,2023Q2,empstat,3,5.84758113560253,-0.1783614562736373,-1.4156031569483023,
ZAF,2023Q3,empstat,3,4.431977978654228,-1.4156031569483023,0.9132056943446676,
ZAF,2023Q4,empstat,3,5.345183672998895,0.9132056943446676,-0.09918978072146345,
ZAF,2024Q1,empstat,3,5.245993892277432,-0.09918978072146345,0.2576441247358172,
ZAF,2024Q2,empstat,3,5.503638017013249,0.2576441247358172,0.17813059555876443,
ZAF,2024Q3,empstat,3,5.6817686125720135,0.17813059555876443,0.2526595588924341,
ZAF,2024Q4,empstat,3,5.934428171464448,0.2526595588924341,0.062440475519105476,
ZAF,2025Q1,empstat,3,5.996868646983553,0.062440475519105476,-0.1765382781418019,
ZAF,2025Q2,empstat,3,5.820330368841751,-0.1765382781418019,-1.1005048414474112,
ZAF,2025Q3,empstat,3,4.71982552739434,-1.1005048414474112,0.16740672759652941,
ZAF,2025Q4,empstat,3,4.887232254990869,0.16740672759652941,0.19516675438993403,
ZAF,2026Q1,empstat,3,5.082399009380803,0.19516675438993403,-0.17677286726425656,
ZAF,2026Q2,empstat,3,4.905626142116547,-0.17677286726425656,,
ZAF,2022Q1,empstat,4,10.80948562593663,,-0.15765635701116487,
ZAF,2022Q2,empstat,4,10.651829268925464,-0.15765635701116487,0.1638840929639862,
ZAF,2022Q3,empstat,4,10.81571336188945,0.1638840929639862,-0.663860151392317,
ZAF,2022Q4,empstat,4,10.151853210497134,-0.663860151392317,0.3145375623498037,
ZAF,2023Q1,empstat,4,10.466390772846937,0.3145375623498037,-0.08147610389137405,
ZAF,2023Q2,empstat,4,10.384914668955563,-0.08147610389137405,-0.29837123675960875,
ZAF,2023Q3,empstat,4,10.086543432195954,-0.29837123675960875,0.25073791499691467,
ZAF,2023Q4,empstat,4,10.337281347192869,0.25073791499691467,0.12316887836787416,
ZAF,2024Q1,empstat,4,10.460450225560743,0.12316887836787416,0.39449419144655984,
ZAF,2024Q2,empstat,4,10.854944417007303,0.39449419144655984,0.6654350713751249,
ZAF,2024Q3,empstat,4,11.520379488382428,0.6654350713751249,0.009633346932984566,
ZAF,2024Q4,empstat,4,11.530012835315413,0.009633346932984566,0.1740016134484712,
ZAF,2025Q1,empstat,4,11.704014448763884,0.1740016134484712,0.010868289332162107,
ZAF,2025Q2,empstat,4,11.714882738096046,0.010868289332162107,0.6944433860023658,
ZAF,2025Q3,empstat,4,12.409326124098412,0.6944433860023658,-0.870966774302186,
ZAF,2025Q4,empstat,4,11.538359349796226,-0.870966774302186,0.591946563793087,
ZAF,2026Q1,empstat,4,12.130305913589313,0.591946563793087,0.3241796574354314,
ZAF,2026Q2,empstat,4,12.454485571024744,0.3241796574354314,,
ZAF,2022Q1,industrycat10,1,5.6564537809253785,,-0.018665559093011375,
ZAF,2022Q2,industrycat10,1,5.637788221832367,-0.018665559093011375,-0.07219103256315673,
ZAF,2022Q3,industrycat10,1,5.56559718926921,-0.07219103256315673,-0.0806482564982991,
ZAF,2022Q4,industrycat10,1,5.484948932770911,-0.0806482564982991,0.03222699217678038,
ZAF,2023Q1,industrycat10,1,5.517175924947692,0.03222699217678038,-0.0001601700072360046,
ZAF,2023Q2,industrycat10,1,5.517015754940456,-0.0001601700072360046,0.2096981151612063,
ZAF,2023Q3,industrycat10,1,5.726713870101662,0.2096981151612063,-0.15939716495440326,
ZAF,2023Q4,industrycat10,1,5.567316705147259,-0.15939716495440326,0.09468966939223833,
ZAF,2024Q1,industrycat10,1,5.662006374539497,0.09468966939223833,-0.26809116050533266,
ZAF,2024Q2,industrycat10,1,5.393915214034164,-0.26809116050533266,0.12825700183796584,
ZAF,2024Q3,industrycat10,1,5.52217221587213,0.12825700183796584,-0.10591019156320769,
ZAF,2024Q4,industrycat10,1,5.416262024308923,-0.10591019156320769,0.13033397674451752,
ZAF,2025Q1,industrycat10,1,5.54659600105344,0.13033397674451752,-0.16174514858926692,
ZAF,2025Q2,industrycat10,1,5.384850852464173,-0.16174514858926692,0.023446817301707057,
ZAF,2025Q3,industrycat10,1,5.40829766976588,0.023446817301707057,0.19402875803173192,
ZAF,2025Q4,industrycat10,1,5.602326427797612,0.19402875803173192,0.1533467939555644,
ZAF,2026Q1,industrycat10,1,5.7556732217531765,0.1533467939555644,-0.03662318517978669,
ZAF,2026Q2,industrycat10,1,5.71905003657339,-0.03662318517978669,,
ZAF,2022Q1,industrycat10,10,24.141107204902077,,0.7996735163865054,
ZAF,2022Q2,industrycat10,10,24.940780721288583,0.7996735163865054,-0.4027204453101021,
ZAF,2022Q3,industrycat10,10,24.53806027597848,-0.4027204453101021,-1.0802253169751097,
ZAF,2022Q4,industrycat10,10,23.45783495900337,-1.0802253169751097,-0.15161659749098888,
ZAF,2023Q1,industrycat10,10,23.306218361512382,-0.15161659749098888,0.4025016590623416,
ZAF,2023Q2,industrycat10,10,23.708720020574724,0.4025016590623416,0.49476942396168866,
ZAF,2023Q3,industrycat10,10,24.203489444536412,0.49476942396168866,-0.8787369657054995,
ZAF,2023Q4,industrycat10,10,23.324752478830913,-0.8787369657054995,-0.3826715657120161,
ZAF,2024Q1,industrycat10,10,22.942080913118897,-0.3826715657120161,-0.04712745151847031,
ZAF,2024Q2,industrycat10,10,22.894953461600426,-0.04712745151847031,0.7329499464726119,
ZAF,2024Q3,industrycat10,10,23.62790340807304,0.7329499464726119,-0.9699235249769167,
ZAF,2024Q4,industrycat10,10,22.65797988309612,-0.9699235249769167,-0.26780066681402204,
ZAF,2025Q1,industrycat10,10,22.3901792162821,-0.26780066681402204,0.2872191229338341,
ZAF,2025Q2,industrycat10,10,22.677398339215934,0.2872191229338341,0.3371983178437077,
ZAF,2025Q3,industrycat10,10,23.01459665705964,0.3371983178437077,0.4449687590505782,
ZAF,2025Q4,industrycat10,10,23.45956541611022,0.4449687590505782,-0.7408436751356646,
ZAF,2026Q1,industrycat10,10,22.718721740974555,-0.7408436751356646,-0.29251275522504017,
ZAF,2026Q2,industrycat10,10,22.426208985749515,-0.29251275522504017,,
ZAF,2022Q1,industrycat10,2,2.6993037425016664,,-0.10938746829463897,
ZAF,2022Q2,industrycat10,2,2.5899162742070274,-0.10938746829463897,-0.04006661582655324,
ZAF,2022Q3,industrycat10,2,2.549849658380474,-0.04006661582655324,0.15641619222288705,
ZAF,2022Q4,industrycat10,2,2.7062658506033612,0.15641619222288705,-0.19217529238487874,
ZAF,2023Q1,industrycat10,2,2.5140905582184825,-0.19217529238487874,0.1628613317192027,
ZAF,2023Q2,industrycat10,2,2.676951889937685,0.1628613317192027,-0.266592710338156,
ZAF,2023Q3,industrycat10,2,2.410359179599529,-0.266592710338156,0.21327606998155746,
ZAF,2023Q4,industrycat10,2,2.6236352495810866,0.21327606998155746,0.04814403315563487,
ZAF,2024Q1,industrycat10,2,2.6717792827367215,0.04814403315563487,0.036239489942083924,
ZAF,2024Q2,industrycat10,2,2.7080187726788054,0.036239489942083924,0.11402304994081813,
ZAF,2024Q3,industrycat10,2,2.8220418226196236,0.11402304994081813,-0.12445498366397789,
ZAF,2024Q4,industrycat10,2,2.6975868389556457,-0.12445498366397789,-0.1679727745326005,
ZAF,2025Q1,industrycat10,2,2.529614064423045,-0.1679727745326005,0.011988017428697262,
ZAF,2025Q2,industrycat10,2,2.5416020818517424,0.011988017428697262,0.05657993736131273,
ZAF,2025Q3,industrycat10,2,2.598182019213055,0.05657993736131273,-0.03136984556842126,
ZAF,2025Q4,industrycat10,2,2.566812173644634,-0.03136984556842126,0.23987461490976258,
ZAF,2026Q1,industrycat10,2,2.8066867885543965,0.23987461490976258,-0.14947267531188135,
ZAF,2026Q2,industrycat10,2,2.657214113242515,-0.14947267531188135,,
ZAF,2022Q1,industrycat10,3,10.395076551212188,,-0.8468890018620119,
ZAF,2022Q2,industrycat10,3,9.548187549350176,-0.8468890018620119,0.6433611664406076,
ZAF,2022Q3,industrycat10,3,10.191548715790784,0.6433611664406076,-0.04746382765680934,
ZAF,2022Q4,industrycat10,3,10.144084888133975,-0.04746382765680934,-0.19437848192583296,
ZAF,2023Q1,industrycat10,3,9.949706406208142,-0.19437848192583296,-0.5953405763690736,
ZAF,2023Q2,industrycat10,3,9.354365829839068,-0.5953405763690736,-0.5293180570709932,
ZAF,2023Q3,industrycat10,3,8.825047772768075,-0.5293180570709932,-0.030269562733407085,
ZAF,2023Q4,industrycat10,3,8.794778210034668,-0.030269562733407085,0.6718720350997849,
ZAF,2024Q1,industrycat10,3,9.466650245134453,0.6718720350997849,0.3467165295838175,
ZAF,2024Q2,industrycat10,3,9.81336677471827,0.3467165295838175,-0.26685265008350356,
ZAF,2024Q3,industrycat10,3,9.546514124634767,-0.26685265008350356,0.1303790386719097,
ZAF,2024Q4,industrycat10,3,9.676893163306676,0.1303790386719097,-0.10153074790465055,
ZAF,2025Q1,industrycat10,3,9.575362415402026,-0.10153074790465055,0.17675985488574675,
ZAF,2025Q2,industrycat10,3,9.752122270287773,0.17675985488574675,-0.47150687741612884,
ZAF,2025Q3,industrycat10,3,9.280615392871644,-0.47150687741612884,-0.3564616516618351,
ZAF,2025Q4,industrycat10,3,8.924153741209809,-0.3564616516618351,0.4254692309646817,
ZAF,2026Q1,industrycat10,3,9.34962297217449,0.4254692309646817,-0.11645931253626252,
ZAF,2026Q2,industrycat10,3,9.233163659638228,-0.11645931253626252,,
ZAF,2022Q1,industrycat10,4,2.758751199646606,,-0.23510679744908503,
ZAF,2022Q2,industrycat10,4,2.523644402197521,-0.23510679744908503,0.3181392129000553,
ZAF,2022Q3,industrycat10,4,2.8417836150975764,0.3181392129000553,0.2772345312877631,
ZAF,2022Q4,industrycat10,4,3.1190181463853395,0.2772345312877631,-0.06153130015524777,
ZAF,2023Q1,industrycat10,4,3.0574868462300917,-0.06153130015524777,0.0030683631465744376,
ZAF,2023Q2,industrycat10,4,3.060555209376666,0.0030683631465744376,-0.21589692459280796,
ZAF,2023Q3,industrycat10,4,2.844658284783858,-0.21589692459280796,0.47836340206277583,
ZAF,2023Q4,industrycat10,4,3.323021686846634,0.47836340206277583,-0.2856192041356076,
ZAF,2024Q1,industrycat10,4,3.0374024827110264,-0.2856192041356076,0.22066730039505655,
ZAF,2024Q2,industrycat10,4,3.258069783106083,0.22066730039505655,-0.017055807973521464,
ZAF,2024Q3,industrycat10,4,3.2410139751325615,-0.017055807973521464,-0.004307204880166893,
ZAF,2024Q4,industrycat10,4,3.2367067702523946,-0.004307204880166893,0.4464370795751287,
ZAF,2025Q1,industrycat10,4,3.6831438498275233,0.4464370795751287,-0.24127688477762232,
ZAF,2025Q2,industrycat10,4,3.441866965049901,-0.24127688477762232,-0.5136947062805923,
ZAF,2025Q3,industrycat10,4,2.9281722587693086,-0.5136947062805923,0.029720226663123572,
ZAF,2025Q4,industrycat10,4,2.957892485432432,0.029720226663123572,-0.05357966718791163,
ZAF,2026Q1,industrycat10,4,2.9043128182445206,-0.05357966718791163,-0.227915618957097,
ZAF,2026Q2,industrycat10,4,2.6763971992874236,-0.227915618957097,,
ZAF,2022Q1,industrycat10,5,7.193886876157535,,0.3568347135358163,
ZAF,2022Q2,industrycat10,5,7.550721589693351,0.3568347135358163,0.20665459634320626,
ZAF,2022Q3,industrycat10,5,7.7573761860365575,0.20665459634320626,-0.18437801550201716,
ZAF,2022Q4,industrycat10,5,7.57299817053454,-0.18437801550201716,-0.18779447440234254,
ZAF,2023Q1,industrycat10,5,7.385203696132198,-0.18779447440234254,0.5806084172832948,
ZAF,2023Q2,industrycat10,5,7.965812113415493,0.5806084172832948,0.10156440282789259,
ZAF,2023Q3,industrycat10,5,8.067376516243385,0.10156440282789259,-0.15996370982411356,
ZAF,2023Q4,industrycat10,5,7.907412806419272,-0.15996370982411356,-0.692892094488462,
ZAF,2024Q1,industrycat10,5,7.21452071193081,-0.692892094488462,-0.016476872544475718,
ZAF,2024Q2,industrycat10,5,7.198043839386334,-0.016476872544475718,0.9093524390956835,
ZAF,2024Q3,industrycat10,5,8.107396278482017,0.9093524390956835,-0.17948650838545266,
ZAF,2024Q4,industrycat10,5,7.927909770096565,-0.17948650838545266,-0.5665863685646766,
ZAF,2025Q1,industrycat10,5,7.361323401531888,-0.5665863685646766,0.10469154093807287,
ZAF,2025Q2,industrycat10,5,7.466014942469961,0.10469154093807287,0.658537548629706,
ZAF,2025Q3,industrycat10,5,8.124552491099667,0.658537548629706,0.17522911662034524,
ZAF,2025Q4,industrycat10,5,8.299781607720012,0.17522911662034524,-0.5026672670043757,
ZAF,2026Q1,industrycat10,5,7.797114340715637,-0.5026672670043757,0.27178772707746024,
ZAF,2026Q2,industrycat10,5,8.068902067793097,0.27178772707746024,,
ZAF,2022Q1,industrycat10,6,20.026163070926724,,0.2384856413933143,
ZAF,2022Q2,industrycat10,6,20.26464871232004,0.2384856413933143,0.34500466171191135,
ZAF,2022Q3,industrycat10,6,20.60965337403195,0.34500466171191135,0.10950318599859443,
ZAF,2022Q4,industrycat10,6,20.719156560030545,0.10950318599859443,-0.5346685245222247,
ZAF,2023Q1,industrycat10,6,20.18448803550832,-0.5346685245222247,0.3787632965863921,
ZAF,2023Q2,industrycat10,6,20.563251332094712,0.3787632965863921,-0.24555895415533513,
ZAF,2023Q3,industrycat10,6,20.317692377939377,-0.24555895415533513,-0.18881896710065504,
ZAF,2023Q4,industrycat10,6,20.12887341083872,-0.18881896710065504,0.6372711876496489,
ZAF,2024Q1,industrycat10,6,20.76614459848837,0.6372711876496489,-0.5403757878215281,
ZAF,2024Q2,industrycat10,6,20.225768810666843,-0.5403757878215281,0.28693670240319236,
ZAF,2024Q3,industrycat10,6,20.512705513070035,0.28693670240319236,-0.4567669631125071,
ZAF,2024Q4,industrycat10,6,20.055938549957528,-0.4567669631125071,-0.7340115652594115,
ZAF,2025Q1,industrycat10,6,19.321926984698116,-0.7340115652594115,0.44717001046825544,
ZAF,2025Q2,industrycat10,6,19.76909699516637,0.44717001046825544,0.36981614352229286,
ZAF,2025Q3,industrycat10,6,20.138913138688665,0.36981614352229286,-0.7286656579736608,
ZAF,2025Q4,industrycat10,6,19.410247480715004,-0.7286656579736608,0.42440544441257444,
ZAF,2026Q1,industrycat10,6,19.83465292512758,0.42440544441257444,0.3979475107567403,
ZAF,2026Q2,industrycat10,6,20.23260043588432,0.3979475107567403,,
ZAF,2022Q1,industrycat10,7,7.9032553880837195,,-0.31809669810212693,
ZAF,2022Q2,industrycat10,7,7.585158689981593,-0.31809669810212693,-0.06229435733628996,
ZAF,2022Q3,industrycat10,7,7.522864332645303,-0.06229435733628996,0.17336200289173043,
ZAF,2022Q4,industrycat10,7,7.696226335537033,0.17336200289173043,0.20512363210642182,
ZAF,2023Q1,industrycat10,7,7.901349967643455,0.20512363210642182,-0.31234224821927103,
ZAF,2023Q2,industrycat10,7,7.589007719424184,-0.31234224821927103,-0.15535493647333354,
ZAF,2023Q3,industrycat10,7,7.43365278295085,-0.15535493647333354,0.5220423308394189,
ZAF,2023Q4,industrycat10,7,7.955695113790269,0.5220423308394189,0.1997790269275237,
ZAF,2024Q1,industrycat10,7,8.155474140717793,0.1997790269275237,0.06287274041622304,
ZAF,2024Q2,industrycat10,7,8.218346881134016,0.06287274041622304,-0.5226724927630322,
ZAF,2024Q3,industrycat10,7,7.695674388370984,-0.5226724927630322,0.050342794230554766,
ZAF,2024Q4,industrycat10,7,7.7460171826015385,0.050342794230554766,0.7099171504401474,
ZAF,2025Q1,industrycat10,7,8.455934333041686,0.7099171504401474,-0.12004549654395724,
ZAF,2025Q2,industrycat10,7,8.335888836497729,-0.12004549654395724,-0.10997826727201598,
ZAF,2025Q3,industrycat10,7,8.225910569225713,-0.10997826727201598,0.34265427552290895,
ZAF,2025Q4,industrycat10,7,8.568564844748622,0.34265427552290895,0.01330311658305483,
ZAF,2026Q1,industrycat10,7,8.581867961331676,0.01330311658305483,-0.15497556695004455,
ZAF,2026Q2,industrycat10,7,8.426892394381632,-0.15497556695004455,,
ZAF,2022Q1,industrycat10,8,14.291994599863862,,-0.17523798792055167,
ZAF,2022Q2,industrycat10,8,14.11675661194331,-0.17523798792055167,-0.542186089547176,
ZAF,2022Q3,industrycat10,8,13.574570522396135,-0.542186089547176,0.49151849866987973,
ZAF,2022Q4,industrycat10,8,14.066089021066015,0.49151849866987973,0.7580277307660417,
ZAF,2023Q1,industrycat10,8,14.824116751832056,0.7580277307660417,-0.3606660063990681,
ZAF,2023Q2,industrycat10,8,14.463450745432988,-0.3606660063990681,0.8411218863418082,
ZAF,2023Q3,industrycat10,8,15.304572631774796,0.8411218863418082,0.5561059375369872,
ZAF,2023Q4,industrycat10,8,15.860678569311784,0.5561059375369872,-0.2706402424915719,
ZAF,2024Q1,industrycat10,8,15.590038326820212,-0.2706402424915719,0.0038263827707272213,
ZAF,2024Q2,industrycat10,8,15.593864709590939,0.0038263827707272213,-1.096545331929521,
ZAF,2024Q3,industrycat10,8,14.497319377661418,-1.096545331929521,1.2517253201549696,
ZAF,2024Q4,industrycat10,8,15.749044697816387,1.2517253201549696,0.4454085994109036,
ZAF,2025Q1,industrycat10,8,16.19445329722729,0.4454085994109036,-0.17854719066426128,
ZAF,2025Q2,industrycat10,8,16.01590610656303,-0.17854719066426128,-0.5508790518080193,
ZAF,2025Q3,industrycat10,8,15.46502705475501,-0.5508790518080193,-0.08892791821600632,
ZAF,2025Q4,industrycat10,8,15.376099136539004,-0.08892791821600632,0.18367552548878763,
ZAF,2026Q1,industrycat10,8,15.559774662027792,0.18367552548878763,0.25278949233436876,
ZAF,2026Q2,industrycat10,8,15.81256415436216,0.25278949233436876,,
ZAF,2022Q1,industrycat10,9,4.913290310705147,,0.3291069164808915,
ZAF,2022Q2,industrycat10,9,5.242397227186038,0.3291069164808915,-0.4121207515750882,
ZAF,2022Q3,industrycat10,9,4.83027647561095,-0.4121207515750882,0.16167131865111806,
ZAF,2022Q4,industrycat10,9,4.991947794262068,0.16167131865111806,0.35567431275956896,
ZAF,2023Q1,industrycat10,9,5.347622107021637,0.35567431275956896,-0.27987277039301617,
ZAF,2023Q2,industrycat10,9,5.067749336628621,-0.27987277039301617,-0.23013070461389962,
ZAF,2023Q3,industrycat10,9,4.837618632014721,-0.23013070461389962,-0.34588058112230247,
ZAF,2023Q4,industrycat10,9,4.491738050892419,-0.34588058112230247,-0.021017990407097287,
ZAF,2024Q1,industrycat10,9,4.470720060485322,-0.021017990407097287,0.1765376510262895,
ZAF,2024Q2,industrycat10,9,4.647257711511611,0.1765376510262895,-0.219998815428176,
ZAF,2024Q3,industrycat10,9,4.427258896083435,-0.219998815428176,0.40840222352479394,
ZAF,2024Q4,industrycat10,9,4.835661119608229,0.40840222352479394,0.10580531690464312,
ZAF,2025Q1,industrycat10,9,4.941466436512872,0.10580531690464312,-0.3262138260794831,
ZAF,2025Q2,industrycat10,9,4.615252610433389,-0.3262138260794831,0.13585526785975155,
ZAF,2025Q3,industrycat10,9,4.751107878293141,0.13585526785975155,0.04259748414370268,
ZAF,2025Q4,industrycat10,9,4.793705362436843,0.04259748414370268,-0.1392315725281721,
ZAF,2026Q1,industrycat10,9,4.654473789908671,-0.1392315725281721,0.06487771975691192,
ZAF,2026Q2,industrycat10,9,4.719351509665583,0.06487771975691192,,
ZAF,2022Q1,industrycat10,NA,0.02071727507508281,,-0.0022976203125084187,
ZAF,2022Q3,industrycat10,NA,0.01841965476257439,-0.0022976203125084187,0.02300968691026283,
ZAF,2022Q4,industrycat10,NA,0.04142934167283722,0.02300968691026283,-0.028887996927305294,
ZAF,2023Q1,industrycat10,NA,0.012541344745531922,-0.028887996927305294,0.020578703589883014,
ZAF,2023Q2,industrycat10,NA,0.03312004833541494,0.020578703589883014,-0.0043015410480901455,
ZAF,2023Q3,industrycat10,NA,0.028818507287324793,-0.0043015410480901455,-0.006720788980352766,
ZAF,2023Q4,industrycat10,NA,0.022097718306972026,-0.006720788980352766,0.0010851450099169657,
ZAF,2024Q1,industrycat10,NA,0.023182863316888992,0.0010851450099169657,0.02521117825561514,
ZAF,2024Q2,industrycat10,NA,0.04839404157250413,0.02521117825561514,0.016230828685773212,
ZAF,2025Q3,industrycat10,NA,0.06462487025827734,0.016230828685773212,-0.023773546612476944,
ZAF,2025Q4,industrycat10,NA,0.0408513236458004,-0.023773546612476944,-0.0037525444582664352,
ZAF,2026Q1,industrycat10,NA,0.037098779187533966,-0.0037525444582664352,-0.009443335765383646,
ZAF,2026Q2,industrycat10,NA,0.02765544342215032,-0.009443335765383646,,
ZAF,2022Q1,lstatus,1,25.46049358933222,,1.1001175775175298,
ZAF,2022Q2,lstatus,1,26.56061116684975,1.1001175775175298,0.19792157966784174,
ZAF,2022Q3,lstatus,1,26.75853274651759,0.19792157966784174,0.21131419551113595,
ZAF,2022Q4,lstatus,1,26.969846942028727,0.21131419551113595,0.39838767965015265,
ZAF,2023Q1,lstatus,1,27.36823462167888,0.39838767965015265,0.17905361961965127,
ZAF,2023Q2,lstatus,1,27.54728824129853,0.17905361961965127,0.6088468303694476,
ZAF,2023Q3,lstatus,1,28.15613507166798,0.6088468303694476,-0.0766641568371611,
ZAF,2023Q4,lstatus,1,28.079470914830818,-0.0766641568371611,-0.052295346766896955,
ZAF,2024Q1,lstatus,1,28.02717556806392,-0.052295346766896955,-0.2378117820129404,
ZAF,2024Q2,lstatus,1,27.78936378605098,-0.2378117820129404,0.44903815970394945,
ZAF,2024Q3,lstatus,1,28.23840194575493,0.44903815970394945,0.15818256370601347,
ZAF,2024Q4,lstatus,1,28.396584509460943,0.15818256370601347,-0.590628785659721,
ZAF,2025Q1,lstatus,1,27.805955723801222,-0.590628785659721,-0.07489931724286691,
ZAF,2025Q2,lstatus,1,27.731056406558356,-0.07489931724286691,0.2991671905416702,
ZAF,2025Q3,lstatus,1,28.030223597100026,0.2991671905416702,-0.019486770402437514,
ZAF,2025Q4,lstatus,1,28.01073682669759,-0.019486770402437514,-0.6499627123476763,
ZAF,2026Q1,lstatus,1,27.360774114349912,-0.6499627123476763,-0.11141895408960423,
ZAF,2026Q2,lstatus,1,27.249355160260308,-0.11141895408960423,,
ZAF,2022Q1,lstatus,2,13.287346405270082,,0.17928480465156937,
ZAF,2022Q2,lstatus,2,13.466631209921651,0.17928480465156937,-0.4932221452483905,
ZAF,2022Q3,lstatus,2,12.97340906467326,-0.4932221452483905,0.012474111953238776,
ZAF,2022Q4,lstatus,2,12.9858831766265,0.012474111953238776,0.2607146772232021,
ZAF,2023Q1,lstatus,2,13.246597853849702,0.2607146772232021,-0.056833813377355824,
ZAF,2023Q2,lstatus,2,13.189764040472346,-0.056833813377355824,-0.16875468575035768,
ZAF,2023Q3,lstatus,2,13.021009354721988,-0.16875468575035768,0.04257420848885829,
ZAF,2023Q4,lstatus,2,13.063583563210846,0.04257420848885829,0.5082946233591965,
ZAF,2024Q1,lstatus,2,13.571878186570043,0.5082946233591965,0.23134747145260803,
ZAF,2024Q2,lstatus,2,13.803225658022651,0.23134747145260803,-0.6576061311972907,
ZAF,2024Q3,lstatus,2,13.14561952682536,-0.6576061311972907,-0.07660883731551138,
ZAF,2024Q4,lstatus,2,13.069010689509849,-0.07660883731551138,0.3713504819496496,
ZAF,2025Q1,lstatus,2,13.440361171459498,0.3713504819496496,0.19474039290473755,
ZAF,2025Q2,lstatus,2,13.635101564364236,0.19474039290473755,-0.6053197264251029,
ZAF,2025Q3,lstatus,2,13.029781837939133,-0.6053197264251029,-0.33408417668028356,
ZAF,2025Q4,lstatus,2,12.69569766125885,-0.33408417668028356,0.45844568400851315,
ZAF,2026Q1,lstatus,2,13.154143345267363,0.45844568400851315,0.5265214734292822,
ZAF,2026Q2,lstatus,2,13.680664818696645,0.5265214734292822,,
ZAF,2022Q1,lstatus,3,35.18960056100259,,-1.199647450562054,
ZAF,2022Q2,lstatus,3,33.98995311044054,-1.199647450562054,0.3766162237816175,
ZAF,2022Q3,lstatus,3,34.366569334222156,0.3766162237816175,-0.1426428079430977,
ZAF,2022Q4,lstatus,3,34.22392652627906,-0.1426428079430977,-0.5780938725812419,
ZAF,2023Q1,lstatus,3,33.645832653697816,-0.5780938725812419,-0.04135429885994313,
ZAF,2023Q2,lstatus,3,33.60447835483787,-0.04135429885994313,-0.35848862814320626,
ZAF,2023Q3,lstatus,3,33.24598972669467,-0.35848862814320626,0.11462391667418359,
ZAF,2023Q4,lstatus,3,33.36061364336885,0.11462391667418359,-0.3752232181763304,
ZAF,2024Q1,lstatus,3,32.98539042519252,-0.3752232181763304,0.08703761989161052,
ZAF,2024Q2,lstatus,3,33.07242804508413,0.08703761989161052,0.28927233905735505,
ZAF,2024Q3,lstatus,3,33.361700384141486,0.28927233905735505,-0.0020982470134924824,
ZAF,2024Q4,lstatus,3,33.35960213712799,-0.0020982470134924824,0.29847425293187513,
ZAF,2025Q1,lstatus,3,33.65807639005987,0.29847425293187513,-0.04092860370704443,
ZAF,2025Q2,lstatus,3,33.617147786352824,-0.04092860370704443,0.38228216103198065,
ZAF,2025Q3,lstatus,3,33.999429947384805,0.38228216103198065,0.42531865714637007,
ZAF,2025Q4,lstatus,3,34.424748604531175,0.42531865714637007,0.26303600195386423,
ZAF,2026Q1,lstatus,3,34.68778460648504,0.26303600195386423,-0.3438153953078995,
ZAF,2026Q2,lstatus,3,34.34396921117714,-0.3438153953078995,,
ZAF,2022Q1,lstatus,NA,26.062559444395106,,-0.07975493160704872,
ZAF,2022Q2,lstatus,NA,25.982804512788057,-0.07975493160704872,-0.08131565820107411,
ZAF,2022Q3,lstatus,NA,25.901488854586983,-0.08131565820107411,-0.08114549952126282,
ZAF,2022Q4,lstatus,NA,25.82034335506572,-0.08114549952126282,-0.08100848429211638,
ZAF,2023Q1,lstatus,NA,25.739334870773604,-0.08100848429211638,-0.08086550738235232,
ZAF,2023Q2,lstatus,NA,25.65846936339125,-0.08086550738235232,-0.08160351647588016,
ZAF,2023Q3,lstatus,NA,25.57686584691537,-0.08160351647588016,-0.08053396832589144,
ZAF,2023Q4,lstatus,NA,25.49633187858948,-0.08053396832589144,-0.08077605841596025,
ZAF,2024Q1,lstatus,NA,25.41555582017352,-0.08077605841596025,-0.08057330933128526,
ZAF,2024Q2,lstatus,NA,25.334982510842234,-0.08057330933128526,-0.08070436756401733,
ZAF,2024Q3,lstatus,NA,25.254278143278217,-0.08070436756401733,-0.07947547937699895,
ZAF,2024Q4,lstatus,NA,25.174802663901218,-0.07947547937699895,-0.07919594922181261,
ZAF,2025Q1,lstatus,NA,25.095606714679406,-0.07919594922181261,-0.07891247195482265,
ZAF,2025Q2,lstatus,NA,25.016694242724583,-0.07891247195482265,-0.07612962514853905,
ZAF,2025Q3,lstatus,NA,24.940564617576044,-0.07612962514853905,-0.07174771006364722,
ZAF,2025Q4,lstatus,NA,24.868816907512397,-0.07174771006364722,-0.07151897361471171,
ZAF,2026Q1,lstatus,NA,24.797297933897685,-0.07151897361471171,-0.07128712403178028,
ZAF,2026Q2,lstatus,NA,24.726010809865905,-0.07128712403178028,,
ZAF,2022Q1,occup,1,8.067138474887233,,-0.38712066458938654,
ZAF,2022Q2,occup,1,7.680017810297847,-0.38712066458938654,1.05051294088375,
ZAF,2022Q3,occup,1,8.730530751181597,1.05051294088375,0.4460626496139213,
ZAF,2022Q4,occup,1,9.176593400795518,0.4460626496139213,-1.2275296822038895,
ZAF,2023Q1,occup,1,7.949063718591629,-1.2275296822038895,-1.2090724020023274,
ZAF,2023Q2,occup,1,6.739991316589301,-1.2090724020023274,-0.484618779691127,
ZAF,2023Q3,occup,1,6.255372536898174,-0.484618779691127,2.210654539331558,
ZAF,2023Q4,occup,1,8.466027076229732,2.210654539331558,-0.9076460646206046,
ZAF,2024Q1,occup,1,7.558381011609128,-0.9076460646206046,0.6769192081815651,
ZAF,2024Q2,occup,1,8.235300219790693,0.6769192081815651,0.03714044996558208,
ZAF,2024Q3,occup,1,8.272440669756275,0.03714044996558208,0.14446994869411967,
ZAF,2024Q4,occup,1,8.416910618450395,0.14446994869411967,-0.03580364320546714,
ZAF,2025Q1,occup,1,8.381106975244927,-0.03580364320546714,0.09668966186229255,
ZAF,2025Q2,occup,1,8.47779663710722,0.09668966186229255,-0.29457483172349797,
ZAF,2025Q3,occup,1,8.183221805383722,-0.29457483172349797,-0.10104384379638098,
ZAF,2025Q4,occup,1,8.082177961587341,-0.10104384379638098,0.49481914577424213,
ZAF,2026Q1,occup,1,8.576997107361583,0.49481914577424213,-0.04869566722594065,
ZAF,2026Q2,occup,1,8.528301440135643,-0.04869566722594065,,
ZAF,2022Q1,occup,2,8.60346220532088,,0.7055907594234334,
ZAF,2022Q2,occup,2,9.309052964744314,0.7055907594234334,-0.6500659947124259,
ZAF,2022Q3,occup,2,8.658986970031888,-0.6500659947124259,-0.02415718352278695,
ZAF,2022Q4,occup,2,8.634829786509101,-0.02415718352278695,0.8358401993851459,
ZAF,2023Q1,occup,2,9.470669985894247,0.8358401993851459,0.023553166811565163,
ZAF,2023Q2,occup,2,9.494223152705812,0.023553166811565163,-0.14557420539750865,
ZAF,2023Q3,occup,2,9.348648947308304,-0.14557420539750865,-0.435595796298367,
ZAF,2023Q4,occup,2,8.913053151009937,-0.435595796298367,0.2310992699580936,
ZAF,2024Q1,occup,2,9.14415242096803,0.2310992699580936,0.28861136148661615,
ZAF,2024Q2,occup,2,9.432763782454646,0.28861136148661615,-2.9653856024249396,
ZAF,2024Q3,occup,2,6.467378180029707,-2.9653856024249396,-0.2667047219974661,
ZAF,2024Q4,occup,2,6.200673458032241,-0.2667047219974661,0.7279120989403589,
ZAF,2025Q1,occup,2,6.9285855569726,0.7279120989403589,0.0009684595154313413,
ZAF,2025Q2,occup,2,6.929554016488031,0.0009684595154313413,-0.6506815145990545,
ZAF,2025Q3,occup,2,6.278872501888976,-0.6506815145990545,0.4280722327072013,
ZAF,2025Q4,occup,2,6.706944734596178,0.4280722327072013,0.05031253764223731,
ZAF,2026Q1,occup,2,6.757257272238415,0.05031253764223731,-0.2932132732161632,
ZAF,2026Q2,occup,2,6.464043999022252,-0.2932132732161632,,
ZAF,2022Q1,occup,3,7.0909548909977405,,0.004876084791269442,
ZAF,2022Q2,occup,3,7.09583097578901,0.004876084791269442,0.34001819710086423,
ZAF,2022Q3,occup,3,7.435849172889874,0.34001819710086423,-0.17742832683371113,
ZAF,2022Q4,occup,3,7.258420846056163,-0.17742832683371113,-0.35917014964118454,
ZAF,2023Q1,occup,3,6.8992506964149785,-0.35917014964118454,-0.34702163898048966,
ZAF,2023Q2,occup,3,6.552229057434489,-0.34702163898048966,0.014510470281837051,
ZAF,2023Q3,occup,3,6.566739527716326,0.014510470281837051,0.6897645752171488,
ZAF,2023Q4,occup,3,7.256504102933475,0.6897645752171488,-0.6646280799856994,
ZAF,2024Q1,occup,3,6.591876022947775,-0.6646280799856994,0.03166015989785098,
ZAF,2024Q2,occup,3,6.623536182845626,0.03166015989785098,0.12724725317288232,
ZAF,2024Q3,occup,3,6.750783436018509,0.12724725317288232,-0.42178266655362684,
ZAF,2024Q4,occup,3,6.329000769464882,-0.42178266655362684,0.9527654433264923,
ZAF,2025Q1,occup,3,7.281766212791374,0.9527654433264923,0.5496379576626147,
ZAF,2025Q2,occup,3,7.831404170453989,0.5496379576626147,-0.7298480995075103,
ZAF,2025Q3,occup,3,7.1015560709464784,-0.7298480995075103,0.06692431511868957,
ZAF,2025Q4,occup,3,7.168480386065168,0.06692431511868957,0.26347635221129995,
ZAF,2026Q1,occup,3,7.431956738276468,0.26347635221129995,-0.13221240433065073,
ZAF,2026Q2,occup,3,7.299744333945817,-0.13221240433065073,,
ZAF,2022Q1,occup,4,7.676873026177111,,0.41747925614005155,
ZAF,2022Q2,occup,4,8.094352282317162,0.41747925614005155,-0.4104719848117435,
ZAF,2022Q3,occup,4,7.683880297505419,-0.4104719848117435,0.09757696844957309,
ZAF,2022Q4,occup,4,7.781457265954992,0.09757696844957309,0.5048872955496586,
ZAF,2023Q1,occup,4,8.28634456150465,0.5048872955496586,0.2803455170375777,
ZAF,2023Q2,occup,4,8.566690078542228,0.2803455170375777,0.12088032276827931,
ZAF,2023Q3,occup,4,8.687570401310508,0.12088032276827931,-0.7651167894827351,
ZAF,2023Q4,occup,4,7.922453611827772,-0.7651167894827351,0.2776077883142767,
ZAF,2024Q1,occup,4,8.200061400142049,0.2776077883142767,-0.13370291089952957,
ZAF,2024Q2,occup,4,8.06635848924252,-0.13370291089952957,0.6785946440102197,
ZAF,2024Q3,occup,4,8.74495313325274,0.6785946440102197,0.21445576374642883,
ZAF,2024Q4,occup,4,8.959408896999168,0.21445576374642883,-0.05739153489575877,
ZAF,2025Q1,occup,4,8.90201736210341,-0.05739153489575877,-0.1809280992758584,
ZAF,2025Q2,occup,4,8.721089262827551,-0.1809280992758584,0.04297142350699623,
ZAF,2025Q3,occup,4,8.764060686334547,0.04297142350699623,-0.27789325254756037,
ZAF,2025Q4,occup,4,8.486167433786987,-0.27789325254756037,0.010686867971067215,
ZAF,2026Q1,occup,4,8.496854301758054,0.010686867971067215,-0.2407254637816525,
ZAF,2026Q2,occup,4,8.256128837976402,-0.2407254637816525,,
ZAF,2022Q1,occup,5,21.22094352618369,,0.12306279329393988,
ZAF,2022Q2,occup,5,21.34400631947763,0.12306279329393988,0.23072500526809492,
ZAF,2022Q3,occup,5,21.574731324745724,0.23072500526809492,-0.5425742744381132,
ZAF,2022Q4,occup,5,21.03215705030761,-0.5425742744381132,0.659791167698085,
ZAF,2023Q1,occup,5,21.691948218005695,0.659791167698085,0.8267858565375299,
ZAF,2023Q2,occup,5,22.518734074543225,0.8267858565375299,0.3105879447831015,
ZAF,2023Q3,occup,5,22.829322019326327,0.3105879447831015,-0.951098016515239,
ZAF,2023Q4,occup,5,21.878224002811088,-0.951098016515239,-0.39365942471114934,
ZAF,2024Q1,occup,5,21.48456457809994,-0.39365942471114934,-0.9589794150255351,
ZAF,2024Q2,occup,5,20.525585163074403,-0.9589794150255351,1.8707753237765168,
ZAF,2024Q3,occup,5,22.39636048685092,1.8707753237765168,-0.5353713414823815,
ZAF,2024Q4,occup,5,21.86098914536854,-0.5353713414823815,-0.5269999944049566,
ZAF,2025Q1,occup,5,21.333989150963582,-0.5269999944049566,-0.029476109660883765,
ZAF,2025Q2,occup,5,21.304513041302698,-0.029476109660883765,1.037405551527435,
ZAF,2025Q3,occup,5,22.341918592830133,1.037405551527435,-0.20646411400074172,
ZAF,2025Q4,occup,5,22.13545447882939,-0.20646411400074172,-0.32981019604503814,
ZAF,2026Q1,occup,5,21.805644282784353,-0.32981019604503814,0.8804867775816589,
ZAF,2026Q2,occup,5,22.686131060366012,0.8804867775816589,,
ZAF,2022Q1,occup,6,0.539542312525814,,0.032839578598478636,
ZAF,2022Q2,occup,6,0.5723818911242926,0.032839578598478636,0.03988682500046581,
ZAF,2022Q3,occup,6,0.6122687161247584,0.03988682500046581,0.0775516981140294,
ZAF,2022Q4,occup,6,0.6898204142387878,0.0775516981140294,-0.19858298880412306,
ZAF,2023Q1,occup,6,0.49123742543466475,-0.19858298880412306,-0.033766339329770856,
ZAF,2023Q2,occup,6,0.4574710861048939,-0.033766339329770856,0.03901480050770478,
ZAF,2023Q3,occup,6,0.4964858866125987,0.03901480050770478,-0.022223935731132183,
ZAF,2023Q4,occup,6,0.4742619508814665,-0.022223935731132183,0.13634260749168703,
ZAF,2024Q1,occup,6,0.6106045583731535,0.13634260749168703,0.05990737273669278,
ZAF,2024Q2,occup,6,0.6705119311098463,0.05990737273669278,-0.2199578083327895,
ZAF,2024Q3,occup,6,0.4505541227770568,-0.2199578083327895,0.11218917694786129,
ZAF,2024Q4,occup,6,0.5627432997249181,0.11218917694786129,-0.10352839215696585,
ZAF,2025Q1,occup,6,0.45921490756795225,-0.10352839215696585,0.006139067424608569,
ZAF,2025Q2,occup,6,0.4653539749925608,0.006139067424608569,0.21846256156017008,
ZAF,2025Q3,occup,6,0.6838165365527309,0.21846256156017008,-0.22731148147504554,
ZAF,2025Q4,occup,6,0.45650505507768535,-0.22731148147504554,0.27110155275273207,
ZAF,2026Q1,occup,6,0.7276066078304174,0.27110155275273207,-0.16663305427298458,
ZAF,2026Q2,occup,6,0.5609735535574328,-0.16663305427298458,,
ZAF,2022Q1,occup,7,11.163201619593714,,-0.30766708562993017,
ZAF,2022Q2,occup,7,10.855534533963784,-0.30766708562993017,-0.0453484250180729,
ZAF,2022Q3,occup,7,10.810186108945711,-0.0453484250180729,-0.4258975313697615,
ZAF,2022Q4,occup,7,10.38428857757595,-0.4258975313697615,0.3806414030177052,
ZAF,2023Q1,occup,7,10.764929980593655,0.3806414030177052,-0.35008296276578754,
ZAF,2023Q2,occup,7,10.414847017827867,-0.35008296276578754,0.1737451236032026,
ZAF,2023Q3,occup,7,10.58859214143107,0.1737451236032026,-0.1773237148188418,
ZAF,2023Q4,occup,7,10.411268426612228,-0.1773237148188418,0.3863929356148734,
ZAF,2024Q1,occup,7,10.797661362227101,0.3863929356148734,-0.30633584673998193,
ZAF,2024Q2,occup,7,10.49132551548712,-0.30633584673998193,0.7772537435449411,
ZAF,2024Q3,occup,7,11.26857925903206,0.7772537435449411,0.39641776633033743,
ZAF,2024Q4,occup,7,11.664997025362398,0.39641776633033743,-0.21965153700171136,
ZAF,2025Q1,occup,7,11.445345488360687,-0.21965153700171136,-0.11344119843650624,
ZAF,2025Q2,occup,7,11.33190428992418,-0.11344119843650624,0.8110738741472758,
ZAF,2025Q3,occup,7,12.142978164071456,0.8110738741472758,-0.25470097149243465,
ZAF,2025Q4,occup,7,11.888277192579022,-0.25470097149243465,-0.562182266922072,
ZAF,2026Q1,occup,7,11.32609492565695,-0.562182266922072,0.2972307242822225,
ZAF,2026Q2,occup,7,11.623325649939172,0.2972307242822225,,
ZAF,2022Q1,occup,8,8.020221833673695,,-0.48750357999018945,
ZAF,2022Q2,occup,8,7.532718253683505,-0.48750357999018945,-0.5037945806250708,
ZAF,2022Q3,occup,8,7.028923673058435,-0.5037945806250708,0.1473814164060645,
ZAF,2022Q4,occup,8,7.176305089464499,0.1473814164060645,-0.08879890511676347,
ZAF,2023Q1,occup,8,7.087506184347736,-0.08879890511676347,-0.23098776376103292,
ZAF,2023Q2,occup,8,6.856518420586703,-0.23098776376103292,0.4643811066510546,
ZAF,2023Q3,occup,8,7.320899527237757,0.4643811066510546,-0.37588930240653706,
ZAF,2023Q4,occup,8,6.94501022483122,-0.37588930240653706,1.316643699671122,
ZAF,2024Q1,occup,8,8.261653924502342,1.316643699671122,-1.147790090650533,
ZAF,2024Q2,occup,8,7.113863833851809,-1.147790090650533,0.2544322965434782,
ZAF,2024Q3,occup,8,7.368296130395287,0.2544322965434782,-0.0310523257324391,
ZAF,2024Q4,occup,8,7.337243804662848,-0.0310523257324391,-0.0030166970018887795,
ZAF,2025Q1,occup,8,7.3342271076609595,-0.0030166970018887795,0.06692987600339606,
ZAF,2025Q2,occup,8,7.401156983664356,0.06692987600339606,0.011173790394947147,
ZAF,2025Q3,occup,8,7.412330774059303,0.011173790394947147,-0.018113168702367233,
ZAF,2025Q4,occup,8,7.3942176053569355,-0.018113168702367233,0.3495287307147379,
ZAF,2026Q1,occup,8,7.743746336071673,0.3495287307147379,-0.255063664540657,
ZAF,2026Q2,occup,8,7.488682671531016,-0.255063664540657,,
ZAF,2022Q1,occup,9,26.220654992932143,,0.08514428271526597,
ZAF,2022Q2,occup,9,26.30579927564741,0.08514428271526597,-0.267336420021838,
ZAF,2022Q3,occup,9,26.03846285562557,-0.267336420021838,0.31837429900944514,
ZAF,2022Q4,occup,9,26.356837154635016,0.31837429900944514,-0.37393380326215464,
ZAF,2023Q1,occup,9,25.982903351372862,-0.37393380326215464,0.8288743162429739,
ZAF,2023Q2,occup,9,26.811777667615836,0.8288743162429739,-0.968414445073865,
ZAF,2023Q3,occup,9,25.84336322254197,-0.968414445073865,0.16772285917311436,
ZAF,2023Q4,occup,9,26.011086081715085,0.16772285917311436,-0.4679705847798914,
ZAF,2024Q1,occup,9,25.543115496935194,-0.4679705847798914,1.2169346873344224,
ZAF,2024Q2,occup,9,26.760050184269616,1.2169346873344224,-0.16244388723562508,
ZAF,2024Q3,occup,9,26.59760629703399,-0.16244388723562508,0.3217273702898815,
ZAF,2024Q4,occup,9,26.919333667323873,0.3217273702898815,-0.6454441381887825,
ZAF,2025Q1,occup,9,26.27388952913509,-0.6454441381887825,-0.34692300450377545,
ZAF,2025Q2,occup,9,25.926966524631315,-0.34692300450377545,-0.5486006521202036,
ZAF,2025Q3,occup,9,25.37836587251111,-0.5486006521202036,0.27533893013093547,
ZAF,2025Q4,occup,9,25.653704802642046,0.27533893013093547,-0.1093467247575326,
ZAF,2026Q1,occup,9,25.544358077884514,-0.1093467247575326,-0.07214306188584274,
ZAF,2026Q2,occup,9,25.47221501599867,-0.07214306188584274,,
ZAF,2022Q1,occup,NA,1.3970071177079892,,-0.18670142475293794,
ZAF,2022Q2,occup,NA,1.2103056929550513,-0.18670142475293794,0.21587443693597685,
ZAF,2022Q3,occup,NA,1.4261801298910282,0.21587443693597685,0.08311028457133607,
ZAF,2022Q4,occup,NA,1.5092904144623642,0.08311028457133607,-0.13314453662247594,
ZAF,2023Q1,occup,NA,1.3761458778398883,-0.13314453662247594,0.21137225020975592,
ZAF,2023Q2,occup,NA,1.5875181280496442,0.21137225020975592,0.4754876615673218,
ZAF,2023Q3,occup,NA,2.063005789616966,0.4754876615673218,-0.34089441846898416,
ZAF,2023Q4,occup,NA,1.7221113711479819,-0.34089441846898416,0.08581785304732792,
ZAF,2024Q1,occup,NA,1.8079292241953098,0.08581785304732792,0.2727754736784067,
ZAF,2024Q2,occup,NA,2.0807046978737165,0.2727754736784067,-0.39765641302026444,
ZAF,2024Q3,occup,NA,1.683048284853452,-0.39765641302026444,0.06565102975729054,
ZAF,2024Q4,occup,NA,1.7486993146107426,0.06565102975729054,-0.0888416054113168,
ZAF,2025Q1,occup,NA,1.6598577091994258,-0.0888416054113168,-0.04959661059131926,
ZAF,2025Q2,occup,NA,1.6102610986081065,-0.04959661059131926,0.10261789681342215,
ZAF,2025Q3,occup,NA,1.7128789954215287,0.10261789681342215,0.3151913540577187,
ZAF,2025Q4,occup,NA,2.0280703494792474,0.3151913540577187,-0.43858599934166453,
ZAF,2026Q1,occup,NA,1.5894843501375828,-0.43858599934166453,0.03096908738998594,
ZAF,2026Q2,occup,NA,1.6204534375275688,0.03096908738998594,,
ZAF,2022Q1,socialsec,0,42.009023015174826,,1.5603232763369306,
ZAF,2022Q2,socialsec,0,43.569346291511756,1.5603232763369306,-1.9281649399825938,
ZAF,2022Q3,socialsec,0,41.64118135152916,-1.9281649399825938,0.49307247075790883,
ZAF,2022Q4,socialsec,0,42.13425382228707,0.49307247075790883,0.14694124823670762,
ZAF,2023Q1,socialsec,0,42.28119507052378,0.14694124823670762,1.6231374915136882,
ZAF,2023Q2,socialsec,0,43.90433256203747,1.6231374915136882,1.5523047792892513,
ZAF,2023Q3,socialsec,0,45.45663734132672,1.5523047792892513,-1.4205050044225374,
ZAF,2023Q4,socialsec,0,44.03613233690418,-1.4205050044225374,0.07970838125733337,
ZAF,2024Q1,socialsec,0,44.115840718161515,0.07970838125733337,-0.5116976380641987,
ZAF,2024Q2,socialsec,0,43.604143080097316,-0.5116976380641987,0.05364091942740856,
ZAF,2024Q3,socialsec,0,43.657783999524725,0.05364091942740856,-0.4757182958127828,
ZAF,2024Q4,socialsec,0,43.18206570371194,-0.4757182958127828,-0.9937785691027088,
ZAF,2025Q1,socialsec,0,42.18828713460923,-0.9937785691027088,0.7845022445121046,
ZAF,2025Q2,socialsec,0,42.97278937912134,0.7845022445121046,0.5372736283532689,
ZAF,2025Q3,socialsec,0,43.510063007474606,0.5372736283532689,0.15703590761754782,
ZAF,2025Q4,socialsec,0,43.667098915092154,0.15703590761754782,-1.9452419124297506,
ZAF,2026Q1,socialsec,0,41.721857002662404,-1.9452419124297506,0.13498199969509272,
ZAF,2026Q2,socialsec,0,41.856839002357496,0.13498199969509272,,
ZAF,2022Q1,socialsec,1,38.65761710047759,,-1.3437584659244592,
ZAF,2022Q2,socialsec,1,37.31385863455313,-1.3437584659244592,1.031364965264963,
ZAF,2022Q3,socialsec,1,38.34522359981809,1.031364965264963,0.39447195798146595,
ZAF,2022Q4,socialsec,1,38.73969555779956,0.39447195798146595,-0.6674022777682254,
ZAF,2023Q1,socialsec,1,38.07229328003133,-0.6674022777682254,-1.4223341580622488,
ZAF,2023Q2,socialsec,1,36.64995912196908,-1.4223341580622488,0.6403656848783896,
ZAF,2023Q3,socialsec,1,37.29032480684747,0.6403656848783896,-0.3483060862203615,
ZAF,2023Q4,socialsec,1,36.94201872062711,-0.3483060862203615,0.21440680457106254,
ZAF,2024Q1,socialsec,1,37.15642552519817,0.21440680457106254,0.14408335886940904,
ZAF,2024Q2,socialsec,1,37.30050888406758,0.14408335886940904,-0.6267931625122642,
ZAF,2024Q3,socialsec,1,36.67371572155532,-0.6267931625122642,-0.10300102986236226,
ZAF,2024Q4,socialsec,1,36.570714691692956,-0.10300102986236226,0.5030360427623464,
ZAF,2025Q1,socialsec,1,37.0737507344553,0.5030360427623464,-0.5691535681947215,
ZAF,2025Q2,socialsec,1,36.50459716626058,-0.5691535681947215,-0.5860753710883273,
ZAF,2025Q3,socialsec,1,35.91852179517225,-0.5860753710883273,0.8543147621458616,
ZAF,2025Q4,socialsec,1,36.772836557318115,0.8543147621458616,1.2770291645850733,
ZAF,2026Q1,socialsec,1,38.04986572190319,1.2770291645850733,-0.3076034010206996,
ZAF,2026Q2,socialsec,1,37.74226232088249,-0.3076034010206996,,
ZAF,2022Q1,socialsec,NA,19.33335988434759,,-0.21656481041247133,
ZAF,2022Q2,socialsec,NA,19.11679507393512,-0.21656481041247133,0.8967999747176307,
ZAF,2022Q3,socialsec,NA,20.01359504865275,0.8967999747176307,-0.8875444287393606,
ZAF,2022Q4,socialsec,NA,19.12605061991339,-0.8875444287393606,0.5204610295314964,
ZAF,2023Q1,socialsec,NA,19.646511649444886,0.5204610295314964,-0.2008033334514323,
ZAF,2023Q2,socialsec,NA,19.445708315993453,-0.2008033334514323,-2.192670464167648,
ZAF,2023Q3,socialsec,NA,17.253037851825805,-2.192670464167648,1.7688110906429024,
ZAF,2023Q4,socialsec,NA,19.021848942468708,1.7688110906429024,-0.29411518582839946,
ZAF,2024Q1,socialsec,NA,18.72773375664031,-0.29411518582839946,0.3676142791947896,
ZAF,2024Q2,socialsec,NA,19.095348035835098,0.3676142791947896,0.5731522430848699,
ZAF,2024Q3,socialsec,NA,19.668500278919968,0.5731522430848699,0.5787193256751344,
ZAF,2024Q4,socialsec,NA,20.247219604595102,0.5787193256751344,0.49074252634034465,
ZAF,2025Q1,socialsec,NA,20.737962130935447,0.49074252634034465,-0.21534867631736887,
ZAF,2025Q2,socialsec,NA,20.522613454618078,-0.21534867631736887,0.04880174273505844,
ZAF,2025Q3,socialsec,NA,20.571415197353137,0.04880174273505844,-1.0113506697634058,
ZAF,2025Q4,socialsec,NA,19.56006452758973,-1.0113506697634058,0.6682127478446702,
ZAF,2026Q1,socialsec,NA,20.2282772754344,0.6682127478446702,0.17262140132561754,
ZAF,2026Q2,socialsec,NA,20.40089867676002,0.17262140132561754,,
ZAF,2022Q1,urban,0,34.35720476114545,,0.2810824323136032,
ZAF,2022Q2,urban,0,34.63828719345905,0.2810824323136032,0.046252471749028246,
ZAF,2022Q3,urban,0,34.68453966520808,0.046252471749028246,0.12405587982095767,
ZAF,2022Q4,urban,0,34.808595545029036,0.12405587982095767,-0.1727747682658105,
ZAF,2023Q1,urban,0,34.635820776763225,-0.1727747682658105,0.07165229143092233,
ZAF,2023Q2,urban,0,34.70747306819415,0.07165229143092233,-0.6402195288728194,
ZAF,2023Q3,urban,0,34.06725353932133,-0.6402195288728194,0.12850506197310096,
ZAF,2023Q4,urban,0,34.19575860129443,0.12850506197310096,0.05227314178563347,
ZAF,2024Q1,urban,0,34.24803174308006,0.05227314178563347,0.04733801409620497,
ZAF,2024Q2,urban,0,34.29536975717627,0.04733801409620497,0.07401155833343154,
ZAF,2024Q3,urban,0,34.3693813155097,0.07401155833343154,-0.026705437426272738,
ZAF,2024Q4,urban,0,34.342675878083426,-0.026705437426272738,0.23024043232631897,
ZAF,2025Q1,urban,0,34.572916310409745,0.23024043232631897,0.2299727415834667,
ZAF,2025Q2,urban,0,34.80288905199321,0.2299727415834667,0.049821274130664506,
ZAF,2025Q3,urban,0,34.852710326123876,0.049821274130664506,-0.05702411062099344,
ZAF,2025Q4,urban,0,34.79568621550288,-0.05702411062099344,0.5465557296535337,
ZAF,2026Q1,urban,0,35.34224194515642,0.5465557296535337,-0.33848816691486405,
ZAF,2026Q2,urban,0,35.00375377824155,-0.33848816691486405,,
ZAF,2022Q1,urban,1,65.64279523885455,,-0.2810824323135961,
ZAF,2022Q2,urban,1,65.36171280654095,-0.2810824323135961,-0.046252471749014035,
ZAF,2022Q3,urban,1,65.31546033479194,-0.046252471749014035,-0.12405587982097188,
ZAF,2022Q4,urban,1,65.19140445497096,-0.12405587982097188,0.1727747682658105,
ZAF,2023Q1,urban,1,65.36417922323677,0.1727747682658105,-0.07165229143092233,
ZAF,2023Q2,urban,1,65.29252693180585,-0.07165229143092233,0.6402195288728194,
ZAF,2023Q3,urban,1,65.93274646067867,0.6402195288728194,-0.12850506197310096,
ZAF,2023Q4,urban,1,65.80424139870557,-0.12850506197310096,-0.05227314178563347,
ZAF,2024Q1,urban,1,65.75196825691994,-0.05227314178563347,-0.04733801409619787,
ZAF,2024Q2,urban,1,65.70463024282374,-0.04733801409619787,-0.07401155833343864,
ZAF,2024Q3,urban,1,65.6306186844903,-0.07401155833343864,0.026705437426272738,
ZAF,2024Q4,urban,1,65.65732412191657,0.026705437426272738,-0.23024043232631186,
ZAF,2025Q1,urban,1,65.42708368959026,-0.23024043232631186,-0.2299727415834809,
ZAF,2025Q2,urban,1,65.19711094800678,-0.2299727415834809,-0.049821274130664506,
ZAF,2025Q3,urban,1,65.14728967387612,-0.049821274130664506,0.057024110621000546,
ZAF,2025Q4,urban,1,65.20431378449712,0.057024110621000546,-0.5465557296535337,
ZAF,2026Q1,urban,1,64.65775805484358,-0.5465557296535337,0.33848816691485695,
ZAF,2026Q2,urban,1,64.99624622175844,0.33848816691485695,,
