countrycode,period,variable,category,share,d_prev,d_next,flag
BRA,2021Q1,educat7,1,6.528980754601633,,0.24672086979794905,
BRA,2021Q2,educat7,1,6.7757016243995825,0.24672086979794905,0.5028993884731285,
BRA,2021Q3,educat7,1,7.278601012872711,0.5028993884731285,0.18691029105659762,
BRA,2021Q4,educat7,1,7.465511303929309,0.18691029105659762,-0.6008649113503441,
BRA,2022Q1,educat7,1,6.8646463925789645,-0.6008649113503441,0.21727266550999147,
BRA,2022Q2,educat7,1,7.081919058088956,0.21727266550999147,0.3098028312176506,
BRA,2022Q3,educat7,1,7.391721889306607,0.3098028312176506,0.16571065245663252,
BRA,2022Q4,educat7,1,7.557432541763239,0.16571065245663252,-0.47230477630220236,
BRA,2023Q1,educat7,1,7.085127765461037,-0.47230477630220236,0.06498878217277415,
BRA,2023Q2,educat7,1,7.150116547633811,0.06498878217277415,0.20008020384780867,
BRA,2023Q3,educat7,1,7.3501967514816196,0.20008020384780867,0.05412055404300897,
BRA,2023Q4,educat7,1,7.4043173055246285,0.05412055404300897,-0.6939878106867097,
BRA,2024Q1,educat7,1,6.710329494837919,-0.6939878106867097,0.17587603188749856,
BRA,2024Q2,educat7,1,6.886205526725417,0.17587603188749856,0.21156870361122593,
BRA,2024Q3,educat7,1,7.097774230336643,0.21156870361122593,-0.1315043330294845,
BRA,2024Q4,educat7,1,6.966269897307159,-0.1315043330294845,-0.7511525188320762,
BRA,2025Q1,educat7,1,6.215117378475083,-0.7511525188320762,0.2172101363394887,
BRA,2025Q2,educat7,1,6.432327514814571,0.2172101363394887,0.16608728239654091,
BRA,2025Q3,educat7,1,6.598414797211112,0.16608728239654091,0.11256547348473323,
BRA,2025Q4,educat7,1,6.7109802706958455,0.11256547348473323,-0.8087813064641738,
BRA,2026Q1,educat7,1,5.902198964231672,-0.8087813064641738,0.222387987382203,
BRA,2026Q2,educat7,1,6.124586951613875,0.222387987382203,,
BRA,2021Q1,educat7,2,30.476505978282752,,0.15570547425312142,
BRA,2021Q2,educat7,2,30.632211452535874,0.15570547425312142,0.37913274240028727,
BRA,2021Q3,educat7,2,31.01134419493616,0.37913274240028727,0.023513879818800376,
BRA,2021Q4,educat7,2,31.03485807475496,0.023513879818800376,-0.2243403684270575,
BRA,2022Q1,educat7,2,30.810517706327904,-0.2243403684270575,-0.1419900853560634,
BRA,2022Q2,educat7,2,30.66852762097184,-0.1419900853560634,-0.13304318741108645,
BRA,2022Q3,educat7,2,30.535484433560754,-0.13304318741108645,-0.16157176877996804,
BRA,2022Q4,educat7,2,30.373912664780786,-0.16157176877996804,-0.2744162547708022,
BRA,2023Q1,educat7,2,30.099496410009984,-0.2744162547708022,-0.0969605014749213,
BRA,2023Q2,educat7,2,30.002535908535062,-0.0969605014749213,-0.2769293734135516,
BRA,2023Q3,educat7,2,29.72560653512151,-0.2769293734135516,-0.053964470518856444,
BRA,2023Q4,educat7,2,29.671642064602654,-0.053964470518856444,-0.17042608154474692,
BRA,2024Q1,educat7,2,29.501215983057907,-0.17042608154474692,-0.17252045829753726,
BRA,2024Q2,educat7,2,29.32869552476037,-0.17252045829753726,-0.11146608047007689,
BRA,2024Q3,educat7,2,29.217229444290293,-0.11146608047007689,-0.2156278583614153,
BRA,2024Q4,educat7,2,29.001601585928878,-0.2156278583614153,-0.2638845696996377,
BRA,2025Q1,educat7,2,28.73771701622924,-0.2638845696996377,-0.07327947356630204,
BRA,2025Q2,educat7,2,28.664437542662938,-0.07327947356630204,-0.0037277837112803525,
BRA,2025Q3,educat7,2,28.660709758951658,-0.0037277837112803525,-0.08598247501675615,
BRA,2025Q4,educat7,2,28.5747272839349,-0.08598247501675615,-0.13909102946503182,
BRA,2026Q1,educat7,2,28.43563625446987,-0.13909102946503182,0.0607568774655185,
BRA,2026Q2,educat7,2,28.49639313193539,0.0607568774655185,,
BRA,2021Q1,educat7,3,7.426001183394895,,-0.1501624434002533,
BRA,2021Q2,educat7,3,7.275838739994642,-0.1501624434002533,-0.02779111238607168,
BRA,2021Q3,educat7,3,7.24804762760857,-0.02779111238607168,-0.04838126761454564,
BRA,2021Q4,educat7,3,7.1996663599940245,-0.04838126761454564,0.03218058589386619,
BRA,2022Q1,educat7,3,7.231846945887891,0.03218058589386619,-0.12140373707258778,
BRA,2022Q2,educat7,3,7.110443208815303,-0.12140373707258778,-0.1595610087088133,
BRA,2022Q3,educat7,3,6.95088220010649,-0.1595610087088133,-0.056070000146242194,
BRA,2022Q4,educat7,3,6.894812199960247,-0.056070000146242194,0.0761864794072391,
BRA,2023Q1,educat7,3,6.9709986793674865,0.0761864794072391,-0.0021453453895476926,
BRA,2023Q2,educat7,3,6.968853333977939,-0.0021453453895476926,-0.07007482437764434,
BRA,2023Q3,educat7,3,6.8987785096002945,-0.07007482437764434,-0.0004940895974998583,
BRA,2023Q4,educat7,3,6.898284420002795,-0.0004940895974998583,0.07932454572206904,
BRA,2024Q1,educat7,3,6.977608965724864,0.07932454572206904,-0.030141530087496093,
BRA,2024Q2,educat7,3,6.947467435637368,-0.030141530087496093,-0.07217287459383837,
BRA,2024Q3,educat7,3,6.875294561043529,-0.07217287459383837,-0.17706986090416965,
BRA,2024Q4,educat7,3,6.6982247001393596,-0.17706986090416965,0.04093984712292542,
BRA,2025Q1,educat7,3,6.739164547262285,0.04093984712292542,-0.0478552340548033,
BRA,2025Q2,educat7,3,6.691309313207482,-0.0478552340548033,-0.1012583271931371,
BRA,2025Q3,educat7,3,6.590050986014345,-0.1012583271931371,-0.15906085433964812,
BRA,2025Q4,educat7,3,6.4309901316746965,-0.15906085433964812,0.1386624862188306,
BRA,2026Q1,educat7,3,6.569652617893527,0.1386624862188306,-0.028448949278892854,
BRA,2026Q2,educat7,3,6.541203668614634,-0.028448949278892854,,
BRA,2021Q1,educat7,4,6.640704141199545,,0.1020259952662288,
BRA,2021Q2,educat7,4,6.742730136465774,0.1020259952662288,0.019972644443450704,
BRA,2021Q3,educat7,4,6.762702780909224,0.019972644443450704,-0.016084494834437635,
BRA,2021Q4,educat7,4,6.746618286074787,-0.016084494834437635,0.07193829967984211,
BRA,2022Q1,educat7,4,6.818556585754629,0.07193829967984211,-0.03575200703899828,
BRA,2022Q2,educat7,4,6.782804578715631,-0.03575200703899828,-0.06506517224963826,
BRA,2022Q3,educat7,4,6.717739406465992,-0.06506517224963826,0.04914552310076381,
BRA,2022Q4,educat7,4,6.766884929566756,0.04914552310076381,0.0657697704602187,
BRA,2023Q1,educat7,4,6.832654700026975,0.0657697704602187,-0.10488464984986656,
BRA,2023Q2,educat7,4,6.727770050177108,-0.10488464984986656,-0.02866859224126106,
BRA,2023Q3,educat7,4,6.699101457935847,-0.02866859224126106,-0.12785388406436748,
BRA,2023Q4,educat7,4,6.57124757387148,-0.12785388406436748,0.11587245782704692,
BRA,2024Q1,educat7,4,6.687120031698527,0.11587245782704692,-0.04994324994698918,
BRA,2024Q2,educat7,4,6.6371767817515375,-0.04994324994698918,0.028280364125540025,
BRA,2024Q3,educat7,4,6.6654571458770775,0.028280364125540025,-0.1711565280393117,
BRA,2024Q4,educat7,4,6.494300617837766,-0.1711565280393117,-0.051962466502136095,
BRA,2025Q1,educat7,4,6.44233815133563,-0.051962466502136095,0.14186191366899248,
BRA,2025Q2,educat7,4,6.584200065004622,0.14186191366899248,-0.02645847797370582,
BRA,2025Q3,educat7,4,6.557741587030916,-0.02645847797370582,-0.20901925020459355,
BRA,2025Q4,educat7,4,6.348722336826323,-0.20901925020459355,0.20837515079138225,
BRA,2026Q1,educat7,4,6.557097487617705,0.20837515079138225,0.11997731713263793,
BRA,2026Q2,educat7,4,6.677074804750343,0.11997731713263793,,
BRA,2021Q1,educat7,5,24.097746889112454,,0.10411563377128985,
BRA,2021Q2,educat7,5,24.201862522883744,0.10411563377128985,-0.09211662543848576,
BRA,2021Q3,educat7,5,24.109745897445258,-0.09211662543848576,0.03785556597466666,
BRA,2021Q4,educat7,5,24.147601463419925,0.03785556597466666,0.5136884206374575,
BRA,2022Q1,educat7,5,24.661289884057382,0.5136884206374575,0.03042004970071588,
BRA,2022Q2,educat7,5,24.691709933758098,0.03042004970071588,-0.10337662923779334,
BRA,2022Q3,educat7,5,24.588333304520305,-0.10337662923779334,-0.002744913642676039,
BRA,2022Q4,educat7,5,24.58558839087763,-0.002744913642676039,0.5262092693498701,
BRA,2023Q1,educat7,5,25.1117976602275,0.5262092693498701,0.1109818270695051,
BRA,2023Q2,educat7,5,25.222779487297004,0.1109818270695051,0.023767875636266922,
BRA,2023Q3,educat7,5,25.24654736293327,0.023767875636266922,0.08069259856101496,
BRA,2023Q4,educat7,5,25.327239961494286,0.08069259856101496,0.3222586415463411,
BRA,2024Q1,educat7,5,25.649498603040627,0.3222586415463411,0.06762418812636284,
BRA,2024Q2,educat7,5,25.71712279116699,0.06762418812636284,0.0262949899237519,
BRA,2024Q3,educat7,5,25.74341778109074,0.0262949899237519,0.5734292805448931,
BRA,2024Q4,educat7,5,26.316847061635634,0.5734292805448931,0.5901752769152608,
BRA,2025Q1,educat7,5,26.907022338550895,0.5901752769152608,-0.4617232815568677,
BRA,2025Q2,educat7,5,26.445299056994028,-0.4617232815568677,-0.09187641991425721,
BRA,2025Q3,educat7,5,26.35342263707977,-0.09187641991425721,0.027205403457720934,
BRA,2025Q4,educat7,5,26.38062804053749,0.027205403457720934,0.3390366693434501,
BRA,2026Q1,educat7,5,26.71966470988094,0.3390366693434501,-0.2784733733209386,
BRA,2026Q2,educat7,5,26.441191336560003,-0.2784733733209386,,
BRA,2021Q1,educat7,7,18.062737055299213,,-0.4224124878091864,
BRA,2021Q2,educat7,7,17.640324567490026,-0.4224124878091864,-0.7435882857829554,
BRA,2021Q3,educat7,7,16.89673628170707,-0.7435882857829554,-0.14393367811459612,
BRA,2021Q4,educat7,7,16.752802603592475,-0.14393367811459612,0.24720846231259586,
BRA,2022Q1,educat7,7,17.00001106590507,0.24720846231259586,0.08989335341845006,
BRA,2022Q2,educat7,7,17.08990441932352,0.08989335341845006,0.19805838401194364,
BRA,2022Q3,educat7,7,17.287962803335464,0.19805838401194364,0.05970793430726573,
BRA,2022Q4,educat7,7,17.34767073764273,0.05970793430726573,0.1326280885340161,
BRA,2023Q1,educat7,7,17.480298826176746,0.1326280885340161,0.08022455149846053,
BRA,2023Q2,educat7,7,17.560523377675207,0.08022455149846053,0.20603441296608338,
BRA,2023Q3,educat7,7,17.76655779064129,0.20603441296608338,0.10195705016780465,
BRA,2023Q4,educat7,7,17.868514840809095,0.10195705016780465,0.4013004563591096,
BRA,2024Q1,educat7,7,18.269815297168204,0.4013004563591096,0.062155395498827204,
BRA,2024Q2,educat7,7,18.33197069266703,0.062155395498827204,-0.03195632930867376,
BRA,2024Q3,educat7,7,18.300014363358358,-0.03195632930867376,0.1686537618501518,
BRA,2024Q4,educat7,7,18.46866812520851,0.1686537618501518,0.4825159513923545,
BRA,2025Q1,educat7,7,18.951184076600864,0.4825159513923545,0.2688103479923747,
BRA,2025Q2,educat7,7,19.21999442459324,0.2688103479923747,0.10068331540412956,
BRA,2025Q3,educat7,7,19.320677739997368,0.10068331540412956,0.35452473559768194,
BRA,2025Q4,educat7,7,19.67520247559505,0.35452473559768194,0.3019568430306734,
BRA,2026Q1,educat7,7,19.977159318625723,0.3019568430306734,-0.0574213007629325,
BRA,2026Q2,educat7,7,19.91973801786279,-0.0574213007629325,,
BRA,2021Q1,educat7,NA,6.767323998109503,,-0.03599304187912811,
BRA,2021Q2,educat7,NA,6.731330956230375,-0.03599304187912811,-0.03850875170936874,
BRA,2021Q3,educat7,NA,6.692822204521006,-0.03850875170936874,-0.039880296286478156,
BRA,2021Q4,educat7,NA,6.652941908234528,-0.039880296286478156,-0.03981048874636883,
BRA,2022Q1,educat7,NA,6.613131419488159,-0.03981048874636883,-0.03844023916150707,
BRA,2022Q2,educat7,NA,6.574691180326652,-0.03844023916150707,-0.04681521762226204,
BRA,2022Q3,educat7,NA,6.52787596270439,-0.04681521762226204,-0.0541774272957678,
BRA,2022Q4,educat7,NA,6.473698535408622,-0.0541774272957678,-0.054072576678342976,
BRA,2023Q1,educat7,NA,6.419625958730279,-0.054072576678342976,-0.05220466402643087,
BRA,2023Q2,educat7,NA,6.367421294703848,-0.05220466402643087,-0.05420970241766909,
BRA,2023Q3,educat7,NA,6.313211592286179,-0.05420970241766909,-0.0544577585911199,
BRA,2023Q4,educat7,NA,6.258753833695059,-0.0544577585911199,-0.05434220922311095,
BRA,2024Q1,educat7,NA,6.204411624471948,-0.05434220922311095,-0.05305037718064831,
BRA,2024Q2,educat7,NA,6.1513612472913,-0.05305037718064831,-0.050548773287945714,
BRA,2024Q3,educat7,NA,6.100812474003354,-0.050548773287945714,-0.046724462060670824,
BRA,2024Q4,educat7,NA,6.054088011942683,-0.046724462060670824,-0.0466315203966845,
BRA,2025Q1,educat7,NA,6.007456491545999,-0.0466315203966845,-0.04502440882288017,
BRA,2025Q2,educat7,NA,5.962432082723119,-0.04502440882288017,-0.043449589008274,
BRA,2025Q3,educat7,NA,5.918982493714845,-0.043449589008274,-0.04023303297915426,
BRA,2025Q4,educat7,NA,5.8787494607356905,-0.04023303297915426,-0.040158813455131614,
BRA,2026Q1,educat7,NA,5.838590647280559,-0.040158813455131614,-0.03877855861759816,
BRA,2026Q2,educat7,NA,5.799812088662961,-0.03877855861759816,,
BRA,2021Q1,empstat,1,66.38881163412722,,-0.36849210134282373,
BRA,2021Q2,empstat,1,66.0203195327844,-0.36849210134282373,0.31350806447834145,
BRA,2021Q3,empstat,1,66.33382759726274,0.31350806447834145,0.47715654042549716,
BRA,2021Q4,empstat,1,66.81098413768824,0.47715654042549716,0.2883271358832076,
BRA,2022Q1,empstat,1,67.09931127357144,0.2883271358832076,0.5960481211980806,
BRA,2022Q2,empstat,1,67.69535939476953,0.5960481211980806,0.31178514033274496,
BRA,2022Q3,empstat,1,68.00714453510227,0.31178514033274496,0.48192892736001625,
BRA,2022Q4,empstat,1,68.48907346246229,0.48192892736001625,-0.02556015484961449,
BRA,2023Q1,empstat,1,68.46351330761267,-0.02556015484961449,0.25863312403556904,
BRA,2023Q2,empstat,1,68.72214643164824,0.25863312403556904,0.051992988955348096,
BRA,2023Q3,empstat,1,68.77413942060359,0.051992988955348096,0.3069397732885619,
BRA,2023Q4,empstat,1,69.08107919389215,0.3069397732885619,0.0828145136173788,
BRA,2024Q1,empstat,1,69.16389370750953,0.0828145136173788,0.268297762134992,
BRA,2024Q2,empstat,1,69.43219146964452,0.268297762134992,0.46843218468099224,
BRA,2024Q3,empstat,1,69.90062365432551,0.46843218468099224,-0.3815476964447839,
BRA,2024Q4,empstat,1,69.51907595788073,-0.3815476964447839,-0.14111155288738075,
BRA,2025Q1,empstat,1,69.37796440499335,-0.14111155288738075,0.10852585954108918,
BRA,2025Q2,empstat,1,69.48649026453444,0.10852585954108918,-0.09543377620079241,
BRA,2025Q3,empstat,1,69.39105648833365,-0.09543377620079241,0.07415123295704973,
BRA,2025Q4,empstat,1,69.4652077212907,0.07415123295704973,-0.2663239250563265,
BRA,2026Q1,empstat,1,69.19888379623437,-0.2663239250563265,0.09710708030574722,
BRA,2026Q2,empstat,1,69.29599087654012,0.09710708030574722,,
BRA,2021Q1,empstat,2,2.2659969808803844,,-0.04901506908489672,
BRA,2021Q2,empstat,2,2.2169819117954876,-0.04901506908489672,-0.04476255151922004,
BRA,2021Q3,empstat,2,2.1722193602762676,-0.04476255151922004,-0.1401580403713334,
BRA,2021Q4,empstat,2,2.032061319904934,-0.1401580403713334,0.02452057127897067,
BRA,2022Q1,empstat,2,2.056581891183905,0.02452057127897067,-0.23107556529594508,
BRA,2022Q2,empstat,2,1.8255063258879598,-0.23107556529594508,-0.07884989452757818,
BRA,2022Q3,empstat,2,1.7466564313603816,-0.07884989452757818,-0.11694364213532649,
BRA,2022Q4,empstat,2,1.6297127892250551,-0.11694364213532649,-0.08033886310493243,
BRA,2023Q1,empstat,2,1.5493739261201227,-0.08033886310493243,0.04276282810063692,
BRA,2023Q2,empstat,2,1.5921367542207596,0.04276282810063692,-0.07643858517207369,
BRA,2023Q3,empstat,2,1.515698169048686,-0.07643858517207369,-0.102518826383031,
BRA,2023Q4,empstat,2,1.413179342665655,-0.102518826383031,-0.018041100087743622,
BRA,2024Q1,empstat,2,1.3951382425779113,-0.018041100087743622,-0.08431047961248472,
BRA,2024Q2,empstat,2,1.3108277629654266,-0.08431047961248472,0.018918809265637604,
BRA,2024Q3,empstat,2,1.3297465722310642,0.018918809265637604,-0.044223785607634625,
BRA,2024Q4,empstat,2,1.2855227866234296,-0.044223785607634625,-0.06724631138838921,
BRA,2025Q1,empstat,2,1.2182764752350403,-0.06724631138838921,-0.027103145496023773,
BRA,2025Q2,empstat,2,1.1911733297390166,-0.027103145496023773,0.02251940486374826,
BRA,2025Q3,empstat,2,1.2136927346027648,0.02251940486374826,-0.05876807363415737,
BRA,2025Q4,empstat,2,1.1549246609686075,-0.05876807363415737,0.040430202050367514,
BRA,2026Q1,empstat,2,1.195354863018975,0.040430202050367514,0.008264695297621971,
BRA,2026Q2,empstat,2,1.203619558316597,0.008264695297621971,,
BRA,2021Q1,empstat,3,4.255296315117321,,-0.08799120905022484,
BRA,2021Q2,empstat,3,4.167305106067096,-0.08799120905022484,-0.07569338235400558,
BRA,2021Q3,empstat,3,4.091611723713091,-0.07569338235400558,-0.04026943673218231,
BRA,2021Q4,empstat,3,4.051342286980908,-0.04026943673218231,0.24433648679933295,
BRA,2022Q1,empstat,3,4.295678773780241,0.24433648679933295,0.012340188657407936,
BRA,2022Q2,empstat,3,4.308018962437649,0.012340188657407936,0.07435645081309605,
BRA,2022Q3,empstat,3,4.382375413250745,0.07435645081309605,-0.1094117718877019,
BRA,2022Q4,empstat,3,4.272963641363043,-0.1094117718877019,-0.025343256613558296,
BRA,2023Q1,empstat,3,4.247620384749485,-0.025343256613558296,-0.034830435370318824,
BRA,2023Q2,empstat,3,4.212789949379166,-0.034830435370318824,0.0036532663014572364,
BRA,2023Q3,empstat,3,4.2164432156806235,0.0036532663014572364,-0.0369891326957017,
BRA,2023Q4,empstat,3,4.179454082984922,-0.0369891326957017,-0.061514774930112814,
BRA,2024Q1,empstat,3,4.117939308054809,-0.061514774930112814,0.09876358351785264,
BRA,2024Q2,empstat,3,4.216702891572662,0.09876358351785264,-0.047524842640838116,
BRA,2024Q3,empstat,3,4.1691780489318235,-0.047524842640838116,0.013578903803980857,
BRA,2024Q4,empstat,3,4.182756952735804,0.013578903803980857,-0.00253321837542142,
BRA,2025Q1,empstat,3,4.180223734360383,-0.00253321837542142,-0.05285739725824268,
BRA,2025Q2,empstat,3,4.12736633710214,-0.05285739725824268,-0.006781200315129965,
BRA,2025Q3,empstat,3,4.12058513678701,-0.006781200315129965,-0.08961351719599264,
BRA,2025Q4,empstat,3,4.030971619591018,-0.08961351719599264,0.11808776914057706,
BRA,2026Q1,empstat,3,4.149059388731595,0.11808776914057706,0.032535715183599656,
BRA,2026Q2,empstat,3,4.181595103915194,0.032535715183599656,,
BRA,2021Q1,empstat,4,27.089895069875062,,0.505498379477956,
BRA,2021Q2,empstat,4,27.59539344935302,0.505498379477956,-0.1930521306051034,
BRA,2021Q3,empstat,4,27.402341318747915,-0.1930521306051034,-0.2967290633219939,
BRA,2021Q4,empstat,4,27.10561225542592,-0.2967290633219939,-0.5571841939615076,
BRA,2022Q1,empstat,4,26.548428061464413,-0.5571841939615076,-0.3773127445595428,
BRA,2022Q2,empstat,4,26.17111531690487,-0.3773127445595428,-0.3072916966182788,
BRA,2022Q3,empstat,4,25.863823620286592,-0.3072916966182788,-0.2555735133369801,
BRA,2022Q4,empstat,4,25.608250106949612,-0.2555735133369801,0.1312422745681161,
BRA,2023Q1,empstat,4,25.739492381517728,0.1312422745681161,-0.2665655167658798,
BRA,2023Q2,empstat,4,25.472926864751848,-0.2665655167658798,0.0207923299152597,
BRA,2023Q3,empstat,4,25.493719194667108,0.0207923299152597,-0.16743181420983788,
BRA,2023Q4,empstat,4,25.32628738045727,-0.16743181420983788,-0.003258638599515251,
BRA,2024Q1,empstat,4,25.323028741857755,-0.003258638599515251,-0.2827508660403453,
BRA,2024Q2,empstat,4,25.04027787581741,-0.2827508660403453,-0.43982615130582303,
BRA,2024Q3,empstat,4,24.600451724511586,-0.43982615130582303,0.41219257824844746,
BRA,2024Q4,empstat,4,25.012644302760034,0.41219257824844746,0.21089108265119805,
BRA,2025Q1,empstat,4,25.223535385411232,0.21089108265119805,-0.028565316786838935,
BRA,2025Q2,empstat,4,25.194970068624393,-0.028565316786838935,0.07969557165217367,
BRA,2025Q3,empstat,4,25.274665640276567,0.07969557165217367,0.07423035787311605,
BRA,2025Q4,empstat,4,25.348895998149683,0.07423035787311605,0.10780595386536973,
BRA,2026Q1,empstat,4,25.456701952015052,0.10780595386536973,-0.13790749078694375,
BRA,2026Q2,empstat,4,25.31879446122811,-0.13790749078694375,,
BRA,2021Q1,industrycat10,1,9.900138717381886,,0.09423373618977315,
BRA,2021Q2,industrycat10,1,9.994372453571659,0.09423373618977315,-0.16251974191065344,
BRA,2021Q3,industrycat10,1,9.831852711661005,-0.16251974191065344,-0.4591393751419286,
BRA,2021Q4,industrycat10,1,9.372713336519077,-0.4591393751419286,-0.09950059518168786,
BRA,2022Q1,industrycat10,1,9.273212741337389,-0.09950059518168786,-0.25246275261029716,
BRA,2022Q2,industrycat10,1,9.020749988727092,-0.25246275261029716,-0.1530926916318336,
BRA,2022Q3,industrycat10,1,8.867657297095258,-0.1530926916318336,-0.24082502136856299,
BRA,2022Q4,industrycat10,1,8.626832275726695,-0.24082502136856299,-0.06569437335624428,
BRA,2023Q1,industrycat10,1,8.56113790237045,-0.06569437335624428,-0.04690638556211546,
BRA,2023Q2,industrycat10,1,8.514231516808335,-0.04690638556211546,-0.02813024761519678,
BRA,2023Q3,industrycat10,1,8.486101269193139,-0.02813024761519678,-0.5101878064156509,
BRA,2023Q4,industrycat10,1,7.975913462777488,-0.5101878064156509,0.07461255930110688,
BRA,2024Q1,industrycat10,1,8.050526022078595,0.07461255930110688,-0.13138302373066857,
BRA,2024Q2,industrycat10,1,7.919142998347926,-0.13138302373066857,-0.08926711578928703,
BRA,2024Q3,industrycat10,1,7.829875882558639,-0.08926711578928703,-0.25628503241649714,
BRA,2024Q4,industrycat10,1,7.573590850142142,-0.25628503241649714,-0.029716049892897445,
BRA,2025Q1,industrycat10,1,7.543874800249244,-0.029716049892897445,-0.010366238459099009,
BRA,2025Q2,industrycat10,1,7.533508561790145,-0.010366238459099009,0.24559333711049547,
BRA,2025Q3,industrycat10,1,7.779101898900641,0.24559333711049547,-0.16769435350849626,
BRA,2025Q4,industrycat10,1,7.611407545392145,-0.16769435350849626,0.010364015016346428,
BRA,2026Q1,industrycat10,1,7.621771560408491,0.010364015016346428,0.061514067808446704,
BRA,2026Q2,industrycat10,1,7.683285628216938,0.061514067808446704,,
BRA,2021Q1,industrycat10,10,23.113991716250283,,-0.1929175697272001,
BRA,2021Q2,industrycat10,10,22.921074146523083,-0.1929175697272001,-0.32088775423024885,
BRA,2021Q3,industrycat10,10,22.600186392292834,-0.32088775423024885,0.48040384885824494,
BRA,2021Q4,industrycat10,10,23.08059024115108,0.48040384885824494,0.05370349257110263,
BRA,2022Q1,industrycat10,10,23.13429373372218,0.05370349257110263,0.31548186008729573,
BRA,2022Q2,industrycat10,10,23.449775593809477,0.31548186008729573,0.28067064561090405,
BRA,2022Q3,industrycat10,10,23.73044623942038,0.28067064561090405,0.13963749455786356,
BRA,2022Q4,industrycat10,10,23.870083733978245,0.13963749455786356,-0.29714025178126136,
BRA,2023Q1,industrycat10,10,23.572943482196983,-0.29714025178126136,0.5487954296126816,
BRA,2023Q2,industrycat10,10,24.121738911809665,0.5487954296126816,0.017789494256543747,
BRA,2023Q3,industrycat10,10,24.13952840606621,0.017789494256543747,0.2597803515299333,
BRA,2023Q4,industrycat10,10,24.399308757596142,0.2597803515299333,-0.42960001099264034,
BRA,2024Q1,industrycat10,10,23.9697087466035,-0.42960001099264034,0.40109753254261094,
BRA,2024Q2,industrycat10,10,24.370806279146112,0.40109753254261094,-0.021758278661064168,
BRA,2024Q3,industrycat10,10,24.34904800048505,-0.021758278661064168,-0.17236569235938504,
BRA,2024Q4,industrycat10,10,24.176682308125663,-0.17236569235938504,-0.2415737723657969,
BRA,2025Q1,industrycat10,10,23.935108535759866,-0.2415737723657969,0.407459160270367,
BRA,2025Q2,industrycat10,10,24.342567696030233,0.407459160270367,-0.11823165517307999,
BRA,2025Q3,industrycat10,10,24.224336040857153,-0.11823165517307999,0.23783257733155594,
BRA,2025Q4,industrycat10,10,24.46216861818871,0.23783257733155594,-0.36760568628662327,
BRA,2026Q1,industrycat10,10,24.094562931902086,-0.36760568628662327,-0.010201486324277198,
BRA,2026Q2,industrycat10,10,24.08436144557781,-0.010201486324277198,,
BRA,2021Q1,industrycat10,2,0.4787897427952269,,0.009599892270752808,
BRA,2021Q2,industrycat10,2,0.4883896350659797,0.009599892270752808,-0.02326726749231245,
BRA,2021Q3,industrycat10,2,0.46512236757366726,-0.02326726749231245,0.018544723835516308,
BRA,2021Q4,industrycat10,2,0.48366709140918357,0.018544723835516308,-0.005251029523414941,
BRA,2022Q1,industrycat10,2,0.47841606188576863,-0.005251029523414941,0.044601831071979514,
BRA,2022Q2,industrycat10,2,0.5230178929577481,0.044601831071979514,-0.03168360573087897,
BRA,2022Q3,industrycat10,2,0.49133428722686917,-0.03168360573087897,0.048631179608465136,
BRA,2022Q4,industrycat10,2,0.5399654668353343,0.048631179608465136,-0.03368011662118042,
BRA,2023Q1,industrycat10,2,0.5062853502141539,-0.03368011662118042,0.026546912934059974,
BRA,2023Q2,industrycat10,2,0.5328322631482139,0.026546912934059974,0.01668533776815584,
BRA,2023Q3,industrycat10,2,0.5495176009163697,0.01668533776815584,0.01724282480378192,
BRA,2023Q4,industrycat10,2,0.5667604257201516,0.01724282480378192,-0.008645577224329015,
BRA,2024Q1,industrycat10,2,0.5581148484958226,-0.008645577224329015,-0.015522827939125405,
BRA,2024Q2,industrycat10,2,0.5425920205566972,-0.015522827939125405,0.01390578377004148,
BRA,2024Q3,industrycat10,2,0.5564978043267387,0.01390578377004148,0.01683407664522807,
BRA,2024Q4,industrycat10,2,0.5733318809719667,0.01683407664522807,0.0004798333668465382,
BRA,2025Q1,industrycat10,2,0.5738117143388133,0.0004798333668465382,0.012433633359139273,
BRA,2025Q2,industrycat10,2,0.5862453476979526,0.012433633359139273,-0.0021449994180147147,
BRA,2025Q3,industrycat10,2,0.5841003482799378,-0.0021449994180147147,-0.0043892551523310175,
BRA,2025Q4,industrycat10,2,0.5797110931276068,-0.0043892551523310175,0.05566137770699142,
BRA,2026Q1,industrycat10,2,0.6353724708345982,0.05566137770699142,-0.02800797554701573,
BRA,2026Q2,industrycat10,2,0.6073644952875825,-0.02800797554701573,,
BRA,2021Q1,industrycat10,3,11.831106778652458,,-0.16784988630267428,
BRA,2021Q2,industrycat10,3,11.663256892349784,-0.16784988630267428,0.31904828930950657,
BRA,2021Q3,industrycat10,3,11.98230518165929,0.31904828930950657,-0.24159974390252792,
BRA,2021Q4,industrycat10,3,11.740705437756763,-0.24159974390252792,-0.03702137232735936,
BRA,2022Q1,industrycat10,3,11.703684065429403,-0.03702137232735936,-0.07019293054173303,
BRA,2022Q2,industrycat10,3,11.63349113488767,-0.07019293054173303,0.00350012869804317,
BRA,2022Q3,industrycat10,3,11.636991263585713,0.00350012869804317,0.033794099761980334,
BRA,2022Q4,industrycat10,3,11.670785363347694,0.033794099761980334,-0.022557503337335305,
BRA,2023Q1,industrycat10,3,11.648227860010358,-0.022557503337335305,-0.028276489569091012,
BRA,2023Q2,industrycat10,3,11.619951370441267,-0.028276489569091012,-0.21753496141879403,
BRA,2023Q3,industrycat10,3,11.402416409022473,-0.21753496141879403,0.15887085687593405,
BRA,2023Q4,industrycat10,3,11.561287265898407,0.15887085687593405,0.04126810374449619,
BRA,2024Q1,industrycat10,3,11.602555369642904,0.04126810374449619,-0.16053722035993268,
BRA,2024Q2,industrycat10,3,11.442018149282971,-0.16053722035993268,0.18656005999987357,
BRA,2024Q3,industrycat10,3,11.628578209282844,0.18656005999987357,-0.03243798288562694,
BRA,2024Q4,industrycat10,3,11.596140226397218,-0.03243798288562694,0.14723252881614712,
BRA,2025Q1,industrycat10,3,11.743372755213365,0.14723252881614712,-0.10381833284767517,
BRA,2025Q2,industrycat10,3,11.63955442236569,-0.10381833284767517,-0.0013373229539492826,
BRA,2025Q3,industrycat10,3,11.63821709941174,-0.0013373229539492826,-0.26711885504217925,
BRA,2025Q4,industrycat10,3,11.371098244369561,-0.26711885504217925,-0.07968115290879396,
BRA,2026Q1,industrycat10,3,11.291417091460767,-0.07968115290879396,-0.041147907867989275,
BRA,2026Q2,industrycat10,3,11.250269183592778,-0.041147907867989275,,
BRA,2021Q1,industrycat10,4,0.8094018408874616,,-0.0840130297891567,
BRA,2021Q2,industrycat10,4,0.7253888110983049,-0.0840130297891567,-0.012839132480514603,
BRA,2021Q3,industrycat10,4,0.7125496786177903,-0.012839132480514603,0.061736251847818835,
BRA,2021Q4,industrycat10,4,0.7742859304656091,0.061736251847818835,0.009356878825679038,
BRA,2022Q1,industrycat10,4,0.7836428092912882,0.009356878825679038,-0.02047041542551753,
BRA,2022Q2,industrycat10,4,0.7631723938657706,-0.02047041542551753,-0.061382506720593755,
BRA,2022Q3,industrycat10,4,0.7017898871451769,-0.061382506720593755,0.03577556122010961,
BRA,2022Q4,industrycat10,4,0.7375654483652865,0.03577556122010961,0.013481951886687882,
BRA,2023Q1,industrycat10,4,0.7510474002519744,0.013481951886687882,-0.009717571539665126,
BRA,2023Q2,industrycat10,4,0.7413298287123092,-0.009717571539665126,0.022039803655131918,
BRA,2023Q3,industrycat10,4,0.7633696323674412,0.022039803655131918,-0.00909991862150683,
BRA,2023Q4,industrycat10,4,0.7542697137459343,-0.00909991862150683,0.0007009002534213993,
BRA,2024Q1,industrycat10,4,0.7549706139993557,0.0007009002534213993,-0.05264550821099345,
BRA,2024Q2,industrycat10,4,0.7023251057883623,-0.05264550821099345,0.058010148083958546,
BRA,2024Q3,industrycat10,4,0.7603352538723208,0.058010148083958546,-0.00576525945337214,
BRA,2024Q4,industrycat10,4,0.7545699944189487,-0.00576525945337214,-0.014869758057011961,
BRA,2025Q1,industrycat10,4,0.7397002363619367,-0.014869758057011961,0.020544007919209406,
BRA,2025Q2,industrycat10,4,0.7602442442811461,0.020544007919209406,-0.030072581294372625,
BRA,2025Q3,industrycat10,4,0.7301716629867735,-0.030072581294372625,0.03608223493298768,
BRA,2025Q4,industrycat10,4,0.7662538979197612,0.03608223493298768,0.031363842268629205,
BRA,2026Q1,industrycat10,4,0.7976177401883904,0.031363842268629205,0.012068116211923163,
BRA,2026Q2,industrycat10,4,0.8096858564003135,0.012068116211923163,,
BRA,2021Q1,industrycat10,5,7.349164033293779,,0.1910420649884168,
BRA,2021Q2,industrycat10,5,7.540206098282196,0.1910420649884168,0.23325702510043822,
BRA,2021Q3,industrycat10,5,7.773463123382634,0.23325702510043822,0.02406804921548833,
BRA,2021Q4,industrycat10,5,7.797531172598123,0.02406804921548833,-0.22431086688800317,
BRA,2022Q1,industrycat10,5,7.5732203057101195,-0.22431086688800317,0.046478998968031426,
BRA,2022Q2,industrycat10,5,7.619699304678151,0.046478998968031426,-0.1479957573759636,
BRA,2022Q3,industrycat10,5,7.471703547302187,-0.1479957573759636,-0.052409272474619684,
BRA,2022Q4,industrycat10,5,7.419294274827568,-0.052409272474619684,-0.10736175804994463,
BRA,2023Q1,industrycat10,5,7.311932516777623,-0.10736175804994463,-0.09740654227871204,
BRA,2023Q2,industrycat10,5,7.214525974498911,-0.09740654227871204,0.031916667551801225,
BRA,2023Q3,industrycat10,5,7.246442642050712,0.031916667551801225,0.11634177325850636,
BRA,2023Q4,industrycat10,5,7.362784415309219,0.11634177325850636,-0.018009320971621,
BRA,2024Q1,industrycat10,5,7.344775094337598,-0.018009320971621,0.004522798880066681,
BRA,2024Q2,industrycat10,5,7.349297893217664,0.004522798880066681,-0.05726363777049315,
BRA,2024Q3,industrycat10,5,7.292034255447171,-0.05726363777049315,0.2576770340456269,
BRA,2024Q4,industrycat10,5,7.549711289492798,0.2576770340456269,-0.28002533080362735,
BRA,2025Q1,industrycat10,5,7.269685958689171,-0.28002533080362735,-0.14202938190191094,
BRA,2025Q2,industrycat10,5,7.12765657678726,-0.14202938190191094,0.23474551179557057,
BRA,2025Q3,industrycat10,5,7.36240208858283,0.23474551179557057,-0.11139450165805354,
BRA,2025Q4,industrycat10,5,7.251007586924777,-0.11139450165805354,-0.058358807519653944,
BRA,2026Q1,industrycat10,5,7.192648779405123,-0.058358807519653944,0.048876388665727966,
BRA,2026Q2,industrycat10,5,7.241525168070851,0.048876388665727966,,
BRA,2021Q1,industrycat10,6,23.3327494191497,,0.15243401154498315,
BRA,2021Q2,industrycat10,6,23.485183430694683,0.15243401154498315,0.9474832679864136,
BRA,2021Q3,industrycat10,6,24.432666698681096,0.9474832679864136,0.1915927789431926,
BRA,2021Q4,industrycat10,6,24.62425947762429,0.1915927789431926,0.162505026056337,
BRA,2022Q1,industrycat10,6,24.786764503680626,0.162505026056337,0.0150027053740871,
BRA,2022Q2,industrycat10,6,24.801767209054713,0.0150027053740871,-0.07783112269457604,
BRA,2022Q3,industrycat10,6,24.723936086360137,-0.07783112269457604,-0.05638925972895947,
BRA,2022Q4,industrycat10,6,24.667546826631177,-0.05638925972895947,0.1503658233231775,
BRA,2023Q1,industrycat10,6,24.817912649954355,0.1503658233231775,-0.2524282241587166,
BRA,2023Q2,industrycat10,6,24.56548442579564,-0.2524282241587166,-0.05755470421175701,
BRA,2023Q3,industrycat10,6,24.50792972158388,-0.05755470421175701,-0.09321818638569823,
BRA,2023Q4,industrycat10,6,24.414711535198183,-0.09321818638569823,0.0311972888912031,
BRA,2024Q1,industrycat10,6,24.445908824089386,0.0311972888912031,-0.08074889767015136,
BRA,2024Q2,industrycat10,6,24.365159926419235,-0.08074889767015136,0.017210879447667082,
BRA,2024Q3,industrycat10,6,24.382370805866902,0.017210879447667082,0.13464682446305432,
BRA,2024Q4,industrycat10,6,24.517017630329956,0.13464682446305432,0.026067056844507164,
BRA,2025Q1,industrycat10,6,24.543084687174463,0.026067056844507164,-0.23456417210195113,
BRA,2025Q2,industrycat10,6,24.308520515072512,-0.23456417210195113,-0.23657399118687295,
BRA,2025Q3,industrycat10,6,24.07194652388564,-0.23657399118687295,0.12569852426391748,
BRA,2025Q4,industrycat10,6,24.197645048149557,0.12569852426391748,-0.016184239868820782,
BRA,2026Q1,industrycat10,6,24.181460808280736,-0.016184239868820782,-0.048634463185095456,
BRA,2026Q2,industrycat10,6,24.13282634509564,-0.048634463185095456,,
BRA,2021Q1,industrycat10,7,6.834926440780932,,0.11540355953890113,
BRA,2021Q2,industrycat10,7,6.950330000319833,0.11540355953890113,-0.1741617912079274,
BRA,2021Q3,industrycat10,7,6.776168209111906,-0.1741617912079274,0.03716654634051331,
BRA,2021Q4,industrycat10,7,6.813334755452419,0.03716654634051331,0.09243718311271465,
BRA,2022Q1,industrycat10,7,6.905771938565134,0.09243718311271465,0.07801301766883295,
BRA,2022Q2,industrycat10,7,6.983784956233967,0.07801301766883295,-0.06149538026326784,
BRA,2022Q3,industrycat10,7,6.922289575970699,-0.06149538026326784,0.11107947861408896,
BRA,2022Q4,industrycat10,7,7.033369054584788,0.11107947861408896,0.10853532959332046,
BRA,2023Q1,industrycat10,7,7.141904384178108,0.10853532959332046,-0.052244890444412384,
BRA,2023Q2,industrycat10,7,7.089659493733696,-0.052244890444412384,0.1484586964332575,
BRA,2023Q3,industrycat10,7,7.238118190166953,0.1484586964332575,0.20491984292507137,
BRA,2023Q4,industrycat10,7,7.443038033092025,0.20491984292507137,-0.01575748470416194,
BRA,2024Q1,industrycat10,7,7.427280548387863,-0.01575748470416194,0.0020937791676347572,
BRA,2024Q2,industrycat10,7,7.4293743275554975,0.0020937791676347572,-0.11918937992607503,
BRA,2024Q3,industrycat10,7,7.3101849476294225,-0.11918937992607503,0.19282081914145444,
BRA,2024Q4,industrycat10,7,7.503005766770877,0.19282081914145444,0.043091668341844525,
BRA,2025Q1,industrycat10,7,7.5460974351127215,0.043091668341844525,-0.02871931076143941,
BRA,2025Q2,industrycat10,7,7.517378124351282,-0.02871931076143941,-0.001094484529430062,
BRA,2025Q3,industrycat10,7,7.516283639821852,-0.001094484529430062,0.0021710863990911378,
BRA,2025Q4,industrycat10,7,7.518454726220943,0.0021710863990911378,0.1687258048694691,
BRA,2026Q1,industrycat10,7,7.687180531090412,0.1687258048694691,0.13728881417018268,
BRA,2026Q2,industrycat10,7,7.824469345260595,0.13728881417018268,,
BRA,2021Q1,industrycat10,8,10.73716318112584,,-0.17014675762316145,
BRA,2021Q2,industrycat10,8,10.567016423502679,-0.17014675762316145,-0.4058805851200269,
BRA,2021Q3,industrycat10,8,10.161135838382652,-0.4058805851200269,-0.08050849862731546,
BRA,2021Q4,industrycat10,8,10.080627339755337,-0.08050849862731546,0.019700595447508462,
BRA,2022Q1,industrycat10,8,10.100327935202845,0.019700595447508462,-0.1190545473650122,
BRA,2022Q2,industrycat10,8,9.981273387837833,-0.1190545473650122,0.15464132913111506,
BRA,2022Q3,industrycat10,8,10.135914716968948,0.15464132913111506,0.08508540959339683,
BRA,2022Q4,industrycat10,8,10.221000126562345,0.08508540959339683,0.2802359348077843,
BRA,2023Q1,industrycat10,8,10.501236061370129,0.2802359348077843,-0.16745329971375966,
BRA,2023Q2,industrycat10,8,10.33378276165637,-0.16745329971375966,0.22277598585950287,
BRA,2023Q3,industrycat10,8,10.556558747515872,0.22277598585950287,-0.034398543411327864,
BRA,2023Q4,industrycat10,8,10.522160204104544,-0.034398543411327864,0.24263725015455861,
BRA,2024Q1,industrycat10,8,10.764797454259103,0.24263725015455861,-0.007080908601686531,
BRA,2024Q2,industrycat10,8,10.757716545657416,-0.007080908601686531,0.02967725102474894,
BRA,2024Q3,industrycat10,8,10.787393796682165,0.02967725102474894,-0.09033476374260019,
BRA,2024Q4,industrycat10,8,10.697059032939565,-0.09033476374260019,0.2962323589611451,
BRA,2025Q1,industrycat10,8,10.99329139190071,0.2962323589611451,0.03978646570580224,
BRA,2025Q2,industrycat10,8,11.033077857606512,0.03978646570580224,-0.08640460066887634,
BRA,2025Q3,industrycat10,8,10.946673256937636,-0.08640460066887634,0.10026627907036278,
BRA,2025Q4,industrycat10,8,11.046939536007999,0.10026627907036278,0.11471251876753108,
BRA,2026Q1,industrycat10,8,11.16165205477553,0.11471251876753108,-0.12357992460419176,
BRA,2026Q2,industrycat10,8,11.038072130171338,-0.12357992460419176,,
BRA,2021Q1,industrycat10,9,5.558876935421362,,0.03141476578222058,
BRA,2021Q2,industrycat10,9,5.590291701203583,0.03141476578222058,-0.38478331160645673,
BRA,2021Q3,industrycat10,9,5.205508389597126,-0.38478331160645673,-0.007371788249452393,
BRA,2021Q4,industrycat10,9,5.198136601347674,-0.007371788249452393,0.0104529365460575,
BRA,2022Q1,industrycat10,9,5.208589537893731,0.0104529365460575,-0.03261247205672557,
BRA,2022Q2,industrycat10,9,5.175977065837006,-0.03261247205672557,0.12013978059590258,
BRA,2022Q3,industrycat10,9,5.296116846432908,0.12013978059590258,-0.10191167143410684,
BRA,2022Q4,industrycat10,9,5.194205174998801,-0.10191167143410684,-0.046794821918144436,
BRA,2023Q1,industrycat10,9,5.147410353080657,-0.046794821918144436,0.0814104232696371,
BRA,2023Q2,industrycat10,9,5.228820776350294,0.0814104232696371,-0.14879764786627447,
BRA,2023Q3,industrycat10,9,5.08002312848402,-0.14879764786627447,-0.12237348919352531,
BRA,2023Q4,industrycat10,9,4.957649639290494,-0.12237348919352531,0.0967101293488275,
BRA,2024Q1,industrycat10,9,5.054359768639322,0.0967101293488275,0.0523237160694654,
BRA,2024Q2,industrycat10,9,5.106683484708787,0.0523237160694654,-0.017965477100934102,
BRA,2024Q3,industrycat10,9,5.088718007607853,-0.017965477100934102,-0.04875997616284433,
BRA,2024Q4,industrycat10,9,5.039958031445009,-0.04875997616284433,0.05711058768531796,
BRA,2025Q1,industrycat10,9,5.097068619130327,0.05711058768531796,0.02642702741243852,
BRA,2025Q2,industrycat10,9,5.123495646542765,0.02642702741243852,-0.00586389827535605,
BRA,2025Q3,industrycat10,9,5.117631748267409,-0.00586389827535605,0.02521258085917122,
BRA,2025Q4,industrycat10,9,5.14284432912658,0.02521258085917122,0.07023997089326794,
BRA,2026Q1,industrycat10,9,5.213084300019848,0.07023997089326794,0.03515821984045786,
BRA,2026Q2,industrycat10,9,5.248242519860306,0.03515821984045786,,
BRA,2021Q1,industrycat10,NA,0.0536911942610554,,0.020799213127170868,
BRA,2021Q2,industrycat10,NA,0.07449040738822627,0.020799213127170868,-0.015448998348229194,
BRA,2021Q3,industrycat10,NA,0.05904140903999707,-0.015448998348229194,-0.024892793119546543,
BRA,2021Q4,industrycat10,NA,0.03414861592045053,-0.024892793119546543,0.01792775136105316,
BRA,2022Q1,industrycat10,NA,0.05207636728150369,0.01792775136105316,-0.004785295170932041,
BRA,2022Q2,industrycat10,NA,0.047291072110571646,-0.004785295170932041,-0.025470819618854747,
BRA,2022Q3,industrycat10,NA,0.021820252491716898,-0.025470819618854747,-0.002467998349649541,
BRA,2022Q4,industrycat10,NA,0.019352254142067357,-0.002467998349649541,0.020609785453128728,
BRA,2023Q1,industrycat10,NA,0.039962039595196085,0.020609785453128728,-0.00231936254990156,
BRA,2023Q2,industrycat10,NA,0.037642677045294524,-0.00231936254990156,-0.0076484244123546305,
BRA,2023Q3,industrycat10,NA,0.029994252632939894,-0.0076484244123546305,0.012122294634475075,
BRA,2023Q4,industrycat10,NA,0.04211654726741497,0.012122294634475075,-0.015113837800856424,
BRA,2024Q1,industrycat10,NA,0.027002709466558545,-0.015113837800856424,-0.012119440147217374,
BRA,2024Q2,industrycat10,NA,0.014883269319341171,-0.012119440147217374,7.976692156354444e-05,
BRA,2024Q3,industrycat10,NA,0.014963036240904715,7.976692156354444e-05,0.003969952724968487,
BRA,2024Q4,industrycat10,NA,0.018932988965873202,0.003969952724968487,-0.004029122896489646,
BRA,2025Q1,industrycat10,NA,0.014903866069383556,-0.004029122896489646,0.012847141405106743,
BRA,2025Q2,industrycat10,NA,0.0277510074744903,0.012847141405106743,0.001384684593882652,
BRA,2025Q3,industrycat10,NA,0.02913569206837295,0.001384684593882652,0.023333682503992856,
BRA,2025Q4,industrycat10,NA,0.05246937457236581,0.023333682503992856,0.07076235706165342,
BRA,2026Q1,industrycat10,NA,0.12323173163401922,0.07076235706165342,-0.0433338491681836,
BRA,2026Q2,industrycat10,NA,0.07989788246583562,-0.0433338491681836,,
BRA,2021Q1,lstatus,1,40.95491168357196,,1.0247523111700119,
BRA,2021Q2,lstatus,1,41.97966399474197,1.0247523111700119,1.6307878040696977,
BRA,2021Q3,lstatus,1,43.61045179881167,1.6307878040696977,1.2459989490270331,
BRA,2021Q4,lstatus,1,44.8564507478387,1.2459989490270331,-0.275474762667109,
BRA,2022Q1,lstatus,1,44.58097598517159,-0.275474762667109,1.3400318483282518,
BRA,2022Q2,lstatus,1,45.92100783349984,1.3400318483282518,0.4171456312636366,
BRA,2022Q3,lstatus,1,46.33815346476348,0.4171456312636366,-0.01460950724359833,
BRA,2022Q4,lstatus,1,46.32354395751988,-0.01460950724359833,-0.7827866747343748,
BRA,2023Q1,lstatus,1,45.540757282785506,-0.7827866747343748,0.45313068856710714,
BRA,2023Q2,lstatus,1,45.99388797135261,0.45313068856710714,0.3756298227640329,
BRA,2023Q3,lstatus,1,46.369517794116646,0.3756298227640329,0.48152387420042686,
BRA,2023Q4,lstatus,1,46.85104166831707,0.48152387420042686,-0.4142733809951977,
BRA,2024Q1,lstatus,1,46.436768287321875,-0.4142733809951977,0.7043632812901706,
BRA,2024Q2,lstatus,1,47.141131568612046,0.7043632812901706,0.5055202085419381,
BRA,2024Q3,lstatus,1,47.646651777153984,0.5055202085419381,0.316260559464304,
BRA,2024Q4,lstatus,1,47.96291233661829,0.316260559464304,-0.6692570860897078,
BRA,2025Q1,lstatus,1,47.29365525052858,-0.6692570860897078,0.8038515473995318,
BRA,2025Q2,lstatus,1,48.09750679792811,0.8038515473995318,0.009069918783467301,
BRA,2025Q3,lstatus,1,48.10657671671158,0.009069918783467301,0.2197866852684598,
BRA,2025Q4,lstatus,1,48.32636340198004,0.2197866852684598,-0.5238342516526444,
BRA,2026Q1,lstatus,1,47.802529150327395,-0.5238342516526444,0.4643200508738019,
BRA,2026Q2,lstatus,1,48.2668492012012,0.4643200508738019,,
BRA,2021Q1,lstatus,2,7.175420729400049,,-0.2037648102417826,
BRA,2021Q2,lstatus,2,6.971655919158266,-0.2037648102417826,-0.655706383599485,
BRA,2021Q3,lstatus,2,6.315949535558781,-0.655706383599485,-0.6874334501061021,
BRA,2021Q4,lstatus,2,5.628516085452679,-0.6874334501061021,-0.03938969318268981,
BRA,2022Q1,lstatus,2,5.589126392269989,-0.03938969318268981,-0.8778683209374334,
BRA,2022Q2,lstatus,2,4.711258071332556,-0.8778683209374334,-0.30143722633609205,
BRA,2022Q3,lstatus,2,4.409820844996464,-0.30143722633609205,-0.4145882213886063,
BRA,2022Q4,lstatus,2,3.9952326236078575,-0.4145882213886063,0.3922096847549126,
BRA,2023Q1,lstatus,2,4.38744230836277,0.3922096847549126,-0.3740011389433091,
BRA,2023Q2,lstatus,2,4.013441169419461,-0.3740011389433091,-0.15496959691362244,
BRA,2023Q3,lstatus,2,3.8584715725058385,-0.15496959691362244,-0.10984107566189305,
BRA,2023Q4,lstatus,2,3.7486304968439454,-0.10984107566189305,0.24476053567677125,
BRA,2024Q1,lstatus,2,3.9933910325207167,0.24476053567677125,-0.5063982510309963,
BRA,2024Q2,lstatus,2,3.4869927814897204,-0.5063982510309963,-0.25562905212370834,
BRA,2024Q3,lstatus,2,3.231363729366012,-0.25562905212370834,-0.08300624051951377,
BRA,2024Q4,lstatus,2,3.1483574888464982,-0.08300624051951377,0.41191195521219237,
BRA,2025Q1,lstatus,2,3.5602694440586906,0.41191195521219237,-0.6206061705460626,
BRA,2025Q2,lstatus,2,2.939663273512628,-0.6206061705460626,-0.10078005782162425,
BRA,2025Q3,lstatus,2,2.8388832156910038,-0.10078005782162425,-0.2570945832642102,
BRA,2025Q4,lstatus,2,2.5817886324267936,-0.2570945832642102,0.5023499667450371,
BRA,2026Q1,lstatus,2,3.0841385991718306,0.5023499667450371,-0.33892165393969886,
BRA,2026Q2,lstatus,2,2.7452169452321318,-0.33892165393969886,,
BRA,2021Q1,lstatus,3,32.54952427359515,,-0.7639152758401657,
BRA,2021Q2,lstatus,3,31.785608997754988,-0.7639152758401657,-0.9141505942817396,
BRA,2021Q3,lstatus,3,30.871458403473248,-0.9141505942817396,-0.4955968232351111,
BRA,2021Q4,lstatus,3,30.375861580238137,-0.4955968232351111,0.37772162742446014,
BRA,2022Q1,lstatus,3,30.753583207662597,0.37772162742446014,-0.40146770151289957,
BRA,2022Q2,lstatus,3,30.352115506149698,-0.40146770151289957,-0.04892416728407056,
BRA,2022Q3,lstatus,3,30.303191338865627,-0.04892416728407056,0.5001820275685134,
BRA,2022Q4,lstatus,3,30.80337336643414,0.5001820275685134,0.46142361291769163,
BRA,2023Q1,lstatus,3,31.264796979351832,0.46142361291769163,-0.010729942346664245,
BRA,2023Q2,lstatus,3,31.254067037005168,-0.010729942346664245,-0.1505164049110661,
BRA,2023Q3,lstatus,3,31.1035506320941,-0.1505164049110661,-0.3021325164198565,
BRA,2023Q4,lstatus,3,30.801418115674245,-0.3021325164198565,0.2389161790006611,
BRA,2024Q1,lstatus,3,31.040334294674906,0.2389161790006611,-0.13021176158600056,
BRA,2024Q2,lstatus,3,30.910122533088906,-0.13021176158600056,-0.17777648041338168,
BRA,2024Q3,lstatus,3,30.732346052675524,-0.17777648041338168,-0.15815440395642,
BRA,2024Q4,lstatus,3,30.574191648719104,-0.15815440395642,0.33229585504929915,
BRA,2025Q1,lstatus,3,30.906487503768403,0.33229585504929915,-0.11087821042861634,
BRA,2025Q2,lstatus,3,30.795609293339787,-0.11087821042861634,0.16924218475250896,
BRA,2025Q3,lstatus,3,30.964851478092296,0.16924218475250896,0.11768755450466273,
BRA,2025Q4,lstatus,3,31.08253903259696,0.11768755450466273,0.101714785047605,
BRA,2026Q1,lstatus,3,31.184253817644564,0.101714785047605,-0.04792508574617926,
BRA,2026Q2,lstatus,3,31.136328731898384,-0.04792508574617926,,
BRA,2021Q1,lstatus,NA,19.32014331343283,,-0.05707222508804577,
BRA,2021Q2,lstatus,NA,19.263071088344784,-0.05707222508804577,-0.060930826188474896,
BRA,2021Q3,lstatus,NA,19.20214026215631,-0.060930826188474896,-0.06296867568582343,
BRA,2021Q4,lstatus,NA,19.139171586470486,-0.06296867568582343,-0.06285717157466308,
BRA,2022Q1,lstatus,NA,19.076314414895823,-0.06285717157466308,-0.06069582587790734,
BRA,2022Q2,lstatus,NA,19.015618589017915,-0.06069582587790734,-0.06678423764347485,
BRA,2022Q3,lstatus,NA,18.94883435137444,-0.06678423764347485,-0.07098429893632385,
BRA,2022Q4,lstatus,NA,18.877850052438117,-0.07098429893632385,-0.07084662293821609,
BRA,2023Q1,lstatus,NA,18.8070034294999,-0.07084662293821609,-0.06839960727716488,
BRA,2023Q2,lstatus,NA,18.738603822222736,-0.06839960727716488,-0.07014382093931104,
BRA,2023Q3,lstatus,NA,18.668460001283425,-0.07014382093931104,-0.06955028211868353,
BRA,2023Q4,lstatus,NA,18.59890971916474,-0.06955028211868353,-0.06940333368225282,
BRA,2024Q1,lstatus,NA,18.529506385482488,-0.06940333368225282,-0.06775326867317233,
BRA,2024Q2,lstatus,NA,18.461753116809316,-0.06775326867317233,-0.07211467600483701,
BRA,2024Q3,lstatus,NA,18.38963844080448,-0.07211467600483701,-0.0750999149883711,
BRA,2024Q4,lstatus,NA,18.314538525816108,-0.0750999149883711,-0.07495072417177084,
BRA,2025Q1,lstatus,NA,18.239587801644337,-0.07495072417177084,-0.07236716642486485,
BRA,2025Q2,lstatus,NA,18.167220635219472,-0.07236716642486485,-0.07753204571436356,
BRA,2025Q3,lstatus,NA,18.08968858950511,-0.07753204571436356,-0.08037965650889234,
BRA,2025Q4,lstatus,NA,18.009308932996216,-0.08037965650889234,-0.08023050014001853,
BRA,2026Q1,lstatus,NA,17.929078432856198,-0.08023050014001853,-0.07747331118791223,
BRA,2026Q2,lstatus,NA,17.851605121668285,-0.07747331118791223,,
BRA,2021Q1,occup,0,0.9450955426382905,,0.01634213181789612,
BRA,2021Q2,occup,0,0.9614376744561867,0.01634213181789612,-0.04641648974354573,
BRA,2021Q3,occup,0,0.9150211847126409,-0.04641648974354573,-0.06311115635357567,
BRA,2021Q4,occup,0,0.8519100283590653,-0.06311115635357567,-0.04111481587017263,
BRA,2022Q1,occup,0,0.8107952124888926,-0.04111481587017263,0.04140178491847557,
BRA,2022Q2,occup,0,0.8521969974073682,0.04140178491847557,0.005061330086130522,
BRA,2022Q3,occup,0,0.8572583274934987,0.005061330086130522,-0.01960647288681938,
BRA,2022Q4,occup,0,0.8376518546066793,-0.01960647288681938,0.023451602217237966,
BRA,2023Q1,occup,0,0.8611034568239173,0.023451602217237966,-0.027039453272874714,
BRA,2023Q2,occup,0,0.8340640035510426,-0.027039453272874714,-0.07091727535912418,
BRA,2023Q3,occup,0,0.7631467281919184,-0.07091727535912418,0.04816014610509689,
BRA,2023Q4,occup,0,0.8113068742970153,0.04816014610509689,-0.00826677575017376,
BRA,2024Q1,occup,0,0.8030400985468416,-0.00826677575017376,0.012806673468764296,
BRA,2024Q2,occup,0,0.8158467720156058,0.012806673468764296,0.0026344653975088894,
BRA,2024Q3,occup,0,0.8184812374131147,0.0026344653975088894,-0.022598711748599398,
BRA,2024Q4,occup,0,0.7958825256645153,-0.022598711748599398,0.024870978558447665,
BRA,2025Q1,occup,0,0.820753504222963,0.024870978558447665,0.009937241463450097,
BRA,2025Q2,occup,0,0.8306907456864131,0.009937241463450097,-0.019505594819291705,
BRA,2025Q3,occup,0,0.8111851508671214,-0.019505594819291705,-0.014868645539869219,
BRA,2025Q4,occup,0,0.7963165053272522,-0.014868645539869219,0.02512374185624855,
BRA,2026Q1,occup,0,0.8214402471835007,0.02512374185624855,0.01815654686519974,
BRA,2026Q2,occup,0,0.8395967940487005,0.01815654686519974,,
BRA,2021Q1,occup,1,3.6148559174756425,,0.17951655590656657,
BRA,2021Q2,occup,1,3.794372473382209,0.17951655590656657,-0.08271792168312242,
BRA,2021Q3,occup,1,3.7116545516990866,-0.08271792168312242,-0.3548719088414889,
BRA,2021Q4,occup,1,3.3567826428575978,-0.3548719088414889,0.06572854718455812,
BRA,2022Q1,occup,1,3.422511190042156,0.06572854718455812,0.12365073568543705,
BRA,2022Q2,occup,1,3.546161925727593,0.12365073568543705,-0.011688352034520566,
BRA,2022Q3,occup,1,3.5344735736930724,-0.011688352034520566,-0.1840719479814994,
BRA,2022Q4,occup,1,3.350401625711573,-0.1840719479814994,0.042731934164830676,
BRA,2023Q1,occup,1,3.3931335598764036,0.042731934164830676,-0.028267898681701986,
BRA,2023Q2,occup,1,3.3648656611947017,-0.028267898681701986,-0.02429276913406575,
BRA,2023Q3,occup,1,3.340572892060636,-0.02429276913406575,0.04914295052459794,
BRA,2023Q4,occup,1,3.389715842585234,0.04914295052459794,0.04613611961928221,
BRA,2024Q1,occup,1,3.435851962204516,0.04613611961928221,-0.041710834219708115,
BRA,2024Q2,occup,1,3.394141127984808,-0.041710834219708115,0.10037430383085821,
BRA,2024Q3,occup,1,3.494515431815666,0.10037430383085821,-0.006196806191455462,
BRA,2024Q4,occup,1,3.4883186256242107,-0.006196806191455462,0.14227939566998238,
BRA,2025Q1,occup,1,3.630598021294193,0.14227939566998238,-0.020108185002657653,
BRA,2025Q2,occup,1,3.6104898362915354,-0.020108185002657653,-0.013307537601082942,
BRA,2025Q3,occup,1,3.5971822986904525,-0.013307537601082942,0.04204273254093982,
BRA,2025Q4,occup,1,3.6392250312313923,0.04204273254093982,-0.0910356519729576,
BRA,2026Q1,occup,1,3.5481893792584347,-0.0910356519729576,0.012391447235938546,
BRA,2026Q2,occup,1,3.5605808264943732,0.012391447235938546,,
BRA,2021Q1,occup,2,12.89072214031759,,-0.19661093151847808,
BRA,2021Q2,occup,2,12.694111208799113,-0.19661093151847808,-0.7498235405305529,
BRA,2021Q3,occup,2,11.94428766826856,-0.7498235405305529,-0.12655104172188025,
BRA,2021Q4,occup,2,11.81773662654668,-0.12655104172188025,0.059652603628672196,
BRA,2022Q1,occup,2,11.877389230175352,0.059652603628672196,0.04170632811810826,
BRA,2022Q2,occup,2,11.91909555829346,0.04170632811810826,0.04556761009261656,
BRA,2022Q3,occup,2,11.964663168386076,0.04556761009261656,0.3437669300003581,
BRA,2022Q4,occup,2,12.308430098386435,0.3437669300003581,-0.08708780476296596,
BRA,2023Q1,occup,2,12.221342293623469,-0.08708780476296596,0.251102107414372,
BRA,2023Q2,occup,2,12.47244440103784,0.251102107414372,0.22854928925790396,
BRA,2023Q3,occup,2,12.700993690295745,0.22854928925790396,0.01957035480083924,
BRA,2023Q4,occup,2,12.720564045096584,0.01957035480083924,-0.08744034120024402,
BRA,2024Q1,occup,2,12.63312370389634,-0.08744034120024402,0.05860617917914901,
BRA,2024Q2,occup,2,12.691729883075489,0.05860617917914901,-0.06886422326687835,
BRA,2024Q3,occup,2,12.62286565980861,-0.06886422326687835,0.16415350381367588,
BRA,2024Q4,occup,2,12.787019163622286,0.16415350381367588,0.22776393705834685,
BRA,2025Q1,occup,2,13.014783100680633,0.22776393705834685,0.15232359776663174,
BRA,2025Q2,occup,2,13.167106698447265,0.15232359776663174,0.15774325609527295,
BRA,2025Q3,occup,2,13.324849954542538,0.15774325609527295,0.3253288937789165,
BRA,2025Q4,occup,2,13.650178848321454,0.3253288937789165,0.13695419855660518,
BRA,2026Q1,occup,2,13.78713304687806,0.13695419855660518,-0.3046106661537422,
BRA,2026Q2,occup,2,13.482522380724317,-0.3046106661537422,,
BRA,2021Q1,occup,3,8.668459784001048,,-0.25504972954934857,
BRA,2021Q2,occup,3,8.413410054451699,-0.25504972954934857,-0.17993411929125003,
BRA,2021Q3,occup,3,8.233475935160449,-0.17993411929125003,0.05180569032548199,
BRA,2021Q4,occup,3,8.285281625485931,0.05180569032548199,-0.24320250398111654,
BRA,2022Q1,occup,3,8.042079121504814,-0.24320250398111654,0.07374100806540085,
BRA,2022Q2,occup,3,8.115820129570215,0.07374100806540085,0.20117279052148795,
BRA,2022Q3,occup,3,8.316992920091703,0.20117279052148795,-0.051905437868938975,
BRA,2022Q4,occup,3,8.265087482222764,-0.051905437868938975,0.01187319048333535,
BRA,2023Q1,occup,3,8.2769606727061,0.01187319048333535,0.0498683799477142,
BRA,2023Q2,occup,3,8.326829052653814,0.0498683799477142,0.2537626348971944,
BRA,2023Q3,occup,3,8.580591687551008,0.2537626348971944,0.09155755214239747,
BRA,2023Q4,occup,3,8.672149239693406,0.09155755214239747,0.08805069521870301,
BRA,2024Q1,occup,3,8.760199934912109,0.08805069521870301,0.21375430002421147,
BRA,2024Q2,occup,3,8.97395423493632,0.21375430002421147,-0.25089873524325057,
BRA,2024Q3,occup,3,8.72305549969307,-0.25089873524325057,-0.05020797804123944,
BRA,2024Q4,occup,3,8.67284752165183,-0.05020797804123944,0.12455387795824713,
BRA,2025Q1,occup,3,8.797401399610077,0.12455387795824713,0.053865086072292456,
BRA,2025Q2,occup,3,8.85126648568237,0.053865086072292456,0.1706045396487763,
BRA,2025Q3,occup,3,9.021871025331146,0.1706045396487763,0.0039448028871174046,
BRA,2025Q4,occup,3,9.025815828218263,0.0039448028871174046,0.011302602952509844,
BRA,2026Q1,occup,3,9.037118431170773,0.011302602952509844,0.036029899813840416,
BRA,2026Q2,occup,3,9.073148330984614,0.036029899813840416,,
BRA,2021Q1,occup,4,8.42728543792424,,-0.07369662396350485,
BRA,2021Q2,occup,4,8.353588813960735,-0.07369662396350485,-0.13648945467300244,
BRA,2021Q3,occup,4,8.217099359287733,-0.13648945467300244,0.12352246981998327,
BRA,2021Q4,occup,4,8.340621829107716,0.12352246981998327,0.10570294719201279,
BRA,2022Q1,occup,4,8.446324776299729,0.10570294719201279,-0.13825305278127686,
BRA,2022Q2,occup,4,8.308071723518452,-0.13825305278127686,-0.08088189723478045,
BRA,2022Q3,occup,4,8.227189826283672,-0.08088189723478045,0.12907734811747318,
BRA,2022Q4,occup,4,8.356267174401145,0.12907734811747318,0.09965840828595596,
BRA,2023Q1,occup,4,8.455925582687101,0.09965840828595596,-0.013934084603681285,
BRA,2023Q2,occup,4,8.44199149808342,-0.013934084603681285,-0.01682421384204069,
BRA,2023Q3,occup,4,8.425167284241379,-0.01682421384204069,0.011346750758576718,
BRA,2023Q4,occup,4,8.436514034999956,0.011346750758576718,0.07095383810110434,
BRA,2024Q1,occup,4,8.50746787310106,0.07095383810110434,-0.12392156634190243,
BRA,2024Q2,occup,4,8.383546306759158,-0.12392156634190243,-0.015213430619187562,
BRA,2024Q3,occup,4,8.36833287613997,-0.015213430619187562,0.1159417738661066,
BRA,2024Q4,occup,4,8.484274650006077,0.1159417738661066,0.028855226863559125,
BRA,2025Q1,occup,4,8.513129876869636,0.028855226863559125,-0.015372103039309692,
BRA,2025Q2,occup,4,8.497757773830326,-0.015372103039309692,-0.10795697947097516,
BRA,2025Q3,occup,4,8.389800794359351,-0.10795697947097516,-0.10947663914494399,
BRA,2025Q4,occup,4,8.280324155214407,-0.10947663914494399,0.009216604666073991,
BRA,2026Q1,occup,4,8.289540759880481,0.009216604666073991,-0.0526459636928287,
BRA,2026Q2,occup,4,8.236894796187652,-0.0526459636928287,,
BRA,2021Q1,occup,5,20.949207474042872,,-0.13127535843210225,
BRA,2021Q2,occup,5,20.81793211561077,-0.13127535843210225,0.6575383898294014,
BRA,2021Q3,occup,5,21.47547050544017,0.6575383898294014,0.5976697348048816,
BRA,2021Q4,occup,5,22.073140240245053,0.5976697348048816,0.22692712991199926,
BRA,2022Q1,occup,5,22.300067370157052,0.22692712991199926,0.050914636986245654,
BRA,2022Q2,occup,5,22.350982007143298,0.050914636986245654,0.2828439450639877,
BRA,2022Q3,occup,5,22.633825952207285,0.2828439450639877,-0.15547959591781435,
BRA,2022Q4,occup,5,22.47834635628947,-0.15547959591781435,-0.10237937065594949,
BRA,2023Q1,occup,5,22.37596698563352,-0.10237937065594949,0.022163698365499584,
BRA,2023Q2,occup,5,22.39813068399902,0.022163698365499584,-0.20065580712962827,
BRA,2023Q3,occup,5,22.197474876869393,-0.20065580712962827,-0.040792987587387586,
BRA,2023Q4,occup,5,22.156681889282005,-0.040792987587387586,-0.14462205713788023,
BRA,2024Q1,occup,5,22.012059832144125,-0.14462205713788023,0.06090953824455525,
BRA,2024Q2,occup,5,22.07296937038868,0.06090953824455525,0.18364864261997482,
BRA,2024Q3,occup,5,22.256618013008655,0.18364864261997482,-0.005810418307252263,
BRA,2024Q4,occup,5,22.250807594701403,-0.005810418307252263,0.00954131789701762,
BRA,2025Q1,occup,5,22.26034891259842,0.00954131789701762,0.13259614702266376,
BRA,2025Q2,occup,5,22.392945059621084,0.13259614702266376,-0.5658960334368146,
BRA,2025Q3,occup,5,21.82704902618427,-0.5658960334368146,0.1744550360856323,
BRA,2025Q4,occup,5,22.001504062269902,0.1744550360856323,-0.15674935923759747,
BRA,2026Q1,occup,5,21.844754703032304,-0.15674935923759747,0.1668909661479816,
BRA,2026Q2,occup,5,22.011645669180286,0.1668909661479816,,
BRA,2021Q1,occup,6,6.935312683141236,,-0.20460664061527112,
BRA,2021Q2,occup,6,6.730706042525965,-0.20460664061527112,-0.26485042525139146,
BRA,2021Q3,occup,6,6.465855617274573,-0.26485042525139146,-0.3787062543480415,
BRA,2021Q4,occup,6,6.087149362926532,-0.3787062543480415,-0.03303408240091077,
BRA,2022Q1,occup,6,6.054115280525621,-0.03303408240091077,-0.203783206402818,
BRA,2022Q2,occup,6,5.850332074122803,-0.203783206402818,-0.15313410669851457,
BRA,2022Q3,occup,6,5.697197967424288,-0.15313410669851457,-0.21698894509431543,
BRA,2022Q4,occup,6,5.480209022329973,-0.21698894509431543,0.05369159390493383,
BRA,2023Q1,occup,6,5.533900616234907,0.05369159390493383,-0.0365927314984571,
BRA,2023Q2,occup,6,5.49730788473645,-0.0365927314984571,-0.022303298016002948,
BRA,2023Q3,occup,6,5.475004586720447,-0.022303298016002948,-0.41186404754725014,
BRA,2023Q4,occup,6,5.0631405391731965,-0.41186404754725014,0.07073919298335252,
BRA,2024Q1,occup,6,5.133879732156549,0.07073919298335252,-0.1567626602598846,
BRA,2024Q2,occup,6,4.977117071896664,-0.1567626602598846,-0.037455574198616226,
BRA,2024Q3,occup,6,4.939661497698048,-0.037455574198616226,-0.17997854445324357,
BRA,2024Q4,occup,6,4.759682953244805,-0.17997854445324357,0.08460535707718453,
BRA,2025Q1,occup,6,4.844288310321989,0.08460535707718453,-0.08995997762173591,
BRA,2025Q2,occup,6,4.754328332700253,-0.08995997762173591,0.10064795925134629,
BRA,2025Q3,occup,6,4.8549762919515995,0.10064795925134629,-0.16726299822826451,
BRA,2025Q4,occup,6,4.687713293723335,-0.16726299822826451,0.13966238761660854,
BRA,2026Q1,occup,6,4.8273756813399435,0.13966238761660854,0.022933315405236243,
BRA,2026Q2,occup,6,4.85030899674518,0.022933315405236243,,
BRA,2021Q1,occup,7,13.311794057219121,,0.18320052747382576,
BRA,2021Q2,occup,7,13.494994584692947,0.18320052747382576,0.30106566271608415,
BRA,2021Q3,occup,7,13.79606024740903,0.30106566271608415,-0.0397650896408237,
BRA,2021Q4,occup,7,13.756295157768207,-0.0397650896408237,-0.024260187981331782,
BRA,2022Q1,occup,7,13.732034969786875,-0.024260187981331782,-0.005130995674049288,
BRA,2022Q2,occup,7,13.726903974112826,-0.005130995674049288,-0.43463945234285184,
BRA,2022Q3,occup,7,13.292264521769974,-0.43463945234285184,0.11465081666423771,
BRA,2022Q4,occup,7,13.406915338434212,0.11465081666423771,0.07800294485382331,
BRA,2023Q1,occup,7,13.484918283288035,0.07800294485382331,-0.17477212458539348,
BRA,2023Q2,occup,7,13.310146158702642,-0.17477212458539348,-0.10138362168864035,
BRA,2023Q3,occup,7,13.208762537014001,-0.10138362168864035,0.006620471754581914,
BRA,2023Q4,occup,7,13.215383008768583,0.006620471754581914,-0.021661329370429527,
BRA,2024Q1,occup,7,13.193721679398154,-0.021661329370429527,0.10889621870534683,
BRA,2024Q2,occup,7,13.3026178981035,0.10889621870534683,-0.048783647208731296,
BRA,2024Q3,occup,7,13.25383425089477,-0.048783647208731296,0.03807727060789645,
BRA,2024Q4,occup,7,13.291911521502666,0.03807727060789645,-0.24761058282019555,
BRA,2025Q1,occup,7,13.04430093868247,-0.24761058282019555,0.09520218738544983,
BRA,2025Q2,occup,7,13.13950312606792,0.09520218738544983,-0.013092051409937966,
BRA,2025Q3,occup,7,13.126411074657982,-0.013092051409937966,-0.09286673077065366,
BRA,2025Q4,occup,7,13.033544343887328,-0.09286673077065366,-0.05520543964565583,
BRA,2026Q1,occup,7,12.978338904241673,-0.05520543964565583,0.05877554590867362,
BRA,2026Q2,occup,7,13.037114450150346,0.05877554590867362,,
BRA,2021Q1,occup,8,8.33222078632856,,0.06601168051329864,
BRA,2021Q2,occup,8,8.398232466841858,0.06601168051329864,0.1491378890371866,
BRA,2021Q3,occup,8,8.547370355879044,0.1491378890371866,0.13873989181620594,
BRA,2021Q4,occup,8,8.68611024769525,0.13873989181620594,0.15468195226120862,
BRA,2022Q1,occup,8,8.840792199956459,0.15468195226120862,0.006121858154132909,
BRA,2022Q2,occup,8,8.846914058110592,0.006121858154132909,0.0816475543277626,
BRA,2022Q3,occup,8,8.928561612438354,0.0816475543277626,0.2602393762380313,
BRA,2022Q4,occup,8,9.188800988676386,0.2602393762380313,0.03339098351322001,
BRA,2023Q1,occup,8,9.222191972189606,0.03339098351322001,-0.16140187177232335,
BRA,2023Q2,occup,8,9.060790100417282,-0.16140187177232335,-0.01688060276944725,
BRA,2023Q3,occup,8,9.043909497647835,-0.01688060276944725,0.12320424076185787,
BRA,2023Q4,occup,8,9.167113738409693,0.12320424076185787,0.07509653693617047,
BRA,2024Q1,occup,8,9.242210275345863,0.07509653693617047,0.03314394086149086,
BRA,2024Q2,occup,8,9.275354216207354,0.03314394086149086,0.09813540027495193,
BRA,2024Q3,occup,8,9.373489616482306,0.09813540027495193,-0.019844016322105418,
BRA,2024Q4,occup,8,9.3536456001602,-0.019844016322105418,0.07583441208670294,
BRA,2025Q1,occup,8,9.429480012246904,0.07583441208670294,-0.008470239295165882,
BRA,2025Q2,occup,8,9.421009772951738,-0.008470239295165882,0.10785206475972586,
BRA,2025Q3,occup,8,9.528861837711464,0.10785206475972586,-0.1573584556281613,
BRA,2025Q4,occup,8,9.371503382083302,-0.1573584556281613,0.004923739923780701,
BRA,2026Q1,occup,8,9.376427122007083,0.004923739923780701,0.14482834323121807,
BRA,2026Q2,occup,8,9.521255465238301,0.14482834323121807,,
BRA,2021Q1,occup,9,15.925046176911412,,0.41616838836713654,
BRA,2021Q2,occup,9,16.34121456527855,0.41616838836713654,0.35249000959014154,
BRA,2021Q3,occup,9,16.69370457486869,0.35249000959014154,0.05126766413927797,
BRA,2021Q4,occup,9,16.744972239007968,0.05126766413927797,-0.2710815899449237,
BRA,2022Q1,occup,9,16.473890649063044,-0.2710815899449237,0.009630902930357621,
BRA,2022Q2,occup,9,16.4835215519934,0.009630902930357621,0.06405057821866578,
BRA,2022Q3,occup,9,16.547572130212068,0.06405057821866578,-0.21968207127069306,
BRA,2022Q4,occup,9,16.327890058941374,-0.21968207127069306,-0.15333348200444163,
BRA,2023Q1,occup,9,16.174556576936933,-0.15333348200444163,0.11887397868686023,
BRA,2023Q2,occup,9,16.293430555623793,0.11887397868686023,-0.02905433621616993,
BRA,2023Q3,occup,9,16.264376219407623,-0.02905433621616993,0.10305456828671211,
BRA,2023Q4,occup,9,16.367430787694335,0.10305456828671211,-0.08898587939987124,
BRA,2024Q1,occup,9,16.278444908294464,-0.08898587939987124,-0.1657217896620402,
BRA,2024Q2,occup,9,16.112723118632424,-0.1657217896620402,0.03642279841336915,
BRA,2024Q3,occup,9,16.149145917045793,0.03642279841336915,-0.033536073223785934,
BRA,2024Q4,occup,9,16.115609843822007,-0.033536073223785934,-0.47069392034927304,
BRA,2025Q1,occup,9,15.644915923472734,-0.47069392034927304,-0.3100137547516475,
BRA,2025Q2,occup,9,15.334902168721086,-0.3100137547516475,0.18291037698298673,
BRA,2025Q3,occup,9,15.517812545704073,0.18291037698298673,-0.00393799598070288,
BRA,2025Q4,occup,9,15.51387454972337,-0.00393799598070288,-0.024192824715624894,
BRA,2026Q1,occup,9,15.489681725007745,-0.024192824715624894,-0.10274943476150966,
BRA,2026Q2,occup,9,15.386932290246236,-0.10274943476150966,,
BRA,2021Q1,socialsec,0,33.257080004050025,,1.20203319119058,
BRA,2021Q2,socialsec,0,34.459113195240604,1.20203319119058,0.6921665499329137,
BRA,2021Q3,socialsec,0,35.15127974517352,0.6921665499329137,0.27266984804759176,
BRA,2021Q4,socialsec,0,35.42394959322111,0.27266984804759176,-0.5055617673242665,
BRA,2022Q1,socialsec,0,34.91838782589684,-0.5055617673242665,0.1652244706826096,
BRA,2022Q2,socialsec,0,35.08361229657945,0.1652244706826096,-0.21722075727918622,
BRA,2022Q3,socialsec,0,34.86639153930027,-0.21722075727918622,-1.009790085608266,
BRA,2022Q4,socialsec,0,33.856601453692,-1.009790085608266,0.14995337136494413,
BRA,2023Q1,socialsec,0,34.006554825056945,0.14995337136494413,0.03268651462855843,
BRA,2023Q2,socialsec,0,34.0392413396855,0.03268651462855843,0.16243336285083387,
BRA,2023Q3,socialsec,0,34.20167470253634,0.16243336285083387,-0.27185618688335467,
BRA,2023Q4,socialsec,0,33.92981851565298,-0.27185618688335467,-0.34833569426216116,
BRA,2024Q1,socialsec,0,33.58148282139082,-0.34833569426216116,0.1141953903532098,
BRA,2024Q2,socialsec,0,33.69567821174403,0.1141953903532098,-0.005262392878535138,
BRA,2024Q3,socialsec,0,33.690415818865496,-0.005262392878535138,-0.0814149123613106,
BRA,2024Q4,socialsec,0,33.609000906504185,-0.0814149123613106,-0.7594492279046108,
BRA,2025Q1,socialsec,0,32.849551678599575,-0.7594492279046108,0.4492283890365272,
BRA,2025Q2,socialsec,0,33.2987800676361,0.4492283890365272,-0.4135891347912093,
BRA,2025Q3,socialsec,0,32.88519093284489,-0.4135891347912093,-0.393604373695311,
BRA,2025Q4,socialsec,0,32.49158655914958,-0.393604373695311,-0.4063999359616872,
BRA,2026Q1,socialsec,0,32.085186623187894,-0.4063999359616872,0.45839362376433,
BRA,2026Q2,socialsec,0,32.543580246952224,0.45839362376433,,
BRA,2021Q1,socialsec,1,16.046483365836846,,-0.38677101349874476,
BRA,2021Q2,socialsec,1,15.6597123523381,-0.38677101349874476,0.07588375712243511,
BRA,2021Q3,socialsec,1,15.735596109460536,0.07588375712243511,0.12191982375591515,
BRA,2021Q4,socialsec,1,15.857515933216451,0.12191982375591515,-0.1822491331500462,
BRA,2022Q1,socialsec,1,15.675266800066405,-0.1822491331500462,0.27412397271232614,
BRA,2022Q2,socialsec,1,15.949390772778731,0.27412397271232614,0.30429010753676167,
BRA,2022Q3,socialsec,1,16.253680880315493,0.30429010753676167,0.5084839613810708,
BRA,2022Q4,socialsec,1,16.762164841696563,0.5084839613810708,-0.5161447195783921,
BRA,2023Q1,socialsec,1,16.24602012211817,-0.5161447195783921,0.27977266256061384,
BRA,2023Q2,socialsec,1,16.525792784678785,0.27977266256061384,-0.1844110173322484,
BRA,2023Q3,socialsec,1,16.341381767346537,-0.1844110173322484,0.28520146566670945,
BRA,2023Q4,socialsec,1,16.626583233013246,0.28520146566670945,-0.04842642860386803,
BRA,2024Q1,socialsec,1,16.578156804409378,-0.04842642860386803,0.10253806930953857,
BRA,2024Q2,socialsec,1,16.680694873718917,0.10253806930953857,0.03518493330662409,
BRA,2024Q3,socialsec,1,16.71587980702554,0.03518493330662409,0.14685853695746331,
BRA,2024Q4,socialsec,1,16.862738343983004,0.14685853695746331,-0.1596275366424571,
BRA,2025Q1,socialsec,1,16.703110807340547,-0.1596275366424571,-0.08280478595507645,
BRA,2025Q2,socialsec,1,16.62030602138547,-0.08280478595507645,0.4046029087909666,
BRA,2025Q3,socialsec,1,17.024908930176437,0.4046029087909666,0.39513654267026155,
BRA,2025Q4,socialsec,1,17.4200454728467,0.39513654267026155,0.23306392020686317,
BRA,2026Q1,socialsec,1,17.653109393053562,0.23306392020686317,-0.11894008001910805,
BRA,2026Q2,socialsec,1,17.534169313034454,-0.11894008001910805,,
BRA,2021Q1,socialsec,NA,50.696436630113126,,-0.8152621776918352,
BRA,2021Q2,socialsec,NA,49.88117445242129,-0.8152621776918352,-0.768050307055347,
BRA,2021Q3,socialsec,NA,49.113124145365944,-0.768050307055347,-0.3945896718035016,
BRA,2021Q4,socialsec,NA,48.71853447356244,-0.3945896718035016,0.6878109004743109,
BRA,2022Q1,socialsec,NA,49.40634537403675,0.6878109004743109,-0.43934844339494106,
BRA,2022Q2,socialsec,NA,48.96699693064181,-0.43934844339494106,-0.0870693502575719,
BRA,2022Q3,socialsec,NA,48.87992758038424,-0.0870693502575719,0.5013061242271917,
BRA,2022Q4,socialsec,NA,49.38123370461143,0.5013061242271917,0.366191348213448,
BRA,2023Q1,socialsec,NA,49.74742505282488,0.366191348213448,-0.3124591771891616,
BRA,2023Q2,socialsec,NA,49.43496587563572,-0.3124591771891616,0.021977654481389663,
BRA,2023Q3,socialsec,NA,49.45694353011711,0.021977654481389663,-0.01334527878334768,
BRA,2023Q4,socialsec,NA,49.44359825133376,-0.01334527878334768,0.3967621228660363,
BRA,2024Q1,socialsec,NA,49.8403603741998,0.3967621228660363,-0.21673345966274837,
BRA,2024Q2,socialsec,NA,49.62362691453705,-0.21673345966274837,-0.02992254042808895,
BRA,2024Q3,socialsec,NA,49.59370437410896,-0.02992254042808895,-0.06544362459614916,
BRA,2024Q4,socialsec,NA,49.52826074951281,-0.06544362459614916,0.9190767645470714,
BRA,2025Q1,socialsec,NA,50.44733751405988,0.9190767645470714,-0.3664236030814507,
BRA,2025Q2,socialsec,NA,50.08091391097843,-0.3664236030814507,0.008986226000232023,
BRA,2025Q3,socialsec,NA,50.08990013697866,0.008986226000232023,-0.0015321689749470124,
BRA,2025Q4,socialsec,NA,50.088367968003716,-0.0015321689749470124,0.1733360157548276,
BRA,2026Q1,socialsec,NA,50.261703983758544,0.1733360157548276,-0.33945354374522196,
BRA,2026Q2,socialsec,NA,49.92225044001332,-0.33945354374522196,,
BRA,2021Q1,urban,0,14.14718981845027,,-0.045214140921361334,
BRA,2021Q2,urban,0,14.101975677528909,-0.045214140921361334,-0.18380543642235558,
BRA,2021Q3,urban,0,13.918170241106553,-0.18380543642235558,-0.02752363272843006,
BRA,2021Q4,urban,0,13.890646608378123,-0.02752363272843006,-0.04933329384701857,
BRA,2022Q1,urban,0,13.841313314531105,-0.04933329384701857,-0.11148216057232929,
BRA,2022Q2,urban,0,13.729831153958775,-0.11148216057232929,-0.11345112022798887,
BRA,2022Q3,urban,0,13.616380033730787,-0.11345112022798887,-0.1413737291799695,
BRA,2022Q4,urban,0,13.475006304550817,-0.1413737291799695,-0.23296709622163014,
BRA,2023Q1,urban,0,13.242039208329187,-0.23296709622163014,-0.050249027704705185,
BRA,2023Q2,urban,0,13.191790180624482,-0.050249027704705185,-0.05442272940704562,
BRA,2023Q3,urban,0,13.137367451217436,-0.05442272940704562,-0.3043712999330115,
BRA,2023Q4,urban,0,12.832996151284425,-0.3043712999330115,-0.1309664270437807,
BRA,2024Q1,urban,0,12.702029724240644,-0.1309664270437807,-0.09240662534574895,
BRA,2024Q2,urban,0,12.609623098894895,-0.09240662534574895,-0.2831859511628405,
BRA,2024Q3,urban,0,12.326437147732054,-0.2831859511628405,-0.21661978093931822,
BRA,2024Q4,urban,0,12.109817366792736,-0.21661978093931822,-0.12788908853672432,
BRA,2025Q1,urban,0,11.981928278256012,-0.12788908853672432,0.05125627509993791,
BRA,2025Q2,urban,0,12.03318455335595,0.05125627509993791,-0.14590033529022328,
BRA,2025Q3,urban,0,11.887284218065727,-0.14590033529022328,-0.01823099731247524,
BRA,2025Q4,urban,0,11.869053220753251,-0.01823099731247524,0.22128560527476537,
BRA,2026Q1,urban,0,12.090338826028017,0.22128560527476537,-0.047815875444744194,
BRA,2026Q2,urban,0,12.042522950583272,-0.047815875444744194,,
BRA,2021Q1,urban,1,85.85281018154974,,0.04521414092135956,
BRA,2021Q2,urban,1,85.8980243224711,0.04521414092135956,0.1838054364223325,
BRA,2021Q3,urban,1,86.08182975889343,0.1838054364223325,0.027523632728446046,
BRA,2021Q4,urban,1,86.10935339162188,0.027523632728446046,0.04933329384702745,
BRA,2022Q1,urban,1,86.15868668546891,0.04933329384702745,0.11148216057232219,
BRA,2022Q2,urban,1,86.27016884604123,0.11148216057232219,0.11345112022799242,
BRA,2022Q3,urban,1,86.38361996626922,0.11345112022799242,0.1413737291799606,
BRA,2022Q4,urban,1,86.52499369544918,0.1413737291799606,0.23296709622162837,
BRA,2023Q1,urban,1,86.75796079167081,0.23296709622162837,0.05024902770470874,
BRA,2023Q2,urban,1,86.80820981937552,0.05024902770470874,0.05442272940705095,
BRA,2023Q3,urban,1,86.86263254878257,0.05442272940705095,0.3043712999329955,
BRA,2023Q4,urban,1,87.16700384871557,0.3043712999329955,0.1309664270437878,
BRA,2024Q1,urban,1,87.29797027575935,0.1309664270437878,0.09240662534577382,
BRA,2024Q2,urban,1,87.39037690110513,0.09240662534577382,0.28318595116280676,
BRA,2024Q3,urban,1,87.67356285226793,0.28318595116280676,0.21661978093932532,
BRA,2024Q4,urban,1,87.89018263320726,0.21661978093932532,0.127889088536719,
BRA,2025Q1,urban,1,88.01807172174398,0.127889088536719,-0.051256275099930804,
BRA,2025Q2,urban,1,87.96681544664405,-0.051256275099930804,0.1459003352902215,
BRA,2025Q3,urban,1,88.11271578193427,0.1459003352902215,0.018230997312471686,
BRA,2025Q4,urban,1,88.13094677924674,0.018230997312471686,-0.22128560527474406,
BRA,2026Q1,urban,1,87.909661173972,-0.22128560527474406,0.04781587544474064,
BRA,2026Q2,urban,1,87.95747704941674,0.04781587544474064,,
MEX,2021Q1,educat7,1,7.45158201363287,,0.015149760877761764,
MEX,2021Q2,educat7,1,7.466731774510632,0.015149760877761764,-0.05765195046082816,
MEX,2021Q3,educat7,1,7.409079824049804,-0.05765195046082816,-0.048662118662940124,
MEX,2021Q4,educat7,1,7.360417705386864,-0.048662118662940124,0.008466747632380311,
MEX,2022Q1,educat7,1,7.368884453019244,0.008466747632380311,0.11671402801370956,
MEX,2022Q2,educat7,1,7.485598481032953,0.11671402801370956,-0.1395176419377675,
MEX,2022Q3,educat7,1,7.346080839095186,-0.1395176419377675,0.018270196466550814,
MEX,2022Q4,educat7,1,7.364351035561737,0.018270196466550814,0.057280769327533676,
MEX,2023Q1,educat7,1,7.42163180488927,0.057280769327533676,0.12119155975785745,
MEX,2023Q2,educat7,1,7.542823364647128,0.12119155975785745,-0.09097016281689196,
MEX,2023Q3,educat7,1,7.451853201830236,-0.09097016281689196,0.02880067455971691,
MEX,2023Q4,educat7,1,7.480653876389953,0.02880067455971691,0.046529260563440644,
MEX,2024Q1,educat7,1,7.5271831369533935,0.046529260563440644,0.06338073369026898,
MEX,2024Q2,educat7,1,7.5905638706436624,0.06338073369026898,-0.2805496227029094,
MEX,2024Q3,educat7,1,7.310014247940753,-0.2805496227029094,-0.08705440799284592,
MEX,2024Q4,educat7,1,7.222959839947907,-0.08705440799284592,0.05650949117009407,
MEX,2025Q1,educat7,1,7.279469331118001,0.05650949117009407,-0.15735788543235163,
MEX,2025Q2,educat7,1,7.12211144568565,-0.15735788543235163,-0.33777474051968603,
MEX,2025Q3,educat7,1,6.7843367051659635,-0.33777474051968603,-0.039244505119098605,
MEX,2025Q4,educat7,1,6.745092200046865,-0.039244505119098605,-0.016290272044345855,
MEX,2026Q1,educat7,1,6.728801928002519,-0.016290272044345855,0.027805052651325823,
MEX,2026Q2,educat7,1,6.756606980653845,0.027805052651325823,,
MEX,2021Q1,educat7,2,14.848111208941384,,0.055489369401886535,
MEX,2021Q2,educat7,2,14.903600578343271,0.055489369401886535,-0.053739277963503085,
MEX,2021Q3,educat7,2,14.849861300379768,-0.053739277963503085,-0.2949364769568952,
MEX,2021Q4,educat7,2,14.554924823422873,-0.2949364769568952,-0.17200097498947464,
MEX,2022Q1,educat7,2,14.382923848433398,-0.17200097498947464,-0.12151992548913348,
MEX,2022Q2,educat7,2,14.261403922944265,-0.12151992548913348,-0.02623137987194646,
MEX,2022Q3,educat7,2,14.235172543072318,-0.02623137987194646,-0.1681248873655541,
MEX,2022Q4,educat7,2,14.067047655706764,-0.1681248873655541,-0.036070670440210506,
MEX,2023Q1,educat7,2,14.030976985266554,-0.036070670440210506,-0.02919488327876074,
MEX,2023Q2,educat7,2,14.001782101987793,-0.02919488327876074,0.08957478070183811,
MEX,2023Q3,educat7,2,14.091356882689631,0.08957478070183811,-0.11515267027441567,
MEX,2023Q4,educat7,2,13.976204212415215,-0.11515267027441567,-0.10656716793671883,
MEX,2024Q1,educat7,2,13.869637044478496,-0.10656716793671883,-0.08634816183931804,
MEX,2024Q2,educat7,2,13.783288882639178,-0.08634816183931804,0.11686298870159995,
MEX,2024Q3,educat7,2,13.900151871340778,0.11686298870159995,-0.17546603968452956,
MEX,2024Q4,educat7,2,13.724685831656249,-0.17546603968452956,-0.046685798163720094,
MEX,2025Q1,educat7,2,13.678000033492529,-0.046685798163720094,0.04721085667971181,
MEX,2025Q2,educat7,2,13.72521089017224,0.04721085667971181,-0.0578047239356394,
MEX,2025Q3,educat7,2,13.667406166236601,-0.0578047239356394,-0.08356345601514903,
MEX,2025Q4,educat7,2,13.583842710221452,-0.08356345601514903,-0.22122869591520988,
MEX,2026Q1,educat7,2,13.362614014306242,-0.22122869591520988,-0.13453114218120632,
MEX,2026Q2,educat7,2,13.228082872125036,-0.13453114218120632,,
MEX,2021Q1,educat7,3,12.430101556251328,,-0.038790842999231856,
MEX,2021Q2,educat7,3,12.391310713252096,-0.038790842999231856,-0.17284308030566997,
MEX,2021Q3,educat7,3,12.218467632946426,-0.17284308030566997,0.03590183974925942,
MEX,2021Q4,educat7,3,12.254369472695686,0.03590183974925942,0.1550345882756865,
MEX,2022Q1,educat7,3,12.409404060971372,0.1550345882756865,0.004959229878252813,
MEX,2022Q2,educat7,3,12.414363290849625,0.004959229878252813,-0.06114227825621654,
MEX,2022Q3,educat7,3,12.353221012593409,-0.06114227825621654,0.026026311584598005,
MEX,2022Q4,educat7,3,12.379247324178007,0.026026311584598005,0.013157189074147979,
MEX,2023Q1,educat7,3,12.392404513252155,0.013157189074147979,-0.054879139707086466,
MEX,2023Q2,educat7,3,12.337525373545068,-0.054879139707086466,-0.032006748919529926,
MEX,2023Q3,educat7,3,12.305518624625538,-0.032006748919529926,-0.06395295315452465,
MEX,2023Q4,educat7,3,12.241565671471013,-0.06395295315452465,0.04553139592410815,
MEX,2024Q1,educat7,3,12.287097067395122,0.04553139592410815,-0.07437415297942529,
MEX,2024Q2,educat7,3,12.212722914415696,-0.07437415297942529,-0.109535071455797,
MEX,2024Q3,educat7,3,12.1031878429599,-0.109535071455797,-0.17179148227032393,
MEX,2024Q4,educat7,3,11.931396360689575,-0.17179148227032393,0.08486969095774555,
MEX,2025Q1,educat7,3,12.016266051647321,0.08486969095774555,-0.1020739364262031,
MEX,2025Q2,educat7,3,11.914192115221118,-0.1020739364262031,-0.0632199578154573,
MEX,2025Q3,educat7,3,11.85097215740566,-0.0632199578154573,-0.05480211771847188,
MEX,2025Q4,educat7,3,11.796170039687189,-0.05480211771847188,0.19053922077625352,
MEX,2026Q1,educat7,3,11.986709260463442,0.19053922077625352,-0.1521341674938732,
MEX,2026Q2,educat7,3,11.834575092969569,-0.1521341674938732,,
MEX,2021Q1,educat7,4,28.844475627074353,,-0.04020655885339508,
MEX,2021Q2,educat7,4,28.804269068220957,-0.04020655885339508,-0.00554458505352784,
MEX,2021Q3,educat7,4,28.79872448316743,-0.00554458505352784,-0.15794321406405842,
MEX,2021Q4,educat7,4,28.64078126910337,-0.15794321406405842,0.009356371003963915,
MEX,2022Q1,educat7,4,28.650137640107335,0.009356371003963915,-0.16757683798159917,
MEX,2022Q2,educat7,4,28.482560802125736,-0.16757683798159917,0.09541674822898472,
MEX,2022Q3,educat7,4,28.57797755035472,0.09541674822898472,0.11048009591527119,
MEX,2022Q4,educat7,4,28.688457646269992,0.11048009591527119,-0.010278246149873382,
MEX,2023Q1,educat7,4,28.67817940012012,-0.010278246149873382,-0.043001168791715116,
MEX,2023Q2,educat7,4,28.635178231328403,-0.043001168791715116,-0.08101162287611885,
MEX,2023Q3,educat7,4,28.554166608452284,-0.08101162287611885,-0.08940328263473063,
MEX,2023Q4,educat7,4,28.464763325817554,-0.08940328263473063,-0.05785808705671158,
MEX,2024Q1,educat7,4,28.406905238760842,-0.05785808705671158,-0.05953001328409613,
MEX,2024Q2,educat7,4,28.347375225476746,-0.05953001328409613,0.18103614476459384,
MEX,2024Q3,educat7,4,28.52841137024134,0.18103614476459384,0.17940504557599013,
MEX,2024Q4,educat7,4,28.70781641581733,0.17940504557599013,-0.06212701166966639,
MEX,2025Q1,educat7,4,28.645689404147664,-0.06212701166966639,-0.010174240562893289,
MEX,2025Q2,educat7,4,28.63551516358477,-0.010174240562893289,0.22324046444348156,
MEX,2025Q3,educat7,4,28.858755628028252,0.22324046444348156,0.06619828269244721,
MEX,2025Q4,educat7,4,28.9249539107207,0.06619828269244721,-0.21147290328305246,
MEX,2026Q1,educat7,4,28.713481007437647,-0.21147290328305246,0.13371431552337754,
MEX,2026Q2,educat7,4,28.847195322961024,0.13371431552337754,,
MEX,2021Q1,educat7,5,11.64379332086023,,0.005243104567281165,
MEX,2021Q2,educat7,5,11.64903642542751,0.005243104567281165,0.25989986228130135,
MEX,2021Q3,educat7,5,11.908936287708812,0.25989986228130135,0.29582696705753975,
MEX,2021Q4,educat7,5,12.204763254766352,0.29582696705753975,0.053358539074675804,
MEX,2022Q1,educat7,5,12.258121793841028,0.053358539074675804,0.13368865046405354,
MEX,2022Q2,educat7,5,12.391810444305081,0.13368865046405354,0.1909947818391693,
MEX,2022Q3,educat7,5,12.58280522614425,0.1909947818391693,0.04564121395707055,
MEX,2022Q4,educat7,5,12.628446440101321,0.04564121395707055,0.11882024144649428,
MEX,2023Q1,educat7,5,12.747266681547815,0.11882024144649428,-0.09793073458047985,
MEX,2023Q2,educat7,5,12.649335946967335,-0.09793073458047985,-0.02975252744580459,
MEX,2023Q3,educat7,5,12.61958341952153,-0.02975252744580459,0.02483980283774123,
MEX,2023Q4,educat7,5,12.644423222359272,0.02483980283774123,-0.039665004471862275,
MEX,2024Q1,educat7,5,12.60475821788741,-0.039665004471862275,0.02495642290881861,
MEX,2024Q2,educat7,5,12.629714640796228,0.02495642290881861,0.16187947445381035,
MEX,2024Q3,educat7,5,12.791594115250039,0.16187947445381035,0.2352649179988937,
MEX,2024Q4,educat7,5,13.026859033248932,0.2352649179988937,0.10415923226376655,
MEX,2025Q1,educat7,5,13.131018265512699,0.10415923226376655,0.07662652706775752,
MEX,2025Q2,educat7,5,13.207644792580457,0.07662652706775752,0.4109421811824543,
MEX,2025Q3,educat7,5,13.61858697376291,0.4109421811824543,0.16888206586185817,
MEX,2025Q4,educat7,5,13.787469039624769,0.16888206586185817,0.12877075096876034,
MEX,2026Q1,educat7,5,13.91623979059353,0.12877075096876034,0.18056847142693222,
MEX,2026Q2,educat7,5,14.096808262020462,0.18056847142693222,,
MEX,2021Q1,educat7,6,2.9906426088940132,,-0.07654706946033762,
MEX,2021Q2,educat7,6,2.9140955394336756,-0.07654706946033762,-0.05096972803072308,
MEX,2021Q3,educat7,6,2.8631258114029525,-0.05096972803072308,-0.008847127445741787,
MEX,2021Q4,educat7,6,2.8542786839572107,-0.008847127445741787,0.03349423154626541,
MEX,2022Q1,educat7,6,2.887772915503476,0.03349423154626541,-0.042422611010483724,
MEX,2022Q2,educat7,6,2.8453503044929924,-0.042422611010483724,0.004795213376848295,
MEX,2022Q3,educat7,6,2.8501455178698407,0.004795213376848295,-0.008863358338699445,
MEX,2022Q4,educat7,6,2.8412821595311413,-0.008863358338699445,0.053483432260397645,
MEX,2023Q1,educat7,6,2.894765591791539,0.053483432260397645,0.004397754002391174,
MEX,2023Q2,educat7,6,2.89916334579393,0.004397754002391174,-0.022122231025375694,
MEX,2023Q3,educat7,6,2.8770411147685544,-0.022122231025375694,-0.015786493318012962,
MEX,2023Q4,educat7,6,2.8612546214505414,-0.015786493318012962,0.07004892869902246,
MEX,2024Q1,educat7,6,2.931303550149564,0.07004892869902246,-0.09357726880118866,
MEX,2024Q2,educat7,6,2.8377262813483752,-0.09357726880118866,0.014113812659467762,
MEX,2024Q3,educat7,6,2.851840094007843,0.014113812659467762,-0.0009300384557406893,
MEX,2024Q4,educat7,6,2.8509100555521023,-0.0009300384557406893,-0.0038679519464599466,
MEX,2025Q1,educat7,6,2.8470421036056424,-0.0038679519464599466,-0.06917485033098103,
MEX,2025Q2,educat7,6,2.7778672532746613,-0.06917485033098103,-0.009543114760458327,
MEX,2025Q3,educat7,6,2.768324138514203,-0.009543114760458327,-0.041993584831332864,
MEX,2025Q4,educat7,6,2.72633055368287,-0.041993584831332864,-0.04760405560545733,
MEX,2026Q1,educat7,6,2.678726498077413,-0.04760405560545733,-0.03460148151036879,
MEX,2026Q2,educat7,6,2.644125016567044,-0.03460148151036879,,
MEX,2021Q1,educat7,7,15.260752242923388,,0.17528725008664026,
MEX,2021Q2,educat7,7,15.436039493010028,0.17528725008664026,0.1267434903732525,
MEX,2021Q3,educat7,7,15.562782983383281,0.1267434903732525,0.1732306222239739,
MEX,2021Q4,educat7,7,15.736013605607255,0.1732306222239739,-0.08012321351245077,
MEX,2022Q1,educat7,7,15.655890392094804,-0.08012321351245077,0.11440383992833425,
MEX,2022Q2,educat7,7,15.770294232023138,0.11440383992833425,-0.05405962359337124,
MEX,2022Q3,educat7,7,15.716234608429767,-0.05405962359337124,0.0833169896133441,
MEX,2022Q4,educat7,7,15.799551598043111,0.0833169896133441,-0.08046934971737052,
MEX,2023Q1,educat7,7,15.71908224832574,-0.08046934971737052,0.16659245566330583,
MEX,2023Q2,educat7,7,15.885674703989046,0.16659245566330583,0.29249858677381013,
MEX,2023Q3,educat7,7,16.178173290762857,0.29249858677381013,0.26172862765522,
MEX,2023Q4,educat7,7,16.439901918418077,0.26172862765522,0.1376674961903568,
MEX,2024Q1,educat7,7,16.577569414608433,0.1376674961903568,0.18176088301117588,
MEX,2024Q2,educat7,7,16.75933029761961,0.18176088301117588,0.07037561278376003,
MEX,2024Q3,educat7,7,16.82970591040337,0.07037561278376003,0.12172593478431537,
MEX,2024Q4,educat7,7,16.951431845187685,0.12172593478431537,0.021482390689158137,
MEX,2025Q1,educat7,7,16.972914235876843,0.021482390689158137,0.2578187271244303,
MEX,2025Q2,educat7,7,17.230732963001273,0.2578187271244303,-0.18014513399242915,
MEX,2025Q3,educat7,7,17.050587829008844,-0.18014513399242915,0.0047214358929608125,
MEX,2025Q4,educat7,7,17.055309264901805,0.0047214358929608125,0.26367511755740125,
MEX,2026Q1,educat7,7,17.318984382459206,0.26367511755740125,-0.0017530463846355815,
MEX,2026Q2,educat7,7,17.31723133607457,-0.0017530463846355815,,
MEX,2021Q1,educat7,NA,6.530541421422433,,-0.0956250136206016,
MEX,2021Q2,educat7,NA,6.434916407801832,-0.0956250136206016,-0.04589473084030704,
MEX,2021Q3,educat7,NA,6.389021676961525,-0.04589473084030704,0.005429508098864666,
MEX,2021Q4,educat7,NA,6.394451185060389,0.005429508098864666,-0.007586289031047855,
MEX,2022Q1,educat7,NA,6.3868648960293415,-0.007586289031047855,-0.03824637380313334,
MEX,2022Q2,educat7,NA,6.348618522226208,-0.03824637380313334,-0.010255819785702336,
MEX,2022Q3,educat7,NA,6.338362702440506,-0.010255819785702336,-0.10674656183257891,
MEX,2022Q4,educat7,NA,6.231616140607927,-0.10674656183257891,-0.11592336580112228,
MEX,2023Q1,educat7,NA,6.115692774806805,-0.11592336580112228,-0.06717584306550872,
MEX,2023Q2,educat7,NA,6.048516931741296,-0.06717584306550872,-0.12621007439192233,
MEX,2023Q3,educat7,NA,5.922306857349374,-0.12621007439192233,-0.031073705670999985,
MEX,2023Q4,educat7,NA,5.891233151678374,-0.031073705670999985,-0.09568682191163891,
MEX,2024Q1,educat7,NA,5.795546329766735,-0.09568682191163891,0.04373155729376865,
MEX,2024Q2,educat7,NA,5.839277887060503,0.04373155729376865,-0.15418333920452731,
MEX,2024Q3,educat7,NA,5.685094547855976,-0.15418333920452731,-0.1011539299557569,
MEX,2024Q4,educat7,NA,5.583940617900219,-0.1011539299557569,-0.1543400433009161,
MEX,2025Q1,educat7,NA,5.429600574599303,-0.1543400433009161,-0.0428751981194706,
MEX,2025Q2,educat7,NA,5.386725376479832,-0.0428751981194706,0.014305025397732152,
MEX,2025Q3,educat7,NA,5.401030401877565,0.014305025397732152,-0.020198120763216032,
MEX,2025Q4,educat7,NA,5.3808322811143485,-0.020198120763216032,-0.08638916245434647,
MEX,2026Q1,educat7,NA,5.294443118660002,-0.08638916245434647,-0.019068002031554343,
MEX,2026Q2,educat7,NA,5.275375116628448,-0.019068002031554343,,
MEX,2021Q1,empstat,1,68.62593530661785,,-0.17121795620653302,
MEX,2021Q2,empstat,1,68.45471735041131,-0.17121795620653302,-0.5713573886087318,
MEX,2021Q3,empstat,1,67.88335996180258,-0.5713573886087318,-0.12094625897611877,
MEX,2021Q4,empstat,1,67.76241370282646,-0.12094625897611877,0.6872516031020837,
MEX,2022Q1,empstat,1,68.44966530592855,0.6872516031020837,-0.16893256569979087,
MEX,2022Q2,empstat,1,68.28073274022876,-0.16893256569979087,-0.5496597841558781,
MEX,2022Q3,empstat,1,67.73107295607288,-0.5496597841558781,0.4364901015672018,
MEX,2022Q4,empstat,1,68.16756305764008,0.4364901015672018,0.4473544442472672,
MEX,2023Q1,empstat,1,68.61491750188735,0.4473544442472672,-0.058485979309253366,
MEX,2023Q2,empstat,1,68.5564315225781,-0.058485979309253366,-0.16356694320245424,
MEX,2023Q3,empstat,1,68.39286457937564,-0.16356694320245424,0.6212852716435151,
MEX,2023Q4,empstat,1,69.01414985101916,0.6212852716435151,0.1124814141822128,
MEX,2024Q1,empstat,1,69.12663126520137,0.1124814141822128,0.03959261663919733,
MEX,2024Q2,empstat,1,69.16622388184057,0.03959261663919733,-0.32043270125333834,
MEX,2024Q3,empstat,1,68.84579118058723,-0.32043270125333834,0.6853305099931788,
MEX,2024Q4,empstat,1,69.5311216905804,0.6853305099931788,-0.03233735623113887,
MEX,2025Q1,empstat,1,69.49878433434927,-0.03233735623113887,-0.3649492353363968,
MEX,2025Q2,empstat,1,69.13383509901287,-0.3649492353363968,-0.6721875972865661,
MEX,2025Q3,empstat,1,68.4616475017263,-0.6721875972865661,0.5327085879266065,
MEX,2025Q4,empstat,1,68.99435608965291,0.5327085879266065,-0.044844850356469124,
MEX,2026Q1,empstat,1,68.94951123929644,-0.044844850356469124,-0.1716325770811551,
MEX,2026Q2,empstat,1,68.77787866221529,-0.1716325770811551,,
MEX,2021Q1,empstat,2,3.920894443556156,,0.11172898784881369,
MEX,2021Q2,empstat,2,4.03262343140497,0.11172898784881369,0.280409522288358,
MEX,2021Q3,empstat,2,4.313032953693328,0.280409522288358,-0.11676518616579656,
MEX,2021Q4,empstat,2,4.196267767527531,-0.11676518616579656,-0.2562115009557444,
MEX,2022Q1,empstat,2,3.9400562665717866,-0.2562115009557444,-0.02211743767222485,
MEX,2022Q2,empstat,2,3.917938828899562,-0.02211743767222485,0.42977674661281995,
MEX,2022Q3,empstat,2,4.347715575512382,0.42977674661281995,-0.15985594320420482,
MEX,2022Q4,empstat,2,4.187859632308177,-0.15985594320420482,-0.37133225903403755,
MEX,2023Q1,empstat,2,3.8165273732741394,-0.37133225903403755,0.04022630171196395,
MEX,2023Q2,empstat,2,3.8567536749861033,0.04022630171196395,0.13272385415355625,
MEX,2023Q3,empstat,2,3.9894775291396596,0.13272385415355625,-0.2249347454758066,
MEX,2023Q4,empstat,2,3.764542783663853,-0.2249347454758066,-0.1260463837863477,
MEX,2024Q1,empstat,2,3.6384963998775053,-0.1260463837863477,-0.09836576729928348,
MEX,2024Q2,empstat,2,3.540130632578222,-0.09836576729928348,0.18883508922555592,
MEX,2024Q3,empstat,2,3.7289657218037777,0.18883508922555592,-0.38613325734138426,
MEX,2024Q4,empstat,2,3.3428324644623935,-0.38613325734138426,-0.0724951724340488,
MEX,2025Q1,empstat,2,3.2703372920283447,-0.0724951724340488,0.0012628692078173742,
MEX,2025Q2,empstat,2,3.271600161236162,0.0012628692078173742,0.339379945090283,
MEX,2025Q3,empstat,2,3.610980106326445,0.339379945090283,-0.29297447910900987,
MEX,2025Q4,empstat,2,3.318005627217435,-0.29297447910900987,-0.18661737352733976,
MEX,2026Q1,empstat,2,3.1313882536900954,-0.18661737352733976,0.033192068252771545,
MEX,2026Q2,empstat,2,3.164580321942867,0.033192068252771545,,
MEX,2021Q1,empstat,3,4.892612821523006,,-0.023595443893637658,
MEX,2021Q2,empstat,3,4.869017377629368,-0.023595443893637658,0.11392828327932847,
MEX,2021Q3,empstat,3,4.982945660908697,0.11392828327932847,0.07817377001109094,
MEX,2021Q4,empstat,3,5.0611194309197876,0.07817377001109094,0.07385388169781493,
MEX,2022Q1,empstat,3,5.1349733126176025,0.07385388169781493,0.06667904686258996,
MEX,2022Q2,empstat,3,5.2016523594801924,0.06667904686258996,-0.08791724731418427,
MEX,2022Q3,empstat,3,5.113735112166008,-0.08791724731418427,-0.023037705461258717,
MEX,2022Q4,empstat,3,5.0906974067047495,-0.023037705461258717,0.1862709838782841,
MEX,2023Q1,empstat,3,5.276968390583034,0.1862709838782841,-0.03169050444143107,
MEX,2023Q2,empstat,3,5.2452778861416025,-0.03169050444143107,0.16666197162348872,
MEX,2023Q3,empstat,3,5.411939857765091,0.16666197162348872,-0.3731753460399698,
MEX,2023Q4,empstat,3,5.038764511725121,-0.3731753460399698,0.540950480797405,
MEX,2024Q1,empstat,3,5.5797149925225265,0.540950480797405,-0.20251010655132706,
MEX,2024Q2,empstat,3,5.377204885971199,-0.20251010655132706,-0.05660491334307771,
MEX,2024Q3,empstat,3,5.320599972628122,-0.05660491334307771,0.4743390218296426,
MEX,2024Q4,empstat,3,5.794938994457764,0.4743390218296426,-0.6373610960865683,
MEX,2025Q1,empstat,3,5.157577898371196,-0.6373610960865683,0.800369139991032,
MEX,2025Q2,empstat,3,5.957947038362228,0.800369139991032,0.21601409061586985,
MEX,2025Q3,empstat,3,6.173961128978098,0.21601409061586985,-0.19800735235394828,
MEX,2025Q4,empstat,3,5.9759537766241495,-0.19800735235394828,-0.6836947910473503,
MEX,2026Q1,empstat,3,5.292258985576799,-0.6836947910473503,0.727286886553248,
MEX,2026Q2,empstat,3,6.019545872130047,0.727286886553248,,
MEX,2021Q1,empstat,4,22.560557428302992,,0.0830844122513561,
MEX,2021Q2,empstat,4,22.64364184055435,0.0830844122513561,0.17701958304104792,
MEX,2021Q3,empstat,4,22.820661423595396,0.17701958304104792,0.1595376751308244,
MEX,2021Q4,empstat,4,22.98019909872622,0.1595376751308244,-0.5048939838441626,
MEX,2022Q1,empstat,4,22.475305114882058,-0.5048939838441626,0.12437095650943775,
MEX,2022Q2,empstat,4,22.599676071391496,0.12437095650943775,0.2078002848572318,
MEX,2022Q3,empstat,4,22.807476356248728,0.2078002848572318,-0.2535964529017285,
MEX,2022Q4,empstat,4,22.553879903347,-0.2535964529017285,-0.2622931690915209,
MEX,2023Q1,empstat,4,22.29158673425548,-0.2622931690915209,0.049950182038720925,
MEX,2023Q2,empstat,4,22.3415369162942,0.049950182038720925,-0.13581888257458985,
MEX,2023Q3,empstat,4,22.20571803371961,-0.13581888257458985,-0.023175180127744,
MEX,2023Q4,empstat,4,22.182542853591865,-0.023175180127744,-0.5273855111932662,
MEX,2024Q1,empstat,4,21.6551573423986,-0.5273855111932662,0.2612832572114172,
MEX,2024Q2,empstat,4,21.916440599610016,0.2612832572114172,0.18820252537086546,
MEX,2024Q3,empstat,4,22.104643124980882,0.18820252537086546,-0.7735362744814509,
MEX,2024Q4,empstat,4,21.33110685049943,-0.7735362744814509,0.7421936247517635,
MEX,2025Q1,empstat,4,22.073300475251195,0.7421936247517635,-0.4366827738624508,
MEX,2025Q2,empstat,4,21.636617701388744,-0.4366827738624508,0.11679356158041543,
MEX,2025Q3,empstat,4,21.75341126296916,0.11679356158041543,-0.041726756463656756,
MEX,2025Q4,empstat,4,21.711684506505502,-0.041726756463656756,0.9151570149311539,
MEX,2026Q1,empstat,4,22.626841521436656,0.9151570149311539,-0.588846377724856,
MEX,2026Q2,empstat,4,22.0379951437118,-0.588846377724856,,
MEX,2021Q1,industrycat10,1,12.09548325032606,,0.13734412459019119,
MEX,2021Q2,industrycat10,1,12.232827374916251,0.13734412459019119,0.14670827783107754,
MEX,2021Q3,industrycat10,1,12.379535652747329,0.14670827783107754,-0.442447785116304,
MEX,2021Q4,industrycat10,1,11.937087867631025,-0.442447785116304,-0.44210246994568614,
MEX,2022Q1,industrycat10,1,11.494985397685339,-0.44210246994568614,0.16284475990754466,
MEX,2022Q2,industrycat10,1,11.657830157592883,0.16284475990754466,0.5363363182529408,
MEX,2022Q3,industrycat10,1,12.194166475845824,0.5363363182529408,-0.4939699029720863,
MEX,2022Q4,industrycat10,1,11.700196572873738,-0.4939699029720863,-0.5536073721324275,
MEX,2023Q1,industrycat10,1,11.14658920074131,-0.5536073721324275,0.010931245846373727,
MEX,2023Q2,industrycat10,1,11.157520446587684,0.010931245846373727,0.08140995760467362,
MEX,2023Q3,industrycat10,1,11.238930404192358,0.08140995760467362,-0.4689170917772749,
MEX,2023Q4,industrycat10,1,10.770013312415083,-0.4689170917772749,-0.10121688583805444,
MEX,2024Q1,industrycat10,1,10.668796426577028,-0.10121688583805444,-0.22685399147550633,
MEX,2024Q2,industrycat10,1,10.441942435101522,-0.22685399147550633,0.9788604848701379,
MEX,2024Q3,industrycat10,1,11.42080291997166,0.9788604848701379,-0.9969286522383758,
MEX,2024Q4,industrycat10,1,10.423874267733284,-0.9969286522383758,-0.08913406015479985,
MEX,2025Q1,industrycat10,1,10.334740207578484,-0.08913406015479985,0.1960100721958664,
MEX,2025Q2,industrycat10,1,10.53075027977435,0.1960100721958664,0.26223267002921347,
MEX,2025Q3,industrycat10,1,10.792982949803564,0.26223267002921347,-0.44615073762173196,
MEX,2025Q4,industrycat10,1,10.346832212181832,-0.44615073762173196,-0.1356141070627661,
MEX,2026Q1,industrycat10,1,10.211218105119066,-0.1356141070627661,-0.016512214085651067,
MEX,2026Q2,industrycat10,1,10.194705891033415,-0.016512214085651067,,
MEX,2021Q1,industrycat10,10,14.978482544120837,,0.1987729392595341,
MEX,2021Q2,industrycat10,10,15.177255483380371,0.1987729392595341,-0.29253995011460354,
MEX,2021Q3,industrycat10,10,14.884715533265767,-0.29253995011460354,0.21230473715381493,
MEX,2021Q4,industrycat10,10,15.097020270419582,0.21230473715381493,0.042369480736120124,
MEX,2022Q1,industrycat10,10,15.139389751155703,0.042369480736120124,-0.010090596427868803,
MEX,2022Q2,industrycat10,10,15.129299154727834,-0.010090596427868803,-0.34492972413798206,
MEX,2022Q3,industrycat10,10,14.784369430589852,-0.34492972413798206,0.4495544142897998,
MEX,2022Q4,industrycat10,10,15.233923844879651,0.4495544142897998,-0.1262168690723442,
MEX,2023Q1,industrycat10,10,15.107706975807307,-0.1262168690723442,-0.08194657360635738,
MEX,2023Q2,industrycat10,10,15.02576040220095,-0.08194657360635738,0.2585346577603751,
MEX,2023Q3,industrycat10,10,15.284295059961325,0.2585346577603751,-0.02256169399491803,
MEX,2023Q4,industrycat10,10,15.261733365966407,-0.02256169399491803,0.12018949194654205,
MEX,2024Q1,industrycat10,10,15.381922857912949,0.12018949194654205,-0.01832742141464827,
MEX,2024Q2,industrycat10,10,15.3635954364983,-0.01832742141464827,-0.11717016368370814,
MEX,2024Q3,industrycat10,10,15.246425272814593,-0.11717016368370814,0.39438297299874137,
MEX,2024Q4,industrycat10,10,15.640808245813334,0.39438297299874137,-0.4247345681580921,
MEX,2025Q1,industrycat10,10,15.216073677655242,-0.4247345681580921,-0.1245035160355048,
MEX,2025Q2,industrycat10,10,15.091570161619737,-0.1245035160355048,-0.248203703882675,
MEX,2025Q3,industrycat10,10,14.843366457737062,-0.248203703882675,0.2758873376507225,
MEX,2025Q4,industrycat10,10,15.119253795387785,0.2758873376507225,0.14515924678363135,
MEX,2026Q1,industrycat10,10,15.264413042171416,0.14515924678363135,-0.11394708853716651,
MEX,2026Q2,industrycat10,10,15.15046595363425,-0.11394708853716651,,
MEX,2021Q1,industrycat10,2,0.3091521440907839,,0.005904594216296688,
MEX,2021Q2,industrycat10,2,0.3150567383070806,0.005904594216296688,-0.03958147788924793,
MEX,2021Q3,industrycat10,2,0.27547526041783266,-0.03958147788924793,0.008890675509593438,
MEX,2021Q4,industrycat10,2,0.2843659359274261,0.008890675509593438,0.04288597205979405,
MEX,2022Q1,industrycat10,2,0.32725190798722015,0.04288597205979405,0.03748604172382208,
MEX,2022Q2,industrycat10,2,0.36473794971104223,0.03748604172382208,0.02140288789151029,
MEX,2022Q3,industrycat10,2,0.3861408376025525,0.02140288789151029,0.02594942156450286,
MEX,2022Q4,industrycat10,2,0.4120902591670554,0.02594942156450286,-0.02885918974071927,
MEX,2023Q1,industrycat10,2,0.3832310694263361,-0.02885918974071927,-0.06124441107791018,
MEX,2023Q2,industrycat10,2,0.32198665834842594,-0.06124441107791018,0.05603354843005531,
MEX,2023Q3,industrycat10,2,0.37802020677848125,0.05603354843005531,-0.044183803618267015,
MEX,2023Q4,industrycat10,2,0.33383640316021423,-0.044183803618267015,0.029618790903543746,
MEX,2024Q1,industrycat10,2,0.363455194063758,0.029618790903543746,0.007106950313924276,
MEX,2024Q2,industrycat10,2,0.37056214437768226,0.007106950313924276,-0.009800651124285853,
MEX,2024Q3,industrycat10,2,0.3607614932533964,-0.009800651124285853,-0.021846857238658146,
MEX,2024Q4,industrycat10,2,0.33891463601473826,-0.021846857238658146,-0.014908312665251111,
MEX,2025Q1,industrycat10,2,0.32400632334948715,-0.014908312665251111,-0.001041071895770851,
MEX,2025Q2,industrycat10,2,0.3229652514537163,-0.001041071895770851,-0.009758133216706377,
MEX,2025Q3,industrycat10,2,0.3132071182370099,-0.009758133216706377,-0.016325852645319938,
MEX,2025Q4,industrycat10,2,0.29688126559169,-0.016325852645319938,0.01963860102719822,
MEX,2026Q1,industrycat10,2,0.3165198666188882,0.01963860102719822,-0.0032641945008531903,
MEX,2026Q2,industrycat10,2,0.313255672118035,-0.0032641945008531903,,
MEX,2021Q1,industrycat10,3,18.0546301936807,,-0.7019633784817181,
MEX,2021Q2,industrycat10,3,17.352666815198983,-0.7019633784817181,0.16108008354400027,
MEX,2021Q3,industrycat10,3,17.513746898742983,0.16108008354400027,0.12480706188506119,
MEX,2021Q4,industrycat10,3,17.638553960628045,0.12480706188506119,0.05243418125142085,
MEX,2022Q1,industrycat10,3,17.690988141879465,0.05243418125142085,-0.09505314445684832,
MEX,2022Q2,industrycat10,3,17.595934997422617,-0.09505314445684832,0.05823308251952852,
MEX,2022Q3,industrycat10,3,17.654168079942146,0.05823308251952852,-0.06537322218254005,
MEX,2022Q4,industrycat10,3,17.588794857759606,-0.06537322218254005,0.19171289810483216,
MEX,2023Q1,industrycat10,3,17.780507755864438,0.19171289810483216,-0.12393797756400815,
MEX,2023Q2,industrycat10,3,17.65656977830043,-0.12393797756400815,-0.11465417981077408,
MEX,2023Q3,industrycat10,3,17.541915598489656,-0.11465417981077408,0.12481284297232165,
MEX,2023Q4,industrycat10,3,17.666728441461977,0.12481284297232165,-0.08020468983808016,
MEX,2024Q1,industrycat10,3,17.586523751623897,-0.08020468983808016,-0.12131755374094055,
MEX,2024Q2,industrycat10,3,17.465206197882956,-0.12131755374094055,-0.3193902677016389,
MEX,2024Q3,industrycat10,3,17.145815930181318,-0.3193902677016389,0.27766965115364073,
MEX,2024Q4,industrycat10,3,17.42348558133496,0.27766965115364073,-0.12919659722622967,
MEX,2025Q1,industrycat10,3,17.29428898410873,-0.12919659722622967,-0.045108455461381425,
MEX,2025Q2,industrycat10,3,17.249180528647347,-0.045108455461381425,0.09408476747215033,
MEX,2025Q3,industrycat10,3,17.343265296119498,0.09408476747215033,-0.06046124016338439,
MEX,2025Q4,industrycat10,3,17.282804055956113,-0.06046124016338439,0.016648227115709346,
MEX,2026Q1,industrycat10,3,17.299452283071822,0.016648227115709346,0.039631163399796776,
MEX,2026Q2,industrycat10,3,17.33908344647162,0.039631163399796776,,
MEX,2021Q3,industrycat10,4,0.8143708842806902,,0.06085681575914825,
MEX,2021Q4,industrycat10,4,0.8752277000398384,0.06085681575914825,-0.004764729354651331,
MEX,2022Q1,industrycat10,4,0.8704629706851871,-0.004764729354651331,-0.05082616981639898,
MEX,2022Q2,industrycat10,4,0.8196368008687881,-0.05082616981639898,0.009944225502510173,
MEX,2022Q3,industrycat10,4,0.8295810263712983,0.009944225502510173,0.019208162430846665,
MEX,2022Q4,industrycat10,4,0.8487891888021449,0.019208162430846665,-0.030099507391009306,
MEX,2023Q1,industrycat10,4,0.8186896814111356,-0.030099507391009306,-0.040959805854955844,
MEX,2023Q2,industrycat10,4,0.7777298755561798,-0.040959805854955844,0.030095748631380537,
MEX,2023Q3,industrycat10,4,0.8078256241875603,0.030095748631380537,-0.010770842625654975,
MEX,2023Q4,industrycat10,4,0.7970547815619053,-0.010770842625654975,0.009829010220375411,
MEX,2024Q1,industrycat10,4,0.8068837917822808,0.009829010220375411,-0.029138839516656634,
MEX,2024Q2,industrycat10,4,0.7777449522656241,-0.029138839516656634,-0.017183357383167563,
MEX,2024Q3,industrycat10,4,0.7605615948824566,-0.017183357383167563,-0.01171577764198739,
MEX,2024Q4,industrycat10,4,0.7488458172404692,-0.01171577764198739,0.06145218969700539,
MEX,2025Q1,industrycat10,4,0.8102980069374746,0.06145218969700539,-0.001881358159767088,
MEX,2025Q2,industrycat10,4,0.8084166487777075,-0.001881358159767088,-0.04657098450248631,
MEX,2025Q3,industrycat10,4,0.7618456642752212,-0.04657098450248631,-0.034071498834680636,
MEX,2025Q4,industrycat10,4,0.7277741654405405,-0.034071498834680636,0.019784381902264947,
MEX,2026Q1,industrycat10,4,0.7475585473428055,0.019784381902264947,-0.038395766884800175,
MEX,2026Q2,industrycat10,4,0.7091627804580053,-0.038395766884800175,,
MEX,2021Q1,industrycat10,5,8.141813786462492,,-0.020394844740042828,
MEX,2021Q2,industrycat10,5,8.12141894172245,-0.020394844740042828,-0.3021804293801944,
MEX,2021Q3,industrycat10,5,7.819238512342255,-0.3021804293801944,-0.07905609511751166,
MEX,2021Q4,industrycat10,5,7.7401824172247435,-0.07905609511751166,0.208499305205188,
MEX,2022Q1,industrycat10,5,7.9486817224299315,0.208499305205188,0.024583726878511847,
MEX,2022Q2,industrycat10,5,7.973265449308443,0.024583726878511847,-0.28631541353138523,
MEX,2022Q3,industrycat10,5,7.686950035777058,-0.28631541353138523,-0.0225325742843836,
MEX,2022Q4,industrycat10,5,7.6644174614926746,-0.0225325742843836,0.20087196224959136,
MEX,2023Q1,industrycat10,5,7.865289423742266,0.20087196224959136,-0.12467602354859508,
MEX,2023Q2,industrycat10,5,7.740613400193671,-0.12467602354859508,0.13720838675034486,
MEX,2023Q3,industrycat10,5,7.877821786944016,0.13720838675034486,0.04656747964798402,
MEX,2023Q4,industrycat10,5,7.924389266592,0.04656747964798402,-0.031057796107912594,
MEX,2024Q1,industrycat10,5,7.893331470484087,-0.031057796107912594,0.2688962821636416,
MEX,2024Q2,industrycat10,5,8.162227752647729,0.2688962821636416,-0.22044535619255967,
MEX,2024Q3,industrycat10,5,7.941782396455169,-0.22044535619255967,-0.2393113615935194,
MEX,2024Q4,industrycat10,5,7.70247103486165,-0.2393113615935194,0.1341627420285052,
MEX,2025Q1,industrycat10,5,7.836633776890155,0.1341627420285052,-0.0800505838085055,
MEX,2025Q2,industrycat10,5,7.756583193081649,-0.0800505838085055,0.034663707463286286,
MEX,2025Q3,industrycat10,5,7.791246900544936,0.034663707463286286,0.053958421770942344,
MEX,2025Q4,industrycat10,5,7.845205322315878,0.053958421770942344,0.015006127516925538,
MEX,2026Q1,industrycat10,5,7.8602114498328035,0.015006127516925538,0.1864048662575737,
MEX,2026Q2,industrycat10,5,8.046616316090377,0.1864048662575737,,
MEX,2021Q1,industrycat10,6,28.134859335661172,,0.43290669943903737,
MEX,2021Q2,industrycat10,6,28.56776603510021,0.43290669943903737,0.523026806751755,
MEX,2021Q3,industrycat10,6,29.090792841851965,0.523026806751755,0.37276694668532784,
MEX,2021Q4,industrycat10,6,29.463559788537292,0.37276694668532784,-0.17211919307719725,
MEX,2022Q1,industrycat10,6,29.291440595460095,-0.17211919307719725,0.1262045500333997,
MEX,2022Q2,industrycat10,6,29.417645145493495,0.1262045500333997,-0.049411360519595604,
MEX,2022Q3,industrycat10,6,29.3682337849739,-0.049411360519595604,-0.03432326157872012,
MEX,2022Q4,industrycat10,6,29.33391052339518,-0.03432326157872012,0.13977624258080823,
MEX,2023Q1,industrycat10,6,29.473686765975987,0.13977624258080823,0.14406888450684718,
MEX,2023Q2,industrycat10,6,29.617755650482835,0.14406888450684718,-0.32873346613127197,
MEX,2023Q3,industrycat10,6,29.289022184351563,-0.32873346613127197,0.1350445363328383,
MEX,2023Q4,industrycat10,6,29.4240667206844,0.1350445363328383,-0.04610642051646607,
MEX,2024Q1,industrycat10,6,29.377960300167935,-0.04610642051646607,0.18873681517186824,
MEX,2024Q2,industrycat10,6,29.566697115339803,0.18873681517186824,-0.23197739260782768,
MEX,2024Q3,industrycat10,6,29.334719722731975,-0.23197739260782768,0.46768295160258333,
MEX,2024Q4,industrycat10,6,29.80240267433456,0.46768295160258333,0.19364535935245897,
MEX,2025Q1,industrycat10,6,29.996048033687018,0.19364535935245897,-0.019809506454190995,
MEX,2025Q2,industrycat10,6,29.976238527232827,-0.019809506454190995,0.19167766388185115,
MEX,2025Q3,industrycat10,6,30.167916191114678,0.19167766388185115,0.12256690543856408,
MEX,2025Q4,industrycat10,6,30.290483096553242,0.12256690543856408,-0.23529496557806695,
MEX,2026Q1,industrycat10,6,30.055188130975175,-0.23529496557806695,0.11583391972314772,
MEX,2026Q2,industrycat10,6,30.171022050698323,0.11583391972314772,,
MEX,2021Q1,industrycat10,7,5.086176481081874,,0.02119616446428907,
MEX,2021Q2,industrycat10,7,5.107372645546163,0.02119616446428907,0.021367242515763607,
MEX,2021Q3,industrycat10,7,5.128739888061927,0.021367242515763607,-0.08933347084184629,
MEX,2021Q4,industrycat10,7,5.03940641722008,-0.08933347084184629,0.3382204761248815,
MEX,2022Q1,industrycat10,7,5.377626893344962,0.3382204761248815,-0.08994280700094315,
MEX,2022Q2,industrycat10,7,5.287684086344019,-0.08994280700094315,-0.125157566047978,
MEX,2022Q3,industrycat10,7,5.162526520296041,-0.125157566047978,-0.02698371487710105,
MEX,2022Q4,industrycat10,7,5.13554280541894,-0.02698371487710105,0.3127888213029202,
MEX,2023Q1,industrycat10,7,5.44833162672186,0.3127888213029202,-0.02090682452357484,
MEX,2023Q2,industrycat10,7,5.427424802198285,-0.02090682452357484,-0.08938196677006172,
MEX,2023Q3,industrycat10,7,5.338042835428223,-0.08938196677006172,0.16951039163259818,
MEX,2023Q4,industrycat10,7,5.507553227060821,0.16951039163259818,0.028268661998556155,
MEX,2024Q1,industrycat10,7,5.5358218890593776,0.028268661998556155,0.07010285761778068,
MEX,2024Q2,industrycat10,7,5.605924746677158,0.07010285761778068,-0.06459931645998562,
MEX,2024Q3,industrycat10,7,5.541325430217173,-0.06459931645998562,0.21393803282768076,
MEX,2024Q4,industrycat10,7,5.755263463044853,0.21393803282768076,0.12629188459335428,
MEX,2025Q1,industrycat10,7,5.881555347638208,0.12629188459335428,0.023367469633980953,
MEX,2025Q2,industrycat10,7,5.904922817272189,0.023367469633980953,0.04284782171766732,
MEX,2025Q3,industrycat10,7,5.947770638989856,0.04284782171766732,-0.07509045614927956,
MEX,2025Q4,industrycat10,7,5.872680182840576,-0.07509045614927956,0.050707622170988564,
MEX,2026Q1,industrycat10,7,5.923387805011565,0.050707622170988564,0.06311847860617892,
MEX,2026Q2,industrycat10,7,5.986506283617744,0.06311847860617892,,
MEX,2021Q1,industrycat10,8,3.8040562721538618,,-0.08271894838423322,
MEX,2021Q2,industrycat10,8,3.7213373237696286,-0.08271894838423322,0.19396641360662326,
MEX,2021Q3,industrycat10,8,3.915303737376252,0.19396641360662326,0.018674993444397714,
MEX,2021Q4,industrycat10,8,3.9339787308206495,0.018674993444397714,-0.006281787343127565,
MEX,2022Q1,industrycat10,8,3.927696943477522,-0.006281787343127565,-0.10814427606470112,
MEX,2022Q2,industrycat10,8,3.819552667412821,-0.10814427606470112,0.11185691212017757,
MEX,2022Q3,industrycat10,8,3.9314095795329984,0.11185691212017757,0.007616102551256887,
MEX,2022Q4,industrycat10,8,3.9390256820842553,0.007616102551256887,0.00431363165517018,
MEX,2023Q1,industrycat10,8,3.9433393137394255,0.00431363165517018,0.09712991842441543,
MEX,2023Q2,industrycat10,8,4.040469232163841,0.09712991842441543,0.10930921366869395,
MEX,2023Q3,industrycat10,8,4.149778445832535,0.10930921366869395,0.03404792516601152,
MEX,2023Q4,industrycat10,8,4.183826370998546,0.03404792516601152,-0.08948444575230763,
MEX,2024Q1,industrycat10,8,4.094341925246239,-0.08948444575230763,0.04898291714761882,
MEX,2024Q2,industrycat10,8,4.143324842393858,0.04898291714761882,0.013914857366167155,
MEX,2024Q3,industrycat10,8,4.157239699760025,0.013914857366167155,0.031692551706526295,
MEX,2024Q4,industrycat10,8,4.188932251466551,0.031692551706526295,-0.04066251594389225,
MEX,2025Q1,industrycat10,8,4.148269735522659,-0.04066251594389225,-0.023448653154264143,
MEX,2025Q2,industrycat10,8,4.124821082368395,-0.023448653154264143,-0.05894376355221098,
MEX,2025Q3,industrycat10,8,4.065877318816184,-0.05894376355221098,0.024265811028545414,
MEX,2025Q4,industrycat10,8,4.090143129844729,0.024265811028545414,0.04507433987030929,
MEX,2026Q1,industrycat10,8,4.135217469715038,0.04507433987030929,-0.10358487433635677,
MEX,2026Q2,industrycat10,8,4.031632595378682,-0.10358487433635677,,
MEX,2021Q1,industrycat10,9,4.815555090331407,,-0.11417419595591394,
MEX,2021Q2,industrycat10,9,4.701380894375493,-0.11417419595591394,-0.6224754954973815,
MEX,2021Q3,industrycat10,9,4.078905398878112,-0.6224754954973815,-0.1638292843607947,
MEX,2021Q4,industrycat10,9,3.915076114517317,-0.1638292843607947,-0.004538854510593993,
MEX,2022Q1,industrycat10,9,3.910537260006723,-0.004538854510593993,0.04146246998601111,
MEX,2022Q2,industrycat10,9,3.951999729992734,0.04146246998601111,0.017684277133882542,
MEX,2022Q3,industrycat10,9,3.9696840071266166,0.017684277133882542,0.032185559447668766,
MEX,2022Q4,industrycat10,9,4.001869566574285,0.032185559447668766,0.016261010522535813,
MEX,2023Q1,industrycat10,9,4.018130577096821,0.016261010522535813,-0.016974772244662262,
MEX,2023Q2,industrycat10,9,4.001155804852159,-0.016974772244662262,-0.10994003683692233,
MEX,2023Q3,industrycat10,9,3.8912157680152366,-0.10994003683692233,0.05803191412952069,
MEX,2023Q4,industrycat10,9,3.9492476821447573,0.05803191412952069,0.06524262378002543,
MEX,2024Q1,industrycat10,9,4.014490305924783,0.06524262378002543,-0.15147889366455347,
MEX,2024Q2,industrycat10,9,3.8630114122602293,-0.15147889366455347,0.03001759317885222,
MEX,2024Q3,industrycat10,9,3.8930290054390815,0.03001759317885222,-0.2488931387485982,
MEX,2024Q4,industrycat10,9,3.6441358666904833,-0.2488931387485982,0.07909537499895958,
MEX,2025Q1,industrycat10,9,3.723231241689443,0.07909537499895958,0.012649658891235926,
MEX,2025Q2,industrycat10,9,3.735880900580679,0.012649658891235926,-0.05291605169379521,
MEX,2025Q3,industrycat10,9,3.6829648488868836,-0.05291605169379521,0.07089137268686851,
MEX,2025Q4,industrycat10,9,3.753856221573752,0.07089137268686851,0.03939667426666871,
MEX,2026Q1,industrycat10,9,3.793252895840421,0.03939667426666871,-0.031128539406202194,
MEX,2026Q2,industrycat10,9,3.7621243564342186,-0.031128539406202194,,
MEX,2021Q1,industrycat10,NA,4.579790902090809,,0.12312684559256137,
MEX,2021Q2,industrycat10,NA,4.702917747683371,0.12312684559256137,-0.6037423556484853,
MEX,2021Q3,industrycat10,NA,4.099175392034885,-0.6037423556484853,-0.023634595000884495,
MEX,2021Q4,industrycat10,NA,4.075540797034001,-0.023634595000884495,-0.05460238114614846,
MEX,2022Q1,industrycat10,NA,4.020938415887852,-0.05460238114614846,-0.03852455476252992,
MEX,2022Q2,industrycat10,NA,3.9824138611253224,-0.03852455476252992,0.05035636081639261,
MEX,2022Q3,industrycat10,NA,4.032770221941715,0.05035636081639261,0.10866901561075615,
MEX,2022Q4,industrycat10,NA,4.141439237552471,0.10866901561075615,-0.1269416280793605,
MEX,2023Q1,industrycat10,NA,4.014497609473111,-0.1269416280793605,0.21851633964242723,
MEX,2023Q2,industrycat10,NA,4.233013949115538,0.21851633964242723,-0.029881863296491673,
MEX,2023Q3,industrycat10,NA,4.203132085819046,-0.029881863296491673,-0.021581657865159976,
MEX,2023Q4,industrycat10,NA,4.181550427953886,-0.021581657865159976,0.09492165920377804,
MEX,2024Q1,industrycat10,NA,4.276472087157664,0.09492165920377804,-0.03670912260252557,
MEX,2024Q2,industrycat10,NA,4.239762964555139,-0.03670912260252557,-0.042226430261982806,
MEX,2024Q3,industrycat10,NA,4.197536534293156,-0.042226430261982806,0.1333296271719684,
MEX,2024Q4,industrycat10,NA,4.330866161465124,0.1333296271719684,0.10398850347797861,
MEX,2025Q1,industrycat10,NA,4.434854664943103,0.10398850347797861,0.06381594424830084,
MEX,2025Q2,industrycat10,NA,4.498670609191404,0.06381594424830084,-0.20911399371629535,
MEX,2025Q3,industrycat10,NA,4.289556615475108,-0.20911399371629535,0.08452993683875487,
MEX,2025Q4,industrycat10,NA,4.374086552313863,0.08452993683875487,0.0194938519871366,
MEX,2026Q1,industrycat10,NA,4.393580404301,0.0194938519871366,-0.09815575023566847,
MEX,2026Q2,industrycat10,NA,4.295424654065331,-0.09815575023566847,,
MEX,2021Q1,lstatus,1,41.644573096246084,,1.6868138468037657,
MEX,2021Q2,lstatus,1,43.33138694304985,1.6868138468037657,0.3683303357515726,
MEX,2021Q3,lstatus,1,43.69971727880142,0.3683303357515726,0.5291558447920579,
MEX,2021Q4,lstatus,1,44.22887312359348,0.5291558447920579,-0.5097830543264834,
MEX,2022Q1,lstatus,1,43.719090069267,-0.5097830543264834,0.954558228816218,
MEX,2022Q2,lstatus,1,44.673648298083215,0.954558228816218,-0.030462632066907247,
MEX,2022Q3,lstatus,1,44.64318566601631,-0.030462632066907247,0.6388566815052954,
MEX,2022Q4,lstatus,1,45.2820423475216,0.6388566815052954,0.04813452681754171,
MEX,2023Q1,lstatus,1,45.330176874339145,0.04813452681754171,-0.035389116314497926,
MEX,2023Q2,lstatus,1,45.29478775802465,-0.035389116314497926,0.4273081922201669,
MEX,2023Q3,lstatus,1,45.722095950244814,0.4273081922201669,0.10510049545501943,
MEX,2023Q4,lstatus,1,45.82719644569983,0.10510049545501943,-0.24919692999721121,
MEX,2024Q1,lstatus,1,45.57799951570262,-0.24919692999721121,0.07927068702474571,
MEX,2024Q2,lstatus,1,45.65727020272737,0.07927068702474571,0.07942327604939692,
MEX,2024Q3,lstatus,1,45.736693478776765,0.07942327604939692,-0.08032408995749307,
MEX,2024Q4,lstatus,1,45.65636938881927,-0.08032408995749307,-0.41614468339250976,
MEX,2025Q1,lstatus,1,45.24022470542676,-0.41614468339250976,0.2818141203628812,
MEX,2025Q2,lstatus,1,45.52203882578964,0.2818141203628812,0.006736557278621547,
MEX,2025Q3,lstatus,1,45.528775383068265,0.006736557278621547,0.10868085099973968,
MEX,2025Q4,lstatus,1,45.637456234068004,0.10868085099973968,-0.22970421815680453,
MEX,2026Q1,lstatus,1,45.4077520159112,-0.22970421815680453,0.34338418442128216,
MEX,2026Q2,lstatus,1,45.75113620033248,0.34338418442128216,,
MEX,2021Q1,lstatus,2,1.89606956492645,,0.006452355574120938,
MEX,2021Q2,lstatus,2,1.902521920500571,0.006452355574120938,0.03155279290415791,
MEX,2021Q3,lstatus,2,1.934074713404729,0.03155279290415791,-0.25388068929378194,
MEX,2021Q4,lstatus,2,1.680194024110947,-0.25388068929378194,-0.11617446864905379,
MEX,2022Q1,lstatus,2,1.5640195554618932,-0.11617446864905379,-0.072004202970269,
MEX,2022Q2,lstatus,2,1.4920153524916242,-0.072004202970269,0.09351283059184556,
MEX,2022Q3,lstatus,2,1.5855281830834698,0.09351283059184556,-0.1916616203040915,
MEX,2022Q4,lstatus,2,1.3938665627793783,-0.1916616203040915,-0.15608384719624602,
MEX,2023Q1,lstatus,2,1.2377827155831322,-0.15608384719624602,0.07367970663256473,
MEX,2023Q2,lstatus,2,1.311462422215697,0.07367970663256473,0.09897111193974295,
MEX,2023Q3,lstatus,2,1.41043353415544,0.09897111193974295,-0.1460101895984296,
MEX,2023Q4,lstatus,2,1.2644233445570103,-0.1460101895984296,-0.07548561562492928,
MEX,2024Q1,lstatus,2,1.188937728932081,-0.07548561562492928,0.06275239431443191,
MEX,2024Q2,lstatus,2,1.251690123246513,0.06275239431443191,0.16361905218131612,
MEX,2024Q3,lstatus,2,1.415309175427829,0.16361905218131612,-0.21205035351313573,
MEX,2024Q4,lstatus,2,1.2032588219146934,-0.21205035351313573,-0.06059770061303382,
MEX,2025Q1,lstatus,2,1.1426611213016595,-0.06059770061303382,0.10124867986162811,
MEX,2025Q2,lstatus,2,1.2439098011632876,0.10124867986162811,0.10956628999357632,
MEX,2025Q3,lstatus,2,1.353476091156864,0.10956628999357632,-0.16085971617987216,
MEX,2025Q4,lstatus,2,1.1926163749769918,-0.16085971617987216,-0.002615082877250652,
MEX,2026Q1,lstatus,2,1.1900012920997411,-0.002615082877250652,0.057106890475871364,
MEX,2026Q2,lstatus,2,1.2471081825756125,0.057106890475871364,,
MEX,2021Q1,lstatus,3,32.66875700556724,,-1.2978082779237639,
MEX,2021Q2,lstatus,3,31.370948727643473,-1.2978082779237639,-0.2132905707878372,
MEX,2021Q3,lstatus,3,31.157658156855636,-0.2132905707878372,-0.12345148433884034,
MEX,2021Q4,lstatus,3,31.034206672516795,-0.12345148433884034,0.7698628182861391,
MEX,2022Q1,lstatus,3,31.804069490802934,0.7698628182861391,-0.8996692241148239,
MEX,2022Q2,lstatus,3,30.90440026668811,-0.8996692241148239,-0.011720844992307633,
MEX,2022Q3,lstatus,3,30.892679421695803,-0.011720844992307633,-0.3393096553801165,
MEX,2022Q4,lstatus,3,30.553369766315686,-0.3393096553801165,0.18088118725544433,
MEX,2023Q1,lstatus,3,30.73425095357113,0.18088118725544433,0.09669778934852857,
MEX,2023Q2,lstatus,3,30.83094874291966,0.09669778934852857,-0.2258541209519116,
MEX,2023Q3,lstatus,3,30.605094621967748,-0.2258541209519116,0.0961418771880389,
MEX,2023Q4,lstatus,3,30.701236499155787,0.0961418771880389,0.5042129796154988,
MEX,2024Q1,lstatus,3,31.205449478771285,0.5042129796154988,-0.253964616054251,
MEX,2024Q2,lstatus,3,30.951484862717034,-0.253964616054251,-0.02622892389238629,
MEX,2024Q3,lstatus,3,30.925255938824648,-0.02622892389238629,0.45083752126266674,
MEX,2024Q4,lstatus,3,31.376093460087315,0.45083752126266674,0.6506959012868343,
MEX,2025Q1,lstatus,3,32.02678936137415,0.6506959012868343,-0.20603891994084833,
MEX,2025Q2,lstatus,3,31.8207504414333,-0.20603891994084833,0.11950984403049603,
MEX,2025Q3,lstatus,3,31.940260285463797,0.11950984403049603,0.22324568613323592,
MEX,2025Q4,lstatus,3,32.16350597159703,0.22324568613323592,0.5934321335619543,
MEX,2026Q1,lstatus,3,32.75693810515899,0.5934321335619543,-0.27374017219269575,
MEX,2026Q2,lstatus,3,32.48319793296629,-0.27374017219269575,,
MEX,2021Q1,lstatus,NA,23.79060033326023,,-0.3954579244541243,
MEX,2021Q2,lstatus,NA,23.395142408806105,-0.3954579244541243,-0.18659255786788975,
MEX,2021Q3,lstatus,NA,23.208549850938216,-0.18659255786788975,-0.15182367115943407,
MEX,2021Q4,lstatus,NA,23.05672617977878,-0.15182367115943407,-0.14390529531060636,
MEX,2022Q1,lstatus,NA,22.912820884468175,-0.14390529531060636,0.01711519826887198,
MEX,2022Q2,lstatus,NA,22.929936082737047,0.01711519826887198,-0.05132935353262624,
MEX,2022Q3,lstatus,NA,22.87860672920442,-0.05132935353262624,-0.10788540582109007,
MEX,2022Q4,lstatus,NA,22.77072132338333,-0.10788540582109007,-0.07293186687673625,
MEX,2023Q1,lstatus,NA,22.697789456506595,-0.07293186687673625,-0.1349883796665985,
MEX,2023Q2,lstatus,NA,22.562801076839996,-0.1349883796665985,-0.3004251832079987,
MEX,2023Q3,lstatus,NA,22.262375893631997,-0.3004251832079987,-0.055232183044623184,
MEX,2023Q4,lstatus,NA,22.207143710587374,-0.055232183044623184,-0.1795304339933601,
MEX,2024Q1,lstatus,NA,22.027613276594014,-0.1795304339933601,0.11194153471507562,
MEX,2024Q2,lstatus,NA,22.13955481130909,0.11194153471507562,-0.2168134043383283,
MEX,2024Q3,lstatus,NA,21.92274140697076,-0.2168134043383283,-0.15846307779204238,
MEX,2024Q4,lstatus,NA,21.76427832917872,-0.15846307779204238,-0.17395351728129071,
MEX,2025Q1,lstatus,NA,21.59032481189743,-0.17395351728129071,-0.17702388028365945,
MEX,2025Q2,lstatus,NA,21.41330093161377,-0.17702388028365945,-0.23581269130269433,
MEX,2025Q3,lstatus,NA,21.177488240311074,-0.23581269130269433,-0.17106682095310077,
MEX,2025Q4,lstatus,NA,21.006421419357974,-0.17106682095310077,-0.36111283252790116,
MEX,2026Q1,lstatus,NA,20.645308586830073,-0.36111283252790116,-0.1267509027044582,
MEX,2026Q2,lstatus,NA,20.518557684125614,-0.1267509027044582,,
MEX,2021Q1,occup,0,0.17440116496489644,,-0.052023110926020605,
MEX,2021Q2,occup,0,0.12237805403887583,-0.052023110926020605,-0.00033543045916781256,
MEX,2021Q3,occup,0,0.12204262357970802,-0.00033543045916781256,-0.0038469538209388587,
MEX,2021Q4,occup,0,0.11819566975876916,-0.0038469538209388587,0.01734318308670063,
MEX,2022Q1,occup,0,0.1355388528454698,0.01734318308670063,-0.022630048234893715,
MEX,2022Q2,occup,0,0.11290880461057608,-0.022630048234893715,-0.01849796956841475,
MEX,2022Q3,occup,0,0.09441083504216133,-0.01849796956841475,0.015580101789648956,
MEX,2022Q4,occup,0,0.10999093683181028,0.015580101789648956,0.01675090872873576,
MEX,2023Q1,occup,0,0.12674184556054605,0.01675090872873576,-0.021518151014273776,
MEX,2023Q2,occup,0,0.10522369454627227,-0.021518151014273776,0.0031635625601324074,
MEX,2023Q3,occup,0,0.10838725710640468,0.0031635625601324074,0.017840045601275667,
MEX,2023Q4,occup,0,0.12622730270768034,0.017840045601275667,-0.010369806953851812,
MEX,2024Q1,occup,0,0.11585749575382853,-0.010369806953851812,0.009429133080475549,
MEX,2024Q2,occup,0,0.12528662883430408,0.009429133080475549,0.015510390073475322,
MEX,2024Q3,occup,0,0.1407970189077794,0.015510390073475322,-0.00465087497371966,
MEX,2024Q4,occup,0,0.13614614393405974,-0.00465087497371966,0.0077208872212888024,
MEX,2025Q1,occup,0,0.14386703115534855,0.0077208872212888024,-0.03835694009998519,
MEX,2025Q2,occup,0,0.10551009105536335,-0.03835694009998519,0.012388336096068778,
MEX,2025Q3,occup,0,0.11789842715143213,0.012388336096068778,0.002877634690889294,
MEX,2025Q4,occup,0,0.12077606184232142,0.002877634690889294,-0.014041954583300584,
MEX,2026Q1,occup,0,0.10673410725902084,-0.014041954583300584,0.001954929770135047,
MEX,2026Q2,occup,0,0.10868903702915589,0.001954929770135047,,
MEX,2021Q1,occup,1,3.102053167569229,,0.0339385466735167,
MEX,2021Q2,occup,1,3.1359917142427456,0.0339385466735167,-0.1422455390443127,
MEX,2021Q3,occup,1,2.993746175198433,-0.1422455390443127,0.16222234842138494,
MEX,2021Q4,occup,1,3.155968523619818,0.16222234842138494,-0.04507643638086423,
MEX,2022Q1,occup,1,3.1108920872389536,-0.04507643638086423,-0.007661521009300731,
MEX,2022Q2,occup,1,3.103230566229653,-0.007661521009300731,-0.07607588265053478,
MEX,2022Q3,occup,1,3.027154683579118,-0.07607588265053478,-0.07712711429313135,
MEX,2022Q4,occup,1,2.9500275692859868,-0.07712711429313135,0.12667030967296933,
MEX,2023Q1,occup,1,3.076697878958956,0.12667030967296933,-0.075979687386865,
MEX,2023Q2,occup,1,3.000718191572091,-0.075979687386865,0.05098393286547154,
MEX,2023Q3,occup,1,3.0517021244375626,0.05098393286547154,0.06357908743207963,
MEX,2023Q4,occup,1,3.1152812118696422,0.06357908743207963,0.07991514041894332,
MEX,2024Q1,occup,1,3.1951963522885856,0.07991514041894332,0.09384692419653051,
MEX,2024Q2,occup,1,3.289043276485116,0.09384692419653051,-0.009998398145086185,
MEX,2024Q3,occup,1,3.27904487834003,-0.009998398145086185,0.005331653178012541,
MEX,2024Q4,occup,1,3.2843765315180424,0.005331653178012541,0.024065193605675272,
MEX,2025Q1,occup,1,3.3084417251237177,0.024065193605675272,0.15276065519578008,
MEX,2025Q2,occup,1,3.461202380319498,0.15276065519578008,-0.20425182131526487,
MEX,2025Q3,occup,1,3.256950559004233,-0.20425182131526487,-0.04530788513693329,
MEX,2025Q4,occup,1,3.2116426738672996,-0.04530788513693329,-0.17407054862553872,
MEX,2026Q1,occup,1,3.037572125241761,-0.17407054862553872,-0.009382329269755907,
MEX,2026Q2,occup,1,3.028189795972005,-0.009382329269755907,,
MEX,2021Q1,occup,2,9.745868057607167,,-0.05714656243462457,
MEX,2021Q2,occup,2,9.688721495172542,-0.05714656243462457,0.20153613862544084,
MEX,2021Q3,occup,2,9.890257633797983,0.20153613862544084,0.25356705845246097,
MEX,2021Q4,occup,2,10.143824692250444,0.25356705845246097,0.032498856889224825,
MEX,2022Q1,occup,2,10.176323549139669,0.032498856889224825,-0.11276404077650604,
MEX,2022Q2,occup,2,10.063559508363163,-0.11276404077650604,-0.1476502624714051,
MEX,2022Q3,occup,2,9.915909245891758,-0.1476502624714051,0.3696392502500938,
MEX,2022Q4,occup,2,10.285548496141852,0.3696392502500938,-0.22596030473297724,
MEX,2023Q1,occup,2,10.059588191408874,-0.22596030473297724,0.009168868971334732,
MEX,2023Q2,occup,2,10.068757060380209,0.009168868971334732,-0.03629023468922732,
MEX,2023Q3,occup,2,10.032466825690982,-0.03629023468922732,0.33723470272765965,
MEX,2023Q4,occup,2,10.369701528418641,0.33723470272765965,0.0016400469513566662,
MEX,2024Q1,occup,2,10.371341575369998,0.0016400469513566662,0.13742017036733856,
MEX,2024Q2,occup,2,10.508761745737337,0.13742017036733856,-0.14005763686962958,
MEX,2024Q3,occup,2,10.368704108867707,-0.14005763686962958,0.05006488859606506,
MEX,2024Q4,occup,2,10.418768997463772,0.05006488859606506,0.023252426271540116,
MEX,2025Q1,occup,2,10.442021423735312,0.023252426271540116,0.0633573769395106,
MEX,2025Q2,occup,2,10.505378800674823,0.0633573769395106,-0.3627966028921943,
MEX,2025Q3,occup,2,10.142582197782628,-0.3627966028921943,-0.2387694998825527,
MEX,2025Q4,occup,2,9.903812697900076,-0.2387694998825527,0.3929901653137584,
MEX,2026Q1,occup,2,10.296802863213834,0.3929901653137584,-0.18884733602894954,
MEX,2026Q2,occup,2,10.107955527184885,-0.18884733602894954,,
MEX,2021Q1,occup,3,8.56562942027177,,0.0319588097706589,
MEX,2021Q2,occup,3,8.59758823004243,0.0319588097706589,0.2486984909629104,
MEX,2021Q3,occup,3,8.84628672100534,0.2486984909629104,-0.10520891576284086,
MEX,2021Q4,occup,3,8.741077805242499,-0.10520891576284086,0.06484271530487185,
MEX,2022Q1,occup,3,8.805920520547371,0.06484271530487185,-0.11011221442099028,
MEX,2022Q2,occup,3,8.69580830612638,-0.11011221442099028,0.08177402476136386,
MEX,2022Q3,occup,3,8.777582330887745,0.08177402476136386,-0.06908816815041341,
MEX,2022Q4,occup,3,8.708494162737331,-0.06908816815041341,0.05115153726680255,
MEX,2023Q1,occup,3,8.759645700004134,0.05115153726680255,-0.123979004459434,
MEX,2023Q2,occup,3,8.6356666955447,-0.123979004459434,0.2172026648362877,
MEX,2023Q3,occup,3,8.852869360380987,0.2172026648362877,-0.2515334929175008,
MEX,2023Q4,occup,3,8.601335867463487,-0.2515334929175008,0.16039232326701658,
MEX,2024Q1,occup,3,8.761728190730503,0.16039232326701658,0.00442193737018215,
MEX,2024Q2,occup,3,8.766150128100685,0.00442193737018215,-0.0944520910897193,
MEX,2024Q3,occup,3,8.671698037010966,-0.0944520910897193,-0.012490612317400007,
MEX,2024Q4,occup,3,8.659207424693566,-0.012490612317400007,-0.08750825256584882,
MEX,2025Q1,occup,3,8.571699172127717,-0.08750825256584882,-0.10449081207310229,
MEX,2025Q2,occup,3,8.467208360054615,-0.10449081207310229,-0.03420962685506446,
MEX,2025Q3,occup,3,8.43299873319955,-0.03420962685506446,0.08564850398802903,
MEX,2025Q4,occup,3,8.51864723718758,0.08564850398802903,-0.07928449503634738,
MEX,2026Q1,occup,3,8.439362742151232,-0.07928449503634738,-0.018203374879089296,
MEX,2026Q2,occup,3,8.421159367272143,-0.018203374879089296,,
MEX,2021Q1,occup,4,6.5763110338478254,,0.04152050487287706,
MEX,2021Q2,occup,4,6.6178315387207025,0.04152050487287706,-0.4914920634373603,
MEX,2021Q3,occup,4,6.126339475283342,-0.4914920634373603,-0.25959869844322103,
MEX,2021Q4,occup,4,5.866740776840121,-0.25959869844322103,0.09172258928634225,
MEX,2022Q1,occup,4,5.958463366126463,0.09172258928634225,0.09993786101336966,
MEX,2022Q2,occup,4,6.058401227139833,0.09993786101336966,-0.02121220207646335,
MEX,2022Q3,occup,4,6.03718902506337,-0.02121220207646335,-0.1265425094113457,
MEX,2022Q4,occup,4,5.910646515652024,-0.1265425094113457,0.09608163780917867,
MEX,2023Q1,occup,4,6.006728153461203,0.09608163780917867,0.1444280187742253,
MEX,2023Q2,occup,4,6.151156172235428,0.1444280187742253,-0.20957056587387868,
MEX,2023Q3,occup,4,5.941585606361549,-0.20957056587387868,0.06914630678893552,
MEX,2023Q4,occup,4,6.010731913150485,0.06914630678893552,0.3699670967851718,
MEX,2024Q1,occup,4,6.380699009935657,0.3699670967851718,-0.1477933092903818,
MEX,2024Q2,occup,4,6.232905700645275,-0.1477933092903818,-0.05089621469516725,
MEX,2024Q3,occup,4,6.182009485950108,-0.05089621469516725,0.34686800380211746,
MEX,2024Q4,occup,4,6.528877489752225,0.34686800380211746,-0.07072691812386545,
MEX,2025Q1,occup,4,6.45815057162836,-0.07072691812386545,0.05336946950166599,
MEX,2025Q2,occup,4,6.511520041130026,0.05336946950166599,-0.011980597346077815,
MEX,2025Q3,occup,4,6.499539443783948,-0.011980597346077815,0.43737743959786357,
MEX,2025Q4,occup,4,6.936916883381811,0.43737743959786357,-0.17173628523556594,
MEX,2026Q1,occup,4,6.765180598146245,-0.17173628523556594,-0.1144331825942313,
MEX,2026Q2,occup,4,6.650747415552014,-0.1144331825942313,,
MEX,2021Q1,occup,5,18.78325615919123,,0.593502578444344,
MEX,2021Q2,occup,5,19.376758737635573,0.593502578444344,-0.22752892752840737,
MEX,2021Q3,occup,5,19.149229810107165,-0.22752892752840737,0.2077346611174491,
MEX,2021Q4,occup,5,19.356964471224614,0.2077346611174491,-0.06417702873910969,
MEX,2022Q1,occup,5,19.292787442485505,-0.06417702873910969,0.14247452769293645,
MEX,2022Q2,occup,5,19.43526197017844,0.14247452769293645,0.06408518838533084,
MEX,2022Q3,occup,5,19.499347158563772,0.06408518838533084,0.11836137026944371,
MEX,2022Q4,occup,5,19.617708528833216,0.11836137026944371,-0.20997149427919837,
MEX,2023Q1,occup,5,19.407737034554017,-0.20997149427919837,0.3969107568146626,
MEX,2023Q2,occup,5,19.80464779136868,0.3969107568146626,-0.25476572103111295,
MEX,2023Q3,occup,5,19.549882070337567,-0.25476572103111295,0.1886565153224069,
MEX,2023Q4,occup,5,19.738538585659974,0.1886565153224069,-0.02175820146253926,
MEX,2024Q1,occup,5,19.716780384197435,-0.02175820146253926,0.022298315354696285,
MEX,2024Q2,occup,5,19.73907869955213,0.022298315354696285,0.02997414122603459,
MEX,2024Q3,occup,5,19.769052840778166,0.02997414122603459,0.054684719349126,
MEX,2024Q4,occup,5,19.82373756012729,0.054684719349126,0.12830258210146184,
MEX,2025Q1,occup,5,19.952040142228753,0.12830258210146184,-0.08325481714206262,
MEX,2025Q2,occup,5,19.86878532508669,-0.08325481714206262,0.3604138936583894,
MEX,2025Q3,occup,5,20.22919921874508,0.3604138936583894,-0.18362288558774154,
MEX,2025Q4,occup,5,20.04557633315734,-0.18362288558774154,0.0047690250516829735,
MEX,2026Q1,occup,5,20.05034535820902,0.0047690250516829735,0.10408677842287517,
MEX,2026Q2,occup,5,20.154432136631897,0.10408677842287517,,
MEX,2021Q1,occup,6,7.728835693926389,,-0.05739255717294611,
MEX,2021Q2,occup,6,7.671443136753443,-0.05739255717294611,0.007696375351868845,
MEX,2021Q3,occup,6,7.679139512105312,0.007696375351868845,-0.17964793613460905,
MEX,2021Q4,occup,6,7.499491575970703,-0.17964793613460905,-0.21127132331090337,
MEX,2022Q1,occup,6,7.2882202526598,-0.21127132331090337,0.1232458294973302,
MEX,2022Q2,occup,6,7.41146608215713,0.1232458294973302,0.23604658230865994,
MEX,2022Q3,occup,6,7.64751266446579,0.23604658230865994,-0.059682170441289095,
MEX,2022Q4,occup,6,7.587830494024501,-0.059682170441289095,-0.34175603949022726,
MEX,2023Q1,occup,6,7.2460744545342735,-0.34175603949022726,0.05098089166977715,
MEX,2023Q2,occup,6,7.297055346204051,0.05098089166977715,-0.09463676053251824,
MEX,2023Q3,occup,6,7.202418585671532,-0.09463676053251824,-0.26980180180698543,
MEX,2023Q4,occup,6,6.932616783864547,-0.26980180180698543,0.04027207837462221,
MEX,2024Q1,occup,6,6.972888862239169,0.04027207837462221,-0.2460744778461592,
MEX,2024Q2,occup,6,6.72681438439301,-0.2460744778461592,0.7105469933958783,
MEX,2024Q3,occup,6,7.437361377788888,0.7105469933958783,-0.7255666098554459,
MEX,2024Q4,occup,6,6.711794767933442,-0.7255666098554459,-0.10748228914176661,
MEX,2025Q1,occup,6,6.604312478791676,-0.10748228914176661,0.1660047244203966,
MEX,2025Q2,occup,6,6.770317203212072,0.1660047244203966,0.2443041065662337,
MEX,2025Q3,occup,6,7.014621309778306,0.2443041065662337,-0.30443531828941683,
MEX,2025Q4,occup,6,6.710185991488889,-0.30443531828941683,-0.10397394319415287,
MEX,2026Q1,occup,6,6.606212048294736,-0.10397394319415287,0.14142728751309885,
MEX,2026Q2,occup,6,6.747639335807835,0.14142728751309885,,
MEX,2021Q1,occup,7,13.425890076259215,,-0.11337528246220785,
MEX,2021Q2,occup,7,13.312514793797007,-0.11337528246220785,-0.03646266778491736,
MEX,2021Q3,occup,7,13.27605212601209,-0.03646266778491736,0.01848594702082984,
MEX,2021Q4,occup,7,13.29453807303292,0.01848594702082984,0.027877828513901193,
MEX,2022Q1,occup,7,13.32241590154682,0.027877828513901193,0.1414831743905811,
MEX,2022Q2,occup,7,13.463899075937402,0.1414831743905811,-0.15853465507579934,
MEX,2022Q3,occup,7,13.305364420861602,-0.15853465507579934,-0.13201698031671683,
MEX,2022Q4,occup,7,13.173347440544886,-0.13201698031671683,0.1883364893570647,
MEX,2023Q1,occup,7,13.36168392990195,0.1883364893570647,-0.040645120387782896,
MEX,2023Q2,occup,7,13.321038809514167,-0.040645120387782896,0.050117220271928886,
MEX,2023Q3,occup,7,13.371156029786096,0.050117220271928886,-0.0672454327343548,
MEX,2023Q4,occup,7,13.303910597051742,-0.0672454327343548,-0.10531866074765439,
MEX,2024Q1,occup,7,13.198591936304087,-0.10531866074765439,0.341796419713825,
MEX,2024Q2,occup,7,13.540388356017912,0.341796419713825,-0.7232080623391912,
MEX,2024Q3,occup,7,12.817180293678721,-0.7232080623391912,0.07101314432257055,
MEX,2024Q4,occup,7,12.888193438001291,0.07101314432257055,0.18688804069003062,
MEX,2025Q1,occup,7,13.075081478691322,0.18688804069003062,0.0923561516485325,
MEX,2025Q2,occup,7,13.167437630339855,0.0923561516485325,0.08901589715525127,
MEX,2025Q3,occup,7,13.256453527495106,0.08901589715525127,0.28903333633726547,
MEX,2025Q4,occup,7,13.545486863832371,0.28903333633726547,-0.24525812509929068,
MEX,2026Q1,occup,7,13.30022873873308,-0.24525812509929068,0.11341448441044122,
MEX,2026Q2,occup,7,13.413643223143522,0.11341448441044122,,
MEX,2021Q1,occup,8,10.096888487344655,,-0.38145217342341375,
MEX,2021Q2,occup,8,9.715436313921241,-0.38145217342341375,0.3289237727106826,
MEX,2021Q3,occup,8,10.044360086631924,0.3289237727106826,-0.05268723582504009,
MEX,2021Q4,occup,8,9.991672850806884,-0.05268723582504009,0.26447541313797096,
MEX,2022Q1,occup,8,10.256148263944855,0.26447541313797096,-0.09015178849403505,
MEX,2022Q2,occup,8,10.16599647545082,-0.09015178849403505,-0.01710155314338202,
MEX,2022Q3,occup,8,10.148894922307438,-0.01710155314338202,0.016192940791917465,
MEX,2022Q4,occup,8,10.165087863099355,0.016192940791917465,0.13639100603937315,
MEX,2023Q1,occup,8,10.301478869138728,0.13639100603937315,-0.1585548161459993,
MEX,2023Q2,occup,8,10.14292405299273,-0.1585548161459993,0.07497743179607497,
MEX,2023Q3,occup,8,10.217901484788804,0.07497743179607497,0.07218580520221352,
MEX,2023Q4,occup,8,10.290087289991018,0.07218580520221352,-0.08052605272646574,
MEX,2024Q1,occup,8,10.209561237264552,-0.08052605272646574,0.17611354666788692,
MEX,2024Q2,occup,8,10.385674783932439,0.17611354666788692,0.028899983754747893,
MEX,2024Q3,occup,8,10.414574767687187,0.028899983754747893,0.10707290626460164,
MEX,2024Q4,occup,8,10.521647673951788,0.10707290626460164,0.20587734176446837,
MEX,2025Q1,occup,8,10.727525015716257,0.20587734176446837,-0.22530061616281927,
MEX,2025Q2,occup,8,10.502224399553437,-0.22530061616281927,-0.06904254240956575,
MEX,2025Q3,occup,8,10.433181857143872,-0.06904254240956575,0.0856174561518781,
MEX,2025Q4,occup,8,10.51879931329575,0.0856174561518781,0.029753849568848523,
MEX,2026Q1,occup,8,10.548553162864598,0.029753849568848523,0.0859338517626611,
MEX,2026Q2,occup,8,10.63448701462726,0.0859338517626611,,
MEX,2021Q1,occup,9,21.53591424505227,,-0.06998898007450194,
MEX,2021Q2,occup,9,21.465925264977766,-0.06998898007450194,0.36931146214367416,
MEX,2021Q3,occup,9,21.83523672712144,0.36931146214367416,-0.02978727294883754,
MEX,2021Q4,occup,9,21.805449454172603,-0.02978727294883754,-0.18898979591439513,
MEX,2022Q1,occup,9,21.616459658258208,-0.18898979591439513,-0.1624318696272944,
MEX,2022Q2,occup,9,21.454027788630913,-0.1624318696272944,0.05838364985369182,
MEX,2022Q3,occup,9,21.512411438484605,0.05838364985369182,-0.04537991887204029,
MEX,2022Q4,occup,9,21.467031519612565,-0.04537991887204029,0.16431250094842298,
MEX,2023Q1,occup,9,21.631344020560988,0.16431250094842298,-0.18463996965636298,
MEX,2023Q2,occup,9,21.446704050904625,-0.18463996965636298,0.18052720886594642,
MEX,2023Q3,occup,9,21.62723125977057,0.18052720886594642,-0.15262958052525022,
MEX,2023Q4,occup,9,21.47460167924532,-0.15262958052525022,-0.42594046541579544,
MEX,2024Q1,occup,9,21.048661213829526,-0.42594046541579544,-0.4038068274886726,
MEX,2024Q2,occup,9,20.644854386340853,-0.4038068274886726,0.2506938768039255,
MEX,2024Q3,occup,9,20.89554826314478,0.2506938768039255,0.06947355839749747,
MEX,2024Q4,occup,9,20.965021821542276,0.06947355839749747,-0.2888805033488886,
MEX,2025Q1,occup,9,20.676141318193388,-0.2888805033488886,-0.06804512292266907,
MEX,2025Q2,occup,9,20.60809619527072,-0.06804512292266907,-0.03940715459377131,
MEX,2025Q3,occup,9,20.568689040676947,-0.03940715459377131,-0.12050074516476883,
MEX,2025Q4,occup,9,20.44818829551218,-0.12050074516476883,0.36135404902793056,
MEX,2026Q1,occup,9,20.80954234454011,0.36135404902793056,-0.12573895142750047,
MEX,2026Q2,occup,9,20.68380339311261,-0.12573895142750047,,
MEX,2021Q1,occup,NA,0.2649524939653527,,0.030458226732321514,
MEX,2021Q2,occup,NA,0.2954107206976742,0.030458226732321514,-0.258101611540412,
MEX,2021Q3,occup,NA,0.03730910915726223,-0.258101611540412,-0.011233002076634687,
MEX,2021Q4,occup,NA,0.026076107080627544,-0.011233002076634687,0.010753998126260229,
MEX,2022Q1,occup,NA,0.03683010520688777,0.010753998126260229,-0.0013899100312021948,
MEX,2022Q2,occup,NA,0.03544019517568558,-0.0013899100312021948,-0.0012169203230429915,
MEX,2022Q3,occup,NA,0.034223274852642586,-0.0012169203230429915,-0.009936801616169853,
MEX,2022Q4,occup,NA,0.024286473236472733,-0.009936801616169853,-0.002006551320145055,
MEX,2023Q1,occup,NA,0.022279921916327678,-0.002006551320145055,0.0038282128207173215,
MEX,2023Q2,occup,NA,0.026108134737045,0.0038282128207173215,0.018291260930899035,
MEX,2023Q3,occup,NA,0.044399395667944035,0.018291260930899035,-0.007432155090478704,
MEX,2023Q4,occup,NA,0.03696724057746533,-0.007432155090478704,-0.008273498490804106,
MEX,2024Q1,occup,NA,0.028693742086661225,-0.008273498490804106,0.012348167874275551,
MEX,2024Q2,occup,NA,0.041041909960936776,0.012348167874275551,-0.017012982115268076,
MEX,2024Q3,occup,NA,0.0240289278456687,-0.017012982115268076,0.03819922323657631,
MEX,2024Q4,occup,NA,0.06222815108224501,0.03819922323657631,-0.02150850847409911,
MEX,2025Q1,occup,NA,0.0407196426081459,-0.02150850847409911,-0.008400069305247351,
MEX,2025Q2,occup,NA,0.03231957330289855,-0.008400069305247351,0.015566111935999667,
MEX,2025Q3,occup,NA,0.04788568523889822,0.015566111935999667,-0.007918036704514145,
MEX,2025Q4,occup,NA,0.03996764853438407,-0.007918036704514145,-0.0005017371880227176,
MEX,2026Q1,occup,NA,0.039465911346361356,-0.0005017371880227176,0.009787842320313447,
MEX,2026Q2,occup,NA,0.0492537536666748,0.009787842320313447,,
MEX,2021Q1,socialsec,0,60.59453192147662,,0.49285098713610864,
MEX,2021Q2,socialsec,0,61.08738290861273,0.49285098713610864,0.18221391051348945,
MEX,2021Q3,socialsec,0,61.26959681912622,0.18221391051348945,-0.2274491780874186,
MEX,2021Q4,socialsec,0,61.0421476410388,-0.2274491780874186,-0.3284734988807685,
MEX,2022Q1,socialsec,0,60.713674142158034,-0.3284734988807685,0.2265564998457137,
MEX,2022Q2,socialsec,0,60.94023064200375,0.2265564998457137,-0.011584568412494889,
MEX,2022Q3,socialsec,0,60.92864607359125,-0.011584568412494889,-0.6006797977698213,
MEX,2022Q4,socialsec,0,60.32796627582143,-0.6006797977698213,0.313243790641188,
MEX,2023Q1,socialsec,0,60.64121006646262,0.313243790641188,-0.10041505932085926,
MEX,2023Q2,socialsec,0,60.54079500714176,-0.10041505932085926,-0.09534281678960355,
MEX,2023Q3,socialsec,0,60.44545219035216,-0.09534281678960355,-0.3568052187965449,
MEX,2023Q4,socialsec,0,60.08864697155561,-0.3568052187965449,0.15960362609677503,
MEX,2024Q1,socialsec,0,60.24825059765239,0.15960362609677503,-0.5076572461518793,
MEX,2024Q2,socialsec,0,59.74059335150051,-0.5076572461518793,-0.03844756857986198,
MEX,2024Q3,socialsec,0,59.702145782920645,-0.03844756857986198,-0.48304973885118585,
MEX,2024Q4,socialsec,0,59.21909604406946,-0.48304973885118585,0.267264604440804,
MEX,2025Q1,socialsec,0,59.486360648510264,0.267264604440804,0.21085385547656443,
MEX,2025Q2,socialsec,0,59.69721450398683,0.21085385547656443,0.6282337998734135,
MEX,2025Q3,socialsec,0,60.32544830386024,0.6282337998734135,-0.4606364706128616,
MEX,2025Q4,socialsec,0,59.86481183324738,-0.4606364706128616,0.41509170086848,
MEX,2026Q1,socialsec,0,60.27990353411586,0.41509170086848,-0.158038968081037,
MEX,2026Q2,socialsec,0,60.12186456603482,-0.158038968081037,,
MEX,2021Q1,socialsec,1,38.86398932895779,,-0.6005379887022357,
MEX,2021Q2,socialsec,1,38.26345134025556,-0.6005379887022357,-0.21624435654623397,
MEX,2021Q3,socialsec,1,38.04720698370932,-0.21624435654623397,0.21177850239872242,
MEX,2021Q4,socialsec,1,38.258985486108045,0.21177850239872242,0.37232477885454784,
MEX,2022Q1,socialsec,1,38.63131026496259,0.37232477885454784,-0.3285730819788384,
MEX,2022Q2,socialsec,1,38.302737182983755,-0.3285730819788384,0.062384352207800475,
MEX,2022Q3,socialsec,1,38.365121535191555,0.062384352207800475,0.55986877275582,
MEX,2022Q4,socialsec,1,38.924990307947375,0.55986877275582,-0.17199131454439964,
MEX,2023Q1,socialsec,1,38.752998993402976,-0.17199131454439964,-0.020384125043236168,
MEX,2023Q2,socialsec,1,38.73261486835974,-0.020384125043236168,0.05914726743000642,
MEX,2023Q3,socialsec,1,38.791762135789746,0.05914726743000642,0.40595817730662276,
MEX,2023Q4,socialsec,1,39.19772031309637,0.40595817730662276,-0.11011331519943468,
MEX,2024Q1,socialsec,1,39.087606997896934,-0.11011331519943468,0.4356747583293554,
MEX,2024Q2,socialsec,1,39.52328175622629,0.4356747583293554,0.039938052238092325,
MEX,2024Q3,socialsec,1,39.56321980846438,0.039938052238092325,0.3220950102037108,
MEX,2024Q4,socialsec,1,39.88531481866809,0.3220950102037108,-0.12141688261753814,
MEX,2025Q1,socialsec,1,39.763897936050554,-0.12141688261753814,-0.3317170554561599,
MEX,2025Q2,socialsec,1,39.432180880594395,-0.3317170554561599,-0.5883117810567526,
MEX,2025Q3,socialsec,1,38.84386909953764,-0.5883117810567526,0.4981247440227463,
MEX,2025Q4,socialsec,1,39.34199384356039,0.4981247440227463,-0.2089206945188522,
MEX,2026Q1,socialsec,1,39.133073149041536,-0.2089206945188522,0.05350274139594546,
MEX,2026Q2,socialsec,1,39.18657589043748,0.05350274139594546,,
MEX,2021Q1,socialsec,NA,0.5414787495655828,,0.10768700156613131,
MEX,2021Q2,socialsec,NA,0.6491657511317142,0.10768700156613131,0.03403044603274341,
MEX,2021Q3,socialsec,NA,0.6831961971644576,0.03403044603274341,0.01567067568869518,
MEX,2021Q4,socialsec,NA,0.6988668728531527,0.01567067568869518,-0.043851279973784796,
MEX,2022Q1,socialsec,NA,0.655015592879368,-0.043851279973784796,0.10201658213312803,
MEX,2022Q2,socialsec,NA,0.757032175012496,0.10201658213312803,-0.05079978379530459,
MEX,2022Q3,socialsec,NA,0.7062323912171914,-0.05079978379530459,0.04081102501400491,
MEX,2022Q4,socialsec,NA,0.7470434162311963,0.04081102501400491,-0.1412524760967926,
MEX,2023Q1,socialsec,NA,0.6057909401344037,-0.1412524760967926,0.12079918436409676,
MEX,2023Q2,socialsec,NA,0.7265901244985005,0.12079918436409676,0.036195549359595125,
MEX,2023Q3,socialsec,NA,0.7627856738580956,0.036195549359595125,-0.0491529585100734,
MEX,2023Q4,socialsec,NA,0.7136327153480222,-0.0491529585100734,-0.049490310897346124,
MEX,2024Q1,socialsec,NA,0.6641424044506761,-0.049490310897346124,0.07198248782252747,
MEX,2024Q2,socialsec,NA,0.7361248922732035,0.07198248782252747,-0.0014904836582281256,
MEX,2024Q3,socialsec,NA,0.7346344086149754,-0.0014904836582281256,0.1609547286474694,
MEX,2024Q4,socialsec,NA,0.8955891372624448,0.1609547286474694,-0.14584772182326144,
MEX,2025Q1,socialsec,NA,0.7497414154391834,-0.14584772182326144,0.1208631999795966,
MEX,2025Q2,socialsec,NA,0.87060461541878,0.1208631999795966,-0.03992201881665802,
MEX,2025Q3,socialsec,NA,0.830682596602122,-0.03992201881665802,-0.037488273409883255,
MEX,2025Q4,socialsec,NA,0.7931943231922387,-0.037488273409883255,-0.20617100634963248,
MEX,2026Q1,socialsec,NA,0.5870233168426062,-0.20617100634963248,0.10453622668509044,
MEX,2026Q2,socialsec,NA,0.6915595435276967,0.10453622668509044,,
MEX,2021Q1,urban,0,22.815240394280032,,0.0032851676643730343,
MEX,2021Q2,urban,0,22.818525561944405,0.0032851676643730343,0.01006230655815088,
MEX,2021Q3,urban,0,22.828587868502556,0.01006230655815088,0.003255592042958,
MEX,2021Q4,urban,0,22.831843460545514,0.003255592042958,0.0005729555185460811,
MEX,2022Q1,urban,0,22.83241641606406,0.0005729555185460811,6.192984227126885e-05,
MEX,2022Q2,urban,0,22.83247834590633,6.192984227126885e-05,-0.006053379819231708,
MEX,2022Q3,urban,0,22.8264249660871,-0.006053379819231708,-0.013257562689862112,
MEX,2022Q4,urban,0,22.813167403397237,-0.013257562689862112,-0.003178018518863013,
MEX,2023Q1,urban,0,22.809989384878374,-0.003178018518863013,-0.008022623899279324,
MEX,2023Q2,urban,0,22.801966760979095,-0.008022623899279324,0.0312604058045558,
MEX,2023Q3,urban,0,22.83322716678365,0.0312604058045558,-0.01068593029313547,
MEX,2023Q4,urban,0,22.822541236490515,-0.01068593029313547,-0.004457038901193755,
MEX,2024Q1,urban,0,22.81808419758932,-0.004457038901193755,0.11631145392515663,
MEX,2024Q2,urban,0,22.93439565151448,0.11631145392515663,0.013046086594918904,
MEX,2024Q3,urban,0,22.947441738109397,0.013046086594918904,-1.5400414831829998,
MEX,2024Q4,urban,0,21.407400254926397,-1.5400414831829998,0.006769035577310234,
MEX,2025Q1,urban,0,21.414169290503708,0.006769035577310234,-0.004752693156937937,
MEX,2025Q2,urban,0,21.40941659734677,-0.004752693156937937,0.013112083412597286,
MEX,2025Q3,urban,0,21.422528680759367,0.013112083412597286,-0.07270185443586996,
MEX,2025Q4,urban,0,21.349826826323497,-0.07270185443586996,-0.009636819495788984,
MEX,2026Q1,urban,0,21.340190006827708,-0.009636819495788984,-0.014468937397946746,
MEX,2026Q2,urban,0,21.32572106942976,-0.014468937397946746,,
MEX,2021Q1,urban,1,77.18475960571998,,-0.0032851676643730343,
MEX,2021Q2,urban,1,77.1814744380556,-0.0032851676643730343,-0.010062306558154432,
MEX,2021Q3,urban,1,77.17141213149745,-0.010062306558154432,-0.0032555920429615526,
MEX,2021Q4,urban,1,77.16815653945449,-0.0032555920429615526,-0.0005729555185496338,
MEX,2022Q1,urban,1,77.16758358393594,-0.0005729555185496338,-6.192984226061071e-05,
MEX,2022Q2,urban,1,77.16752165409368,-6.192984226061071e-05,0.00605337981922105,
MEX,2022Q3,urban,1,77.1735750339129,0.00605337981922105,0.01325756268985856,
MEX,2022Q4,urban,1,77.18683259660276,0.01325756268985856,0.0031780185188665655,
MEX,2023Q1,urban,1,77.19001061512162,0.0031780185188665655,0.008022623899279324,
MEX,2023Q2,urban,1,77.1980332390209,0.008022623899279324,-0.031260405804559355,
MEX,2023Q3,urban,1,77.16677283321634,-0.031260405804559355,0.01068593029313547,
MEX,2023Q4,urban,1,77.17745876350948,0.01068593029313547,0.004457038901207966,
MEX,2024Q1,urban,1,77.18191580241069,0.004457038901207966,-0.11631145392516373,
MEX,2024Q2,urban,1,77.06560434848552,-0.11631145392516373,-0.01304608659492601,
MEX,2024Q3,urban,1,77.0525582618906,-0.01304608659492601,1.5400414831830034,
MEX,2024Q4,urban,1,78.5925997450736,1.5400414831830034,-0.006769035577306681,
MEX,2025Q1,urban,1,78.58583070949629,-0.006769035577306681,0.004752693156930832,
MEX,2025Q2,urban,1,78.59058340265322,0.004752693156930832,-0.013112083412593734,
MEX,2025Q3,urban,1,78.57747131924063,-0.013112083412593734,0.07270185443587707,
MEX,2025Q4,urban,1,78.6501731736765,0.07270185443587707,0.009636819495781879,
MEX,2026Q1,urban,1,78.65980999317229,0.009636819495781879,0.014468937397950299,
MEX,2026Q2,urban,1,78.67427893057024,0.014468937397950299,,
COL,2022Q1,educat7,1,9.695805201405642,,0.07629118485771258,
COL,2022Q2,educat7,1,9.772096386263355,0.07629118485771258,0.5095075503482178,
COL,2022Q3,educat7,1,10.281603936611573,0.5095075503482178,-0.2178224603276142,
COL,2022Q4,educat7,1,10.063781476283959,-0.2178224603276142,-0.4804827272666099,
COL,2023Q1,educat7,1,9.583298749017349,-0.4804827272666099,0.0548513868482825,
COL,2023Q2,educat7,1,9.638150135865631,0.0548513868482825,0.19379698079375451,
COL,2023Q3,educat7,1,9.831947116659386,0.19379698079375451,0.0028679477836082157,
COL,2023Q4,educat7,1,9.834815064442994,0.0028679477836082157,-0.44335157128506175,
COL,2024Q1,educat7,1,9.391463493157932,-0.44335157128506175,0.06432246424103738,
COL,2024Q2,educat7,1,9.45578595739897,0.06432246424103738,0.23860762027319993,
COL,2024Q3,educat7,1,9.69439357767217,0.23860762027319993,-0.278985655719703,
COL,2024Q4,educat7,1,9.415407921952466,-0.278985655719703,-0.24597039326711645,
COL,2025Q1,educat7,1,9.16943752868535,-0.24597039326711645,-0.041313215147514626,
COL,2025Q2,educat7,1,9.128124313537835,-0.041313215147514626,0.46629948580442004,
COL,2025Q3,educat7,1,9.594423799342255,0.46629948580442004,-0.5437096862323454,
COL,2025Q4,educat7,1,9.05071411310991,-0.5437096862323454,-0.45735751619305454,
COL,2026Q1,educat7,1,8.593356596916855,-0.45735751619305454,0.4040616308616851,
COL,2026Q2,educat7,1,8.99741822777854,0.4040616308616851,,
COL,2022Q1,educat7,2,14.809532386761255,,-0.15239279853459387,
COL,2022Q2,educat7,2,14.657139588226661,-0.15239279853459387,0.4083215873001169,
COL,2022Q3,educat7,2,15.065461175526778,0.4083215873001169,-0.04903002488634556,
COL,2022Q4,educat7,2,15.016431150640432,-0.04903002488634556,-0.3212186245281696,
COL,2023Q1,educat7,2,14.695212526112263,-0.3212186245281696,0.13877927996165518,
COL,2023Q2,educat7,2,14.833991806073918,0.13877927996165518,-0.016449288639400095,
COL,2023Q3,educat7,2,14.817542517434518,-0.016449288639400095,-0.262862371964907,
COL,2023Q4,educat7,2,14.55468014546961,-0.262862371964907,-0.21364821001372114,
COL,2024Q1,educat7,2,14.34103193545589,-0.21364821001372114,0.2536081698930843,
COL,2024Q2,educat7,2,14.594640105348974,0.2536081698930843,0.04540692827544568,
COL,2024Q3,educat7,2,14.64004703362442,0.04540692827544568,-0.09415903060224373,
COL,2024Q4,educat7,2,14.545888003022176,-0.09415903060224373,-0.25302464820939363,
COL,2025Q1,educat7,2,14.292863354812782,-0.25302464820939363,0.3200447451546147,
COL,2025Q2,educat7,2,14.612908099967397,0.3200447451546147,-0.2060322945989288,
COL,2025Q3,educat7,2,14.406875805368468,-0.2060322945989288,0.13437678556129562,
COL,2025Q4,educat7,2,14.541252590929764,0.13437678556129562,-0.16075664800061062,
COL,2026Q1,educat7,2,14.380495942929153,-0.16075664800061062,-0.3411731655896908,
COL,2026Q2,educat7,2,14.039322777339462,-0.3411731655896908,,
COL,2022Q1,educat7,3,9.736390918710816,,-0.5274387372525258,
COL,2022Q2,educat7,3,9.20895218145829,-0.5274387372525258,0.02703709505574281,
COL,2022Q3,educat7,3,9.235989276514033,0.02703709505574281,0.16085945031566418,
COL,2022Q4,educat7,3,9.396848726829697,0.16085945031566418,-0.08957008783385412,
COL,2023Q1,educat7,3,9.307278638995843,-0.08957008783385412,-0.30221505295144624,
COL,2023Q2,educat7,3,9.005063586044397,-0.30221505295144624,-0.22750409718855735,
COL,2023Q3,educat7,3,8.77755948885584,-0.22750409718855735,0.4117994455048102,
COL,2023Q4,educat7,3,9.18935893436065,0.4117994455048102,-0.23072826506652788,
COL,2024Q1,educat7,3,8.958630669294122,-0.23072826506652788,-0.30651220371122534,
COL,2024Q2,educat7,3,8.652118465582896,-0.30651220371122534,0.1608894597475743,
COL,2024Q3,educat7,3,8.81300792533047,0.1608894597475743,0.44799797312253276,
COL,2024Q4,educat7,3,9.261005898453003,0.44799797312253276,-0.05454350161080157,
COL,2025Q1,educat7,3,9.206462396842202,-0.05454350161080157,-0.4116553859425043,
COL,2025Q2,educat7,3,8.794807010899698,-0.4116553859425043,0.09688813669164809,
COL,2025Q3,educat7,3,8.891695147591346,0.09688813669164809,0.34418733432207205,
COL,2025Q4,educat7,3,9.235882481913418,0.34418733432207205,-0.5910315455122479,
COL,2026Q1,educat7,3,8.64485093640117,-0.5910315455122479,-0.34820602380283816,
COL,2026Q2,educat7,3,8.296644912598332,-0.34820602380283816,,
COL,2022Q1,educat7,4,15.89095484203307,,-0.014465891538339548,
COL,2022Q2,educat7,4,15.87648895049473,-0.014465891538339548,-0.14770082184876898,
COL,2022Q3,educat7,4,15.728788128645961,-0.14770082184876898,-0.09284545426431734,
COL,2022Q4,educat7,4,15.635942674381644,-0.09284545426431734,0.41388123185500625,
COL,2023Q1,educat7,4,16.04982390623665,0.41388123185500625,-0.5540106662305764,
COL,2023Q2,educat7,4,15.495813240006074,-0.5540106662305764,0.12620851627652563,
COL,2023Q3,educat7,4,15.6220217562826,0.12620851627652563,-0.2811501216869985,
COL,2023Q4,educat7,4,15.3408716345956,-0.2811501216869985,0.5091459264297402,
COL,2024Q1,educat7,4,15.850017561025341,0.5091459264297402,-0.22291773364974787,
COL,2024Q2,educat7,4,15.627099827375593,-0.22291773364974787,-0.3295584088820842,
COL,2024Q3,educat7,4,15.297541418493509,-0.3295584088820842,-0.29203221720541706,
COL,2024Q4,educat7,4,15.005509201288092,-0.29203221720541706,0.4249384513115828,
COL,2025Q1,educat7,4,15.430447652599675,0.4249384513115828,-0.3057752464304908,
COL,2025Q2,educat7,4,15.124672406169184,-0.3057752464304908,-0.09041877424845168,
COL,2025Q3,educat7,4,15.034253631920732,-0.09041877424845168,0.21329523770172543,
COL,2025Q4,educat7,4,15.247548869622458,0.21329523770172543,-0.04436262081286024,
COL,2026Q1,educat7,4,15.203186248809597,-0.04436262081286024,-0.10578385038865612,
COL,2026Q2,educat7,4,15.097402398420941,-0.10578385038865612,,
COL,2022Q1,educat7,5,24.57912275657079,,-0.015170245919847503,
COL,2022Q2,educat7,5,24.563952510650942,-0.015170245919847503,-0.684923765533803,
COL,2022Q3,educat7,5,23.87902874511714,-0.684923765533803,0.772487462369515,
COL,2022Q4,educat7,5,24.651516207486655,0.772487462369515,0.20108498444676925,
COL,2023Q1,educat7,5,24.852601191933424,0.20108498444676925,-0.1943005067506931,
COL,2023Q2,educat7,5,24.65830068518273,-0.1943005067506931,-0.1531225371106082,
COL,2023Q3,educat7,5,24.505178148072122,-0.1531225371106082,0.5845224386309944,
COL,2023Q4,educat7,5,25.089700586703117,0.5845224386309944,0.3491655192226055,
COL,2024Q1,educat7,5,25.438866105925722,0.3491655192226055,-0.0829819242737031,
COL,2024Q2,educat7,5,25.35588418165202,-0.0829819242737031,-0.06671570571808516,
COL,2024Q3,educat7,5,25.289168475933934,-0.06671570571808516,0.614935798503776,
COL,2024Q4,educat7,5,25.90410427443771,0.614935798503776,0.5487258310609242,
COL,2025Q1,educat7,5,26.452830105498634,0.5487258310609242,-0.7163363134733238,
COL,2025Q2,educat7,5,25.73649379202531,-0.7163363134733238,-0.12074767801409791,
COL,2025Q3,educat7,5,25.615746114011213,-0.12074767801409791,0.3444813088136449,
COL,2025Q4,educat7,5,25.960227422824858,0.3444813088136449,-0.37516531072325776,
COL,2026Q1,educat7,5,25.5850621121016,-0.37516531072325776,0.693980267208854,
COL,2026Q2,educat7,5,26.279042379310454,0.693980267208854,,
COL,2022Q1,educat7,6,8.248177556333134,,0.22976216771824376,
COL,2022Q2,educat7,6,8.477939724051378,0.22976216771824376,-0.05923077261791043,
COL,2022Q3,educat7,6,8.418708951433468,-0.05923077261791043,-0.4483857394919264,
COL,2022Q4,educat7,6,7.970323211941541,-0.4483857394919264,0.3061367756406215,
COL,2023Q1,educat7,6,8.276459987582163,0.3061367756406215,0.5604423840145074,
COL,2023Q2,educat7,6,8.83690237159667,0.5604423840145074,-0.15580990371842063,
COL,2023Q3,educat7,6,8.68109246787825,-0.15580990371842063,-0.3451284983975196,
COL,2023Q4,educat7,6,8.33596396948073,-0.3451284983975196,0.3219527245413527,
COL,2024Q1,educat7,6,8.657916694022083,0.3219527245413527,-0.026904317058088267,
COL,2024Q2,educat7,6,8.631012376963994,-0.026904317058088267,0.004628876792219572,
COL,2024Q3,educat7,6,8.635641253756214,0.004628876792219572,-0.2085147057753609,
COL,2024Q4,educat7,6,8.427126547980853,-0.2085147057753609,0.23515116210534615,
COL,2025Q1,educat7,6,8.6622777100862,0.23515116210534615,0.3815853634105473,
COL,2025Q2,educat7,6,9.043863073496746,0.3815853634105473,-0.13941825009749742,
COL,2025Q3,educat7,6,8.904444823399249,-0.13941825009749742,-0.1547669845632882,
COL,2025Q4,educat7,6,8.74967783883596,-0.1547669845632882,0.2549513530866889,
COL,2026Q1,educat7,6,9.00462919192265,0.2549513530866889,0.10784846294746586,
COL,2026Q2,educat7,6,9.112477654870116,0.10784846294746586,,
COL,2022Q1,educat7,7,13.257829152394535,,0.30607826973748686,
COL,2022Q2,educat7,7,13.563907422132022,0.30607826973748686,0.2157772353128653,
COL,2022Q3,educat7,7,13.779684657444887,0.2157772353128653,-0.21167995737357082,
COL,2022Q4,educat7,7,13.568004700071317,-0.21167995737357082,0.05834998010271164,
COL,2023Q1,educat7,7,13.626354680174028,0.05834998010271164,0.19355177175369853,
COL,2023Q2,educat7,7,13.819906451927727,0.19355177175369853,0.33572201458921747,
COL,2023Q3,educat7,7,14.155628466516944,0.33572201458921747,-0.13297416855902355,
COL,2023Q4,educat7,7,14.02265429795792,-0.13297416855902355,-0.30058776445248725,
COL,2024Q1,educat7,7,13.722066533505433,-0.30058776445248725,0.5161410832827631,
COL,2024Q2,educat7,7,14.238207616788197,0.5161410832827631,0.04568615703082379,
COL,2024Q3,educat7,7,14.28389377381902,0.04568615703082379,-0.21666104827013832,
COL,2024Q4,educat7,7,14.067232725548882,-0.21666104827013832,-0.45739698576883825,
COL,2025Q1,educat7,7,13.609835739780044,-0.45739698576883825,0.7169603079015996,
COL,2025Q2,educat7,7,14.326796047681643,0.7169603079015996,0.061111033439521734,
COL,2025Q3,educat7,7,14.387907081121165,0.061111033439521734,-0.25017191305607334,
COL,2025Q4,educat7,7,14.137735168065092,-0.25017191305607334,1.2697663854043366,
COL,2026Q1,educat7,7,15.407501553469428,1.2697663854043366,-0.2649025722285092,
COL,2026Q2,educat7,7,15.14259898124092,-0.2649025722285092,,
COL,2022Q1,educat7,NA,3.7821871857907556,,0.09733605093186348,
COL,2022Q2,educat7,NA,3.879523236722619,0.09733605093186348,-0.26878810801645336,
COL,2022Q3,educat7,NA,3.6107351287061658,-0.26878810801645336,0.08641672365858621,
COL,2022Q4,educat7,NA,3.697151852364752,0.08641672365858621,-0.08818153241648341,
COL,2023Q1,educat7,NA,3.6089703199482686,-0.08818153241648341,0.10290140335457876,
COL,2023Q2,educat7,NA,3.7118717233028473,0.10290140335457876,-0.1028416850024918,
COL,2023Q3,educat7,NA,3.6090300383003555,-0.1028416850024918,0.02292532868903363,
COL,2023Q4,educat7,NA,3.631955366989389,0.02292532868903363,0.008051640624094691,
COL,2024Q1,educat7,NA,3.640007007613484,0.008051640624094691,-0.19475553872413043,
COL,2024Q2,educat7,NA,3.4452514688893534,-0.19475553872413043,-0.09894492751910189,
COL,2024Q3,educat7,NA,3.3463065413702515,-0.09894492751910189,0.027418885946554727,
COL,2024Q4,educat7,NA,3.3737254273168062,0.027418885946554727,-0.19787991562167973,
COL,2025Q1,educat7,NA,3.1758455116951265,-0.19787991562167973,0.05648974452705113,
COL,2025Q2,educat7,NA,3.2323352562221777,0.05648974452705113,-0.06768165897661094,
COL,2025Q3,educat7,NA,3.1646535972455667,-0.06768165897661094,-0.0876920825470382,
COL,2025Q4,educat7,NA,3.0769615146985285,-0.0876920825470382,0.10395590275101263,
COL,2026Q1,educat7,NA,3.180917417449541,0.10395590275101263,-0.14582474900830045,
COL,2026Q2,educat7,NA,3.0350926684412407,-0.14582474900830045,,
COL,2022Q1,empstat,1,49.40896107870291,,0.5742373074932345,
COL,2022Q2,empstat,1,49.98319838619614,0.5742373074932345,-0.43476094563865075,
COL,2022Q3,empstat,1,49.54843744055749,-0.43476094563865075,0.7402218521323505,
COL,2022Q4,empstat,1,50.28865929268984,0.7402218521323505,0.07313550487579334,
COL,2023Q1,empstat,1,50.361794797565636,0.07313550487579334,0.4053780153128912,
COL,2023Q2,empstat,1,50.76717281287853,0.4053780153128912,-0.6805507927236292,
COL,2023Q3,empstat,1,50.0866220201549,-0.6805507927236292,0.2977437986451861,
COL,2023Q4,empstat,1,50.384365818800084,0.2977437986451861,0.6723560112460731,
COL,2024Q1,empstat,1,51.05672183004616,0.6723560112460731,0.6554952820809774,
COL,2024Q2,empstat,1,51.712217112127135,0.6554952820809774,-1.0873387872850913,
COL,2024Q3,empstat,1,50.624878324842044,-1.0873387872850913,0.13959420350993668,
COL,2024Q4,empstat,1,50.76447252835198,0.13959420350993668,-0.46854389837699983,
COL,2025Q1,empstat,1,50.29592862997498,-0.46854389837699983,0.9559690072794425,
COL,2025Q2,empstat,1,51.25189763725442,0.9559690072794425,0.2587889204500442,
COL,2025Q3,empstat,1,51.51068655770447,0.2587889204500442,-0.34190076609802134,
COL,2025Q4,empstat,1,51.168785791606446,-0.34190076609802134,-0.7660687609085741,
COL,2026Q1,empstat,1,50.40271703069787,-0.7660687609085741,0.9838608066269856,
COL,2026Q2,empstat,1,51.38657783732486,0.9838608066269856,,
COL,2022Q1,empstat,2,5.430779337014809,,-0.41768774986323454,
COL,2022Q2,empstat,2,5.013091587151575,-0.41768774986323454,-0.10853701591178488,
COL,2022Q3,empstat,2,4.90455457123979,-0.10853701591178488,0.19091298635734955,
COL,2022Q4,empstat,2,5.095467557597139,0.19091298635734955,0.08146041719685737,
COL,2023Q1,empstat,2,5.176927974793997,0.08146041719685737,-0.35412409080703977,
COL,2023Q2,empstat,2,4.822803883986957,-0.35412409080703977,0.20227890619475897,
COL,2023Q3,empstat,2,5.025082790181716,0.20227890619475897,0.22688143265366545,
COL,2023Q4,empstat,2,5.251964222835381,0.22688143265366545,0.31700131334023496,
COL,2024Q1,empstat,2,5.568965536175616,0.31700131334023496,-0.3514284000256307,
COL,2024Q2,empstat,2,5.217537136149986,-0.3514284000256307,-0.033935993993437386,
COL,2024Q3,empstat,2,5.183601142156548,-0.033935993993437386,-0.16062545274581108,
COL,2024Q4,empstat,2,5.022975689410737,-0.16062545274581108,0.3534884772563194,
COL,2025Q1,empstat,2,5.3764641666670565,0.3534884772563194,-0.3404999342819872,
COL,2025Q2,empstat,2,5.035964232385069,-0.3404999342819872,0.029361893465869926,
COL,2025Q3,empstat,2,5.065326125850939,0.029361893465869926,0.2468651473857415,
COL,2025Q4,empstat,2,5.312191273236681,0.2468651473857415,-0.18619444428596132,
COL,2026Q1,empstat,2,5.125996828950719,-0.18619444428596132,-0.1595990789724855,
COL,2026Q2,empstat,2,4.966397749978234,-0.1595990789724855,,
COL,2022Q1,empstat,3,2.7071440630220307,,0.07968248362232444,
COL,2022Q2,empstat,3,2.786826546644355,0.07968248362232444,0.18692486384627838,
COL,2022Q3,empstat,3,2.9737514104906335,0.18692486384627838,0.062094998491106335,
COL,2022Q4,empstat,3,3.03584640898174,0.062094998491106335,-0.28089183526612205,
COL,2023Q1,empstat,3,2.754954573715618,-0.28089183526612205,0.040207902184767885,
COL,2023Q2,empstat,3,2.7951624759003857,0.040207902184767885,0.11541146877658193,
COL,2023Q3,empstat,3,2.9105739446769676,0.11541146877658193,-0.19577973357945666,
COL,2023Q4,empstat,3,2.714794211097511,-0.19577973357945666,-0.11856894882010094,
COL,2024Q1,empstat,3,2.59622526227741,-0.11856894882010094,0.14842061939960915,
COL,2024Q2,empstat,3,2.744645881677019,0.14842061939960915,-0.16526571333105666,
COL,2024Q3,empstat,3,2.5793801683459625,-0.16526571333105666,0.08703373068903719,
COL,2024Q4,empstat,3,2.6664138990349997,0.08703373068903719,-0.15146351991105567,
COL,2025Q1,empstat,3,2.514950379123944,-0.15146351991105567,-0.14335493618750972,
COL,2025Q2,empstat,3,2.3715954429364343,-0.14335493618750972,-0.051873720790279965,
COL,2025Q3,empstat,3,2.3197217221461544,-0.051873720790279965,0.2396533837755519,
COL,2025Q4,empstat,3,2.5593751059217063,0.2396533837755519,0.2636046213107064,
COL,2026Q1,empstat,3,2.8229797272324126,0.2636046213107064,-0.27715639058065644,
COL,2026Q2,empstat,3,2.545823336651756,-0.27715639058065644,,
COL,2022Q1,empstat,4,42.45311552126024,,-0.23623204125229336,
COL,2022Q2,empstat,4,42.216883480007944,-0.23623204125229336,0.35637309770412173,
COL,2022Q3,empstat,4,42.573256577712066,0.35637309770412173,-0.9932298369807881,
COL,2022Q4,empstat,4,41.58002674073128,-0.9932298369807881,0.12629591319347355,
COL,2023Q1,empstat,4,41.70632265392475,0.12629591319347355,-0.09146182669061886,
COL,2023Q2,empstat,4,41.61486082723413,-0.09146182669061886,0.3628604177522803,
COL,2023Q3,empstat,4,41.97772124498641,0.3628604177522803,-0.3288454977193851,
COL,2023Q4,empstat,4,41.64887574726703,-0.3288454977193851,-0.8707883757662245,
COL,2024Q1,empstat,4,40.7780873715008,-0.8707883757662245,-0.45248750145494654,
COL,2024Q2,empstat,4,40.325599870045856,-0.45248750145494654,1.2865404946095822,
COL,2024Q3,empstat,4,41.61214036465544,1.2865404946095822,-0.06600248145316101,
COL,2024Q4,empstat,4,41.54613788320228,-0.06600248145316101,0.266518941031741,
COL,2025Q1,empstat,4,41.81265682423402,0.266518941031741,-0.4721141368099282,
COL,2025Q2,empstat,4,41.34054268742409,-0.4721141368099282,-0.2362770931256577,
COL,2025Q3,empstat,4,41.10426559429843,-0.2362770931256577,-0.1446177650632663,
COL,2025Q4,empstat,4,40.959647829235166,-0.1446177650632663,0.6886585838838357,
COL,2026Q1,empstat,4,41.648306413119,0.6886585838838357,-0.5471053370738517,
COL,2026Q2,empstat,4,41.10120107604515,-0.5471053370738517,,
COL,2022Q1,industrycat10,1,14.704136492000792,,0.2500863239500717,
COL,2022Q2,industrycat10,1,14.954222815950864,0.2500863239500717,-0.4307739730502096,
COL,2022Q3,industrycat10,1,14.523448842900654,-0.4307739730502096,-0.1615169931860887,
COL,2022Q4,industrycat10,1,14.361931849714566,-0.1615169931860887,0.267359709627641,
COL,2023Q1,industrycat10,1,14.629291559342207,0.267359709627641,-0.034829943174585765,
COL,2023Q2,industrycat10,1,14.59446161616762,-0.034829943174585765,-0.463689157826467,
COL,2023Q3,industrycat10,1,14.130772458341154,-0.463689157826467,0.10762594320187269,
COL,2023Q4,industrycat10,1,14.238398401543026,0.10762594320187269,0.25509284955745315,
COL,2024Q1,industrycat10,1,14.49349125110048,0.25509284955745315,-0.16034688022544508,
COL,2024Q2,industrycat10,1,14.333144370875035,-0.16034688022544508,0.011531537605105058,
COL,2024Q3,industrycat10,1,14.34467590848014,0.011531537605105058,-0.48736605798246124,
COL,2024Q4,industrycat10,1,13.857309850497678,-0.48736605798246124,0.7871759665658917,
COL,2025Q1,industrycat10,1,14.64448581706357,0.7871759665658917,-0.5482343099100611,
COL,2025Q2,industrycat10,1,14.096251507153509,-0.5482343099100611,-0.19790596577433028,
COL,2025Q3,industrycat10,1,13.898345541379179,-0.19790596577433028,0.31496253346693415,
COL,2025Q4,industrycat10,1,14.213308074846113,0.31496253346693415,-0.7379700264052431,
COL,2026Q1,industrycat10,1,13.47533804844087,-0.7379700264052431,0.09758155017032344,
COL,2026Q2,industrycat10,1,13.572919598611193,0.09758155017032344,,
COL,2022Q1,industrycat10,10,16.749280829975703,,0.5482745491194869,
COL,2022Q2,industrycat10,10,17.29755537909519,0.5482745491194869,-0.37575637422287755,
COL,2022Q3,industrycat10,10,16.921799004872312,-0.37575637422287755,0.5403516843601075,
COL,2022Q4,industrycat10,10,17.46215068923242,0.5403516843601075,-0.6006292055511722,
COL,2023Q1,industrycat10,10,16.861521483681248,-0.6006292055511722,0.3160176936635821,
COL,2023Q2,industrycat10,10,17.17753917734483,0.3160176936635821,0.16496529574396845,
COL,2023Q3,industrycat10,10,17.3425044730888,0.16496529574396845,-0.27539123149107425,
COL,2023Q4,industrycat10,10,17.067113241597724,-0.27539123149107425,0.17980148713340327,
COL,2024Q1,industrycat10,10,17.246914728731127,0.17980148713340327,-0.02561886474823183,
COL,2024Q2,industrycat10,10,17.221295863982895,-0.02561886474823183,0.3175265785547623,
COL,2024Q3,industrycat10,10,17.538822442537658,0.3175265785547623,-0.2574819504513144,
COL,2024Q4,industrycat10,10,17.281340492086343,-0.2574819504513144,-0.5816251065324423,
COL,2025Q1,industrycat10,10,16.6997153855539,-0.5816251065324423,0.425020652886289,
COL,2025Q2,industrycat10,10,17.12473603844019,0.425020652886289,0.04597703761309546,
COL,2025Q3,industrycat10,10,17.170713076053286,0.04597703761309546,-0.2182674980032857,
COL,2025Q4,industrycat10,10,16.95244557805,-0.2182674980032857,0.21960913729273912,
COL,2026Q1,industrycat10,10,17.17205471534274,0.21960913729273912,0.2274250307902257,
COL,2026Q2,industrycat10,10,17.399479746132965,0.2274250307902257,,
COL,2022Q1,industrycat10,2,1.160919140207947,,0.1233770737472435,
COL,2022Q2,industrycat10,2,1.2842962139551906,0.1233770737472435,-0.19275095814885668,
COL,2022Q3,industrycat10,2,1.0915452558063339,-0.19275095814885668,0.4808581804332266,
COL,2022Q4,industrycat10,2,1.5724034362395605,0.4808581804332266,-0.5739133127467975,
COL,2023Q1,industrycat10,2,0.998490123492763,-0.5739133127467975,0.21331551541652938,
COL,2023Q2,industrycat10,2,1.2118056389092924,0.21331551541652938,-0.18488029098765568,
COL,2023Q3,industrycat10,2,1.0269253479216367,-0.18488029098765568,0.6215857776919138,
COL,2023Q4,industrycat10,2,1.6485111256135505,0.6215857776919138,-0.5088802571750266,
COL,2024Q1,industrycat10,2,1.139630868438524,-0.5088802571750266,0.17632919353287768,
COL,2024Q2,industrycat10,2,1.3159600619714016,0.17632919353287768,-0.22989509881029568,
COL,2024Q3,industrycat10,2,1.086064963161106,-0.22989509881029568,0.452631724156054,
COL,2024Q4,industrycat10,2,1.53869668731716,0.452631724156054,-0.2881080965153737,
COL,2025Q1,industrycat10,2,1.2505885908017862,-0.2881080965153737,0.09200153183339177,
COL,2025Q2,industrycat10,2,1.342590122635178,0.09200153183339177,-0.26194752732325477,
COL,2025Q3,industrycat10,2,1.0806425953119232,-0.26194752732325477,0.3803778775900084,
COL,2025Q4,industrycat10,2,1.4610204729019316,0.3803778775900084,-0.020313175712912468,
COL,2026Q1,industrycat10,2,1.4407072971890191,-0.020313175712912468,-0.04240806754346549,
COL,2026Q2,industrycat10,2,1.3982992296455536,-0.04240806754346549,,
COL,2022Q1,industrycat10,3,10.62992735929487,,-0.2944895743439826,
COL,2022Q2,industrycat10,3,10.335437784950887,-0.2944895743439826,0.3602466908361812,
COL,2022Q3,industrycat10,3,10.695684475787068,0.3602466908361812,0.1852976619312301,
COL,2022Q4,industrycat10,3,10.880982137718298,0.1852976619312301,-0.3003500810600155,
COL,2023Q1,industrycat10,3,10.580632056658283,-0.3003500810600155,0.0574805394538096,
COL,2023Q2,industrycat10,3,10.638112596112093,0.0574805394538096,0.026237089485398712,
COL,2023Q3,industrycat10,3,10.664349685597491,0.026237089485398712,-0.39791908951168686,
COL,2023Q4,industrycat10,3,10.266430596085804,-0.39791908951168686,0.5669941250476906,
COL,2024Q1,industrycat10,3,10.833424721133495,0.5669941250476906,-0.04821721741777907,
COL,2024Q2,industrycat10,3,10.785207503715716,-0.04821721741777907,-0.20090484210511406,
COL,2024Q3,industrycat10,3,10.584302661610602,-0.20090484210511406,0.0603428099513188,
COL,2024Q4,industrycat10,3,10.64464547156192,0.0603428099513188,0.22840117823359307,
COL,2025Q1,industrycat10,3,10.873046649795514,0.22840117823359307,0.019753717292219974,
COL,2025Q2,industrycat10,3,10.892800367087734,0.019753717292219974,0.13529646308604093,
COL,2025Q3,industrycat10,3,11.028096830173775,0.13529646308604093,-0.021873295310806284,
COL,2025Q4,industrycat10,3,11.006223534862968,-0.021873295310806284,-0.22925740134173012,
COL,2026Q1,industrycat10,3,10.776966133521238,-0.22925740134173012,-0.09220775886850419,
COL,2026Q2,industrycat10,3,10.684758374652734,-0.09220775886850419,,
COL,2022Q1,industrycat10,4,1.4677384577790422,,-0.07991424868635177,
COL,2022Q2,industrycat10,4,1.3878242090926904,-0.07991424868635177,0.07781562941188858,
COL,2022Q3,industrycat10,4,1.465639838504579,0.07781562941188858,-0.22751576920910366,
COL,2022Q4,industrycat10,4,1.2381240692954754,-0.22751576920910366,0.1454575678921981,
COL,2023Q1,industrycat10,4,1.3835816371876735,0.1454575678921981,-0.021315936306921968,
COL,2023Q2,industrycat10,4,1.3622657008807515,-0.021315936306921968,0.0522060499373489,
COL,2023Q3,industrycat10,4,1.4144717508181004,0.0522060499373489,-0.12843708104876495,
COL,2023Q4,industrycat10,4,1.2860346697693354,-0.12843708104876495,0.05513645693705693,
COL,2024Q1,industrycat10,4,1.3411711267063924,0.05513645693705693,-0.09817433130867648,
COL,2024Q2,industrycat10,4,1.242996795397716,-0.09817433130867648,0.21169328964631196,
COL,2024Q3,industrycat10,4,1.4546900850440279,0.21169328964631196,-0.12549694585360793,
COL,2024Q4,industrycat10,4,1.32919313919042,-0.12549694585360793,-0.0404098482537989,
COL,2025Q1,industrycat10,4,1.288783290936621,-0.0404098482537989,0.01582373766546752,
COL,2025Q2,industrycat10,4,1.3046070286020885,0.01582373766546752,0.07171803679133304,
COL,2025Q3,industrycat10,4,1.3763250653934216,0.07171803679133304,-0.13046422413378567,
COL,2025Q4,industrycat10,4,1.245860841259636,-0.13046422413378567,0.08282615717490249,
COL,2026Q1,industrycat10,4,1.3286869984345384,0.08282615717490249,-0.07277042891988361,
COL,2026Q2,industrycat10,4,1.2559165695146548,-0.07277042891988361,,
COL,2022Q1,industrycat10,5,7.1741494015027465,,-0.1388113458299518,
COL,2022Q2,industrycat10,5,7.035338055672795,-0.1388113458299518,-0.08156130191814714,
COL,2022Q3,industrycat10,5,6.9537767537546475,-0.08156130191814714,-0.02975945641450295,
COL,2022Q4,industrycat10,5,6.924017297340145,-0.02975945641450295,-0.1032227391622138,
COL,2023Q1,industrycat10,5,6.820794558177931,-0.1032227391622138,-0.02899082494762606,
COL,2023Q2,industrycat10,5,6.791803733230305,-0.02899082494762606,0.194931269913603,
COL,2023Q3,industrycat10,5,6.986735003143908,0.194931269913603,-0.11284056913558427,
COL,2023Q4,industrycat10,5,6.8738944340083235,-0.11284056913558427,-0.22606469680053376,
COL,2024Q1,industrycat10,5,6.64782973720779,-0.22606469680053376,0.1394965719936483,
COL,2024Q2,industrycat10,5,6.787326309201438,0.1394965719936483,-0.17426661764316798,
COL,2024Q3,industrycat10,5,6.61305969155827,-0.17426661764316798,0.12536706072514825,
COL,2024Q4,industrycat10,5,6.738426752283418,0.12536706072514825,0.18507239214776217,
COL,2025Q1,industrycat10,5,6.92349914443118,0.18507239214776217,-0.398404362605036,
COL,2025Q2,industrycat10,5,6.525094781826144,-0.398404362605036,0.3618647149656482,
COL,2025Q3,industrycat10,5,6.886959496791793,0.3618647149656482,-0.2806134339755584,
COL,2025Q4,industrycat10,5,6.606346062816234,-0.2806134339755584,0.34880760824175194,
COL,2026Q1,industrycat10,5,6.955153671057986,0.34880760824175194,-0.18133592105283913,
COL,2026Q2,industrycat10,5,6.773817750005147,-0.18133592105283913,,
COL,2022Q1,industrycat10,6,25.110834322693837,,-0.6612756326595353,
COL,2022Q2,industrycat10,6,24.4495586900343,-0.6612756326595353,0.4931403008699853,
COL,2022Q3,industrycat10,6,24.942698990904287,0.4931403008699853,-0.42963043175904403,
COL,2022Q4,industrycat10,6,24.513068559145243,-0.42963043175904403,0.8624917614617971,
COL,2023Q1,industrycat10,6,25.37556032060704,0.8624917614617971,-0.5265739058599372,
COL,2023Q2,industrycat10,6,24.848986414747102,-0.5265739058599372,-0.41235587025515485,
COL,2023Q3,industrycat10,6,24.436630544491948,-0.41235587025515485,0.2504218243875407,
COL,2023Q4,industrycat10,6,24.68705236887949,0.2504218243875407,0.0785470014901648,
COL,2024Q1,industrycat10,6,24.765599370369653,0.0785470014901648,0.16562224142952076,
COL,2024Q2,industrycat10,6,24.931221611799174,0.16562224142952076,-0.15156148913361278,
COL,2024Q3,industrycat10,6,24.77966012266556,-0.15156148913361278,0.5222080035551713,
COL,2024Q4,industrycat10,6,25.301868126220732,0.5222080035551713,-0.1207281087608365,
COL,2025Q1,industrycat10,6,25.181140017459896,-0.1207281087608365,-0.1396263203445507,
COL,2025Q2,industrycat10,6,25.041513697115345,-0.1396263203445507,-0.45566110749612676,
COL,2025Q3,industrycat10,6,24.58585258961922,-0.45566110749612676,0.31047622023537613,
COL,2025Q4,industrycat10,6,24.896328809854595,0.31047622023537613,-0.4334578587977589,
COL,2026Q1,industrycat10,6,24.462870951056836,-0.4334578587977589,0.3179018624939651,
COL,2026Q2,industrycat10,6,24.7807728135508,0.3179018624939651,,
COL,2022Q1,industrycat10,7,8.960686782691129,,0.30233471015458946,
COL,2022Q2,industrycat10,7,9.263021492845718,0.30233471015458946,-0.2801516980803669,
COL,2022Q3,industrycat10,7,8.982869794765351,-0.2801516980803669,-0.27417763498718983,
COL,2022Q4,industrycat10,7,8.708692159778161,-0.27417763498718983,0.4405363086431482,
COL,2023Q1,industrycat10,7,9.14922846842131,0.4405363086431482,0.11417501622424275,
COL,2023Q2,industrycat10,7,9.263403484645552,0.11417501622424275,0.2607767759874786,
COL,2023Q3,industrycat10,7,9.524180260633031,0.2607767759874786,-0.4409674665376606,
COL,2023Q4,industrycat10,7,9.08321279409537,-0.4409674665376606,0.12482313594508199,
COL,2024Q1,industrycat10,7,9.208035930040452,0.12482313594508199,0.018471768682404743,
COL,2024Q2,industrycat10,7,9.226507698722857,0.018471768682404743,-0.055109937049754976,
COL,2024Q3,industrycat10,7,9.171397761673102,-0.055109937049754976,-0.06326697884922972,
COL,2024Q4,industrycat10,7,9.108130782823872,-0.06326697884922972,0.19445802195390627,
COL,2025Q1,industrycat10,7,9.302588804777779,0.19445802195390627,0.02766624087494307,
COL,2025Q2,industrycat10,7,9.330255045652722,0.02766624087494307,0.11157224448911407,
COL,2025Q3,industrycat10,7,9.441827290141836,0.11157224448911407,-0.14878144181244046,
COL,2025Q4,industrycat10,7,9.293045848329395,-0.14878144181244046,0.05648439525354476,
COL,2026Q1,industrycat10,7,9.34953024358294,0.05648439525354476,-0.1687705465366207,
COL,2026Q2,industrycat10,7,9.18075969704632,-0.1687705465366207,,
COL,2022Q1,industrycat10,8,10.57000640519253,,-0.17229985762938504,
COL,2022Q2,industrycat10,8,10.397706547563144,-0.17229985762938504,0.6938279207554299,
COL,2022Q3,industrycat10,8,11.091534468318574,0.6938279207554299,-0.06624769330036173,
COL,2022Q4,industrycat10,8,11.025286775018213,-0.06624769330036173,0.035538996513789556,
COL,2023Q1,industrycat10,8,11.060825771532002,0.035538996513789556,-0.283955673824261,
COL,2023Q2,industrycat10,8,10.776870097707741,-0.283955673824261,0.2687946870856077,
COL,2023Q3,industrycat10,8,11.045664784793349,0.2687946870856077,0.2913624092185092,
COL,2023Q4,industrycat10,8,11.337027194011858,0.2913624092185092,-0.183813819044925,
COL,2024Q1,industrycat10,8,11.153213374966933,-0.183813819044925,-0.30530625872568606,
COL,2024Q2,industrycat10,8,10.847907116241247,-0.30530625872568606,0.11378747558017821,
COL,2024Q3,industrycat10,8,10.961694591821425,0.11378747558017821,-0.09364760359726532,
COL,2024Q4,industrycat10,8,10.86804698822416,-0.09364760359726532,-0.21800605756044789,
COL,2025Q1,industrycat10,8,10.650040930663712,-0.21800605756044789,0.20429224664373358,
COL,2025Q2,industrycat10,8,10.854333177307446,0.20429224664373358,0.022108828641423273,
COL,2025Q3,industrycat10,8,10.876442005948869,0.022108828641423273,-0.11526429678938754,
COL,2025Q4,industrycat10,8,10.761177709159481,-0.11526429678938754,0.6609532500078164,
COL,2026Q1,industrycat10,8,11.422130959167298,0.6609532500078164,-0.4250682423503367,
COL,2026Q2,industrycat10,8,10.997062716816961,-0.4250682423503367,,
COL,2022Q1,industrycat10,9,3.4294939923220387,,0.12370709489008513,
COL,2022Q2,industrycat10,9,3.553201087212124,0.12370709489008513,-0.23563173801371118,
COL,2022Q3,industrycat10,9,3.3175693491984126,-0.23563173801371118,-0.05811688828824302,
COL,2022Q4,industrycat10,9,3.2594524609101696,-0.05811688828824302,-0.1328172771502234,
COL,2023Q1,industrycat10,9,3.126635183759946,-0.1328172771502234,0.19887009892953555,
COL,2023Q2,industrycat10,9,3.3255052826894818,0.19887009892953555,0.09626369325194917,
COL,2023Q3,industrycat10,9,3.421768975941431,0.09626369325194917,0.08202039701826092,
COL,2023Q4,industrycat10,9,3.503789372959692,0.08202039701826092,-0.3353783699431565,
COL,2024Q1,industrycat10,9,3.1684110030165353,-0.3353783699431565,0.13661249527308028,
COL,2024Q2,industrycat10,9,3.3050234982896156,0.13661249527308028,0.15665917205517665,
COL,2024Q3,industrycat10,9,3.4616826703447923,0.15665917205517665,-0.1300649037540702,
COL,2024Q4,industrycat10,9,3.331617766590722,-0.1300649037540702,-0.1563720669112909,
COL,2025Q1,industrycat10,9,3.175245699679431,-0.1563720669112909,0.3125725345001902,
COL,2025Q2,industrycat10,9,3.4878182341796213,0.3125725345001902,0.16668561312801566,
COL,2025Q3,industrycat10,9,3.654503847307637,0.16668561312801566,-0.09373977492471619,
COL,2025Q4,industrycat10,9,3.560764072382921,-0.09373977492471619,0.05549156705580671,
COL,2026Q1,industrycat10,9,3.6162556394387275,0.05549156705580671,0.3395403477816865,
COL,2026Q2,industrycat10,9,3.955795987220414,0.3395403477816865,,
COL,2022Q1,industrycat10,NA,0.042826816339377675,,-0.0009890927122834861,
COL,2022Q2,industrycat10,NA,0.04183772362709419,-0.0009890927122834861,-0.02840449843930868,
COL,2022Q3,industrycat10,NA,0.013433225187785508,-0.02840449843930868,0.04045734041995648,
COL,2022Q4,industrycat10,NA,0.05389056560774199,0.04045734041995648,-0.04045172846814339,
COL,2023Q1,industrycat10,NA,0.0134388371395986,-0.04045172846814339,-0.00419257957436835,
COL,2023Q2,industrycat10,NA,0.00924625756523025,-0.00419257957436835,-0.0032495423360804016,
COL,2023Q3,industrycat10,NA,0.005996715229149849,-0.0032495423360804016,0.0025390862066793233,
COL,2023Q4,industrycat10,NA,0.008535801435829172,0.0025390862066793233,-0.006257913147205472,
COL,2024Q1,industrycat10,NA,0.0022778882886236996,-0.006257913147205472,0.0011312815142656579,
COL,2024Q2,industrycat10,NA,0.0034091698028893575,0.0011312815142656579,0.0005399313004342855,
COL,2024Q3,industrycat10,NA,0.003949101103323643,0.0005399313004342855,-0.0032251578997352544,
COL,2024Q4,industrycat10,NA,0.0007239432035883888,-0.0032251578997352544,0.010141725633021157,
COL,2025Q1,industrycat10,NA,0.010865668836609546,0.010141725633021157,-0.010574006957539435,
COL,2025Q3,industrycat10,NA,0.0002916618790701098,-0.010574006957539435,0.0031873336576608725,
COL,2025Q4,industrycat10,NA,0.003478995536730982,0.0031873336576608725,-0.0031736527689165527,
COL,2026Q1,industrycat10,NA,0.00030534276781442945,-0.0031736527689165527,0.00011217403545225435,
COL,2026Q2,industrycat10,NA,0.0004175168032666838,0.00011217403545225435,,
COL,2022Q1,lstatus,1,42.45155628529166,,1.282668809996295,
COL,2022Q2,lstatus,1,43.734225095287954,1.282668809996295,0.17768994252921289,
COL,2022Q3,lstatus,1,43.91191503781717,0.17768994252921289,0.5114058142404403,
COL,2022Q4,lstatus,1,44.42332085205761,0.5114058142404403,-0.8013462624437935,
COL,2023Q1,lstatus,1,43.621974589613814,-0.8013462624437935,1.0912547504715704,
COL,2023Q2,lstatus,1,44.713229340085384,1.0912547504715704,0.5960339118560256,
COL,2023Q3,lstatus,1,45.30926325194141,0.5960339118560256,-0.324934457312942,
COL,2023Q4,lstatus,1,44.98432879462847,-0.324934457312942,-1.392543466304943,
COL,2024Q1,lstatus,1,43.591785328323525,-1.392543466304943,0.9605498436118651,
COL,2024Q2,lstatus,1,44.55233517193539,0.9605498436118651,0.5475577983390068,
COL,2024Q3,lstatus,1,45.0998929702744,0.5475577983390068,0.3919758752215685,
COL,2024Q4,lstatus,1,45.491868845495965,0.3919758752215685,-0.46271099695520945,
COL,2025Q1,lstatus,1,45.029157848540756,-0.46271099695520945,0.454377724548948,
COL,2025Q2,lstatus,1,45.4835355730897,0.454377724548948,0.37091227426850537,
COL,2025Q3,lstatus,1,45.85444784735821,0.37091227426850537,0.8350129183290704,
COL,2025Q4,lstatus,1,46.68946076568728,0.8350129183290704,-1.0791150056209347,
COL,2026Q1,lstatus,1,45.610345760066345,-1.0791150056209347,0.9362686553332793,
COL,2026Q2,lstatus,1,46.546614415399624,0.9362686553332793,,
COL,2022Q1,lstatus,2,6.4644652519035875,,-1.0449018466734223,
COL,2022Q2,lstatus,2,5.419563405230165,-1.0449018466734223,-0.10875768486108228,
COL,2022Q3,lstatus,2,5.310805720369083,-0.10875768486108228,-0.4666590467394949,
COL,2022Q4,lstatus,2,4.844146673629588,-0.4666590467394949,0.9282559077040089,
COL,2023Q1,lstatus,2,5.772402581333597,0.9282559077040089,-0.7046020108017732,
COL,2023Q2,lstatus,2,5.067800570531824,-0.7046020108017732,-0.3844872426575394,
COL,2023Q3,lstatus,2,4.683313327874284,-0.3844872426575394,-0.006800595522694408,
COL,2023Q4,lstatus,2,4.67651273235159,-0.006800595522694408,1.1937053556736386,
COL,2024Q1,lstatus,2,5.870218088025228,1.1937053556736386,-0.6950670396360614,
COL,2024Q2,lstatus,2,5.175151048389167,-0.6950670396360614,-0.4005966210143894,
COL,2024Q3,lstatus,2,4.7745544273747775,-0.4005966210143894,-0.37918333137031013,
COL,2024Q4,lstatus,2,4.395371096004467,-0.37918333137031013,0.9005525711226268,
COL,2025Q1,lstatus,2,5.295923667127094,0.9005525711226268,-0.9120870652450002,
COL,2025Q2,lstatus,2,4.383836601882094,-0.9120870652450002,-0.10285744363061067,
COL,2025Q3,lstatus,2,4.280979158251483,-0.10285744363061067,-0.3666019506658551,
COL,2025Q4,lstatus,2,3.9143772075856282,-0.3666019506658551,0.9403951811614806,
COL,2026Q1,lstatus,2,4.854772388747109,0.9403951811614806,-0.6549741386894592,
COL,2026Q2,lstatus,2,4.19979825005765,-0.6549741386894592,,
COL,2022Q1,lstatus,3,28.21368719974364,,-0.1705819820660217,
COL,2022Q2,lstatus,3,28.043105217677617,-0.1705819820660217,-0.005257502716759177,
COL,2022Q3,lstatus,3,28.037847714960858,-0.005257502716759177,0.019883527159091585,
COL,2022Q4,lstatus,3,28.05773124211995,0.019883527159091585,-0.06159663891924794,
COL,2023Q1,lstatus,3,27.9961346032007,-0.06159663891924794,-0.317195254787876,
COL,2023Q2,lstatus,3,27.678939348412825,-0.317195254787876,-0.1364898989794412,
COL,2023Q3,lstatus,3,27.542449449433384,-0.1364898989794412,0.4151249306930147,
COL,2023Q4,lstatus,3,27.9575743801264,0.4151249306930147,0.2843495947931238,
COL,2024Q1,lstatus,3,28.241923974919523,0.2843495947931238,-0.18064586561639118,
COL,2024Q2,lstatus,3,28.06127810930313,-0.18064586561639118,-0.06802715481669708,
COL,2024Q3,lstatus,3,27.993250954486435,-0.06802715481669708,0.0634566205063436,
COL,2024Q4,lstatus,3,28.056707574992778,0.0634566205063436,-0.36539022164392776,
COL,2025Q1,lstatus,3,27.69131735334885,-0.36539022164392776,0.5287884736798141,
COL,2025Q2,lstatus,3,28.220105827028664,0.5287884736798141,-0.19774929998156665,
COL,2025Q3,lstatus,3,28.022356527047098,-0.19774929998156665,-0.3939817080526886,
COL,2025Q4,lstatus,3,27.62837481899441,-0.3939817080526886,0.21346144727856853,
COL,2026Q1,lstatus,3,27.841836266272978,0.21346144727856853,-0.20600148308960442,
COL,2026Q2,lstatus,3,27.635834783183373,-0.20600148308960442,,
COL,2022Q1,lstatus,NA,22.87029126306112,,-0.06718498125684746,
COL,2022Q2,lstatus,NA,22.803106281804272,-0.06718498125684746,-0.06367475495137498,
COL,2022Q3,lstatus,NA,22.739431526852897,-0.06367475495137498,-0.06463029466003434,
COL,2022Q4,lstatus,NA,22.674801232192863,-0.06463029466003434,-0.06531300634097903,
COL,2023Q1,lstatus,NA,22.609488225851884,-0.06531300634097903,-0.06945748488192294,
COL,2023Q2,lstatus,NA,22.54003074096996,-0.06945748488192294,-0.07505677021903523,
COL,2023Q3,lstatus,NA,22.464973970750926,-0.07505677021903523,-0.08338987785738894,
COL,2023Q4,lstatus,NA,22.381584092893537,-0.08338987785738894,-0.08551148416182386,
COL,2024Q1,lstatus,NA,22.296072608731713,-0.08551148416182386,-0.08483693835939476,
COL,2024Q2,lstatus,NA,22.211235670372318,-0.08483693835939476,-0.07893402250793713,
COL,2024Q3,lstatus,NA,22.13230164786438,-0.07893402250793713,-0.07624916435760198,
COL,2024Q4,lstatus,NA,22.05605248350678,-0.07624916435760198,-0.07245135252347268,
COL,2025Q1,lstatus,NA,21.983601130983306,-0.07245135252347268,-0.07107913298376545,
COL,2025Q2,lstatus,NA,21.91252199799954,-0.07107913298376545,-0.07030553065633427,
COL,2025Q3,lstatus,NA,21.842216467343206,-0.07030553065633427,-0.07442925961052183,
COL,2025Q4,lstatus,NA,21.767787207732685,-0.07442925961052183,-0.074741622819122,
COL,2026Q1,lstatus,NA,21.693045584913563,-0.074741622819122,-0.0752930335542139,
COL,2026Q2,lstatus,NA,21.61775255135935,-0.0752930335542139,,
COL,2022Q1,occup,0,0.10679664138268688,,-0.021029325378128016,
COL,2022Q2,occup,0,0.08576731600455886,-0.021029325378128016,0.010536269446881644,
COL,2022Q3,occup,0,0.09630358545144051,0.010536269446881644,-0.03359371244132686,
COL,2022Q4,occup,0,0.06270987301011365,-0.03359371244132686,0.03614358331346018,
COL,2023Q1,occup,0,0.09885345632357383,0.03614358331346018,-0.03882208911911861,
COL,2023Q2,occup,0,0.06003136720445522,-0.03882208911911861,0.02146627910308084,
COL,2023Q3,occup,0,0.08149764630753606,0.02146627910308084,0.015239589716362564,
COL,2023Q4,occup,0,0.09673723602389862,0.015239589716362564,0.00903663353154989,
COL,2024Q1,occup,0,0.10577386955544851,0.00903663353154989,0.011022255160171579,
COL,2024Q2,occup,0,0.11679612471562009,0.011022255160171579,-0.03547605378822842,
COL,2024Q3,occup,0,0.08132007092739167,-0.03547605378822842,-0.0001488145334635066,
COL,2024Q4,occup,0,0.08117125639392817,-0.0001488145334635066,0.028207749073803107,
COL,2025Q1,occup,0,0.10937900546773127,0.028207749073803107,-0.020823652140414733,
COL,2025Q2,occup,0,0.08855535332731654,-0.020823652140414733,-0.022052910867565,
COL,2025Q3,occup,0,0.06650244245975154,-0.022052910867565,-0.008830663306817678,
COL,2025Q4,occup,0,0.05767177915293386,-0.008830663306817678,0.02035174630005774,
COL,2026Q1,occup,0,0.0780235254529916,0.02035174630005774,0.0003194537511415213,
COL,2026Q2,occup,0,0.07834297920413312,0.0003194537511415213,,
COL,2022Q1,occup,1,6.068488272611638,,-0.058858796693507465,
COL,2022Q2,occup,1,6.00962947591813,-0.058858796693507465,1.0059682005314237,
COL,2022Q3,occup,1,7.015597676449554,1.0059682005314237,-0.17164945119009012,
COL,2022Q4,occup,1,6.843948225259464,-0.17164945119009012,-0.41193250367727785,
COL,2023Q1,occup,1,6.432015721582186,-0.41193250367727785,-0.1241770225848029,
COL,2023Q2,occup,1,6.307838698997383,-0.1241770225848029,0.028582491533112098,
COL,2023Q3,occup,1,6.336421190530495,0.028582491533112098,-0.2778470975249787,
COL,2023Q4,occup,1,6.058574093005516,-0.2778470975249787,0.23856237754235377,
COL,2024Q1,occup,1,6.29713647054787,0.23856237754235377,-0.02743926098059113,
COL,2024Q2,occup,1,6.269697209567279,-0.02743926098059113,-0.1725490503354834,
COL,2024Q3,occup,1,6.0971481592317955,-0.1725490503354834,0.22888332706041314,
COL,2024Q4,occup,1,6.326031486292209,0.22888332706041314,-0.6739707615158679,
COL,2025Q1,occup,1,5.652060724776341,-0.6739707615158679,0.42181114155023103,
COL,2025Q2,occup,1,6.073871866326572,0.42181114155023103,-0.3585783356816856,
COL,2025Q3,occup,1,5.715293530644886,-0.3585783356816856,-0.23387903172640723,
COL,2025Q4,occup,1,5.481414498918479,-0.23387903172640723,0.5677004479348353,
COL,2026Q1,occup,1,6.049114946853314,0.5677004479348353,-0.2813005697814388,
COL,2026Q2,occup,1,5.7678143770718755,-0.2813005697814388,,
COL,2022Q1,occup,2,10.723847663187344,,0.7111727095480695,
COL,2022Q2,occup,2,11.435020372735414,0.7111727095480695,-0.16902750404082667,
COL,2022Q3,occup,2,11.265992868694587,-0.16902750404082667,-0.30244754084146663,
COL,2022Q4,occup,2,10.96354532785312,-0.30244754084146663,-0.19426379299190621,
COL,2023Q1,occup,2,10.769281534861214,-0.19426379299190621,0.4534715244207774,
COL,2023Q2,occup,2,11.222753059281992,0.4534715244207774,0.060195203297050526,
COL,2023Q3,occup,2,11.282948262579042,0.060195203297050526,-0.13599078823628652,
COL,2023Q4,occup,2,11.146957474342756,-0.13599078823628652,-0.5592785028486702,
COL,2024Q1,occup,2,10.587678971494086,-0.5592785028486702,0.7165133256880072,
COL,2024Q2,occup,2,11.304192297182093,0.7165133256880072,-0.00992100657179229,
COL,2024Q3,occup,2,11.2942712906103,-0.00992100657179229,-0.7499276539702127,
COL,2024Q4,occup,2,10.544343636640088,-0.7499276539702127,0.12880107533471374,
COL,2025Q1,occup,2,10.673144711974802,0.12880107533471374,0.6994956733861244,
COL,2025Q2,occup,2,11.372640385360926,0.6994956733861244,-0.12830078884222473,
COL,2025Q3,occup,2,11.244339596518701,-0.12830078884222473,-0.13946670564756403,
COL,2025Q4,occup,2,11.104872890871137,-0.13946670564756403,0.9904035410391288,
COL,2026Q1,occup,2,12.095276431910266,0.9904035410391288,-0.2165114771869554,
COL,2026Q2,occup,2,11.87876495472331,-0.2165114771869554,,
COL,2022Q1,occup,3,6.3331026910491515,,0.6507700362475504,
COL,2022Q2,occup,3,6.983872727296702,0.6507700362475504,-0.3885352640832389,
COL,2022Q3,occup,3,6.595337463213463,-0.3885352640832389,-0.145718078325749,
COL,2022Q4,occup,3,6.449619384887714,-0.145718078325749,0.4912389895925857,
COL,2023Q1,occup,3,6.9408583744803,0.4912389895925857,0.15400698030465065,
COL,2023Q2,occup,3,7.09486535478495,0.15400698030465065,-0.06429670593065229,
COL,2023Q3,occup,3,7.030568648854298,-0.06429670593065229,-0.21353666250180936,
COL,2023Q4,occup,3,6.817031986352489,-0.21353666250180936,-0.28825799880431724,
COL,2024Q1,occup,3,6.528773987548171,-0.28825799880431724,0.2625014250169322,
COL,2024Q2,occup,3,6.791275412565104,0.2625014250169322,0.11551912697635469,
COL,2024Q3,occup,3,6.906794539541458,0.11551912697635469,-0.32641688438729055,
COL,2024Q4,occup,3,6.580377655154168,-0.32641688438729055,-0.04923861235844118,
COL,2025Q1,occup,3,6.5311390427957265,-0.04923861235844118,0.1638067640734997,
COL,2025Q2,occup,3,6.694945806869226,0.1638067640734997,0.699358928018639,
COL,2025Q3,occup,3,7.394304734887865,0.699358928018639,-0.18703134296210333,
COL,2025Q4,occup,3,7.207273391925762,-0.18703134296210333,-0.4033467205850112,
COL,2026Q1,occup,3,6.803926671340751,-0.4033467205850112,0.11028656842360895,
COL,2026Q2,occup,3,6.91421323976436,0.11028656842360895,,
COL,2022Q1,occup,4,5.832394491709301,,-0.11882444929376934,
COL,2022Q2,occup,4,5.713570042415531,-0.11882444929376934,-0.2941713936886243,
COL,2022Q3,occup,4,5.419398648726907,-0.2941713936886243,0.21415345391062335,
COL,2022Q4,occup,4,5.63355210263753,0.21415345391062335,0.07202059892868018,
COL,2023Q1,occup,4,5.7055727015662105,0.07202059892868018,0.13278299755164014,
COL,2023Q2,occup,4,5.838355699117851,0.13278299755164014,0.008200881635340274,
COL,2023Q3,occup,4,5.846556580753191,0.008200881635340274,0.2656598993096857,
COL,2023Q4,occup,4,6.112216480062877,0.2656598993096857,0.0900377384414508,
COL,2024Q1,occup,4,6.2022542185043275,0.0900377384414508,-0.007327432329156558,
COL,2024Q2,occup,4,6.194926786175171,-0.007327432329156558,0.14830204970542749,
COL,2024Q3,occup,4,6.343228835880598,0.14830204970542749,-0.33195708486510167,
COL,2024Q4,occup,4,6.011271751015497,-0.33195708486510167,-0.05324151259920473,
COL,2025Q1,occup,4,5.958030238416292,-0.05324151259920473,0.1789979956366654,
COL,2025Q2,occup,4,6.137028234052957,0.1789979956366654,0.0022780545030949284,
COL,2025Q3,occup,4,6.139306288556052,0.0022780545030949284,-0.43700028287466086,
COL,2025Q4,occup,4,5.7023060056813915,-0.43700028287466086,0.35104280983378633,
COL,2026Q1,occup,4,6.053348815515178,0.35104280983378633,-0.034141389451478155,
COL,2026Q2,occup,4,6.0192074260637,-0.034141389451478155,,
COL,2022Q1,occup,5,21.72266226316649,,-0.43893153006160546,
COL,2022Q2,occup,5,21.283730733104886,-0.43893153006160546,-0.4221211313190345,
COL,2022Q3,occup,5,20.86160960178585,-0.4221211313190345,-0.1392292225325349,
COL,2022Q4,occup,5,20.722380379253316,-0.1392292225325349,-0.10055218810565947,
COL,2023Q1,occup,5,20.621828191147657,-0.10055218810565947,0.33106083429779787,
COL,2023Q2,occup,5,20.952889025445455,0.33106083429779787,-0.0735693431124318,
COL,2023Q3,occup,5,20.879319682333023,-0.0735693431124318,0.328500985360364,
COL,2023Q4,occup,5,21.207820667693387,0.328500985360364,-0.09042951164071766,
COL,2024Q1,occup,5,21.11739115605267,-0.09042951164071766,-0.3079534157661321,
COL,2024Q2,occup,5,20.809437740286537,-0.3079534157661321,0.3441928233903724,
COL,2024Q3,occup,5,21.15363056367691,0.3441928233903724,1.0406873884922696,
COL,2024Q4,occup,5,22.19431795216918,1.0406873884922696,-0.5664142433732771,
COL,2025Q1,occup,5,21.627903708795902,-0.5664142433732771,-0.11732018094016183,
COL,2025Q2,occup,5,21.51058352785574,-0.11732018094016183,-0.13229820243606483,
COL,2025Q3,occup,5,21.378285325419675,-0.13229820243606483,0.6370828486760551,
COL,2025Q4,occup,5,22.01536817409573,0.6370828486760551,-0.5663883899007018,
COL,2026Q1,occup,5,21.44897978419503,-0.5663883899007018,0.6603716381351923,
COL,2026Q2,occup,5,22.10935142233022,0.6603716381351923,,
COL,2022Q1,occup,6,6.508939452267993,,-0.017325004747648087,
COL,2022Q2,occup,6,6.4916144475203446,-0.017325004747648087,0.03342992493916164,
COL,2022Q3,occup,6,6.525044372459506,0.03342992493916164,-0.0588500446463458,
COL,2022Q4,occup,6,6.46619432781316,-0.0588500446463458,-0.8712078996782786,
COL,2023Q1,occup,6,5.594986428134882,-0.8712078996782786,0.21362608245064152,
COL,2023Q2,occup,6,5.808612510585523,0.21362608245064152,0.09282382571980907,
COL,2023Q3,occup,6,5.901436336305332,0.09282382571980907,0.23255581689466442,
COL,2023Q4,occup,6,6.133992153199997,0.23255581689466442,-0.6147743844274007,
COL,2024Q1,occup,6,5.519217768772596,-0.6147743844274007,0.006499167291670993,
COL,2024Q2,occup,6,5.525716936064267,0.006499167291670993,0.23165237864694,
COL,2024Q3,occup,6,5.757369314711207,0.23165237864694,-0.4329747884213937,
COL,2024Q4,occup,6,5.324394526289813,-0.4329747884213937,0.17210870992132765,
COL,2025Q1,occup,6,5.496503236211141,0.17210870992132765,-0.414392055420965,
COL,2025Q2,occup,6,5.082111180790176,-0.414392055420965,0.2523662079533766,
COL,2025Q3,occup,6,5.334477388743553,0.2523662079533766,0.3621614082830824,
COL,2025Q4,occup,6,5.696638797026635,0.3621614082830824,-0.01807415999825146,
COL,2026Q1,occup,6,5.6785646370283835,-0.01807415999825146,-0.1838220331684708,
COL,2026Q2,occup,6,5.494742603859913,-0.1838220331684708,,
COL,2022Q1,occup,7,11.31714639404683,,-0.8821425438998389,
COL,2022Q2,occup,7,10.435003850146991,-0.8821425438998389,0.30479787653346513,
COL,2022Q3,occup,7,10.739801726680456,0.30479787653346513,-0.13188829235470578,
COL,2022Q4,occup,7,10.60791343432575,-0.13188829235470578,0.01602183650651945,
COL,2023Q1,occup,7,10.62393527083227,0.01602183650651945,0.005459383453157329,
COL,2023Q2,occup,7,10.629394654285427,0.005459383453157329,-0.34230770954920153,
COL,2023Q3,occup,7,10.287086944736226,-0.34230770954920153,-0.20253481076215074,
COL,2023Q4,occup,7,10.084552133974075,-0.20253481076215074,0.6555882194413805,
COL,2024Q1,occup,7,10.740140353415455,0.6555882194413805,-0.32688148219236624,
COL,2024Q2,occup,7,10.41325887122309,-0.32688148219236624,-0.10636585448651914,
COL,2024Q3,occup,7,10.30689301673657,-0.10636585448651914,0.22402265512392283,
COL,2024Q4,occup,7,10.530915671860493,0.22402265512392283,0.25711897185798804,
COL,2025Q1,occup,7,10.78803464371848,0.25711897185798804,-0.12484220871815488,
COL,2025Q2,occup,7,10.663192435000326,-0.12484220871815488,-0.3465630630656271,
COL,2025Q3,occup,7,10.316629371934699,-0.3465630630656271,0.010404706932982677,
COL,2025Q4,occup,7,10.327034078867682,0.010404706932982677,-0.16225775000248,
COL,2026Q1,occup,7,10.164776328865202,-0.16225775000248,0.13013504145781774,
COL,2026Q2,occup,7,10.29491137032302,0.13013504145781774,,
COL,2022Q1,occup,8,8.04022030468638,,0.1342438453719037,
COL,2022Q2,occup,8,8.174464150058284,0.1342438453719037,0.15748911682876887,
COL,2022Q3,occup,8,8.331953266887053,0.15748911682876887,0.16220772987459142,
COL,2022Q4,occup,8,8.494160996761645,0.16220772987459142,-0.3365969149906203,
COL,2023Q1,occup,8,8.157564081771024,-0.3365969149906203,0.046246354379787746,
COL,2023Q2,occup,8,8.203810436150812,0.046246354379787746,0.2772629425904043,
COL,2023Q3,occup,8,8.481073378741216,0.2772629425904043,0.32162015809720934,
COL,2023Q4,occup,8,8.802693536838426,0.32162015809720934,0.019153165458625665,
COL,2024Q1,occup,8,8.821846702297051,0.019153165458625665,-0.3116198865237365,
COL,2024Q2,occup,8,8.510226815773315,-0.3116198865237365,-0.253799188033101,
COL,2024Q3,occup,8,8.256427627740214,-0.253799188033101,0.6395776001646976,
COL,2024Q4,occup,8,8.896005227904912,0.6395776001646976,0.010429921519957475,
COL,2025Q1,occup,8,8.906435149424869,0.010429921519957475,-0.2179638802879449,
COL,2025Q2,occup,8,8.688471269136924,-0.2179638802879449,0.06397416977983816,
COL,2025Q3,occup,8,8.752445438916762,0.06397416977983816,0.2462314798737868,
COL,2025Q4,occup,8,8.998676918790549,0.2462314798737868,-0.35548026189267823,
COL,2026Q1,occup,8,8.64319665689787,-0.35548026189267823,0.10092622689613151,
COL,2026Q2,occup,8,8.744122883794002,0.10092622689613151,,
COL,2022Q1,occup,9,23.241805684020157,,0.1272258275708431,
COL,2022Q2,occup,9,23.369031511591,0.1272258275708431,-0.2273710605860515,
COL,2022Q3,occup,9,23.14166045100495,-0.2273710605860515,0.5462933445609472,
COL,2022Q4,occup,9,23.687953795565896,0.5462933445609472,1.3421505434397005,
COL,2023Q1,occup,9,25.030104339005597,1.3421505434397005,-1.1551571512849144,
COL,2023Q2,occup,9,23.874947187720682,-1.1551571512849144,-0.0036985909213846924,
COL,2023Q3,occup,9,23.871248596799298,-0.0036985909213846924,-0.33611471502328527,
COL,2023Q4,occup,9,23.535133881776012,-0.33611471502328527,0.5411061071066214,
COL,2024Q1,occup,9,24.076239988882634,0.5411061071066214,-0.015076782033958125,
COL,2024Q2,occup,9,24.061163206848676,-0.015076782033958125,-0.26104607053109774,
COL,2024Q3,occup,9,23.800117136317578,-0.26104607053109774,-0.2902519656172551,
COL,2024Q4,occup,9,23.509865170700323,-0.2902519656172551,0.7438301341184186,
COL,2025Q1,occup,9,24.25369530481874,0.7438301341184186,-0.5698581521992772,
COL,2025Q2,occup,9,23.683837152619464,-0.5698581521992772,-0.025726812981396563,
COL,2025Q3,occup,9,23.658110339638068,-0.025726812981396563,-0.2528458705050909,
COL,2025Q4,occup,9,23.405264469132977,-0.2528458705050909,-0.42077760995977087,
COL,2026Q1,occup,9,22.984486859173206,-0.42077760995977087,-0.28652055542728405,
COL,2026Q2,occup,9,22.697966303745922,-0.28652055542728405,,
COL,2022Q1,occup,NA,0.10459614187201308,,-0.0863007686638394,
COL,2022Q2,occup,NA,0.01829537320817368,-0.0863007686638394,-0.010995034561932265,
COL,2022Q3,occup,NA,0.0073003386462414145,-0.010995034561932265,0.06072181398603503,
COL,2022Q4,occup,NA,0.06802215263227644,0.06072181398603503,-0.043022252337208994,
COL,2023Q1,occup,NA,0.024999900295067445,-0.043022252337208994,-0.018497893869594013,
COL,2023Q2,occup,NA,0.006502006425473432,-0.018497893869594013,-0.004659274365135229,
COL,2023Q3,occup,NA,0.0018427320603382029,-0.004659274365135229,0.002447624670243182,
COL,2023Q4,occup,NA,0.004290356730581385,0.002447624670243182,-0.0007438438008875916,
COL,2024Q1,occup,NA,0.0035465129296937932,-0.0007438438008875916,-0.00023791333086124657,
COL,2024Q2,occup,NA,0.0033085995988325467,-0.00023791333086124657,-0.0005091549728591231,
COL,2024Q3,occup,NA,0.0027994446259734236,-0.0005091549728591231,-0.0014937790465857968,
COL,2024Q4,occup,NA,0.0013056655793876268,-0.0014937790465857968,0.00236856802057356,
COL,2025Q1,occup,NA,0.003674233599961187,0.00236856802057356,0.0010885550604233948,
COL,2025Q2,occup,NA,0.004762788660384582,0.0010885550604233948,-0.004457246380374932,
COL,2025Q3,occup,NA,0.00030554228000965013,-0.004457246380374932,0.0031734532567213327,
COL,2025Q4,occup,NA,0.003478995536730983,0.0031734532567213327,-0.0031736527689165545,
COL,2026Q1,occup,NA,0.0003053427678144286,-0.0031736527689165545,0.0002570963517450988,
COL,2026Q2,occup,NA,0.0005624391195595274,0.0002570963517450988,,
COL,2022Q1,socialsec,0,57.4514606088542,,-0.3696765294240052,
COL,2022Q2,socialsec,0,57.08178407943019,-0.3696765294240052,0.9172425918246816,
COL,2022Q3,socialsec,0,57.999026671254875,0.9172425918246816,-0.4186031392204512,
COL,2022Q4,socialsec,0,57.58042353203442,-0.4186031392204512,0.40272317941985136,
COL,2023Q1,socialsec,0,57.983146711454275,0.40272317941985136,-2.4141879818357665,
COL,2023Q2,socialsec,0,55.56895872961851,-2.4141879818357665,0.2218887601033046,
COL,2023Q3,socialsec,0,55.79084748972181,0.2218887601033046,-0.7954944466416265,
COL,2023Q4,socialsec,0,54.995353043080186,-0.7954944466416265,0.8325546137908972,
COL,2024Q1,socialsec,0,55.82790765687108,0.8325546137908972,-0.4856732087011153,
COL,2024Q2,socialsec,0,55.34223444816997,-0.4856732087011153,0.03217498138688768,
COL,2024Q3,socialsec,0,55.374409429556856,0.03217498138688768,-0.13065774220975612,
COL,2024Q4,socialsec,0,55.2437516873471,-0.13065774220975612,1.1329611737736869,
COL,2025Q1,socialsec,0,56.37671286112079,1.1329611737736869,-1.8368951883881763,
COL,2025Q2,socialsec,0,54.53981767273261,-1.8368951883881763,-0.15316063197218455,
COL,2025Q3,socialsec,0,54.386657040760426,-0.15316063197218455,0.8188379085742028,
COL,2025Q4,socialsec,0,55.20549494933463,0.8188379085742028,-0.8933024994345189,
COL,2026Q1,socialsec,0,54.31219244990011,-0.8933024994345189,-0.41296621218295115,
COL,2026Q2,socialsec,0,53.89922623771716,-0.41296621218295115,,
COL,2022Q1,socialsec,1,41.15587883748948,,0.4237184044702147,
COL,2022Q2,socialsec,1,41.579597241959696,0.4237184044702147,-1.0666116178423763,
COL,2022Q3,socialsec,1,40.51298562411732,-1.0666116178423763,0.5515143702305565,
COL,2022Q4,socialsec,1,41.06449999434788,0.5515143702305565,-0.4519819484568828,
COL,2023Q1,socialsec,1,40.612518045890994,-0.4519819484568828,2.2113103083394776,
COL,2023Q2,socialsec,1,42.82382835423047,2.2113103083394776,-0.17144607032781067,
COL,2023Q3,socialsec,1,42.65238228390266,-0.17144607032781067,0.9078498791560818,
COL,2023Q4,socialsec,1,43.56023216305874,0.9078498791560818,-1.0505982510827678,
COL,2024Q1,socialsec,1,42.509633911975975,-1.0505982510827678,0.6364990667956434,
COL,2024Q2,socialsec,1,43.14613297877162,0.6364990667956434,-0.11417364841356203,
COL,2024Q3,socialsec,1,43.031959330358056,-0.11417364841356203,0.049132421660473824,
COL,2024Q4,socialsec,1,43.08109175201853,0.049132421660473824,-1.117812931034507,
COL,2025Q1,socialsec,1,41.96327882098402,-1.117812931034507,1.872458458309893,
COL,2025Q2,socialsec,1,43.835737279293916,1.872458458309893,0.18270186972921465,
COL,2025Q3,socialsec,1,44.01843914902313,0.18270186972921465,-0.9360772458061106,
COL,2025Q4,socialsec,1,43.08236190321702,-0.9360772458061106,0.8146332751727883,
COL,2026Q1,socialsec,1,43.89699517838981,0.8146332751727883,0.4461363266075651,
COL,2026Q2,socialsec,1,44.34313150499737,0.4461363266075651,,
COL,2022Q1,socialsec,NA,1.3926605536563172,,-0.05404187504619995,
COL,2022Q2,socialsec,NA,1.3386186786101173,-0.05404187504619995,0.1493690260176841,
COL,2022Q3,socialsec,NA,1.4879877046278014,0.1493690260176841,-0.1329112310100906,
COL,2022Q4,socialsec,NA,1.3550764736177108,-0.1329112310100906,0.04925876903700677,
COL,2023Q1,socialsec,NA,1.4043352426547175,0.04925876903700677,0.20287767349630204,
COL,2023Q2,socialsec,NA,1.6072129161510196,0.20287767349630204,-0.05044268977549704,
COL,2023Q3,socialsec,NA,1.5567702263755225,-0.05044268977549704,-0.11235543251444358,
COL,2023Q4,socialsec,NA,1.444414793861079,-0.11235543251444358,0.21804363729186904,
COL,2024Q1,socialsec,NA,1.662458431152948,0.21804363729186904,-0.15082585809453253,
COL,2024Q2,socialsec,NA,1.5116325730584155,-0.15082585809453253,0.0819986670266748,
COL,2024Q3,socialsec,NA,1.5936312400850903,0.0819986670266748,0.08152532054927697,
COL,2024Q4,socialsec,NA,1.6751565606343672,0.08152532054927697,-0.01514824273917914,
COL,2025Q1,socialsec,NA,1.660008317895188,-0.01514824273917914,-0.035563269921709884,
COL,2025Q2,socialsec,NA,1.6244450479734782,-0.035563269921709884,-0.029541237757040095,
COL,2025Q3,socialsec,NA,1.5949038102164381,-0.029541237757040095,0.11723933723190827,
COL,2025Q4,socialsec,NA,1.7121431474483464,0.11723933723190827,0.07866922426173262,
COL,2026Q1,socialsec,NA,1.790812371710079,0.07866922426173262,-0.03317011442462503,
COL,2026Q2,socialsec,NA,1.757642257285454,-0.03317011442462503,,
COL,2022Q1,urban,0,22.93897955714334,,-0.027905222038071997,
COL,2022Q2,urban,0,22.91107433510527,-0.027905222038071997,-0.027685848154497705,
COL,2022Q3,urban,0,22.88338848695077,-0.027685848154497705,-0.02785610005386019,
COL,2022Q4,urban,0,22.85553238689691,-0.02785610005386019,-0.027776096371113113,
COL,2023Q1,urban,0,22.827756290525798,-0.027776096371113113,-0.026128789566747912,
COL,2023Q2,urban,0,22.80162750095905,-0.026128789566747912,-0.02652307387389996,
COL,2023Q3,urban,0,22.77510442708515,-0.02652307387389996,-0.024231399636580164,
COL,2023Q4,urban,0,22.75087302744857,-0.024231399636580164,-0.023779054010098832,
COL,2024Q1,urban,0,22.72709397343847,-0.023779054010098832,-0.02204225078073918,
COL,2024Q2,urban,0,22.705051722657732,-0.02204225078073918,-0.0225965282916043,
COL,2024Q3,urban,0,22.682455194366128,-0.0225965282916043,-0.020468880790094346,
COL,2024Q4,urban,0,22.661986313576033,-0.020468880790094346,-0.020080863603155308,
COL,2025Q1,urban,0,22.641905449972878,-0.020080863603155308,-0.018482292984788984,
COL,2025Q2,urban,0,22.62342315698809,-0.018482292984788984,-0.01892725682014884,
COL,2025Q3,urban,0,22.60449590016794,-0.01892725682014884,-0.016782377674463334,
COL,2025Q4,urban,0,22.587713522493477,-0.016782377674463334,-0.016223041595271326,
COL,2026Q1,urban,0,22.571490480898206,-0.016223041595271326,-0.014398619022799153,
COL,2026Q2,urban,0,22.557091861875406,-0.014398619022799153,,
COL,2022Q1,urban,1,77.06102044285666,,0.027905222038057786,
COL,2022Q2,urban,1,77.08892566489472,0.027905222038057786,0.02768584815450481,
COL,2022Q3,urban,1,77.11661151304922,0.02768584815450481,0.027856100053867294,
COL,2022Q4,urban,1,77.14446761310309,0.027856100053867294,0.027776096371113113,
COL,2023Q1,urban,1,77.1722437094742,0.027776096371113113,0.026128789566740807,
COL,2023Q2,urban,1,77.19837249904094,0.026128789566740807,0.026523073873917724,
COL,2023Q3,urban,1,77.22489557291486,0.026523073873917724,0.02423139963657661,
COL,2023Q4,urban,1,77.24912697255144,0.02423139963657661,0.023779054010091727,
COL,2024Q1,urban,1,77.27290602656153,0.023779054010091727,0.022042250780728523,
COL,2024Q2,urban,1,77.29494827734226,0.022042250780728523,0.02259652829161496,
COL,2024Q3,urban,1,77.31754480563387,0.02259652829161496,0.020468880790090793,
COL,2024Q4,urban,1,77.33801368642396,0.020468880790090793,0.02008086360316952,
COL,2025Q1,urban,1,77.35809455002713,0.02008086360316952,0.01848229298477122,
COL,2025Q2,urban,1,77.3765768430119,0.01848229298477122,0.018927256820163052,
COL,2025Q3,urban,1,77.39550409983207,0.018927256820163052,0.01678237767445978,
COL,2025Q4,urban,1,77.41228647750653,0.01678237767445978,0.016223041595267773,
COL,2026Q1,urban,1,77.4285095191018,0.016223041595267773,0.014398619022799153,
COL,2026Q2,urban,1,77.4429081381246,0.014398619022799153,,
ARG,2021Q1,educat7,1,7.478604781912039,,0.545871432238072,
ARG,2021Q2,educat7,1,8.024476214150111,0.545871432238072,0.2490563387452145,
ARG,2021Q3,educat7,1,8.273532552895325,0.2490563387452145,0.5693153348512556,
ARG,2021Q4,educat7,1,8.842847887746581,0.5693153348512556,-0.9400239310565484,
ARG,2022Q1,educat7,1,7.902823956690033,-0.9400239310565484,-0.25831768066060334,
ARG,2022Q2,educat7,1,7.644506276029429,-0.25831768066060334,0.3705335424052203,
ARG,2022Q3,educat7,1,8.01503981843465,0.3705335424052203,0.10008523007604175,
ARG,2022Q4,educat7,1,8.115125048510691,0.10008523007604175,-0.49481419622441614,
ARG,2023Q1,educat7,1,7.620310852286275,-0.49481419622441614,-0.2634490046488862,
ARG,2023Q2,educat7,1,7.356861847637389,-0.2634490046488862,0.046709970394753775,
ARG,2023Q3,educat7,1,7.403571818032143,0.046709970394753775,0.3850812882264991,
ARG,2023Q4,educat7,1,7.788653106258642,0.3850812882264991,-0.8711381651643766,
ARG,2024Q1,educat7,1,6.917514941094265,-0.8711381651643766,0.28039571154118104,
ARG,2024Q2,educat7,1,7.197910652635446,0.28039571154118104,0.1915889611786854,
ARG,2024Q3,educat7,1,7.389499613814132,0.1915889611786854,0.0019439849777258544,
ARG,2024Q4,educat7,1,7.391443598791858,0.0019439849777258544,-1.1631428864096014,
ARG,2025Q1,educat7,1,6.228300712382256,-1.1631428864096014,0.25418780966784205,
ARG,2025Q2,educat7,1,6.482488522050098,0.25418780966784205,0.34329350809318715,
ARG,2025Q3,educat7,1,6.825782030143285,0.34329350809318715,-0.25674879658438154,
ARG,2025Q4,educat7,1,6.569033233558904,-0.25674879658438154,-0.18577878847526375,
ARG,2026Q1,educat7,1,6.38325444508364,-0.18577878847526375,,
ARG,2021Q1,educat7,2,14.848653135899859,,-0.4293067135210631,
ARG,2021Q2,educat7,2,14.419346422378796,-0.4293067135210631,0.5004203287478024,
ARG,2021Q3,educat7,2,14.919766751126598,0.5004203287478024,-0.2798090701097955,
ARG,2021Q4,educat7,2,14.639957681016803,-0.2798090701097955,0.3689568817517106,
ARG,2022Q1,educat7,2,15.008914562768513,0.3689568817517106,-0.06614309925306117,
ARG,2022Q2,educat7,2,14.942771463515452,-0.06614309925306117,0.041585029695536235,
ARG,2022Q3,educat7,2,14.984356493210989,0.041585029695536235,-0.25109021757719496,
ARG,2022Q4,educat7,2,14.733266275633794,-0.25109021757719496,-0.4696259437521313,
ARG,2023Q1,educat7,2,14.263640331881662,-0.4696259437521313,0.4328718075545268,
ARG,2023Q2,educat7,2,14.696512139436189,0.4328718075545268,0.5518947286619351,
ARG,2023Q3,educat7,2,15.248406868098124,0.5518947286619351,-0.47315330892280194,
ARG,2023Q4,educat7,2,14.775253559175322,-0.47315330892280194,-0.21779454171273827,
ARG,2024Q1,educat7,2,14.557459017462584,-0.21779454171273827,-0.1819841190411946,
ARG,2024Q2,educat7,2,14.37547489842139,-0.1819841190411946,0.36163691580428114,
ARG,2024Q3,educat7,2,14.73711181422567,0.36163691580428114,-0.13155391155227392,
ARG,2024Q4,educat7,2,14.605557902673397,-0.13155391155227392,-0.27863560536274257,
ARG,2025Q1,educat7,2,14.326922297310654,-0.27863560536274257,0.31921494044313725,
ARG,2025Q2,educat7,2,14.646137237753791,0.31921494044313725,-0.18697785759621155,
ARG,2025Q3,educat7,2,14.45915938015758,-0.18697785759621155,0.6445216186988354,
ARG,2025Q4,educat7,2,15.103680998856415,0.6445216186988354,-0.9055438467755597,
ARG,2026Q1,educat7,2,14.198137152080855,-0.9055438467755597,,
ARG,2021Q1,educat7,3,11.066180888917184,,-0.3869480052664471,
ARG,2021Q2,educat7,3,10.679232883650737,-0.3869480052664471,-0.09828799647708664,
ARG,2021Q3,educat7,3,10.58094488717365,-0.09828799647708664,0.28267995548158886,
ARG,2021Q4,educat7,3,10.86362484265524,0.28267995548158886,-0.22254507215170172,
ARG,2022Q1,educat7,3,10.641079770503538,-0.22254507215170172,0.2686668449241836,
ARG,2022Q2,educat7,3,10.909746615427721,0.2686668449241836,0.1279501782440633,
ARG,2022Q3,educat7,3,11.037696793671785,0.1279501782440633,-0.5593020266732616,
ARG,2022Q4,educat7,3,10.478394766998523,-0.5593020266732616,0.3837943027370887,
ARG,2023Q1,educat7,3,10.862189069735612,0.3837943027370887,-0.2963925061758026,
ARG,2023Q2,educat7,3,10.56579656355981,-0.2963925061758026,-0.42386282442029,
ARG,2023Q3,educat7,3,10.14193373913952,-0.42386282442029,0.3556650303250777,
ARG,2023Q4,educat7,3,10.497598769464597,0.3556650303250777,-0.3685468861510781,
ARG,2024Q1,educat7,3,10.129051883313519,-0.3685468861510781,0.3301713074630097,
ARG,2024Q2,educat7,3,10.459223190776529,0.3301713074630097,-0.5521820239181565,
ARG,2024Q3,educat7,3,9.907041166858372,-0.5521820239181565,-0.27280420005791406,
ARG,2024Q4,educat7,3,9.634236966800458,-0.27280420005791406,0.5349254243642942,
ARG,2025Q1,educat7,3,10.169162391164752,0.5349254243642942,-0.2445878443973708,
ARG,2025Q2,educat7,3,9.924574546767381,-0.2445878443973708,0.2638423395155627,
ARG,2025Q3,educat7,3,10.188416886282944,0.2638423395155627,0.43551708978218073,
ARG,2025Q4,educat7,3,10.623933976065125,0.43551708978218073,0.08839021833952643,
ARG,2026Q1,educat7,3,10.712324194404651,0.08839021833952643,,
ARG,2021Q1,educat7,4,21.491826088381288,,0.15726285765475723,
ARG,2021Q2,educat7,4,21.649088946036045,0.15726285765475723,-1.2120443066926896,
ARG,2021Q3,educat7,4,20.437044639343355,-1.2120443066926896,-0.10588494365170575,
ARG,2021Q4,educat7,4,20.33115969569165,-0.10588494365170575,0.3839108598007499,
ARG,2022Q1,educat7,4,20.7150705554924,0.3839108598007499,-0.046517915658498055,
ARG,2022Q2,educat7,4,20.6685526398339,-0.046517915658498055,0.2920925636515328,
ARG,2022Q3,educat7,4,20.960645203485434,0.2920925636515328,-0.20223744950986244,
ARG,2022Q4,educat7,4,20.758407753975572,-0.20223744950986244,0.1944353450296994,
ARG,2023Q1,educat7,4,20.95284309900527,0.1944353450296994,0.18552580266582552,
ARG,2023Q2,educat7,4,21.138368901671097,0.18552580266582552,-1.1618614434899293,
ARG,2023Q3,educat7,4,19.976507458181167,-1.1618614434899293,0.15669556085697778,
ARG,2023Q4,educat7,4,20.133203019038145,0.15669556085697778,0.528077638074663,
ARG,2024Q1,educat7,4,20.66128065711281,0.528077638074663,0.4451761000961554,
ARG,2024Q2,educat7,4,21.106456757208964,0.4451761000961554,-0.8131809336892601,
ARG,2024Q3,educat7,4,20.293275823519703,-0.8131809336892601,-0.25791942084766717,
ARG,2024Q4,educat7,4,20.035356402672036,-0.25791942084766717,1.0644206013716975,
ARG,2025Q1,educat7,4,21.099777004043734,1.0644206013716975,-0.13546370954904674,
ARG,2025Q2,educat7,4,20.964313294494687,-0.13546370954904674,-0.155841111088467,
ARG,2025Q3,educat7,4,20.80847218340622,-0.155841111088467,-0.3562124915265734,
ARG,2025Q4,educat7,4,20.452259691879647,-0.3562124915265734,-0.2138209000270308,
ARG,2026Q1,educat7,4,20.238438791852616,-0.2138209000270308,,
ARG,2021Q1,educat7,5,18.73421788724725,,-0.7578148545834722,
ARG,2021Q2,educat7,5,17.97640303266378,-0.7578148545834722,0.4125904976803767,
ARG,2021Q3,educat7,5,18.388993530344155,0.4125904976803767,0.837584578297367,
ARG,2021Q4,educat7,5,19.226578108641522,0.837584578297367,0.2700307115388405,
ARG,2022Q1,educat7,5,19.496608820180363,0.2700307115388405,-0.03864214855783388,
ARG,2022Q2,educat7,5,19.45796667162253,-0.03864214855783388,-0.2812873273862806,
ARG,2022Q3,educat7,5,19.17667934423625,-0.2812873273862806,0.8303375592306956,
ARG,2022Q4,educat7,5,20.007016903466944,0.8303375592306956,0.8846163604445643,
ARG,2023Q1,educat7,5,20.89163326391151,0.8846163604445643,-0.9026289309873619,
ARG,2023Q2,educat7,5,19.989004332924146,-0.9026289309873619,0.2993058823945134,
ARG,2023Q3,educat7,5,20.28831021531866,0.2993058823945134,-0.0020183783510532294,
ARG,2023Q4,educat7,5,20.286291836967607,-0.0020183783510532294,1.0424695473146137,
ARG,2024Q1,educat7,5,21.32876138428222,1.0424695473146137,-1.162056400909691,
ARG,2024Q2,educat7,5,20.16670498337253,-1.162056400909691,0.21893243528743866,
ARG,2024Q3,educat7,5,20.385637418659968,0.21893243528743866,0.6317334656190958,
ARG,2024Q4,educat7,5,21.017370884279064,0.6317334656190958,0.3538019616094168,
ARG,2025Q1,educat7,5,21.37117284588848,0.3538019616094168,0.22681536289333692,
ARG,2025Q2,educat7,5,21.597988208781818,0.22681536289333692,-0.3571569047803038,
ARG,2025Q3,educat7,5,21.240831304001514,-0.3571569047803038,-0.3505264051319621,
ARG,2025Q4,educat7,5,20.89030489886955,-0.3505264051319621,0.7051154590537969,
ARG,2026Q1,educat7,5,21.59542035792335,0.7051154590537969,,
ARG,2021Q1,educat7,7,26.380517217642378,,0.8709352834781541,
ARG,2021Q2,educat7,7,27.251452501120532,0.8709352834781541,0.1482651379963862,
ARG,2021Q3,educat7,7,27.39971763911692,0.1482651379963862,-1.3038858548687138,
ARG,2021Q4,educat7,7,26.095831784248205,-1.3038858548687138,0.13967055011694995,
ARG,2022Q1,educat7,7,26.235502334365155,0.13967055011694995,0.14095399920581286,
ARG,2022Q2,educat7,7,26.376456333570967,0.14095399920581286,-0.5508739866100747,
ARG,2022Q3,educat7,7,25.825582346960893,-0.5508739866100747,0.08220690445358159,
ARG,2022Q4,educat7,7,25.907789251414474,0.08220690445358159,-0.4984058682348049,
ARG,2023Q1,educat7,7,25.40938338317967,-0.4984058682348049,0.8440728315917028,
ARG,2023Q2,educat7,7,26.253456214771372,0.8440728315917028,0.6878136864590161,
ARG,2023Q3,educat7,7,26.94126990123039,0.6878136864590161,-0.4222701921347003,
ARG,2023Q4,educat7,7,26.518999709095688,-0.4222701921347003,-0.11306759236108732,
ARG,2024Q1,educat7,7,26.4059321167346,-0.11306759236108732,0.2882974008505421,
ARG,2024Q2,educat7,7,26.694229517585143,0.2882974008505421,0.5932046453370106,
ARG,2024Q3,educat7,7,27.287434162922153,0.5932046453370106,0.02860008186103613,
ARG,2024Q4,educat7,7,27.31603424478319,0.02860008186103613,-0.5113694955730637,
ARG,2025Q1,educat7,7,26.804664749210126,-0.5113694955730637,-0.42016655905790046,
ARG,2025Q2,educat7,7,26.384498190152225,-0.42016655905790046,0.09284002585623341,
ARG,2025Q3,educat7,7,26.47733821600846,0.09284002585623341,-0.11655101523809819,
ARG,2025Q4,educat7,7,26.36078720077036,-0.11655101523809819,0.51163785788453,
ARG,2026Q1,educat7,7,26.87242505865489,0.51163785788453,,
ARG,2021Q1,empstat,1,71.7679630264997,,0.8777451831705605,
ARG,2021Q2,empstat,1,72.64570820967026,0.8777451831705605,-0.5997967931050852,
ARG,2021Q3,empstat,1,72.04591141656518,-0.5997967931050852,0.9621491156479323,
ARG,2021Q4,empstat,1,73.00806053221311,0.9621491156479323,0.459349651387825,
ARG,2022Q1,empstat,1,73.46741018360093,0.459349651387825,0.07956203623757574,
ARG,2022Q2,empstat,1,73.54697221983851,0.07956203623757574,-1.0958437230097076,
ARG,2022Q3,empstat,1,72.4511284968288,-1.0958437230097076,1.1261852704168689,
ARG,2022Q4,empstat,1,73.57731376724567,1.1261852704168689,0.6768211927482213,
ARG,2023Q1,empstat,1,74.25413495999389,0.6768211927482213,-0.0640462643866897,
ARG,2023Q2,empstat,1,74.1900886956072,-0.0640462643866897,0.6394562754226456,
ARG,2023Q3,empstat,1,74.82954497102985,0.6394562754226456,-1.1227064201474093,
ARG,2023Q4,empstat,1,73.70683855088244,-1.1227064201474093,0.9588070131316329,
ARG,2024Q1,empstat,1,74.66564556401407,0.9588070131316329,-0.9057190914076045,
ARG,2024Q2,empstat,1,73.75992647260647,-0.9057190914076045,-0.7006148607321734,
ARG,2024Q3,empstat,1,73.05931161187429,-0.7006148607321734,-0.7373569065254628,
ARG,2024Q4,empstat,1,72.32195470534883,-0.7373569065254628,0.335121808838835,
ARG,2025Q1,empstat,1,72.65707651418766,0.335121808838835,-0.2826759314021956,
ARG,2025Q2,empstat,1,72.37440058278547,-0.2826759314021956,-0.5174784116663034,
ARG,2025Q3,empstat,1,71.85692217111917,-0.5174784116663034,-0.3302240096288216,
ARG,2025Q4,empstat,1,71.52669816149034,-0.3302240096288216,0.2475688985757074,
ARG,2026Q1,empstat,1,71.77426706006605,0.2475688985757074,,
ARG,2021Q1,empstat,2,0.7314479643484841,,-0.2713044762318241,
ARG,2021Q2,empstat,2,0.46014348811666006,-0.2713044762318241,0.20877855654511301,
ARG,2021Q3,empstat,2,0.6689220446617731,0.20877855654511301,-0.23164880990915315,
ARG,2021Q4,empstat,2,0.4372732347526199,-0.23164880990915315,0.013975206022502296,
ARG,2022Q1,empstat,2,0.4512484407751222,0.013975206022502296,0.09819775307992501,
ARG,2022Q2,empstat,2,0.5494461938550472,0.09819775307992501,-0.03133385283557988,
ARG,2022Q3,empstat,2,0.5181123410194673,-0.03133385283557988,-0.07391551903614618,
ARG,2022Q4,empstat,2,0.44419682198332117,-0.07391551903614618,-0.09985024546252091,
ARG,2023Q1,empstat,2,0.34434657652080025,-0.09985024546252091,-0.01778891041479902,
ARG,2023Q2,empstat,2,0.32655766610600123,-0.01778891041479902,0.062037549164715045,
ARG,2023Q3,empstat,2,0.3885952152707163,0.062037549164715045,-0.07185309700222603,
ARG,2023Q4,empstat,2,0.31674211826849025,-0.07185309700222603,-0.04131739426512526,
ARG,2024Q1,empstat,2,0.275424724003365,-0.04131739426512526,-0.012826889954216936,
ARG,2024Q2,empstat,2,0.26259783404914805,-0.012826889954216936,0.08646605265376428,
ARG,2024Q3,empstat,2,0.34906388670291233,0.08646605265376428,-0.012072352715154888,
ARG,2024Q4,empstat,2,0.33699153398775744,-0.012072352715154888,0.07748762473607668,
ARG,2025Q1,empstat,2,0.4144791587238341,0.07748762473607668,-0.05257581275080464,
ARG,2025Q2,empstat,2,0.3619033459730295,-0.05257581275080464,0.02311759253085033,
ARG,2025Q3,empstat,2,0.3850209385038798,0.02311759253085033,0.023980272525978397,
ARG,2025Q4,empstat,2,0.4090012110298582,0.023980272525978397,-0.09523085678335097,
ARG,2026Q1,empstat,2,0.31377035424650723,-0.09523085678335097,,
ARG,2021Q1,empstat,3,3.074423298906934,,0.5836389772058665,
ARG,2021Q2,empstat,3,3.6580622761128008,0.5836389772058665,0.3210201437580458,
ARG,2021Q3,empstat,3,3.9790824198708465,0.3210201437580458,-0.4368346612847116,
ARG,2021Q4,empstat,3,3.542247758586135,-0.4368346612847116,-0.5347406723923189,
ARG,2022Q1,empstat,3,3.007507086193816,-0.5347406723923189,0.5846693221223385,
ARG,2022Q2,empstat,3,3.5921764083161545,0.5846693221223385,-0.08290961029313948,
ARG,2022Q3,empstat,3,3.509266798023015,-0.08290961029313948,0.08090499605684132,
ARG,2022Q4,empstat,3,3.5901717940798563,0.08090499605684132,-0.1696756072193799,
ARG,2023Q1,empstat,3,3.4204961868604764,-0.1696756072193799,-0.25050500843391177,
ARG,2023Q2,empstat,3,3.1699911784265646,-0.25050500843391177,0.052907371475862774,
ARG,2023Q3,empstat,3,3.2228985499024274,0.052907371475862774,0.19234151224610896,
ARG,2023Q4,empstat,3,3.4152400621485364,0.19234151224610896,-0.23753464848452976,
ARG,2024Q1,empstat,3,3.1777054136640066,-0.23753464848452976,-0.22050186702909036,
ARG,2024Q2,empstat,3,2.9572035466349162,-0.22050186702909036,0.33933057504634734,
ARG,2024Q3,empstat,3,3.2965341216812636,0.33933057504634734,0.2504637639485803,
ARG,2024Q4,empstat,3,3.546997885629844,0.2504637639485803,-0.14594580018234993,
ARG,2025Q1,empstat,3,3.401052085447494,-0.14594580018234993,0.11291072124001733,
ARG,2025Q2,empstat,3,3.5139628066875113,0.11291072124001733,-0.2911405099424731,
ARG,2025Q3,empstat,3,3.222822296745038,-0.2911405099424731,0.10566953378365218,
ARG,2025Q4,empstat,3,3.3284918305286904,0.10566953378365218,0.3522192575678109,
ARG,2026Q1,empstat,3,3.6807110880965013,0.3522192575678109,,
ARG,2021Q1,empstat,4,24.426165710244888,,-1.1900796841446066,
ARG,2021Q2,empstat,4,23.23608602610028,-1.1900796841446066,0.06999809280192082,
ARG,2021Q3,empstat,4,23.306084118902202,0.06999809280192082,-0.29366564445405885,
ARG,2021Q4,empstat,4,23.012418474448143,-0.29366564445405885,0.061415814981977235,
ARG,2022Q1,empstat,4,23.07383428943012,0.061415814981977235,-0.7624291114398325,
ARG,2022Q2,empstat,4,22.311405177990288,-0.7624291114398325,1.2100871861384235,
ARG,2022Q3,empstat,4,23.52149236412871,1.2100871861384235,-1.133174747437561,
ARG,2022Q4,empstat,4,22.38831761669115,-1.133174747437561,-0.4072953400663195,
ARG,2023Q1,empstat,4,21.98102227662483,-0.4072953400663195,0.33234018323540937,
ARG,2023Q2,empstat,4,22.31336245986024,0.33234018323540937,-0.7544011960632311,
ARG,2023Q3,empstat,4,21.55896126379701,-0.7544011960632311,1.0022180049035327,
ARG,2023Q4,empstat,4,22.561179268700542,1.0022180049035327,-0.679954970381992,
ARG,2024Q1,empstat,4,21.88122429831855,-0.679954970381992,1.1390478483909199,
ARG,2024Q2,empstat,4,23.02027214670947,1.1390478483909199,0.27481823303206454,
ARG,2024Q3,empstat,4,23.295090379741534,0.27481823303206454,0.4989654952920404,
ARG,2024Q4,empstat,4,23.794055875033575,0.4989654952920404,-0.2666636333925645,
ARG,2025Q1,empstat,4,23.52739224164101,-0.2666636333925645,0.22234102291297475,
ARG,2025Q2,empstat,4,23.749733264553985,0.22234102291297475,0.7855013290779382,
ARG,2025Q3,empstat,4,24.535234593631923,0.7855013290779382,0.20057420331918152,
ARG,2025Q4,empstat,4,24.735808796951105,0.20057420331918152,-0.5045572993601652,
ARG,2026Q1,empstat,4,24.23125149759094,-0.5045572993601652,,
ARG,2021Q1,industrycat10,1,0.48351746667727147,,0.09438275933821239,
ARG,2021Q2,industrycat10,1,0.5779002260154839,0.09438275933821239,0.06669005137150041,
ARG,2021Q3,industrycat10,1,0.6445902773869843,0.06669005137150041,-0.14512738783558976,
ARG,2021Q4,industrycat10,1,0.4994628895513945,-0.14512738783558976,0.10996289054976116,
ARG,2022Q1,industrycat10,1,0.6094257801011557,0.10996289054976116,0.02163962185901369,
ARG,2022Q2,industrycat10,1,0.6310654019601694,0.02163962185901369,-0.05576421835233347,
ARG,2022Q3,industrycat10,1,0.5753011836078359,-0.05576421835233347,0.09163335223760805,
ARG,2022Q4,industrycat10,1,0.6669345358454439,0.09163335223760805,-0.014287701299713573,
ARG,2023Q1,industrycat10,1,0.6526468345457304,-0.014287701299713573,-0.043132031765458434,
ARG,2023Q2,industrycat10,1,0.6095148027802719,-0.043132031765458434,-0.05087885506912215,
ARG,2023Q3,industrycat10,1,0.5586359477111498,-0.05087885506912215,0.005555171096402023,
ARG,2023Q4,industrycat10,1,0.5641911188075518,0.005555171096402023,-0.006913390883469872,
ARG,2024Q1,industrycat10,1,0.5572777279240819,-0.006913390883469872,0.1843957136213169,
ARG,2024Q2,industrycat10,1,0.7416734415453988,0.1843957136213169,-0.18483788450038696,
ARG,2024Q3,industrycat10,1,0.5568355570450119,-0.18483788450038696,0.008398807956998988,
ARG,2024Q4,industrycat10,1,0.5652343650020109,0.008398807956998988,-0.003464450373932282,
ARG,2025Q1,industrycat10,1,0.5617699146280786,-0.003464450373932282,0.004840437255259733,
ARG,2025Q2,industrycat10,1,0.5666103518833383,0.004840437255259733,-0.09464422273099804,
ARG,2025Q3,industrycat10,1,0.47196612915234026,-0.09464422273099804,0.1616676795013875,
ARG,2025Q4,industrycat10,1,0.6336338086537278,0.1616676795013875,-0.09760388623005178,
ARG,2026Q1,industrycat10,1,0.536029922423676,-0.09760388623005178,,
ARG,2021Q1,industrycat10,10,27.627638053688425,,0.25574530128942286,
ARG,2021Q2,industrycat10,10,27.88338335497785,0.25574530128942286,0.8622374509567159,
ARG,2021Q3,industrycat10,10,28.745620805934564,0.8622374509567159,-1.0510719035744565,
ARG,2021Q4,industrycat10,10,27.694548902360108,-1.0510719035744565,1.1442832093006174,
ARG,2022Q1,industrycat10,10,28.838832111660725,1.1442832093006174,-0.588096057250997,
ARG,2022Q2,industrycat10,10,28.250736054409728,-0.588096057250997,0.45801649287341206,
ARG,2022Q3,industrycat10,10,28.70875254728314,0.45801649287341206,-0.11662456298288859,
ARG,2022Q4,industrycat10,10,28.59212798430025,-0.11662456298288859,-0.642275046457069,
ARG,2023Q1,industrycat10,10,27.949852937843183,-0.642275046457069,-0.8900140149067184,
ARG,2023Q2,industrycat10,10,27.059838922936464,-0.8900140149067184,0.03399707625196413,
ARG,2023Q3,industrycat10,10,27.09383599918843,0.03399707625196413,0.7514113932206357,
ARG,2023Q4,industrycat10,10,27.845247392409064,0.7514113932206357,0.26180794600670154,
ARG,2024Q1,industrycat10,10,28.107055338415766,0.26180794600670154,0.11328560110544217,
ARG,2024Q2,industrycat10,10,28.220340939521208,0.11328560110544217,-0.2500102104090871,
ARG,2024Q3,industrycat10,10,27.97033072911212,-0.2500102104090871,0.040116677732179085,
ARG,2024Q4,industrycat10,10,28.0104474068443,0.040116677732179085,-0.7677893370282263,
ARG,2025Q1,industrycat10,10,27.242658069816073,-0.7677893370282263,0.878063969037143,
ARG,2025Q2,industrycat10,10,28.120722038853216,0.878063969037143,-0.5091711020169498,
ARG,2025Q3,industrycat10,10,27.611550936836267,-0.5091711020169498,0.13000093946021352,
ARG,2025Q4,industrycat10,10,27.74155187629648,0.13000093946021352,-1.1524204597409842,
ARG,2026Q1,industrycat10,10,26.589131416555496,-1.1524204597409842,,
ARG,2021Q1,industrycat10,2,0.4412540257304569,,0.00034417415803766893,
ARG,2021Q2,industrycat10,2,0.4415981998884946,0.00034417415803766893,-0.009374748805424549,
ARG,2021Q3,industrycat10,2,0.43222345108307003,-0.009374748805424549,-0.021208597855559008,
ARG,2021Q4,industrycat10,2,0.411014853227511,-0.021208597855559008,0.03215188174029765,
ARG,2022Q1,industrycat10,2,0.4431667349678087,0.03215188174029765,-0.12490954557007067,
ARG,2022Q2,industrycat10,2,0.318257189397738,-0.12490954557007067,0.027445107775144306,
ARG,2022Q3,industrycat10,2,0.3457022971728823,0.027445107775144306,0.061055111198938083,
ARG,2022Q4,industrycat10,2,0.4067574083718204,0.061055111198938083,-0.039403349908861185,
ARG,2023Q1,industrycat10,2,0.3673540584629592,-0.039403349908861185,-0.009455889311367538,
ARG,2023Q2,industrycat10,2,0.35789816915159167,-0.009455889311367538,0.12552989501166895,
ARG,2023Q3,industrycat10,2,0.4834280641632606,0.12552989501166895,-0.020413626383294636,
ARG,2023Q4,industrycat10,2,0.463014437779966,-0.020413626383294636,0.05640278031060153,
ARG,2024Q1,industrycat10,2,0.5194172180905675,0.05640278031060153,-0.040191210918458176,
ARG,2024Q2,industrycat10,2,0.47922600717210934,-0.040191210918458176,0.015304230618920611,
ARG,2024Q3,industrycat10,2,0.49453023779102995,0.015304230618920611,-0.0431929655962478,
ARG,2024Q4,industrycat10,2,0.45133727219478215,-0.0431929655962478,0.0037186834344150044,
ARG,2025Q1,industrycat10,2,0.45505595562919715,0.0037186834344150044,-0.0226645501214926,
ARG,2025Q2,industrycat10,2,0.43239140550770455,-0.0226645501214926,-0.0007449142165185108,
ARG,2025Q3,industrycat10,2,0.43164649129118604,-0.0007449142165185108,0.08814177213880037,
ARG,2025Q4,industrycat10,2,0.5197882634299864,0.08814177213880037,-0.1065273944456997,
ARG,2026Q1,industrycat10,2,0.4132608689842867,-0.1065273944456997,,
ARG,2021Q1,industrycat10,3,11.97121145265806,,-1.1533909496817998,
ARG,2021Q2,industrycat10,3,10.81782050297626,-1.1533909496817998,-0.5700105635863864,
ARG,2021Q3,industrycat10,3,10.247809939389875,-0.5700105635863864,1.5561709261591439,
ARG,2021Q4,industrycat10,3,11.803980865549018,1.5561709261591439,0.16334869965918308,
ARG,2022Q1,industrycat10,3,11.967329565208201,0.16334869965918308,-0.5251323961363781,
ARG,2022Q2,industrycat10,3,11.442197169071823,-0.5251323961363781,-0.212823555601382,
ARG,2022Q3,industrycat10,3,11.229373613470441,-0.212823555601382,0.6906236425038248,
ARG,2022Q4,industrycat10,3,11.919997255974266,0.6906236425038248,0.4650629360711189,
ARG,2023Q1,industrycat10,3,12.385060192045385,0.4650629360711189,-0.24528429495209458,
ARG,2023Q2,industrycat10,3,12.13977589709329,-0.24528429495209458,-0.761013468757259,
ARG,2023Q3,industrycat10,3,11.378762428336032,-0.761013468757259,-0.22535196341079988,
ARG,2023Q4,industrycat10,3,11.153410464925232,-0.22535196341079988,0.23110377062646492,
ARG,2024Q1,industrycat10,3,11.384514235551697,0.23110377062646492,-0.6124006516108924,
ARG,2024Q2,industrycat10,3,10.772113583940804,-0.6124006516108924,-0.33431567190583067,
ARG,2024Q3,industrycat10,3,10.437797912034974,-0.33431567190583067,-0.6560778732367076,
ARG,2024Q4,industrycat10,3,9.781720038798266,-0.6560778732367076,1.2269912262934923,
ARG,2025Q1,industrycat10,3,11.008711265091758,1.2269912262934923,-0.9960244666604741,
ARG,2025Q2,industrycat10,3,10.012686798431284,-0.9960244666604741,1.5045008987433945,
ARG,2025Q3,industrycat10,3,11.517187697174679,1.5045008987433945,-1.705831535537257,
ARG,2025Q4,industrycat10,3,9.811356161637422,-1.705831535537257,1.0086437255329272,
ARG,2026Q1,industrycat10,3,10.819999887170349,1.0086437255329272,,
ARG,2021Q1,industrycat10,4,1.1410377928134958,,0.5228468024118018,
ARG,2021Q2,industrycat10,4,1.6638845952252976,0.5228468024118018,-0.4305832581390565,
ARG,2021Q3,industrycat10,4,1.2333013370862411,-0.4305832581390565,-0.44234668515295195,
ARG,2021Q4,industrycat10,4,0.7909546519332892,-0.44234668515295195,0.188584646334659,
ARG,2022Q1,industrycat10,4,0.9795392982679482,0.188584646334659,-0.20980974992117007,
ARG,2022Q2,industrycat10,4,0.7697295483467781,-0.20980974992117007,0.36742299364310416,
ARG,2022Q3,industrycat10,4,1.1371525419898822,0.36742299364310416,-0.043982915108475185,
ARG,2022Q4,industrycat10,4,1.093169626881407,-0.043982915108475185,0.026244814130403693,
ARG,2023Q1,industrycat10,4,1.1194144410118108,0.026244814130403693,-0.02646398670039729,
ARG,2023Q2,industrycat10,4,1.0929504543114135,-0.02646398670039729,-0.024677521430885196,
ARG,2023Q3,industrycat10,4,1.0682729328805283,-0.024677521430885196,-0.11985898480546331,
ARG,2023Q4,industrycat10,4,0.948413948075065,-0.11985898480546331,0.26934475854586515,
ARG,2024Q1,industrycat10,4,1.21775870662093,0.26934475854586515,0.020045665663086742,
ARG,2024Q2,industrycat10,4,1.2378043722840169,0.020045665663086742,-0.27042994791066066,
ARG,2024Q3,industrycat10,4,0.9673744243733562,-0.27042994791066066,0.02871397612783222,
ARG,2024Q4,industrycat10,4,0.9960884005011884,0.02871397612783222,-0.15632217413802107,
ARG,2025Q1,industrycat10,4,0.8397662263631673,-0.15632217413802107,0.2499049127901687,
ARG,2025Q2,industrycat10,4,1.089671139153336,0.2499049127901687,-0.12837189137255134,
ARG,2025Q3,industrycat10,4,0.9612992477807847,-0.12837189137255134,-0.05553363334179562,
ARG,2025Q4,industrycat10,4,0.9057656144389891,-0.05553363334179562,-0.010106022686361515,
ARG,2026Q1,industrycat10,4,0.8956595917526275,-0.010106022686361515,,
ARG,2021Q1,industrycat10,6,29.14706050006564,,-0.0254912114635637,
ARG,2021Q2,industrycat10,6,29.121569288602075,-0.0254912114635637,1.015751208178763,
ARG,2021Q3,industrycat10,6,30.137320496780838,1.015751208178763,0.34529906466939053,
ARG,2021Q4,industrycat10,6,30.482619561450228,0.34529906466939053,-1.1334718317619128,
ARG,2022Q1,industrycat10,6,29.349147729688315,-1.1334718317619128,1.8350850247425363,
ARG,2022Q2,industrycat10,6,31.18423275443085,1.8350850247425363,-0.16204062019509635,
ARG,2022Q3,industrycat10,6,31.022192134235755,-0.16204062019509635,-0.7801650832258176,
ARG,2022Q4,industrycat10,6,30.242027051009938,-0.7801650832258176,-0.11636374757976142,
ARG,2023Q1,industrycat10,6,30.125663303430176,-0.11636374757976142,0.9125503672392696,
ARG,2023Q2,industrycat10,6,31.038213670669446,0.9125503672392696,1.42936184065832,
ARG,2023Q3,industrycat10,6,32.467575511327766,1.42936184065832,-0.4272057418873558,
ARG,2023Q4,industrycat10,6,32.04036976944041,-0.4272057418873558,-1.3478953254751858,
ARG,2024Q1,industrycat10,6,30.692474443965224,-1.3478953254751858,0.42751960622359775,
ARG,2024Q2,industrycat10,6,31.119994050188822,0.42751960622359775,1.4675580516899842,
ARG,2024Q3,industrycat10,6,32.587552101878806,1.4675580516899842,-0.37165716904176094,
ARG,2024Q4,industrycat10,6,32.215894932837045,-0.37165716904176094,0.09361340988061784,
ARG,2025Q1,industrycat10,6,32.30950834271766,0.09361340988061784,1.4079716362456551,
ARG,2025Q2,industrycat10,6,33.71747997896332,1.4079716362456551,-2.2245281618125077,
ARG,2025Q3,industrycat10,6,31.49295181715081,-2.2245281618125077,1.699086059579784,
ARG,2025Q4,industrycat10,6,33.192037876730595,1.699086059579784,-0.26966675565814313,
ARG,2026Q1,industrycat10,6,32.92237112107245,-0.26966675565814313,,
ARG,2021Q1,industrycat10,7,7.659172055519673,,0.32273001333993356,
ARG,2021Q2,industrycat10,7,7.981902068859607,0.32273001333993356,-0.41003829902232347,
ARG,2021Q3,industrycat10,7,7.571863769837283,-0.41003829902232347,-0.21428899395494216,
ARG,2021Q4,industrycat10,7,7.357574775882341,-0.21428899395494216,0.6960079666798862,
ARG,2022Q1,industrycat10,7,8.053582742562227,0.6960079666798862,-0.8735013696355614,
ARG,2022Q2,industrycat10,7,7.180081372926666,-0.8735013696355614,-0.43185211825670144,
ARG,2022Q3,industrycat10,7,6.7482292546699645,-0.43185211825670144,0.09160707767013943,
ARG,2022Q4,industrycat10,7,6.839836332340104,0.09160707767013943,0.5454289181522451,
ARG,2023Q1,industrycat10,7,7.385265250492349,0.5454289181522451,-0.3541439326104632,
ARG,2023Q2,industrycat10,7,7.031121317881886,-0.3541439326104632,0.04348087160435821,
ARG,2023Q3,industrycat10,7,7.074602189486244,0.04348087160435821,0.178287064251216,
ARG,2023Q4,industrycat10,7,7.25288925373746,0.178287064251216,0.5051905527095482,
ARG,2024Q1,industrycat10,7,7.758079806447008,0.5051905527095482,0.5918169178555717,
ARG,2024Q2,industrycat10,7,8.34989672430258,0.5918169178555717,-0.6716282571226495,
ARG,2024Q3,industrycat10,7,7.67826846717993,-0.6716282571226495,0.6525838325763891,
ARG,2024Q4,industrycat10,7,8.33085229975632,0.6525838325763891,0.38026949104706276,
ARG,2025Q1,industrycat10,7,8.711121790803382,0.38026949104706276,-0.5554172901580685,
ARG,2025Q2,industrycat10,7,8.155704500645314,-0.5554172901580685,0.767392955946951,
ARG,2025Q3,industrycat10,7,8.923097456592265,0.767392955946951,-0.8404118066332877,
ARG,2025Q4,industrycat10,7,8.082685649958977,-0.8404118066332877,0.29506446146030463,
ARG,2026Q1,industrycat10,7,8.377750111419282,0.29506446146030463,,
ARG,2021Q1,industrycat10,8,11.370701704149738,,-0.4451983439638507,
ARG,2021Q2,industrycat10,8,10.925503360185887,-0.4451983439638507,-0.40565007316407176,
ARG,2021Q3,industrycat10,8,10.519853287021816,-0.40565007316407176,0.8048092967301628,
ARG,2021Q4,industrycat10,8,11.324662583751978,0.8048092967301628,-0.5835590359625957,
ARG,2022Q1,industrycat10,8,10.741103547789383,-0.5835590359625957,-0.23400621697992108,
ARG,2022Q2,industrycat10,8,10.507097330809462,-0.23400621697992108,0.21515286673968248,
ARG,2022Q3,industrycat10,8,10.722250197549144,0.21515286673968248,-0.17578941652163138,
ARG,2022Q4,industrycat10,8,10.546460781027513,-0.17578941652163138,0.19779070295507317,
ARG,2023Q1,industrycat10,8,10.744251483982586,0.19779070295507317,0.3174126341701946,
ARG,2023Q2,industrycat10,8,11.06166411815278,0.3174126341701946,-0.5545144051221769,
ARG,2023Q3,industrycat10,8,10.507149713030604,-0.5545144051221769,1.1763268411211136,
ARG,2023Q4,industrycat10,8,11.683476554151717,1.1763268411211136,-0.10907260744711422,
ARG,2024Q1,industrycat10,8,11.574403946704603,-0.10907260744711422,-0.20809884336536122,
ARG,2024Q2,industrycat10,8,11.366305103339242,-0.20809884336536122,0.17871570749016996,
ARG,2024Q3,industrycat10,8,11.545020810829412,0.17871570749016996,0.49701152635423007,
ARG,2024Q4,industrycat10,8,12.042032337183642,0.49701152635423007,-0.45812612056946556,
ARG,2025Q1,industrycat10,8,11.583906216614176,-0.45812612056946556,-0.6189165639576562,
ARG,2025Q2,industrycat10,8,10.96498965265652,-0.6189165639576562,-0.010336604022262108,
ARG,2025Q3,industrycat10,8,10.954653048634258,-0.010336604022262108,0.1540224588293171,
ARG,2025Q4,industrycat10,8,11.108675507463575,0.1540224588293171,0.2278540721658029,
ARG,2026Q1,industrycat10,8,11.336529579629378,0.2278540721658029,,
ARG,2021Q1,industrycat10,9,9.44122206108219,,0.5368774725313532,
ARG,2021Q2,industrycat10,9,9.978099533613543,0.5368774725313532,-0.10812533754142173,
ARG,2021Q3,industrycat10,9,9.869974196072121,-0.10812533754142173,-1.0628102135867774,
ARG,2021Q4,industrycat10,9,8.807163982485344,-1.0628102135867774,-0.5322918971342663,
ARG,2022Q1,industrycat10,9,8.274872085351078,-0.5322918971342663,0.5326524283104224,
ARG,2022Q2,industrycat10,9,8.8075245136615,0.5326524283104224,-0.38781010344291467,
ARG,2022Q3,industrycat10,9,8.419714410218585,-0.38781010344291467,-0.10360142067145439,
ARG,2022Q4,industrycat10,9,8.31611298954713,-0.10360142067145439,-0.0860600025960494,
ARG,2023Q1,industrycat10,9,8.230052986951081,-0.0860600025960494,0.36801719182024506,
ARG,2023Q2,industrycat10,9,8.598070178771327,0.36801719182024506,0.36830700783723636,
ARG,2023Q3,industrycat10,9,8.966377186608563,0.36830700783723636,-1.091292401112078,
ARG,2023Q4,industrycat10,9,7.875084785496485,-1.091292401112078,0.0026388073126257794,
ARG,2024Q1,industrycat10,9,7.877723592809111,0.0026388073126257794,-0.2097991587198509,
ARG,2024Q2,industrycat10,9,7.66792443408926,-0.2097991587198509,-0.02957206530520473,
ARG,2024Q3,industrycat10,9,7.638352368784055,-0.02957206530520473,-0.14304696482814983,
ARG,2024Q4,industrycat10,9,7.495305403955905,-0.14304696482814983,-0.30077533719048155,
ARG,2025Q1,industrycat10,9,7.194530066765424,-0.30077533719048155,-0.3419602252974139,
ARG,2025Q2,industrycat10,9,6.85256984146801,-0.3419602252974139,0.3349604983980212,
ARG,2025Q3,industrycat10,9,7.187530339866031,0.3349604983980212,0.691398962516935,
ARG,2025Q4,industrycat10,9,7.878929302382966,0.691398962516935,0.09435619909584503,
ARG,2026Q1,industrycat10,9,7.973285501478811,0.09435619909584503,,
ARG,2021Q1,industrycat10,NA,0.7171848876150508,,-0.10884601795954918,
ARG,2021Q2,industrycat10,NA,0.6083388696555017,-0.10884601795954918,-0.010896430248293787,
ARG,2021Q3,industrycat10,NA,0.5974424394072079,-0.010896430248293787,0.2305744944015814,
ARG,2021Q4,industrycat10,NA,0.8280169338087893,0.2305744944015814,-0.08501652940563442,
ARG,2022Q1,industrycat10,NA,0.7430004044031548,-0.08501652940563442,0.16607826058212793,
ARG,2022Q2,industrycat10,NA,0.9090786649852828,0.16607826058212793,0.18225315481708526,
ARG,2022Q3,industrycat10,NA,1.091331819802368,0.18225315481708526,0.2852442148997574,
ARG,2022Q4,industrycat10,NA,1.3765760347021254,0.2852442148997574,-0.33613752346738623,
ARG,2023Q1,industrycat10,NA,1.0404385112347392,-0.33613752346738623,-0.029486042983210448,
ARG,2023Q2,industrycat10,NA,1.0109524682515287,-0.029486042983210448,-0.6095924409840987,
ARG,2023Q3,industrycat10,NA,0.40136002726743,-0.6095924409840987,-0.22745775209038188,
ARG,2023Q4,industrycat10,NA,0.1739022751770481,-0.22745775209038188,0.13739270829396072,
ARG,2024Q1,industrycat10,NA,0.3112949834710088,0.13739270829396072,-0.2665736398544486,
ARG,2024Q2,industrycat10,NA,0.04472134361656024,-0.2665736398544486,0.07921604735474147,
ARG,2024Q3,industrycat10,NA,0.1239373909713017,0.07921604735474147,-0.012849848044762746,
ARG,2024Q4,industrycat10,NA,0.11108754292653895,-0.012849848044762746,-0.01811539135545892,
ARG,2025Q1,industrycat10,NA,0.09297215157108003,-0.01811539135545892,-0.005797859133122946,
ARG,2025Q2,industrycat10,NA,0.08717429243795709,-0.005797859133122946,0.3609425430834234,
ARG,2025Q3,industrycat10,NA,0.4481168355213805,0.3609425430834234,-0.3225408965140962,
ARG,2025Q4,industrycat10,NA,0.1255759390072843,-0.3225408965140962,0.010406060506360504,
ARG,2026Q1,industrycat10,NA,0.1359819995136448,0.010406060506360504,,
ARG,2021Q1,lstatus,1,41.593812616859054,,-0.09582902080747147,
ARG,2021Q2,lstatus,1,41.49798359605158,-0.09582902080747147,1.36216207098186,
ARG,2021Q3,lstatus,1,42.86014566703344,1.36216207098186,0.7288414133207723,
ARG,2021Q4,lstatus,1,43.588987080354215,0.7288414133207723,-0.3052394796846656,
ARG,2022Q1,lstatus,1,43.28374760066955,-0.3052394796846656,1.309623240713627,
ARG,2022Q2,lstatus,1,44.59337084138318,1.309623240713627,-0.3453737478532588,
ARG,2022Q3,lstatus,1,44.24799709352992,-0.3453737478532588,0.37586691752794366,
ARG,2022Q4,lstatus,1,44.62386401105786,0.37586691752794366,0.3438922527150723,
ARG,2023Q1,lstatus,1,44.967756263772934,0.3438922527150723,-0.38221069844084354,
ARG,2023Q2,lstatus,1,44.58554556533209,-0.38221069844084354,0.8810723228649593,
ARG,2023Q3,lstatus,1,45.46661788819705,0.8810723228649593,0.31249938146108747,
ARG,2023Q4,lstatus,1,45.77911726965814,0.31249938146108747,-1.4651471817859658,
ARG,2024Q1,lstatus,1,44.31397008787217,-1.4651471817859658,0.5260206297962426,
ARG,2024Q2,lstatus,1,44.839990717668414,0.5260206297962426,0.13973599631632538,
ARG,2024Q3,lstatus,1,44.97972671398474,0.13973599631632538,0.6712232240901841,
ARG,2024Q4,lstatus,1,45.65094993807492,0.6712232240901841,-1.2286296771778993,
ARG,2025Q1,lstatus,1,44.422320260897024,-1.2286296771778993,0.060742605839926966,
ARG,2025Q2,lstatus,1,44.48306286673695,0.060742605839926966,0.9158893547440954,
ARG,2025Q3,lstatus,1,45.398952221481046,0.9158893547440954,-0.43675179657816443,
ARG,2025Q4,lstatus,1,44.96220042490288,-0.43675179657816443,-0.19865201637940544,
ARG,2026Q1,lstatus,1,44.76354840852348,-0.19865201637940544,,
ARG,2021Q1,lstatus,2,4.704212546209901,,-0.2968883156521711,
ARG,2021Q2,lstatus,2,4.40732423055773,-0.2968883156521711,-0.5604483225230505,
ARG,2021Q3,lstatus,2,3.8468759080346797,-0.5604483225230505,-0.5826306223098348,
ARG,2021Q4,lstatus,2,3.264245285724845,-0.5826306223098348,-0.021728075295933014,
ARG,2022Q1,lstatus,2,3.242517210428912,-0.021728075295933014,0.04090949491269713,
ARG,2022Q2,lstatus,2,3.283426705341609,0.04090949491269713,0.10304923735216942,
ARG,2022Q3,lstatus,2,3.3864759426937785,0.10304923735216942,-0.39539869836686004,
ARG,2022Q4,lstatus,2,2.9910772443269185,-0.39539869836686004,0.3284450148873246,
ARG,2023Q1,lstatus,2,3.319522259214243,0.3284450148873246,-0.353015368622287,
ARG,2023Q2,lstatus,2,2.966506890591956,-0.353015368622287,-0.2049470262715838,
ARG,2023Q3,lstatus,2,2.7615598643203723,-0.2049470262715838,0.022350384079400154,
ARG,2023Q4,lstatus,2,2.7839102483997724,0.022350384079400154,0.8934260490365249,
ARG,2024Q1,lstatus,2,3.6773362974362973,0.8934260490365249,-0.00788171669265747,
ARG,2024Q2,lstatus,2,3.66945458074364,-0.00788171669265747,-0.32379795625543517,
ARG,2024Q3,lstatus,2,3.3456566244882047,-0.32379795625543517,-0.2004765616394657,
ARG,2024Q4,lstatus,2,3.145180062848739,-0.2004765616394657,0.6597558677776005,
ARG,2025Q1,lstatus,2,3.8049359306263395,0.6597558677776005,-0.15853258451519103,
ARG,2025Q2,lstatus,2,3.6464033461111485,-0.15853258451519103,-0.45019572084178305,
ARG,2025Q3,lstatus,2,3.1962076252693654,-0.45019572084178305,0.4430834218859978,
ARG,2025Q4,lstatus,2,3.6392910471553632,0.4430834218859978,0.16392570874010604,
ARG,2026Q1,lstatus,2,3.8032167558954693,0.16392570874010604,,
ARG,2021Q1,lstatus,3,39.50983606910204,,-0.08489521114404397,
ARG,2021Q2,lstatus,3,39.424940857958,-0.08489521114404397,-1.0388091540251025,
ARG,2021Q3,lstatus,3,38.3861317039329,-1.0388091540251025,-0.18849179258653237,
ARG,2021Q4,lstatus,3,38.197639911346364,-0.18849179258653237,0.5638455315260558,
ARG,2022Q1,lstatus,3,38.76148544287242,0.5638455315260558,-0.8814576625892556,
ARG,2022Q2,lstatus,3,37.880027780283164,-0.8814576625892556,0.19347701241340332,
ARG,2022Q3,lstatus,3,38.07350479269657,0.19347701241340332,-0.19943180002277217,
ARG,2022Q4,lstatus,3,37.874072992673796,-0.19943180002277217,-0.7764711562423869,
ARG,2023Q1,lstatus,3,37.09760183643141,-0.7764711562423869,1.1944362917227735,
ARG,2023Q2,lstatus,3,38.29203812815418,1.1944362917227735,-0.5869361520661514,
ARG,2023Q3,lstatus,3,37.70510197608803,-0.5869361520661514,-0.4047244777906158,
ARG,2023Q4,lstatus,3,37.300377498297415,-0.4047244777906158,0.5349890827032127,
ARG,2024Q1,lstatus,3,37.83536658100063,0.5349890827032127,-0.24443577773433134,
ARG,2024Q2,lstatus,3,37.590930803266296,-0.24443577773433134,0.24980987952646672,
ARG,2024Q3,lstatus,3,37.84074068279276,0.24980987952646672,-0.3727209794482391,
ARG,2024Q4,lstatus,3,37.468019703344524,-0.3727209794482391,1.28980524077582,
ARG,2025Q1,lstatus,3,38.757824944120344,1.28980524077582,-0.13817336184219187,
ARG,2025Q2,lstatus,3,38.61965158227815,-0.13817336184219187,-0.46319176731904577,
ARG,2025Q3,lstatus,3,38.156459814959106,-0.46319176731904577,0.3323696277042245,
ARG,2025Q4,lstatus,3,38.48882944266333,0.3323696277042245,-0.4118539294045789,
ARG,2026Q1,lstatus,3,38.07697551325875,-0.4118539294045789,,
ARG,2021Q1,lstatus,NA,14.192138767829002,,0.4776125476036839,
ARG,2021Q2,lstatus,NA,14.669751315432686,0.4776125476036839,0.23709540556629527,
ARG,2021Q3,lstatus,NA,14.906846720998981,0.23709540556629527,0.042281001575592114,
ARG,2021Q4,lstatus,NA,14.949127722574573,0.042281001575592114,-0.23687797654545406,
ARG,2022Q1,lstatus,NA,14.71224974602912,-0.23687797654545406,-0.46907507303706986,
ARG,2022Q2,lstatus,NA,14.24317467299205,-0.46907507303706986,0.048847498087683405,
ARG,2022Q3,lstatus,NA,14.292022171079733,0.048847498087683405,0.21896358086169343,
ARG,2022Q4,lstatus,NA,14.510985751941426,0.21896358086169343,0.10413388863998563,
ARG,2023Q1,lstatus,NA,14.615119640581412,0.10413388863998563,-0.4592102246596408,
ARG,2023Q2,lstatus,NA,14.155909415921771,-0.4592102246596408,-0.08918914452721793,
ARG,2023Q3,lstatus,NA,14.066720271394553,-0.08918914452721793,0.06987471225012243,
ARG,2023Q4,lstatus,NA,14.136594983644676,0.06987471225012243,0.03673205004622382,
ARG,2024Q1,lstatus,NA,14.1733270336909,0.03673205004622382,-0.27370313536925117,
ARG,2024Q2,lstatus,NA,13.899623898321648,-0.27370313536925117,-0.06574791958735915,
ARG,2024Q3,lstatus,NA,13.833875978734289,-0.06574791958735915,-0.09802568300247749,
ARG,2024Q4,lstatus,NA,13.735850295731812,-0.09802568300247749,-0.7209314313755222,
ARG,2025Q1,lstatus,NA,13.01491886435629,-0.7209314313755222,0.23596334051745593,
ARG,2025Q2,lstatus,NA,13.250882204873745,0.23596334051745593,-0.002501866583264345,
ARG,2025Q3,lstatus,NA,13.248380338290481,-0.002501866583264345,-0.3387012530120632,
ARG,2025Q4,lstatus,NA,12.909679085278418,-0.3387012530120632,0.4465802370438876,
ARG,2026Q1,lstatus,NA,13.356259322322305,0.4465802370438876,,
ARG,2021Q1,occup,0,0.13764828821797254,,0.08461139923299346,
ARG,2021Q2,occup,0,0.222259687450966,0.08461139923299346,-0.035450085222956534,
ARG,2021Q3,occup,0,0.18680960222800946,-0.035450085222956534,-0.016264577882851572,
ARG,2021Q4,occup,0,0.1705450243451579,-0.016264577882851572,0.039483967284435845,
ARG,2022Q1,occup,0,0.21002899162959374,0.039483967284435845,-0.016751936170477044,
ARG,2022Q2,occup,0,0.1932770554591167,-0.016751936170477044,0.05557566593657584,
ARG,2022Q3,occup,0,0.24885272139569253,0.05557566593657584,-0.05074539477042003,
ARG,2022Q4,occup,0,0.1981073266252725,-0.05074539477042003,0.09484955629226724,
ARG,2023Q1,occup,0,0.29295688291753974,0.09484955629226724,-0.08091259332427278,
ARG,2023Q2,occup,0,0.21204428959326696,-0.08091259332427278,0.09985008166210826,
ARG,2023Q3,occup,0,0.3118943712553752,0.09985008166210826,-0.0992731702540686,
ARG,2023Q4,occup,0,0.21262120100130663,-0.0992731702540686,0.01438172291287071,
ARG,2024Q1,occup,0,0.22700292391417734,0.01438172291287071,-0.01721793604278321,
ARG,2024Q2,occup,0,0.20978498787139413,-0.01721793604278321,-0.02755184075334241,
ARG,2024Q3,occup,0,0.18223314711805172,-0.02755184075334241,0.2659636072781584,
ARG,2024Q4,occup,0,0.4481967543962101,0.2659636072781584,-0.2722684338358943,
ARG,2025Q1,occup,0,0.1759283205603158,-0.2722684338358943,0.05991880378165848,
ARG,2025Q2,occup,0,0.23584712434197427,0.05991880378165848,-0.08918683022616461,
ARG,2025Q3,occup,0,0.14666029411580966,-0.08918683022616461,0.3017754793492546,
ARG,2025Q4,occup,0,0.44843577346506425,0.3017754793492546,-0.2143958988722531,
ARG,2026Q1,occup,0,0.23403987459281114,-0.2143958988722531,,
ARG,2021Q1,occup,1,4.515578259265346,,0.3186325394005953,
ARG,2021Q2,occup,1,4.834210798665941,0.3186325394005953,0.2625930326280006,
ARG,2021Q3,occup,1,5.096803831293942,0.2625930326280006,-0.1849046558862133,
ARG,2021Q4,occup,1,4.911899175407728,-0.1849046558862133,-0.7215466342357288,
ARG,2022Q1,occup,1,4.1903525411719995,-0.7215466342357288,0.6803323867502744,
ARG,2022Q2,occup,1,4.870684927922274,0.6803323867502744,-0.2911819508135203,
ARG,2022Q3,occup,1,4.579502977108754,-0.2911819508135203,0.09026378529766532,
ARG,2022Q4,occup,1,4.669766762406419,0.09026378529766532,-0.10373297711315033,
ARG,2023Q1,occup,1,4.566033785293269,-0.10373297711315033,-0.5156933692961543,
ARG,2023Q2,occup,1,4.050340415997114,-0.5156933692961543,0.35696099674658743,
ARG,2023Q3,occup,1,4.407301412743702,0.35696099674658743,0.6143080236666023,
ARG,2023Q4,occup,1,5.021609436410304,0.6143080236666023,-0.6214098928410543,
ARG,2024Q1,occup,1,4.40019954356925,-0.6214098928410543,-0.3544332230048237,
ARG,2024Q2,occup,1,4.045766320564426,-0.3544332230048237,0.6453327485586469,
ARG,2024Q3,occup,1,4.691099069123073,0.6453327485586469,0.09605031449698664,
ARG,2024Q4,occup,1,4.78714938362006,0.09605031449698664,-0.32762364492060314,
ARG,2025Q1,occup,1,4.4595257386994565,-0.32762364492060314,0.20827504060775048,
ARG,2025Q2,occup,1,4.667800779307207,0.20827504060775048,-0.22363006481397285,
ARG,2025Q3,occup,1,4.444170714493234,-0.22363006481397285,0.05834543275668125,
ARG,2025Q4,occup,1,4.502516147249915,0.05834543275668125,-0.01787894357249975,
ARG,2026Q1,occup,1,4.484637203677416,-0.01787894357249975,,
ARG,2021Q1,occup,2,13.08774579708691,,0.45924505880067557,
ARG,2021Q2,occup,2,13.546990855887586,0.45924505880067557,-0.6983262248766593,
ARG,2021Q3,occup,2,12.848664631010926,-0.6983262248766593,-0.2593604290846052,
ARG,2021Q4,occup,2,12.589304201926321,-0.2593604290846052,0.5235694150550199,
ARG,2022Q1,occup,2,13.112873616981341,0.5235694150550199,-1.148036449417992,
ARG,2022Q2,occup,2,11.96483716756335,-1.148036449417992,-0.42752601359543085,
ARG,2022Q3,occup,2,11.537311153967918,-0.42752601359543085,1.4065277349711618,
ARG,2022Q4,occup,2,12.94383888893908,1.4065277349711618,-1.720137255726252,
ARG,2023Q1,occup,2,11.223701633212828,-1.720137255726252,0.506297949473268,
ARG,2023Q2,occup,2,11.729999582686096,0.506297949473268,1.0444420090426636,
ARG,2023Q3,occup,2,12.77444159172876,1.0444420090426636,0.06194757031571463,
ARG,2023Q4,occup,2,12.836389162044474,0.06194757031571463,-0.40741288582883506,
ARG,2024Q1,occup,2,12.42897627621564,-0.40741288582883506,-0.018378543535872538,
ARG,2024Q2,occup,2,12.410597732679767,-0.018378543535872538,0.489797538429535,
ARG,2024Q3,occup,2,12.900395271109302,0.489797538429535,0.25979378953314125,
ARG,2024Q4,occup,2,13.160189060642443,0.25979378953314125,-1.3604112676295106,
ARG,2025Q1,occup,2,11.799777793012932,-1.3604112676295106,0.7508699973652888,
ARG,2025Q2,occup,2,12.550647790378221,0.7508699973652888,0.03390052788645015,
ARG,2025Q3,occup,2,12.584548318264671,0.03390052788645015,0.04110260195287729,
ARG,2025Q4,occup,2,12.625650920217549,0.04110260195287729,-1.0461590158935312,
ARG,2026Q1,occup,2,11.579491904324017,-1.0461590158935312,,
ARG,2021Q1,occup,3,9.413196659285308,,0.10218040598542544,
ARG,2021Q2,occup,3,9.515377065270734,0.10218040598542544,0.660808148980232,
ARG,2021Q3,occup,3,10.176185214250966,0.660808148980232,-0.5959808069872654,
ARG,2021Q4,occup,3,9.5802044072637,-0.5959808069872654,-0.09733583558719516,
ARG,2022Q1,occup,3,9.482868571676505,-0.09733583558719516,-0.3245931112745204,
ARG,2022Q2,occup,3,9.158275460401985,-0.3245931112745204,0.2961391119651555,
ARG,2022Q3,occup,3,9.45441457236714,0.2961391119651555,-1.0639051038705318,
ARG,2022Q4,occup,3,8.390509468496608,-1.0639051038705318,0.43376575223308045,
ARG,2023Q1,occup,3,8.824275220729689,0.43376575223308045,0.1492477760510429,
ARG,2023Q2,occup,3,8.973522996780732,0.1492477760510429,-1.136674911032249,
ARG,2023Q3,occup,3,7.836848085748483,-1.136674911032249,0.43200240526948885,
ARG,2023Q4,occup,3,8.268850491017972,0.43200240526948885,0.48402660271016273,
ARG,2024Q1,occup,3,8.752877093728134,0.48402660271016273,0.09837695004915048,
ARG,2024Q2,occup,3,8.851254043777285,0.09837695004915048,0.18386254773500887,
ARG,2024Q3,occup,3,9.035116591512294,0.18386254773500887,-0.8877381957446815,
ARG,2024Q4,occup,3,8.147378395767612,-0.8877381957446815,1.2097063921646978,
ARG,2025Q1,occup,3,9.35708478793231,1.2097063921646978,-1.032420904659574,
ARG,2025Q2,occup,3,8.324663883272736,-1.032420904659574,0.45022252390136686,
ARG,2025Q3,occup,3,8.774886407174103,0.45022252390136686,-0.283125490668958,
ARG,2025Q4,occup,3,8.491760916505145,-0.283125490668958,0.6747055765028307,
ARG,2026Q1,occup,3,9.166466493007976,0.6747055765028307,,
ARG,2021Q1,occup,4,12.167230693874062,,0.45620146976515485,
ARG,2021Q2,occup,4,12.623432163639217,0.45620146976515485,-0.5706211027951262,
ARG,2021Q3,occup,4,12.05281106084409,-0.5706211027951262,0.015912818195884526,
ARG,2021Q4,occup,4,12.068723879039975,0.015912818195884526,-0.8208171163368974,
ARG,2022Q1,occup,4,11.247906762703078,-0.8208171163368974,0.3829188996689279,
ARG,2022Q2,occup,4,11.630825662372006,0.3829188996689279,-0.7313132688378587,
ARG,2022Q3,occup,4,10.899512393534147,-0.7313132688378587,0.17960635157633398,
ARG,2022Q4,occup,4,11.079118745110481,0.17960635157633398,0.7786266384022582,
ARG,2023Q1,occup,4,11.85774538351274,0.7786266384022582,0.7978137145063631,
ARG,2023Q2,occup,4,12.655559098019102,0.7978137145063631,-0.29272670716683,
ARG,2023Q3,occup,4,12.362832390852272,-0.29272670716683,-0.8842909536492431,
ARG,2023Q4,occup,4,11.47854143720303,-0.8842909536492431,-0.08162817063636751,
ARG,2024Q1,occup,4,11.396913266566662,-0.08162817063636751,0.43008860387890735,
ARG,2024Q2,occup,4,11.827001870445569,0.43008860387890735,-0.26152929555800064,
ARG,2024Q3,occup,4,11.565472574887568,-0.26152929555800064,-0.05637213392062357,
ARG,2024Q4,occup,4,11.509100440966945,-0.05637213392062357,-0.09588828895540225,
ARG,2025Q1,occup,4,11.413212152011543,-0.09588828895540225,0.015910330274556017,
ARG,2025Q2,occup,4,11.429122482286099,0.015910330274556017,0.1641183706645961,
ARG,2025Q3,occup,4,11.593240852950695,0.1641183706645961,-0.5908498224955849,
ARG,2025Q4,occup,4,11.00239103045511,-0.5908498224955849,0.3977833804330704,
ARG,2026Q1,occup,4,11.40017441088818,0.3977833804330704,,
ARG,2021Q1,occup,5,22.233324072209392,,0.9519418548714036,
ARG,2021Q2,occup,5,23.185265927080795,0.9519418548714036,-0.7670010739396993,
ARG,2021Q3,occup,5,22.418264853141096,-0.7670010739396993,0.47296960873845606,
ARG,2021Q4,occup,5,22.891234461879552,0.47296960873845606,-0.16290302897880693,
ARG,2022Q1,occup,5,22.728331432900745,-0.16290302897880693,1.7437008084181223,
ARG,2022Q2,occup,5,24.472032241318868,1.7437008084181223,0.6347596031342917,
ARG,2022Q3,occup,5,25.10679184445316,0.6347596031342917,-0.9595721075580634,
ARG,2022Q4,occup,5,24.147219736895096,-0.9595721075580634,0.3505860619152017,
ARG,2023Q1,occup,5,24.497805798810298,0.3505860619152017,-0.6429758023479302,
ARG,2023Q2,occup,5,23.854829996462367,-0.6429758023479302,1.3166029216139634,
ARG,2023Q3,occup,5,25.17143291807633,1.3166029216139634,-0.8087805399804715,
ARG,2023Q4,occup,5,24.36265237809586,-0.8087805399804715,1.4751286437307058,
ARG,2024Q1,occup,5,25.837781021826565,1.4751286437307058,-0.14965926486657466,
ARG,2024Q2,occup,5,25.68812175695999,-0.14965926486657466,-0.7494097243807936,
ARG,2024Q3,occup,5,24.938712032579197,-0.7494097243807936,-0.4681724430794425,
ARG,2024Q4,occup,5,24.470539589499754,-0.4681724430794425,0.6453060343417221,
ARG,2025Q1,occup,5,25.115845623841476,0.6453060343417221,0.5957677161553256,
ARG,2025Q2,occup,5,25.711613339996802,0.5957677161553256,-0.22186313433798688,
ARG,2025Q3,occup,5,25.489750205658815,-0.22186313433798688,-0.4772699997726306,
ARG,2025Q4,occup,5,25.012480205886185,-0.4772699997726306,0.7724430209587219,
ARG,2026Q1,occup,5,25.784923226844906,0.7724430209587219,,
ARG,2021Q1,occup,6,0.17187466486151254,,0.039943908469995765,
ARG,2021Q2,occup,6,0.2118185733315083,0.039943908469995765,0.09496486216891101,
ARG,2021Q3,occup,6,0.3067834355004193,0.09496486216891101,-0.06252512325947368,
ARG,2021Q4,occup,6,0.24425831224094563,-0.06252512325947368,-0.06898780753484199,
ARG,2022Q1,occup,6,0.17527050470610364,-0.06898780753484199,0.024286727444552875,
ARG,2022Q2,occup,6,0.19955723215065652,0.024286727444552875,0.08432849200519088,
ARG,2022Q3,occup,6,0.2838857241558474,0.08432849200519088,-0.09031859635912703,
ARG,2022Q4,occup,6,0.19356712779672036,-0.09031859635912703,0.033354112551413545,
ARG,2023Q1,occup,6,0.2269212403481339,0.033354112551413545,-0.032942751926229696,
ARG,2023Q2,occup,6,0.1939784884219042,-0.032942751926229696,0.03925179580343069,
ARG,2023Q3,occup,6,0.2332302842253349,0.03925179580343069,-0.013026565270290197,
ARG,2023Q4,occup,6,0.2202037189550447,-0.013026565270290197,-0.019783219467782,
ARG,2024Q1,occup,6,0.2004204994872627,-0.019783219467782,0.05001752076871602,
ARG,2024Q2,occup,6,0.2504380202559787,0.05001752076871602,-0.08734754476368517,
ARG,2024Q3,occup,6,0.16309047549229355,-0.08734754476368517,0.04991312161413486,
ARG,2024Q4,occup,6,0.2130035971064284,0.04991312161413486,-0.028643146631578076,
ARG,2025Q1,occup,6,0.18436045047485033,-0.028643146631578076,0.009365210268028279,
ARG,2025Q2,occup,6,0.1937256607428786,0.009365210268028279,-0.07162021717284293,
ARG,2025Q3,occup,6,0.12210544357003568,-0.07162021717284293,0.06946136602130894,
ARG,2025Q4,occup,6,0.19156680959134462,0.06946136602130894,-0.00963641895430542,
ARG,2026Q1,occup,6,0.1819303906370392,-0.00963641895430542,,
ARG,2021Q1,occup,7,10.432443300097054,,-1.4677411097165667,
ARG,2021Q2,occup,7,8.964702190380487,-1.4677411097165667,1.0421361810583711,
ARG,2021Q3,occup,7,10.006838371438858,1.0421361810583711,-0.17616696835071544,
ARG,2021Q4,occup,7,9.830671403088143,-0.17616696835071544,-0.2807334144856526,
ARG,2022Q1,occup,7,9.54993798860249,-0.2807334144856526,0.24811507966018276,
ARG,2022Q2,occup,7,9.798053068262673,0.24811507966018276,0.7777194009356414,
ARG,2022Q3,occup,7,10.575772469198315,0.7777194009356414,-0.47219927912599147,
ARG,2022Q4,occup,7,10.103573190072323,-0.47219927912599147,-0.45945079815233925,
ARG,2023Q1,occup,7,9.644122391919984,-0.45945079815233925,1.082729331719948,
ARG,2023Q2,occup,7,10.726851723639932,1.082729331719948,0.0716417598115715,
ARG,2023Q3,occup,7,10.798493483451503,0.0716417598115715,-0.49407351167622515,
ARG,2023Q4,occup,7,10.304419971775278,-0.49407351167622515,-1.0099812650811444,
ARG,2024Q1,occup,7,9.294438706694134,-1.0099812650811444,0.6930848881950151,
ARG,2024Q2,occup,7,9.987523594889149,0.6930848881950151,-0.3019002723975941,
ARG,2024Q3,occup,7,9.685623322491555,-0.3019002723975941,0.25821215732808156,
ARG,2024Q4,occup,7,9.943835479819636,0.25821215732808156,-0.06392092640839131,
ARG,2025Q1,occup,7,9.879914553411245,-0.06392092640839131,0.06892109704103788,
ARG,2025Q2,occup,7,9.948835650452283,0.06892109704103788,-0.6355799190701479,
ARG,2025Q3,occup,7,9.313255731382135,-0.6355799190701479,1.5604045950708727,
ARG,2025Q4,occup,7,10.873660326453008,1.5604045950708727,-0.32391714752507283,
ARG,2026Q1,occup,7,10.549743178927935,-0.32391714752507283,,
ARG,2021Q1,occup,8,8.112886451971614,,0.46503547420111246,
ARG,2021Q2,occup,8,8.577921926172726,0.46503547420111246,-0.25613502956306533,
ARG,2021Q3,occup,8,8.32178689660966,-0.25613502956306533,-0.4517386776792973,
ARG,2021Q4,occup,8,7.870048218930363,-0.4517386776792973,0.8095607790835393,
ARG,2022Q1,occup,8,8.679608998013903,0.8095607790835393,-0.7417889042961185,
ARG,2022Q2,occup,8,7.937820093717784,-0.7417889042961185,0.6124767968575178,
ARG,2022Q3,occup,8,8.550296890575302,0.6124767968575178,-0.5603355534691374,
ARG,2022Q4,occup,8,7.989961337106164,-0.5603355534691374,0.2301988116457352,
ARG,2023Q1,occup,8,8.2201601487519,0.2301988116457352,0.12621710500066463,
ARG,2023Q2,occup,8,8.346377253752564,0.12621710500066463,-0.5392017572946877,
ARG,2023Q3,occup,8,7.807175496457877,-0.5392017572946877,0.5657219360423635,
ARG,2023Q4,occup,8,8.37289743250024,0.5657219360423635,0.214224595316292,
ARG,2024Q1,occup,8,8.587122027816532,0.214224595316292,-0.8204150866233322,
ARG,2024Q2,occup,8,7.7667069411932,-0.8204150866233322,0.5851606474734998,
ARG,2024Q3,occup,8,8.3518675886667,0.5851606474734998,0.6890138627438258,
ARG,2024Q4,occup,8,9.040881451410526,0.6890138627438258,-0.10512409944927548,
ARG,2025Q1,occup,8,8.93575735196125,-0.10512409944927548,-0.1872631529451514,
ARG,2025Q2,occup,8,8.748494199016099,-0.1872631529451514,0.10661255946214077,
ARG,2025Q3,occup,8,8.85510675847824,0.10661255946214077,0.23568922946048687,
ARG,2025Q4,occup,8,9.090795987938726,0.23568922946048687,-0.3316742301952722,
ARG,2026Q1,occup,8,8.759121757743454,-0.3316742301952722,,
ARG,2021Q1,occup,9,13.635467973717548,,-0.6967492177708703,
ARG,2021Q2,occup,9,12.938718755946677,-0.6967492177708703,0.5179498171652845,
ARG,2021Q3,occup,9,13.456668573111962,0.5179498171652845,-0.28692759306374427,
ARG,2021Q4,occup,9,13.169740980048218,-0.28692759306374427,0.6758103905558457,
ARG,2022Q1,occup,9,13.845551370604063,0.6758103905558457,-0.15799093063766456,
ARG,2022Q2,occup,9,13.687560439966399,-0.15799093063766456,0.07028745179671247,
ARG,2022Q3,occup,9,13.757847891763111,0.07028745179671247,0.49197574486418105,
ARG,2022Q4,occup,9,14.249823636627292,0.49197574486418105,-0.20974846925070345,
ARG,2023Q1,occup,9,14.040075167376589,-0.20974846925070345,-0.2865685289957174,
ARG,2023Q2,occup,9,13.753506638380872,-0.2865685289957174,-0.8438998707313541,
ARG,2023Q3,occup,9,12.909606767649517,-0.8438998707313541,0.2474452292639171,
ARG,2023Q4,occup,9,13.157051996913435,0.2474452292639171,-0.027797360163866358,
ARG,2024Q1,occup,9,13.129254636749568,-0.027797360163866358,0.5718550346188689,
ARG,2024Q2,occup,9,13.701109671368437,0.5718550346188689,-1.2140883877696442,
ARG,2024Q3,occup,9,12.487021283598793,-1.2140883877696442,-0.25298342498769877,
ARG,2024Q4,occup,9,12.234037858611094,-0.25298342498769877,0.49414911504543824,
ARG,2025Q1,occup,9,12.728186973656532,0.49414911504543824,-0.7057261015573335,
ARG,2025Q2,occup,9,12.022460872099199,-0.7057261015573335,0.5250457081377249,
ARG,2025Q3,occup,9,12.547506580236924,0.5250457081377249,-0.20662133688716544,
ARG,2025Q4,occup,9,12.340885243349758,-0.20662133688716544,0.39390806608942164,
ARG,2026Q1,occup,9,12.73479330943918,0.39390806608942164,,
ARG,2021Q1,occup,NA,6.092603839413279,,-0.7133017832399178,
ARG,2021Q2,occup,NA,5.379302056173361,-0.7133017832399178,-0.25091852560329286,
ARG,2021Q3,occup,NA,5.128383530570068,-0.25091852560329286,1.5449864052598254,
ARG,2021Q4,occup,NA,6.673369935829894,1.5449864052598254,0.1038992851802849,
ARG,2022Q1,occup,NA,6.777269221010179,0.1038992851802849,-0.690192570145288,
ARG,2022Q2,occup,NA,6.087076650864891,-0.690192570145288,-1.0812652893842767,
ARG,2022Q3,occup,NA,5.005811361480614,-1.0812652893842767,1.0287024184439284,
ARG,2022Q4,occup,NA,6.034513779924542,1.0287024184439284,0.5716885672024903,
ARG,2023Q1,occup,NA,6.606202347127033,0.5716885672024903,-1.1032128308609837,
ARG,2023Q2,occup,NA,5.502989516266049,-1.1032128308609837,-0.1162463184552065,
ARG,2023Q3,occup,NA,5.386743197810842,-0.1162463184552065,0.37801957627221494,
ARG,2023Q4,occup,NA,5.764762774083057,0.37801957627221494,-0.01974877065098113,
ARG,2024Q1,occup,NA,5.745014003432076,-0.01974877065098113,-0.48331894343726933,
ARG,2024Q2,occup,NA,5.261695059994807,-0.48331894343726933,0.7376735834263677,
ARG,2024Q3,occup,NA,5.999368643421175,0.7376735834263677,0.04631934473811761,
ARG,2024Q4,occup,NA,6.045687988159292,0.04631934473811761,-0.09528173372120463,
ARG,2025Q1,occup,NA,5.950406254438088,-0.09528173372120463,0.21638196366841456,
ARG,2025Q2,occup,NA,6.166788218106502,0.21638196366841456,-0.03801952443116541,
ARG,2025Q3,occup,NA,6.128768693675337,-0.03801952443116541,-0.7089120547871408,
ARG,2025Q4,occup,NA,5.419856638888196,-0.7089120547871408,-0.29517838897111126,
ARG,2026Q1,occup,NA,5.124678249917085,-0.29517838897111126,,
ARG,2021Q1,socialsec,0,23.264797399629963,,-0.3413856007536964,
ARG,2021Q2,socialsec,0,22.923411798876266,-0.3413856007536964,0.8965015194043744,
ARG,2021Q3,socialsec,0,23.81991331828064,0.8965015194043744,0.4948496974533505,
ARG,2021Q4,socialsec,0,24.31476301573399,0.4948496974533505,2.0682635902428004,
ARG,2022Q1,socialsec,0,26.38302660597679,2.0682635902428004,1.4308061758528723,
ARG,2022Q2,socialsec,0,27.813832781829664,1.4308061758528723,-0.7356200360849883,
ARG,2022Q3,socialsec,0,27.078212745744676,-0.7356200360849883,-0.9621315758709557,
ARG,2022Q4,socialsec,0,26.11608116987372,-0.9621315758709557,1.1470420211298453,
ARG,2023Q1,socialsec,0,27.263123191003565,1.1470420211298453,0.04827133244951298,
ARG,2023Q2,socialsec,0,27.311394523453078,0.04827133244951298,-0.5210923169022976,
ARG,2023Q3,socialsec,0,26.79030220655078,-0.5210923169022976,-0.4563727023668207,
ARG,2023Q4,socialsec,0,26.33392950418396,-0.4563727023668207,0.2860656643117032,
ARG,2024Q1,socialsec,0,26.619995168495663,0.2860656643117032,0.20170398537831957,
ARG,2024Q2,socialsec,0,26.821699153873983,0.20170398537831957,-0.01894422495396242,
ARG,2024Q3,socialsec,0,26.80275492892002,-0.01894422495396242,-0.6809869777349924,
ARG,2024Q4,socialsec,0,26.121767951185028,-0.6809869777349924,0.2450874730088053,
ARG,2025Q1,socialsec,0,26.366855424193833,0.2450874730088053,0.9384885824157188,
ARG,2025Q2,socialsec,0,27.305344006609552,0.9384885824157188,-0.9680288579277629,
ARG,2025Q3,socialsec,0,26.33731514868179,-0.9680288579277629,-0.35695896682721084,
ARG,2025Q4,socialsec,0,25.980356181854578,-0.35695896682721084,1.2236151843551397,
ARG,2026Q1,socialsec,0,27.203971366209718,1.2236151843551397,,
ARG,2021Q1,socialsec,1,48.50316562686973,,1.2279193476075463,
ARG,2021Q2,socialsec,1,49.73108497447728,1.2279193476075463,-1.5050868761927418,
ARG,2021Q3,socialsec,1,48.225998098284535,-1.5050868761927418,0.4672994181945782,
ARG,2021Q4,socialsec,1,48.69329751647911,0.4672994181945782,-1.6089139388549611,
ARG,2022Q1,socialsec,1,47.08438357762415,-1.6089139388549611,-1.3512441396153037,
ARG,2022Q2,socialsec,1,45.73313943800885,-1.3512441396153037,-0.3602236869247193,
ARG,2022Q3,socialsec,1,45.37291575108413,-0.3602236869247193,2.0883168462878245,
ARG,2022Q4,socialsec,1,47.46123259737195,2.0883168462878245,-0.4702208283816276,
ARG,2023Q1,socialsec,1,46.991011768990326,-0.4702208283816276,-0.11231759683621334,
ARG,2023Q2,socialsec,1,46.87869417215411,-0.11231759683621334,1.1605485923249574,
ARG,2023Q3,socialsec,1,48.03924276447907,1.1605485923249574,-0.6663337177805957,
ARG,2023Q4,socialsec,1,47.372909046698474,-0.6663337177805957,0.6727413488199403,
ARG,2024Q1,socialsec,1,48.045650395518415,0.6727413488199403,-1.1074230767859348,
ARG,2024Q2,socialsec,1,46.93822731873248,-1.1074230767859348,-0.681670635778211,
ARG,2024Q3,socialsec,1,46.25655668295427,-0.681670635778211,-0.05636992879047398,
ARG,2024Q4,socialsec,1,46.200186754163795,-0.05636992879047398,0.09003433583003329,
ARG,2025Q1,socialsec,1,46.29022108999383,0.09003433583003329,-1.2211645138179037,
ARG,2025Q2,socialsec,1,45.069056576175925,-1.2211645138179037,0.45055044626144536,
ARG,2025Q3,socialsec,1,45.51960702243737,0.45055044626144536,0.02673495719839991,
ARG,2025Q4,socialsec,1,45.54634197963577,0.02673495719839991,-0.9760462857794323,
ARG,2026Q1,socialsec,1,44.57029569385634,-0.9760462857794323,,
ARG,2021Q1,socialsec,NA,28.232036973500303,,-0.8865337468538463,
ARG,2021Q2,socialsec,NA,27.345503226646457,-0.8865337468538463,0.6085853567883674,
ARG,2021Q3,socialsec,NA,27.954088583434824,0.6085853567883674,-0.9621491156479252,
ARG,2021Q4,socialsec,NA,26.9919394677869,-0.9621491156479252,-0.45934965138783923,
ARG,2022Q1,socialsec,NA,26.53258981639906,-0.45934965138783923,-0.07956203623756863,
ARG,2022Q2,socialsec,NA,26.45302778016149,-0.07956203623756863,1.095843723009704,
ARG,2022Q3,socialsec,NA,27.548871503171195,1.095843723009704,-1.1261852704168689,
ARG,2022Q4,socialsec,NA,26.422686232754327,-1.1261852704168689,-0.6768211927482213,
ARG,2023Q1,socialsec,NA,25.745865040006105,-0.6768211927482213,0.06404626438670036,
ARG,2023Q2,socialsec,NA,25.809911304392806,0.06404626438670036,-0.6394562754226527,
ARG,2023Q3,socialsec,NA,25.170455028970153,-0.6394562754226527,1.1227064201474164,
ARG,2023Q4,socialsec,NA,26.29316144911757,1.1227064201474164,-0.9588070131316471,
ARG,2024Q1,socialsec,NA,25.334354435985922,-0.9588070131316471,0.9057190914076116,
ARG,2024Q2,socialsec,NA,26.240073527393534,0.9057190914076116,0.7006148607321734,
ARG,2024Q3,socialsec,NA,26.940688388125707,0.7006148607321734,0.7373569065254699,
ARG,2024Q4,socialsec,NA,27.678045294651177,0.7373569065254699,-0.3351218088388386,
ARG,2025Q1,socialsec,NA,27.34292348581234,-0.3351218088388386,0.28267593140218494,
ARG,2025Q2,socialsec,NA,27.625599417214524,0.28267593140218494,0.5174784116663176,
ARG,2025Q3,socialsec,NA,28.14307782888084,0.5174784116663176,0.33022400962881093,
ARG,2025Q4,socialsec,NA,28.473301838509652,0.33022400962881093,-0.24756889857570386,
ARG,2026Q1,socialsec,NA,28.22573293993395,-0.24756889857570386,,
ARG,2021Q1,urban,1,100.0,,0.0,
ARG,2021Q2,urban,1,100.0,0.0,0.0,
ARG,2021Q3,urban,1,100.0,0.0,0.0,
ARG,2021Q4,urban,1,100.0,0.0,0.0,
ARG,2022Q1,urban,1,100.0,0.0,0.0,
ARG,2022Q2,urban,1,100.0,0.0,0.0,
ARG,2022Q3,urban,1,100.0,0.0,0.0,
ARG,2022Q4,urban,1,100.0,0.0,0.0,
ARG,2023Q1,urban,1,100.0,0.0,0.0,
ARG,2023Q2,urban,1,100.0,0.0,0.0,
ARG,2023Q3,urban,1,100.0,0.0,0.0,
ARG,2023Q4,urban,1,100.0,0.0,0.0,
ARG,2024Q1,urban,1,100.0,0.0,0.0,
ARG,2024Q2,urban,1,100.0,0.0,0.0,
ARG,2024Q3,urban,1,100.0,0.0,0.0,
ARG,2024Q4,urban,1,100.0,0.0,0.0,
ARG,2025Q1,urban,1,100.0,0.0,0.0,
ARG,2025Q2,urban,1,100.0,0.0,0.0,
ARG,2025Q3,urban,1,100.0,0.0,0.0,
ARG,2025Q4,urban,1,100.0,0.0,0.0,
ARG,2026Q1,urban,1,100.0,0.0,,
ECU,2021Q3,educat7,1,3.423193017705962,,-0.309076756365136,
ECU,2021Q4,educat7,1,3.114116261340826,-0.309076756365136,0.3102462096971692,
ECU,2022Q1,educat7,1,3.424362471037995,0.3102462096971692,-0.02566140659819771,
ECU,2022Q2,educat7,1,3.3987010644397975,-0.02566140659819771,-0.38951247065552463,
ECU,2022Q3,educat7,1,3.009188593784273,-0.38951247065552463,0.22025868881639443,
ECU,2022Q4,educat7,1,3.2294472826006673,0.22025868881639443,0.21577733481385097,
ECU,2023Q1,educat7,1,3.4452246174145182,0.21577733481385097,-0.06450376795440027,
ECU,2023Q2,educat7,1,3.380720849460118,-0.06450376795440027,-0.37642684949865934,
ECU,2023Q3,educat7,1,3.0042939999614586,-0.37642684949865934,0.36516678017628346,
ECU,2023Q4,educat7,1,3.369460780137742,0.36516678017628346,0.3510086345097747,
ECU,2024Q1,educat7,1,3.720469414647517,0.3510086345097747,-0.4375236574237249,
ECU,2024Q2,educat7,1,3.282945757223792,-0.4375236574237249,-0.013325726960575768,
ECU,2024Q3,educat7,1,3.269620030263216,-0.013325726960575768,0.23256600254576654,
ECU,2024Q4,educat7,1,3.5021860328089827,0.23256600254576654,0.2852159901569471,
ECU,2025Q1,educat7,1,3.7874020229659298,0.2852159901569471,-0.4704679244274943,
ECU,2025Q2,educat7,1,3.3169340985384355,-0.4704679244274943,-0.024324773567463875,
ECU,2025Q3,educat7,1,3.2926093249709716,-0.024324773567463875,0.15049638359906492,
ECU,2025Q4,educat7,1,3.4431057085700365,0.15049638359906492,-0.3048082014964879,
ECU,2026Q1,educat7,1,3.1382975070735486,-0.3048082014964879,,
ECU,2021Q3,educat7,2,16.559790589787465,,0.4885844993933759,
ECU,2021Q4,educat7,2,17.04837508918084,0.4885844993933759,-0.032538244221012036,
ECU,2022Q1,educat7,2,17.01583684495983,-0.032538244221012036,-0.3130033814493238,
ECU,2022Q2,educat7,2,16.702833463510505,-0.3130033814493238,0.10464388192679408,
ECU,2022Q3,educat7,2,16.8074773454373,0.10464388192679408,0.04442509610185752,
ECU,2022Q4,educat7,2,16.851902441539156,0.04442509610185752,0.2171368353446681,
ECU,2023Q1,educat7,2,17.069039276883824,0.2171368353446681,0.09054118474967865,
ECU,2023Q2,educat7,2,17.159580461633503,0.09054118474967865,-0.55054273834212,
ECU,2023Q3,educat7,2,16.609037723291383,-0.55054273834212,0.512471154095099,
ECU,2023Q4,educat7,2,17.121508877386482,0.512471154095099,0.34369002076967803,
ECU,2024Q1,educat7,2,17.46519889815616,0.34369002076967803,-0.14147692620321095,
ECU,2024Q2,educat7,2,17.32372197195295,-0.14147692620321095,-0.5390992637305807,
ECU,2024Q3,educat7,2,16.78462270822237,-0.5390992637305807,0.6371311944417748,
ECU,2024Q4,educat7,2,17.421753902664143,0.6371311944417748,0.22585300863447344,
ECU,2025Q1,educat7,2,17.647606911298617,0.22585300863447344,-0.5013541832970567,
ECU,2025Q2,educat7,2,17.14625272800156,-0.5013541832970567,-0.27207887216751914,
ECU,2025Q3,educat7,2,16.87417385583404,-0.27207887216751914,0.5239550538018349,
ECU,2025Q4,educat7,2,17.398128909635876,0.5239550538018349,-0.15995680569541548,
ECU,2026Q1,educat7,2,17.23817210394046,-0.15995680569541548,,
ECU,2021Q3,educat7,3,15.68988968207417,,0.025872995399344845,
ECU,2021Q4,educat7,3,15.715762677473515,0.025872995399344845,0.16483055092340493,
ECU,2022Q1,educat7,3,15.88059322839692,0.16483055092340493,0.3051862316516303,
ECU,2022Q2,educat7,3,16.18577946004855,0.3051862316516303,-0.07056554455747488,
ECU,2022Q3,educat7,3,16.115213915491076,-0.07056554455747488,0.27989850693489515,
ECU,2022Q4,educat7,3,16.39511242242597,0.27989850693489515,0.2253659953482554,
ECU,2023Q1,educat7,3,16.620478417774226,0.2253659953482554,-0.6039808199574637,
ECU,2023Q2,educat7,3,16.016497597816763,-0.6039808199574637,0.03780054000025501,
ECU,2023Q3,educat7,3,16.054298137817018,0.03780054000025501,0.4303152829144956,
ECU,2023Q4,educat7,3,16.484613420731513,0.4303152829144956,-0.16258540793783283,
ECU,2024Q1,educat7,3,16.32202801279368,-0.16258540793783283,0.24994246191680958,
ECU,2024Q2,educat7,3,16.57197047471049,0.24994246191680958,-1.2933706172133856,
ECU,2024Q3,educat7,3,15.278599857497104,-1.2933706172133856,0.5583265994036974,
ECU,2024Q4,educat7,3,15.836926456900802,0.5583265994036974,-0.6832708524944042,
ECU,2025Q1,educat7,3,15.153655604406397,-0.6832708524944042,0.17667555298388038,
ECU,2025Q2,educat7,3,15.330331157390278,0.17667555298388038,0.46126688712149644,
ECU,2025Q3,educat7,3,15.791598044511774,0.46126688712149644,0.001884455417636488,
ECU,2025Q4,educat7,3,15.79348249992941,0.001884455417636488,-0.5576397681143526,
ECU,2026Q1,educat7,3,15.235842731815058,-0.5576397681143526,,
ECU,2021Q3,educat7,4,22.50131992331792,,-0.677873275982062,
ECU,2021Q4,educat7,4,21.823446647335857,-0.677873275982062,0.13385518252828987,
ECU,2022Q1,educat7,4,21.957301829864146,0.13385518252828987,0.1283122632634459,
ECU,2022Q2,educat7,4,22.085614093127592,0.1283122632634459,-0.24432148417820088,
ECU,2022Q3,educat7,4,21.84129260894939,-0.24432148417820088,-0.5931737596794804,
ECU,2022Q4,educat7,4,21.24811884926991,-0.5931737596794804,0.2661807194901762,
ECU,2023Q1,educat7,4,21.514299568760087,0.2661807194901762,-0.12411635264203369,
ECU,2023Q2,educat7,4,21.390183216118054,-0.12411635264203369,0.5646552060627101,
ECU,2023Q3,educat7,4,21.954838422180764,0.5646552060627101,-0.5121128949582818,
ECU,2023Q4,educat7,4,21.442725527222482,-0.5121128949582818,0.09408592772451385,
ECU,2024Q1,educat7,4,21.536811454946996,0.09408592772451385,-0.611062347983129,
ECU,2024Q2,educat7,4,20.925749106963867,-0.611062347983129,1.1089474654399218,
ECU,2024Q3,educat7,4,22.03469657240379,1.1089474654399218,-0.7263411159745381,
ECU,2024Q4,educat7,4,21.30835545642925,-0.7263411159745381,-0.23946731460812387,
ECU,2025Q1,educat7,4,21.068888141821127,-0.23946731460812387,0.12641487696406983,
ECU,2025Q2,educat7,4,21.195303018785197,0.12641487696406983,0.06307909940268175,
ECU,2025Q3,educat7,4,21.25838211818788,0.06307909940268175,-0.5785235338251553,
ECU,2025Q4,educat7,4,20.679858584362723,-0.5785235338251553,0.2778142684532874,
ECU,2026Q1,educat7,4,20.95767285281601,0.2778142684532874,,
ECU,2021Q3,educat7,5,19.990813115296636,,-0.13879682689421813,
ECU,2021Q4,educat7,5,19.852016288402417,-0.13879682689421813,-0.19011230312577254,
ECU,2022Q1,educat7,5,19.661903985276645,-0.19011230312577254,0.2061265094071878,
ECU,2022Q2,educat7,5,19.868030494683833,0.2061265094071878,0.6206530943977207,
ECU,2022Q3,educat7,5,20.488683589081553,0.6206530943977207,0.17387639029228197,
ECU,2022Q4,educat7,5,20.662559979373835,0.17387639029228197,-0.8609445414884114,
ECU,2023Q1,educat7,5,19.801615437885424,-0.8609445414884114,0.438025685862236,
ECU,2023Q2,educat7,5,20.23964112374766,0.438025685862236,0.5349178404746269,
ECU,2023Q3,educat7,5,20.774558964222287,0.5349178404746269,-0.7004574657047584,
ECU,2023Q4,educat7,5,20.07410149851753,-0.7004574657047584,-0.009800606210664142,
ECU,2024Q1,educat7,5,20.064300892306864,-0.009800606210664142,0.5065811189026199,
ECU,2024Q2,educat7,5,20.570882011209484,0.5065811189026199,0.11904583744144048,
ECU,2024Q3,educat7,5,20.689927848650925,0.11904583744144048,-0.04798741990637012,
ECU,2024Q4,educat7,5,20.641940428744554,-0.04798741990637012,0.18809176802384542,
ECU,2025Q1,educat7,5,20.8300321967684,0.18809176802384542,0.5179064944808935,
ECU,2025Q2,educat7,5,21.347938691249293,0.5179064944808935,-0.34276139884027046,
ECU,2025Q3,educat7,5,21.005177292409023,-0.34276139884027046,-0.12020767272426625,
ECU,2025Q4,educat7,5,20.884969619684757,-0.12020767272426625,0.9634049216426632,
ECU,2026Q1,educat7,5,21.84837454132742,0.9634049216426632,,
ECU,2021Q3,educat7,6,1.703318943209044,,0.014405678229469698,
ECU,2021Q4,educat7,6,1.7177246214385138,0.014405678229469698,0.004843579085724192,
ECU,2022Q1,educat7,6,1.722568200524238,0.004843579085724192,0.07927620239953592,
ECU,2022Q2,educat7,6,1.801844402923774,0.07927620239953592,0.09697562200360288,
ECU,2022Q3,educat7,6,1.8988200249273768,0.09697562200360288,-0.07345439139762222,
ECU,2022Q4,educat7,6,1.8253656335297546,-0.07345439139762222,-0.045474014923787553,
ECU,2023Q1,educat7,6,1.779891618605967,-0.045474014923787553,0.055600830919006805,
ECU,2023Q2,educat7,6,1.8354924495249738,0.055600830919006805,-0.007769981233887613,
ECU,2023Q3,educat7,6,1.8277224682910862,-0.007769981233887613,0.07442828782822764,
ECU,2023Q4,educat7,6,1.9021507561193138,0.07442828782822764,0.10437210726174517,
ECU,2024Q1,educat7,6,2.006522863381059,0.10437210726174517,-0.015672231565891703,
ECU,2024Q2,educat7,6,1.9908506318151673,-0.015672231565891703,0.0370647901492549,
ECU,2024Q3,educat7,6,2.027915421964422,0.0370647901492549,0.0363898537057068,
ECU,2024Q4,educat7,6,2.064305275670129,0.0363898537057068,0.35854347768545614,
ECU,2025Q1,educat7,6,2.422848753355585,0.35854347768545614,-0.1134744537527479,
ECU,2025Q2,educat7,6,2.3093742996028372,-0.1134744537527479,-0.022823133626521663,
ECU,2025Q3,educat7,6,2.2865511659763156,-0.022823133626521663,-0.12493071678288858,
ECU,2025Q4,educat7,6,2.161620449193427,-0.12493071678288858,0.06553355431978547,
ECU,2026Q1,educat7,6,2.2271540035132125,0.06553355431978547,,
ECU,2021Q3,educat7,7,12.263922587352408,,0.3710674411197008,
ECU,2021Q4,educat7,7,12.634990028472108,0.3710674411197008,-0.5246181220994401,
ECU,2022Q1,educat7,7,12.110371906372668,-0.5246181220994401,-0.048795706918834725,
ECU,2022Q2,educat7,7,12.061576199453834,-0.048795706918834725,-0.0332807000919324,
ECU,2022Q3,educat7,7,12.028295499361901,-0.0332807000919324,-0.0775849246851088,
ECU,2022Q4,educat7,7,11.950710574676792,-0.0775849246851088,-0.20022954963982542,
ECU,2023Q1,educat7,7,11.750481025036967,-0.20022954963982542,0.02559336351480823,
ECU,2023Q2,educat7,7,11.776074388551775,0.02559336351480823,0.13202345828466377,
ECU,2023Q3,educat7,7,11.908097846836439,0.13202345828466377,-0.15075050198752038,
ECU,2023Q4,educat7,7,11.757347344848919,-0.15075050198752038,-0.26728473794673313,
ECU,2024Q1,educat7,7,11.490062606902185,-0.26728473794673313,0.2918727135128467,
ECU,2024Q2,educat7,7,11.781935320415032,0.2918727135128467,0.17715064346035625,
ECU,2024Q3,educat7,7,11.959085963875388,0.17715064346035625,-0.6330885117485465,
ECU,2024Q4,educat7,7,11.325997452126842,-0.6330885117485465,0.21287616031405143,
ECU,2025Q1,educat7,7,11.538873612440893,0.21287616031405143,0.03121896858178097,
ECU,2025Q2,educat7,7,11.570092581022674,0.03121896858178097,0.18894912820212184,
ECU,2025Q3,educat7,7,11.759041709224796,0.18894912820212184,-0.3562207439051779,
ECU,2025Q4,educat7,7,11.402820965319618,-0.3562207439051779,0.29425988296169336,
ECU,2026Q1,educat7,7,11.697080848281312,0.29425988296169336,,
ECU,2021Q3,educat7,NA,7.867752141256397,,0.22581624509952913,
ECU,2021Q4,educat7,NA,8.093568386355926,0.22581624509952913,0.13349314721162386,
ECU,2022Q1,educat7,NA,8.22706153356755,0.13349314721162386,-0.331440711755449,
ECU,2022Q2,educat7,NA,7.895620821812101,-0.331440711755449,-0.08459239884497194,
ECU,2022Q3,educat7,NA,7.811028422967129,-0.08459239884497194,0.025754393616788995,
ECU,2022Q4,educat7,NA,7.836782816583918,0.025754393616788995,0.18218722105505059,
ECU,2023Q1,educat7,NA,8.018970037638969,0.18218722105505059,0.18283987550818992,
ECU,2023Q2,educat7,NA,8.201809913147159,0.18283987550818992,-0.3346574757476066,
ECU,2023Q3,educat7,NA,7.867152437399552,-0.3346574757476066,-0.019060642363546876,
ECU,2023Q4,educat7,NA,7.848091795036005,-0.019060642363546876,-0.45348593817047966,
ECU,2024Q1,educat7,NA,7.3946058568655255,-0.45348593817047966,0.15733886884368609,
ECU,2024Q2,educat7,NA,7.551944725709212,0.15733886884368609,0.4035868714135802,
ECU,2024Q3,educat7,NA,7.955531597122792,0.4035868714135802,-0.05699660246750593,
ECU,2024Q4,educat7,NA,7.898534994655286,-0.05699660246750593,-0.3478422377122259,
ECU,2025Q1,educat7,NA,7.55069275694306,-0.3478422377122259,0.23308066846665287,
ECU,2025Q2,educat7,NA,7.783773425409713,0.23308066846665287,-0.05130693652451068,
ECU,2025Q3,educat7,NA,7.732466488885202,-0.05130693652451068,0.5035467744189548,
ECU,2025Q4,educat7,NA,8.236013263304157,0.5035467744189548,-0.5786078520711895,
ECU,2026Q1,educat7,NA,7.6574054112329675,-0.5786078520711895,,
ECU,2021Q3,empstat,1,46.18996481774768,,0.9544399668008268,
ECU,2021Q4,empstat,1,47.144404784548506,0.9544399668008268,-0.8122893751420222,
ECU,2022Q1,empstat,1,46.332115409406484,-0.8122893751420222,0.6838841074787965,
ECU,2022Q2,empstat,1,47.01599951688528,0.6838841074787965,-0.44001017589864233,
ECU,2022Q3,empstat,1,46.57598934098664,-0.44001017589864233,1.5709498312779928,
ECU,2022Q4,empstat,1,48.14693917226463,1.5709498312779928,-0.5335533320725077,
ECU,2023Q1,empstat,1,47.61338584019212,-0.5335533320725077,1.569032487961806,
ECU,2023Q2,empstat,1,49.18241832815393,1.569032487961806,-1.0814248359526104,
ECU,2023Q3,empstat,1,48.10099349220132,-1.0814248359526104,-0.25421201785914604,
ECU,2023Q4,empstat,1,47.84678147434217,-0.25421201785914604,-0.44005993214496897,
ECU,2024Q1,empstat,1,47.406721542197204,-0.44005993214496897,0.4338301299235283,
ECU,2024Q2,empstat,1,47.84055167212073,0.4338301299235283,-0.21659695204022,
ECU,2024Q3,empstat,1,47.62395472008051,-0.21659695204022,0.01448400666819083,
ECU,2024Q4,empstat,1,47.6384387267487,0.01448400666819083,0.6776676287781456,
ECU,2025Q1,empstat,1,48.31610635552685,0.6776676287781456,1.3174397728980551,
ECU,2025Q2,empstat,1,49.6335461284249,1.3174397728980551,1.7483025644369405,
ECU,2025Q3,empstat,1,51.381848692861844,1.7483025644369405,-1.4398271005968653,
ECU,2025Q4,empstat,1,49.94202159226498,-1.4398271005968653,1.3976299804759194,
ECU,2026Q1,empstat,1,51.3396515727409,1.3976299804759194,,
ECU,2021Q3,empstat,2,14.565824601241825,,-0.04339085199010562,
ECU,2021Q4,empstat,2,14.52243374925172,-0.04339085199010562,0.4979578532708562,
ECU,2022Q1,empstat,2,15.020391602522576,0.4979578532708562,-0.9045382289787902,
ECU,2022Q2,empstat,2,14.115853373543786,-0.9045382289787902,0.6275956786029706,
ECU,2022Q3,empstat,2,14.743449052146756,0.6275956786029706,-1.347932865362802,
ECU,2022Q4,empstat,2,13.395516186783954,-1.347932865362802,0.7385347157874946,
ECU,2023Q1,empstat,2,14.134050902571449,0.7385347157874946,-0.5790025526450755,
ECU,2023Q2,empstat,2,13.555048349926373,-0.5790025526450755,0.26704923581099393,
ECU,2023Q3,empstat,2,13.822097585737367,0.26704923581099393,0.27050240441103135,
ECU,2023Q4,empstat,2,14.092599990148399,0.27050240441103135,0.7251248578274883,
ECU,2024Q1,empstat,2,14.817724847975887,0.7251248578274883,-0.9961583489356762,
ECU,2024Q2,empstat,2,13.82156649904021,-0.9961583489356762,-0.06583720012033822,
ECU,2024Q3,empstat,2,13.755729298919873,-0.06583720012033822,-0.4885570966431363,
ECU,2024Q4,empstat,2,13.267172202276736,-0.4885570966431363,0.9894253031359828,
ECU,2025Q1,empstat,2,14.256597505412719,0.9894253031359828,-1.8500731198160345,
ECU,2025Q2,empstat,2,12.406524385596684,-1.8500731198160345,-0.6397410259507765,
ECU,2025Q3,empstat,2,11.766783359645908,-0.6397410259507765,0.240888460014542,
ECU,2025Q4,empstat,2,12.00767181966045,0.240888460014542,-0.3746919726716733,
ECU,2026Q1,empstat,2,11.632979846988777,-0.3746919726716733,,
ECU,2021Q3,empstat,3,2.439576018143338,,0.12184308628839524,
ECU,2021Q4,empstat,3,2.5614191044317334,0.12184308628839524,0.03508896096781333,
ECU,2022Q1,empstat,3,2.5965080653995467,0.03508896096781333,-0.05375096006789448,
ECU,2022Q2,empstat,3,2.5427571053316522,-0.05375096006789448,-0.06241275620843156,
ECU,2022Q3,empstat,3,2.4803443491232207,-0.06241275620843156,-0.1443002581260444,
ECU,2022Q4,empstat,3,2.3360440909971762,-0.1443002581260444,-0.2296951229572164,
ECU,2023Q1,empstat,3,2.10634896803996,-0.2296951229572164,0.2410123506699846,
ECU,2023Q2,empstat,3,2.3473613187099445,0.2410123506699846,0.15382062368779303,
ECU,2023Q3,empstat,3,2.5011819423977375,0.15382062368779303,-0.25240183563831886,
ECU,2023Q4,empstat,3,2.2487801067594186,-0.25240183563831886,-0.07659404633310407,
ECU,2024Q1,empstat,3,2.1721860604263146,-0.07659404633310407,-0.10199812093437499,
ECU,2024Q2,empstat,3,2.0701879394919396,-0.10199812093437499,0.2513561945409326,
ECU,2024Q3,empstat,3,2.321544134032872,0.2513561945409326,-0.17914970657990326,
ECU,2024Q4,empstat,3,2.142394427452969,-0.17914970657990326,-0.027103287920000607,
ECU,2025Q1,empstat,3,2.1152911395329683,-0.027103287920000607,0.058508491266242135,
ECU,2025Q2,empstat,3,2.1737996307992105,0.058508491266242135,0.0018564223420258763,
ECU,2025Q3,empstat,3,2.1756560531412363,0.0018564223420258763,0.4948500297509959,
ECU,2025Q4,empstat,3,2.6705060828922322,0.4948500297509959,-0.5420224335565975,
ECU,2026Q1,empstat,3,2.1284836493356347,-0.5420224335565975,,
ECU,2021Q3,empstat,4,36.80463456286716,,-1.0328922010991235,
ECU,2021Q4,empstat,4,35.771742361768034,-1.0328922010991235,0.27924256090335575,
ECU,2022Q1,empstat,4,36.05098492267139,0.27924256090335575,0.2744050815678989,
ECU,2022Q2,empstat,4,36.32539000423929,0.2744050815678989,-0.12517274649590604,
ECU,2022Q3,empstat,4,36.20021725774338,-0.12517274649590604,-0.07871670778914108,
ECU,2022Q4,empstat,4,36.12150054995424,-0.07871670778914108,0.024713739242216093,
ECU,2023Q1,empstat,4,36.14621428919646,0.024713739242216093,-1.231042285986696,
ECU,2023Q2,empstat,4,34.91517200320976,-1.231042285986696,0.6605549764538239,
ECU,2023Q3,empstat,4,35.575726979663585,0.6605549764538239,0.23611144908642245,
ECU,2023Q4,empstat,4,35.81183842875001,0.23611144908642245,-0.2084708793494059,
ECU,2024Q1,empstat,4,35.6033675494006,-0.2084708793494059,0.6643263399465198,
ECU,2024Q2,empstat,4,36.26769388934712,0.6643263399465198,0.0310779576196083,
ECU,2024Q3,empstat,4,36.29877184696673,0.0310779576196083,0.6532227965548643,
ECU,2024Q4,empstat,4,36.951994643521594,0.6532227965548643,-1.6399896439941344,
ECU,2025Q1,empstat,4,35.31200499952746,-1.6399896439941344,0.4741248556517448,
ECU,2025Q2,empstat,4,35.786129855179205,0.4741248556517448,-1.110417960828201,
ECU,2025Q3,empstat,4,34.675711894351004,-1.110417960828201,0.7040886108313344,
ECU,2025Q4,empstat,4,35.37980050518234,0.7040886108313344,-0.4809155742476463,
ECU,2026Q1,empstat,4,34.89888493093469,-0.4809155742476463,,
ECU,2021Q3,industrycat10,1,30.932554104659104,,0.5181928434422041,
ECU,2021Q4,industrycat10,1,31.450746948101308,0.5181928434422041,1.5575010750038807,
ECU,2022Q1,industrycat10,1,33.00824802310519,1.5575010750038807,-1.5208843796719442,
ECU,2022Q2,industrycat10,1,31.487363643433245,-1.5208843796719442,-0.29268289710836015,
ECU,2022Q3,industrycat10,1,31.194680746324885,-0.29268289710836015,-0.148786851504898,
ECU,2022Q4,industrycat10,1,31.045893894819987,-0.148786851504898,1.1799510074333277,
ECU,2023Q1,industrycat10,1,32.225844902253314,1.1799510074333277,-0.35093289341555334,
ECU,2023Q2,industrycat10,1,31.87491200883776,-0.35093289341555334,-1.6453711907122077,
ECU,2023Q3,industrycat10,1,30.229540818125553,-1.6453711907122077,2.296188710903987,
ECU,2023Q4,industrycat10,1,32.52572952902954,2.296188710903987,1.171799748962627,
ECU,2024Q1,industrycat10,1,33.69752927799217,1.171799748962627,-1.8988155680157135,
ECU,2024Q2,industrycat10,1,31.798713709976454,-1.8988155680157135,0.27298017473220426,
ECU,2024Q3,industrycat10,1,32.07169388470866,0.27298017473220426,0.21852006164547078,
ECU,2024Q4,industrycat10,1,32.29021394635413,0.21852006164547078,0.5759241639811066,
ECU,2025Q1,industrycat10,1,32.866138110335235,0.5759241639811066,-1.5145501194922062,
ECU,2025Q2,industrycat10,1,31.35158799084303,-1.5145501194922062,-0.6248563705281001,
ECU,2025Q3,industrycat10,1,30.72673162031493,-0.6248563705281001,3.691310321724103,
ECU,2025Q4,industrycat10,1,34.41804194203903,3.691310321724103,-2.129360588512206,level_shift
ECU,2026Q1,industrycat10,1,32.288681353526826,-2.129360588512206,,
ECU,2021Q3,industrycat10,10,11.89650466942815,,-0.1612096201525528,
ECU,2021Q4,industrycat10,10,11.735295049275598,-0.1612096201525528,0.09078855971247357,
ECU,2022Q1,industrycat10,10,11.826083608988071,0.09078855971247357,-0.16602445697066948,
ECU,2022Q2,industrycat10,10,11.660059152017402,-0.16602445697066948,-0.27153756404284657,
ECU,2022Q3,industrycat10,10,11.388521587974555,-0.27153756404284657,0.6218420979494397,
ECU,2022Q4,industrycat10,10,12.010363685923995,0.6218420979494397,0.38567351875359357,
ECU,2023Q1,industrycat10,10,12.396037204677588,0.38567351875359357,-0.12895073556956937,
ECU,2023Q2,industrycat10,10,12.267086469108019,-0.12895073556956937,-0.04734746118913691,
ECU,2023Q3,industrycat10,10,12.219739007918882,-0.04734746118913691,-0.2514846119481451,
ECU,2023Q4,industrycat10,10,11.968254395970737,-0.2514846119481451,-0.34097151435680395,
ECU,2024Q1,industrycat10,10,11.627282881613933,-0.34097151435680395,0.2541180601621331,
ECU,2024Q2,industrycat10,10,11.881400941776066,0.2541180601621331,0.7299829953746944,
ECU,2024Q3,industrycat10,10,12.61138393715076,0.7299829953746944,-1.2052985828701779,
ECU,2024Q4,industrycat10,10,11.406085354280583,-1.2052985828701779,0.16572922719165462,
ECU,2025Q1,industrycat10,10,11.571814581472237,0.16572922719165462,0.2354225362369391,
ECU,2025Q2,industrycat10,10,11.807237117709176,0.2354225362369391,0.12612806851484315,
ECU,2025Q3,industrycat10,10,11.93336518622402,0.12612806851484315,-0.04648170412549568,
ECU,2025Q4,industrycat10,10,11.886883482098524,-0.04648170412549568,-0.3802225205234908,
ECU,2026Q1,industrycat10,10,11.506660961575033,-0.3802225205234908,,
ECU,2021Q3,industrycat10,2,0.5606249659829871,,-0.008455268317390852,
ECU,2021Q4,industrycat10,2,0.5521696976655962,-0.008455268317390852,-0.07017979817724396,
ECU,2022Q1,industrycat10,2,0.48198989948835225,-0.07017979817724396,0.15660247494249513,
ECU,2022Q2,industrycat10,2,0.6385923744308474,0.15660247494249513,0.03467232404069753,
ECU,2022Q3,industrycat10,2,0.6732646984715449,0.03467232404069753,-0.17922561604362608,
ECU,2022Q4,industrycat10,2,0.49403908242791883,-0.17922561604362608,0.03502459385259493,
ECU,2023Q1,industrycat10,2,0.5290636762805138,0.03502459385259493,-0.055008076352243473,
ECU,2023Q2,industrycat10,2,0.4740555999282703,-0.055008076352243473,0.1550978424187205,
ECU,2023Q3,industrycat10,2,0.6291534423469908,0.1550978424187205,-0.2252707656126764,
ECU,2023Q4,industrycat10,2,0.4038826767343144,-0.2252707656126764,-0.0299144916236454,
ECU,2024Q1,industrycat10,2,0.373968185110669,-0.0299144916236454,0.15091354188645933,
ECU,2024Q2,industrycat10,2,0.5248817269971283,0.15091354188645933,0.005030083757983417,
ECU,2024Q3,industrycat10,2,0.5299118107551117,0.005030083757983417,-0.054213466528168386,
ECU,2024Q4,industrycat10,2,0.47569834422694335,-0.054213466528168386,0.10123524359898461,
ECU,2025Q1,industrycat10,2,0.576933587825928,0.10123524359898461,-0.14876586507896633,
ECU,2025Q2,industrycat10,2,0.42816772274696163,-0.14876586507896633,0.053413967568456455,
ECU,2025Q3,industrycat10,2,0.4815816903154181,0.053413967568456455,-0.0023204798194745857,
ECU,2025Q4,industrycat10,2,0.4792612104959435,-0.0023204798194745857,0.08186413856621522,
ECU,2026Q1,industrycat10,2,0.5611253490621587,0.08186413856621522,,
ECU,2021Q3,industrycat10,3,9.964902239651629,,0.51140879436789,
ECU,2021Q4,industrycat10,3,10.476311034019519,0.51140879436789,-0.5062441950906198,
ECU,2022Q1,industrycat10,3,9.970066838928899,-0.5062441950906198,0.15936266522968268,
ECU,2022Q2,industrycat10,3,10.129429504158582,0.15936266522968268,0.30040158479185486,
ECU,2022Q3,industrycat10,3,10.429831088950436,0.30040158479185486,-0.5306360291080559,
ECU,2022Q4,industrycat10,3,9.89919505984238,-0.5306360291080559,-0.6378640394453647,
ECU,2023Q1,industrycat10,3,9.261331020397016,-0.6378640394453647,0.40386483175125676,
ECU,2023Q2,industrycat10,3,9.665195852148273,0.40386483175125676,0.006518712018946715,
ECU,2023Q3,industrycat10,3,9.67171456416722,0.006518712018946715,-0.617985699032781,
ECU,2023Q4,industrycat10,3,9.053728865134438,-0.617985699032781,-0.24614105103705164,
ECU,2024Q1,industrycat10,3,8.807587814097387,-0.24614105103705164,1.0144549688366098,
ECU,2024Q2,industrycat10,3,9.822042782933996,1.0144549688366098,-0.4527850826902817,
ECU,2024Q3,industrycat10,3,9.369257700243715,-0.4527850826902817,0.021020475366071878,
ECU,2024Q4,industrycat10,3,9.390278175609787,0.021020475366071878,-0.5203233254843855,
ECU,2025Q1,industrycat10,3,8.869954850125401,-0.5203233254843855,1.071691718070726,
ECU,2025Q2,industrycat10,3,9.941646568196127,1.071691718070726,0.7838780246747383,
ECU,2025Q3,industrycat10,3,10.725524592870865,0.7838780246747383,-0.8331174886389991,
ECU,2025Q4,industrycat10,3,9.892407104231866,-0.8331174886389991,-0.4372777363812297,
ECU,2026Q1,industrycat10,3,9.455129367850637,-0.4372777363812297,,
ECU,2021Q3,industrycat10,4,0.6032631481523427,,-0.07559984662068797,
ECU,2021Q4,industrycat10,4,0.5276633015316547,-0.07559984662068797,-0.04425981650529903,
ECU,2022Q1,industrycat10,4,0.4834034850263557,-0.04425981650529903,0.08130580195341958,
ECU,2022Q2,industrycat10,4,0.5647092869797753,0.08130580195341958,0.08841345152616387,
ECU,2022Q3,industrycat10,4,0.6531227385059392,0.08841345152616387,-0.1132660228433564,
ECU,2022Q4,industrycat10,4,0.5398567156625828,-0.1132660228433564,-0.03733451418553768,
ECU,2023Q1,industrycat10,4,0.5025222014770451,-0.03733451418553768,0.18413927048701928,
ECU,2023Q2,industrycat10,4,0.6866614719640644,0.18413927048701928,-0.09704222415272645,
ECU,2023Q3,industrycat10,4,0.5896192478113379,-0.09704222415272645,0.016746552056571384,
ECU,2023Q4,industrycat10,4,0.6063657998679093,0.016746552056571384,-0.10053698752731388,
ECU,2024Q1,industrycat10,4,0.5058288123405954,-0.10053698752731388,0.048977454612522564,
ECU,2024Q2,industrycat10,4,0.554806266953118,0.048977454612522564,0.07413111512090009,
ECU,2024Q3,industrycat10,4,0.6289373820740181,0.07413111512090009,-0.06617230653243522,
ECU,2024Q4,industrycat10,4,0.5627650755415828,-0.06617230653243522,0.13560181133488813,
ECU,2025Q1,industrycat10,4,0.698366886876471,0.13560181133488813,0.015733144133542876,
ECU,2025Q2,industrycat10,4,0.7141000310100138,0.015733144133542876,-0.2071153113491383,
ECU,2025Q3,industrycat10,4,0.5069847196608755,-0.2071153113491383,0.05642260461213011,
ECU,2025Q4,industrycat10,4,0.5634073242730057,0.05642260461213011,0.06763813346130476,
ECU,2026Q1,industrycat10,4,0.6310454577343104,0.06763813346130476,,
ECU,2021Q3,industrycat10,5,6.201890561325163,,-0.29193280836653823,
ECU,2021Q4,industrycat10,5,5.909957752958625,-0.29193280836653823,-0.4628365505538117,
ECU,2022Q1,industrycat10,5,5.447121202404813,-0.4628365505538117,0.2440114254816148,
ECU,2022Q2,industrycat10,5,5.691132627886428,0.2440114254816148,0.041236726412123836,
ECU,2022Q3,industrycat10,5,5.732369354298552,0.041236726412123836,0.6645129387262969,
ECU,2022Q4,industrycat10,5,6.396882293024849,0.6645129387262969,-0.3447537240128655,
ECU,2023Q1,industrycat10,5,6.052128569011983,-0.3447537240128655,0.2581959877910096,
ECU,2023Q2,industrycat10,5,6.310324556802993,0.2581959877910096,0.13656452516660167,
ECU,2023Q3,industrycat10,5,6.446889081969594,0.13656452516660167,-0.37994621629073233,
ECU,2023Q4,industrycat10,5,6.066942865678862,-0.37994621629073233,0.09828787748806711,
ECU,2024Q1,industrycat10,5,6.165230743166929,0.09828787748806711,-0.2934508370310098,
ECU,2024Q2,industrycat10,5,5.871779906135919,-0.2934508370310098,0.1242155340020501,
ECU,2024Q3,industrycat10,5,5.995995440137969,0.1242155340020501,0.8749725341609222,
ECU,2024Q4,industrycat10,5,6.870967974298892,0.8749725341609222,-0.9520034314235133,
ECU,2025Q1,industrycat10,5,5.918964542875378,-0.9520034314235133,0.6235841173080061,
ECU,2025Q2,industrycat10,5,6.542548660183384,0.6235841173080061,-0.1516517074658994,
ECU,2025Q3,industrycat10,5,6.390896952717485,-0.1516517074658994,-0.48976474351993016,
ECU,2025Q4,industrycat10,5,5.901132209197555,-0.48976474351993016,0.9000633674290954,
ECU,2026Q1,industrycat10,5,6.80119557662665,0.9000633674290954,,
ECU,2021Q3,industrycat10,6,24.38644845847611,,-0.13109716112187897,
ECU,2021Q4,industrycat10,6,24.25535129735423,-0.13109716112187897,-0.7929702623027666,
ECU,2022Q1,industrycat10,6,23.462381035051465,-0.7929702623027666,0.8432858413357529,
ECU,2022Q2,industrycat10,6,24.305666876387217,0.8432858413357529,0.6862715954055503,
ECU,2022Q3,industrycat10,6,24.991938471792768,0.6862715954055503,-1.032124896184854,
ECU,2022Q4,industrycat10,6,23.959813575607914,-1.032124896184854,-0.2701549265370282,
ECU,2023Q1,industrycat10,6,23.689658649070886,-0.2701549265370282,-0.3985666658352649,
ECU,2023Q2,industrycat10,6,23.29109198323562,-0.3985666658352649,1.558025491483015,
ECU,2023Q3,industrycat10,6,24.849117474718636,1.558025491483015,-1.1915476247866508,
ECU,2023Q4,industrycat10,6,23.657569849931985,-1.1915476247866508,-0.5235695759733723,
ECU,2024Q1,industrycat10,6,23.134000273958613,-0.5235695759733723,0.2997566990657745,
ECU,2024Q2,industrycat10,6,23.433756973024387,0.2997566990657745,-0.1439766306977326,
ECU,2024Q3,industrycat10,6,23.289780342326655,-0.1439766306977326,0.21363111989310113,
ECU,2024Q4,industrycat10,6,23.503411462219756,0.21363111989310113,-0.3265184867315618,
ECU,2025Q1,industrycat10,6,23.176892975488194,-0.3265184867315618,-0.015661374302322173,
ECU,2025Q2,industrycat10,6,23.16123160118587,-0.015661374302322173,-0.45330515384269887,
ECU,2025Q3,industrycat10,6,22.707926447343173,-0.45330515384269887,-1.207198849650542,
ECU,2025Q4,industrycat10,6,21.50072759769263,-1.207198849650542,0.7683549655943871,
ECU,2026Q1,industrycat10,6,22.269082563287018,0.7683549655943871,,
ECU,2021Q3,industrycat10,7,6.5218764151193325,,0.14805373733528526,
ECU,2021Q4,industrycat10,7,6.669930152454618,0.14805373733528526,0.01550808364575662,
ECU,2022Q1,industrycat10,7,6.685438236100374,0.01550808364575662,-0.2183855446959555,
ECU,2022Q2,industrycat10,7,6.467052691404419,-0.2183855446959555,-0.5038450104352945,
ECU,2022Q3,industrycat10,7,5.963207680969124,-0.5038450104352945,0.49680947102747286,
ECU,2022Q4,industrycat10,7,6.460017151996597,0.49680947102747286,0.1870825852503719,
ECU,2023Q1,industrycat10,7,6.647099737246969,0.1870825852503719,-0.13279488029184439,
ECU,2023Q2,industrycat10,7,6.514304856955125,-0.13279488029184439,0.08729596812738105,
ECU,2023Q3,industrycat10,7,6.601600825082506,0.08729596812738105,0.054453911078362616,
ECU,2023Q4,industrycat10,7,6.656054736160868,0.054453911078362616,0.12023461681087344,
ECU,2024Q1,industrycat10,7,6.776289352971742,0.12023461681087344,0.05326175974696934,
ECU,2024Q2,industrycat10,7,6.829551112718711,0.05326175974696934,-0.2198981073356947,
ECU,2024Q3,industrycat10,7,6.6096530053830165,-0.2198981073356947,-0.2519883632661326,
ECU,2024Q4,industrycat10,7,6.357664642116884,-0.2519883632661326,0.5660560263253789,
ECU,2025Q1,industrycat10,7,6.923720668442263,0.5660560263253789,-0.0934919221309789,
ECU,2025Q2,industrycat10,7,6.830228746311284,-0.0934919221309789,-0.15410194966692625,
ECU,2025Q3,industrycat10,7,6.676126796644358,-0.15410194966692625,-0.6795022589233728,
ECU,2025Q4,industrycat10,7,5.996624537720985,-0.6795022589233728,1.2903383334128096,
ECU,2026Q1,industrycat10,7,7.286962871133794,1.2903383334128096,,
ECU,2021Q3,industrycat10,8,5.707880452056058,,-0.3906930021630126,
ECU,2021Q4,industrycat10,8,5.317187449893045,-0.3906930021630126,0.3086420262655789,
ECU,2022Q1,industrycat10,8,5.625829476158624,0.3086420262655789,0.40518909412609005,
ECU,2022Q2,industrycat10,8,6.031018570284714,0.40518909412609005,-0.09365854226518078,
ECU,2022Q3,industrycat10,8,5.937360028019533,-0.09365854226518078,-0.04269443484126789,
ECU,2022Q4,industrycat10,8,5.894665593178265,-0.04269443484126789,-0.15191046548485243,
ECU,2023Q1,industrycat10,8,5.742755127693413,-0.15191046548485243,0.12622896856456123,
ECU,2023Q2,industrycat10,8,5.868984096257974,0.12622896856456123,0.04380386724672203,
ECU,2023Q3,industrycat10,8,5.912787963504696,0.04380386724672203,0.10145109277518216,
ECU,2023Q4,industrycat10,8,6.014239056279878,0.10145109277518216,-0.011791334497333494,
ECU,2024Q1,industrycat10,8,6.002447721782545,-0.011791334497333494,0.29837848069918227,
ECU,2024Q2,industrycat10,8,6.300826202481727,0.29837848069918227,-0.1702426150747387,
ECU,2024Q3,industrycat10,8,6.1305835874069885,-0.1702426150747387,0.2490526179192294,
ECU,2024Q4,industrycat10,8,6.379636205326218,0.2490526179192294,-0.13896718983915157,
ECU,2025Q1,industrycat10,8,6.240669015487066,-0.13896718983915157,-0.11675672901074563,
ECU,2025Q2,industrycat10,8,6.123912286476321,-0.11675672901074563,0.603119914497773,
ECU,2025Q3,industrycat10,8,6.727032200974094,0.603119914497773,-0.11537737688211003,
ECU,2025Q4,industrycat10,8,6.611654824091984,-0.11537737688211003,-0.21080928918351116,
ECU,2026Q1,industrycat10,8,6.4008455349084725,-0.21080928918351116,,
ECU,2021Q3,industrycat10,9,3.224054985149131,,-0.1186676684033352,
ECU,2021Q4,industrycat10,9,3.1053873167457957,-0.1186676684033352,-0.09594912199792782,
ECU,2022Q1,industrycat10,9,3.009438194747868,-0.09594912199792782,0.015537078269496796,
ECU,2022Q2,industrycat10,9,3.0249752730173647,0.015537078269496796,0.01072833167529108,
ECU,2022Q3,industrycat10,9,3.0357036046926558,0.01072833167529108,0.2635693428228585,
ECU,2022Q4,industrycat10,9,3.2992729475155143,0.2635693428228585,-0.3457140356242432,
ECU,2023Q1,industrycat10,9,2.953558911891271,-0.3457140356242432,0.09382419287064003,
ECU,2023Q2,industrycat10,9,3.047383104761911,0.09382419287064003,-0.19754553040732103,
ECU,2023Q3,industrycat10,9,2.84983757435459,-0.19754553040732103,0.19739465085686492,
ECU,2023Q4,industrycat10,9,3.047232225211455,0.19739465085686492,-0.13739728824602304,
ECU,2024Q1,industrycat10,9,2.909834936965432,-0.13739728824602304,0.07240544003705152,
ECU,2024Q2,industrycat10,9,2.9822403770024835,0.07240544003705152,-0.2226847703238044,
ECU,2024Q3,industrycat10,9,2.759555606678679,-0.2226847703238044,0.0037232133465572304,
ECU,2024Q4,industrycat10,9,2.7632788200252363,0.0037232133465572304,0.3932659610466094,
ECU,2025Q1,industrycat10,9,3.1565447810718457,0.3932659610466094,-0.05720550573401528,
ECU,2025Q2,industrycat10,9,3.0993392753378304,-0.05720550573401528,0.024490517596960082,
ECU,2025Q3,industrycat10,9,3.1238297929347905,0.024490517596960082,-0.3739700247763116,
ECU,2025Q4,industrycat10,9,2.749859768158479,-0.3739700247763116,0.049411196136633695,
ECU,2026Q1,industrycat10,9,2.7992709642951126,0.049411196136633695,,
ECU,2024Q3,industrycat10,NA,0.0032473031344283135,,,
ECU,2021Q3,lstatus,1,44.85905269181105,,0.387387723934026,
ECU,2021Q4,lstatus,1,45.24644041574508,0.387387723934026,-0.6997007381441733,
ECU,2022Q1,lstatus,1,44.546739677600904,-0.6997007381441733,0.8225109376269302,
ECU,2022Q2,lstatus,1,45.369250615227834,0.8225109376269302,0.38452508086719916,
ECU,2022Q3,lstatus,1,45.75377569609503,0.38452508086719916,-0.7497237417001017,
ECU,2022Q4,lstatus,1,45.00405195439493,-0.7497237417001017,-0.14132274697981018,
ECU,2023Q1,lstatus,1,44.86272920741512,-0.14132274697981018,-0.7496874489967524,
ECU,2023Q2,lstatus,1,44.11304175841837,-0.7496874489967524,0.7557232619843361,
ECU,2023Q3,lstatus,1,44.868765020402705,0.7557232619843361,-0.2765937213064049,
ECU,2023Q4,lstatus,1,44.5921712990963,-0.2765937213064049,-0.6011811853919511,
ECU,2024Q1,lstatus,1,43.99099011370435,-0.6011811853919511,0.46722524095768136,
ECU,2024Q2,lstatus,1,44.45821535466203,0.46722524095768136,0.21632666007413803,
ECU,2024Q3,lstatus,1,44.67454201473617,0.21632666007413803,-0.6762871301317261,
ECU,2024Q4,lstatus,1,43.99825488460444,-0.6762871301317261,-0.12719462463276443,
ECU,2025Q1,lstatus,1,43.87106025997168,-0.12719462463276443,0.3773706921734572,
ECU,2025Q2,lstatus,1,44.248430952145135,0.3773706921734572,0.46174332026722453,
ECU,2025Q3,lstatus,1,44.71017427241236,0.46174332026722453,-0.5988827174450222,
ECU,2025Q4,lstatus,1,44.11129155496734,-0.5988827174450222,-0.33772832683239784,
ECU,2026Q1,lstatus,1,43.77356322813494,-0.33772832683239784,,
ECU,2021Q3,lstatus,2,2.387159768113322,,-0.16563851232102111,
ECU,2021Q4,lstatus,2,2.2215212557923008,-0.16563851232102111,0.14144888846366221,
ECU,2022Q1,lstatus,2,2.362970144255963,0.14144888846366221,-0.32710728190035177,
ECU,2022Q2,lstatus,2,2.035862862355611,-0.32710728190035177,-0.09565369121424472,
ECU,2022Q3,lstatus,2,1.9402091711413665,-0.09565369121424472,-0.16316189236078693,
ECU,2022Q4,lstatus,2,1.7770472787805796,-0.16316189236078693,0.0057195599217685356,
ECU,2023Q1,lstatus,2,1.782766838702348,0.0057195599217685356,-0.027637870925403707,
ECU,2023Q2,lstatus,2,1.7551289677769444,-0.027637870925403707,0.0010653078597817611,
ECU,2023Q3,lstatus,2,1.7561942756367261,0.0010653078597817611,-0.10617924552242752,
ECU,2023Q4,lstatus,2,1.6500150301142986,-0.10617924552242752,0.2256533110383574,
ECU,2024Q1,lstatus,2,1.875668341152656,0.2256533110383574,-0.2707521030532092,
ECU,2024Q2,lstatus,2,1.6049162380994468,-0.2707521030532092,0.24227165021306596,
ECU,2024Q3,lstatus,2,1.8471878883125128,0.24227165021306596,-0.30574087941340156,
ECU,2024Q4,lstatus,2,1.5414470088991112,-0.30574087941340156,0.19866196117310775,
ECU,2025Q1,lstatus,2,1.740108970072219,0.19866196117310775,0.045867525724642366,
ECU,2025Q2,lstatus,2,1.7859764957968614,0.045867525724642366,-0.11982506024367434,
ECU,2025Q3,lstatus,2,1.666151435553187,-0.11982506024367434,-0.2572532021485794,
ECU,2025Q4,lstatus,2,1.4088982334046076,-0.2572532021485794,0.12091152824446838,
ECU,2026Q1,lstatus,2,1.529809761649076,0.12091152824446838,,
ECU,2021Q3,lstatus,3,23.868596233316737,,-0.21334702196885402,
ECU,2021Q4,lstatus,3,23.655249211347883,-0.21334702196885402,0.5792977582766561,
ECU,2022Q1,lstatus,3,24.23454696962454,0.5792977582766561,-0.48721506522575453,
ECU,2022Q2,lstatus,3,23.747331904398784,-0.48721506522575453,-0.2806667776167586,
ECU,2022Q3,lstatus,3,23.466665126782026,-0.2806667776167586,0.9211503241914443,
ECU,2022Q4,lstatus,3,24.38781545097347,0.9211503241914443,0.14358559067281007,
ECU,2023Q1,lstatus,3,24.53140104164628,0.14358559067281007,0.7856177501100454,
ECU,2023Q2,lstatus,3,25.317018791756325,0.7856177501100454,-0.8729065017627917,
ECU,2023Q3,lstatus,3,24.444112289993534,-0.8729065017627917,0.3828371887725268,
ECU,2023Q4,lstatus,3,24.82694947876606,0.3828371887725268,0.37543534937364953,
ECU,2024Q1,lstatus,3,25.20238482813971,0.37543534937364953,-0.19636273682579386,
ECU,2024Q2,lstatus,3,25.006022091313916,-0.19636273682579386,-0.4586099194108826,
ECU,2024Q3,lstatus,3,24.547412171903034,-0.4586099194108826,0.9820265836836448,
ECU,2024Q4,lstatus,3,25.52943875558668,0.9820265836836448,-0.08555919276084012,
ECU,2025Q1,lstatus,3,25.44387956282584,-0.08555919276084012,-0.409149657379114,
ECU,2025Q2,lstatus,3,25.034729905446724,-0.409149657379114,-0.34191712626104476,
ECU,2025Q3,lstatus,3,24.69281277918568,-0.34191712626104476,0.8561317612236223,
ECU,2025Q4,lstatus,3,25.548944540409302,0.8561317612236223,0.21684241535016469,
ECU,2026Q1,lstatus,3,25.765786955759467,0.21684241535016469,,
ECU,2021Q3,lstatus,NA,28.885191306758895,,-0.008402189644176161,
ECU,2021Q4,lstatus,NA,28.87678911711472,-0.008402189644176161,-0.021045908596118323,
ECU,2022Q1,lstatus,NA,28.8557432085186,-0.021045908596118323,-0.008188590500829207,
ECU,2022Q2,lstatus,NA,28.84755461801777,-0.008188590500829207,-0.008204612036191605,
ECU,2022Q3,lstatus,NA,28.83935000598158,-0.008204612036191605,-0.008264690130548757,
ECU,2022Q4,lstatus,NA,28.83108531585103,-0.008264690130548757,-0.007982403614786193,
ECU,2023Q1,lstatus,NA,28.823102912236244,-0.007982403614786193,-0.008292430187882616,
ECU,2023Q2,lstatus,NA,28.81481048204836,-0.008292430187882616,0.11611793191867292,
ECU,2023Q3,lstatus,NA,28.930928413967035,0.11611793191867292,-6.422194369548606e-05,
ECU,2023Q4,lstatus,NA,28.93086419202334,-6.422194369548606e-05,9.252497995859699e-05,
ECU,2024Q1,lstatus,NA,28.930956717003298,9.252497995859699e-05,-0.00011040107868254267,
ECU,2024Q2,lstatus,NA,28.930846315924615,-0.00011040107868254267,1.1609123674816146e-05,
ECU,2024Q3,lstatus,NA,28.93085792504829,1.1609123674816146e-05,1.4258614804418812e-06,
ECU,2024Q4,lstatus,NA,28.93085935090977,1.4258614804418812e-06,0.014091856220503018,
ECU,2025Q1,lstatus,NA,28.944951207130273,0.014091856220503018,-0.014088560519006421,
ECU,2025Q2,lstatus,NA,28.930862646611267,-0.014088560519006421,-1.1337624918894562e-06,
ECU,2025Q3,lstatus,NA,28.930861512848775,-1.1337624918894562e-06,4.158369986129173e-06,
ECU,2025Q4,lstatus,NA,28.93086567121876,4.158369986129173e-06,-2.5616762233227064e-05,
ECU,2026Q1,lstatus,NA,28.930840054456528,-2.5616762233227064e-05,,
ECU,2021Q3,occup,0,0.32830396637343107,,-0.04296385597702135,
ECU,2021Q4,occup,0,0.2853401103964097,-0.04296385597702135,0.03396694516978965,
ECU,2022Q1,occup,0,0.31930705556619937,0.03396694516978965,-0.002346349514324775,
ECU,2022Q2,occup,0,0.3169607060518746,-0.002346349514324775,-0.04518136145524532,
ECU,2022Q3,occup,0,0.2717793445966293,-0.04518136145524532,0.05136602860506445,
ECU,2022Q4,occup,0,0.32314537320169373,0.05136602860506445,-0.06792871766930242,
ECU,2023Q1,occup,0,0.2552166555323913,-0.06792871766930242,0.20531758467903072,
ECU,2023Q2,occup,0,0.46053424021142203,0.20531758467903072,-0.18013450581625645,
ECU,2023Q3,occup,0,0.2803997343951656,-0.18013450581625645,0.003386408934003271,
ECU,2023Q4,occup,0,0.28378614332916885,0.003386408934003271,0.04943421933986086,
ECU,2024Q1,occup,0,0.3332203626690297,0.04943421933986086,0.037538514974115866,
ECU,2024Q2,occup,0,0.3707588776431456,0.037538514974115866,0.007494973316963027,
ECU,2024Q3,occup,0,0.3782538509601086,0.007494973316963027,-0.03905013994358486,
ECU,2024Q4,occup,0,0.33920371101652375,-0.03905013994358486,0.0961261103876419,
ECU,2025Q1,occup,0,0.43532982140416565,0.0961261103876419,-0.019437364987387407,
ECU,2025Q2,occup,0,0.41589245641677824,-0.019437364987387407,-0.033963716223974594,
ECU,2025Q3,occup,0,0.38192874019280365,-0.033963716223974594,-0.10959462346222898,
ECU,2025Q4,occup,0,0.27233411673057467,-0.10959462346222898,0.10320740607839396,
ECU,2026Q1,occup,0,0.37554152280896863,0.10320740607839396,,
ECU,2021Q3,occup,1,1.1078830714738208,,-0.18531847097439103,
ECU,2021Q4,occup,1,0.9225646004994298,-0.18531847097439103,-0.037154971775699264,
ECU,2022Q1,occup,1,0.8854096287237305,-0.037154971775699264,0.08438059062359882,
ECU,2022Q2,occup,1,0.9697902193473293,0.08438059062359882,-0.04254115526895319,
ECU,2022Q3,occup,1,0.9272490640783762,-0.04254115526895319,0.04772479031945709,
ECU,2022Q4,occup,1,0.9749738543978332,0.04772479031945709,-0.10024959840695113,
ECU,2023Q1,occup,1,0.8747242559908821,-0.10024959840695113,0.16645681301112392,
ECU,2023Q2,occup,1,1.041181069002006,0.16645681301112392,0.02083217208527466,
ECU,2023Q3,occup,1,1.0620132410872807,0.02083217208527466,-0.045227181982629094,
ECU,2023Q4,occup,1,1.0167860591046516,-0.045227181982629094,-0.06265531166861704,
ECU,2024Q1,occup,1,0.9541307474360345,-0.06265531166861704,0.05883313262809198,
ECU,2024Q2,occup,1,1.0129638800641265,0.05883313262809198,-0.05005522179224886,
ECU,2024Q3,occup,1,0.9629086582718777,-0.05005522179224886,0.009468193020902405,
ECU,2024Q4,occup,1,0.9723768512927801,0.009468193020902405,0.009227438462311666,
ECU,2025Q1,occup,1,0.9816042897550917,0.009227438462311666,-0.005909050636500712,
ECU,2025Q2,occup,1,0.975695239118591,-0.005909050636500712,0.02074985398705076,
ECU,2025Q3,occup,1,0.9964450931056418,0.02074985398705076,0.05320525042964597,
ECU,2025Q4,occup,1,1.0496503435352877,0.05320525042964597,-0.07349700046617325,
ECU,2026Q1,occup,1,0.9761533430691145,-0.07349700046617325,,
ECU,2021Q3,occup,2,7.381269343087169,,0.04149235700518705,
ECU,2021Q4,occup,2,7.422761700092356,0.04149235700518705,0.024793314585201287,
ECU,2022Q1,occup,2,7.447555014677557,0.024793314585201287,0.08337221385509963,
ECU,2022Q2,occup,2,7.530927228532657,0.08337221385509963,0.185248842092407,
ECU,2022Q3,occup,2,7.716176070625064,0.185248842092407,0.02784847132937962,
ECU,2022Q4,occup,2,7.744024541954444,0.02784847132937962,-0.19647007214138412,
ECU,2023Q1,occup,2,7.547554469813059,-0.19647007214138412,0.2333997614219694,
ECU,2023Q2,occup,2,7.780954231235029,0.2333997614219694,-0.5975227081690271,
ECU,2023Q3,occup,2,7.183431523066002,-0.5975227081690271,0.16902722713333418,
ECU,2023Q4,occup,2,7.352458750199336,0.16902722713333418,0.369194354666325,
ECU,2024Q1,occup,2,7.721653104865661,0.369194354666325,-0.019489772884922374,
ECU,2024Q2,occup,2,7.7021633319807385,-0.019489772884922374,-0.27764437364762085,
ECU,2024Q3,occup,2,7.424518958333118,-0.27764437364762085,-0.16612551225750316,
ECU,2024Q4,occup,2,7.2583934460756145,-0.16612551225750316,0.31164629572793245,
ECU,2025Q1,occup,2,7.570039741803547,0.31164629572793245,-0.03918897315898029,
ECU,2025Q2,occup,2,7.530850768644567,-0.03918897315898029,-0.10917837740684266,
ECU,2025Q3,occup,2,7.421672391237724,-0.10917837740684266,0.054988491299162945,
ECU,2025Q4,occup,2,7.476660882536887,0.054988491299162945,0.18853093433572532,
ECU,2026Q1,occup,2,7.665191816872612,0.18853093433572532,,
ECU,2021Q3,occup,3,4.5964265254434356,,-0.293461407268536,
ECU,2021Q4,occup,3,4.3029651181749,-0.293461407268536,0.23566505508157398,
ECU,2022Q1,occup,3,4.5386301732564736,0.23566505508157398,0.16051804572606532,
ECU,2022Q2,occup,3,4.699148218982539,0.16051804572606532,-0.12866103765845427,
ECU,2022Q3,occup,3,4.570487181324085,-0.12866103765845427,-0.007448738391972576,
ECU,2022Q4,occup,3,4.563038442932112,-0.007448738391972576,0.35037732407765443,
ECU,2023Q1,occup,3,4.9134157670097665,0.35037732407765443,-0.18974551665402561,
ECU,2023Q2,occup,3,4.723670250355741,-0.18974551665402561,-0.16714765190228675,
ECU,2023Q3,occup,3,4.556522598453454,-0.16714765190228675,-0.007852869611978619,
ECU,2023Q4,occup,3,4.5486697288414755,-0.007852869611978619,-0.010556310791548285,
ECU,2024Q1,occup,3,4.538113418049927,-0.010556310791548285,0.3607968364004943,
ECU,2024Q2,occup,3,4.8989102544504215,0.3607968364004943,0.11720682263173998,
ECU,2024Q3,occup,3,5.0161170770821615,0.11720682263173998,-0.5097876690288157,
ECU,2024Q4,occup,3,4.506329408053346,-0.5097876690288157,-0.01833956965188932,
ECU,2025Q1,occup,3,4.4879898384014565,-0.01833956965188932,0.06077354523361134,
ECU,2025Q2,occup,3,4.548763383635068,0.06077354523361134,0.3230162847196656,
ECU,2025Q3,occup,3,4.871779668354733,0.3230162847196656,-0.6327225978358779,
ECU,2025Q4,occup,3,4.2390570705188555,-0.6327225978358779,0.44130644475920544,
ECU,2026Q1,occup,3,4.680363515278061,0.44130644475920544,,
ECU,2021Q3,occup,4,3.050090057950386,,-0.03346863578774073,
ECU,2021Q4,occup,4,3.016621422162645,-0.03346863578774073,-0.16849432862087976,
ECU,2022Q1,occup,4,2.8481270935417653,-0.16849432862087976,0.06916979493749897,
ECU,2022Q2,occup,4,2.9172968884792643,0.06916979493749897,0.11984039760829868,
ECU,2022Q3,occup,4,3.037137286087563,0.11984039760829868,0.03444423312976941,
ECU,2022Q4,occup,4,3.0715815192173324,0.03444423312976941,-0.12161319825713202,
ECU,2023Q1,occup,4,2.9499683209602003,-0.12161319825713202,-0.010219367198612606,
ECU,2023Q2,occup,4,2.9397489537615877,-0.010219367198612606,0.13378811335242924,
ECU,2023Q3,occup,4,3.073537067114017,0.13378811335242924,-0.2472920372237235,
ECU,2023Q4,occup,4,2.8262450298902935,-0.2472920372237235,-0.003305557036755502,
ECU,2024Q1,occup,4,2.822939472853538,-0.003305557036755502,0.3061743885873298,
ECU,2024Q2,occup,4,3.129113861440868,0.3061743885873298,-0.4300145214273887,
ECU,2024Q3,occup,4,2.699099340013479,-0.4300145214273887,0.20165291697203047,
ECU,2024Q4,occup,4,2.9007522569855095,0.20165291697203047,-0.01325548837096635,
ECU,2025Q1,occup,4,2.887496768614543,-0.01325548837096635,0.06770650475778783,
ECU,2025Q2,occup,4,2.955203273372331,0.06770650475778783,-0.1756936712570205,
ECU,2025Q3,occup,4,2.7795096021153105,-0.1756936712570205,0.11312887161774121,
ECU,2025Q4,occup,4,2.8926384737330517,0.11312887161774121,-0.07466991885036167,
ECU,2026Q1,occup,4,2.81796855488269,-0.07466991885036167,,
ECU,2021Q3,occup,5,20.493981508415036,,-0.27798204079676125,
ECU,2021Q4,occup,5,20.215999467618275,-0.27798204079676125,-0.45205843868793494,
ECU,2022Q1,occup,5,19.76394102893034,-0.45205843868793494,0.04079868597011682,
ECU,2022Q2,occup,5,19.804739714900457,0.04079868597011682,0.7678199700350419,
ECU,2022Q3,occup,5,20.5725596849355,0.7678199700350419,-1.187047935101539,
ECU,2022Q4,occup,5,19.38551174983396,-1.187047935101539,-0.46564749578050524,
ECU,2023Q1,occup,5,18.919864254053454,-0.46564749578050524,0.4151133866545713,
ECU,2023Q2,occup,5,19.334977640708026,0.4151133866545713,0.6435498424859496,
ECU,2023Q3,occup,5,19.978527483193975,0.6435498424859496,-0.6456192714138211,
ECU,2023Q4,occup,5,19.332908211780154,-0.6456192714138211,-0.7705069522044177,
ECU,2024Q1,occup,5,18.562401259575736,-0.7705069522044177,0.17591058506838664,
ECU,2024Q2,occup,5,18.738311844644123,0.17591058506838664,0.2831582957207317,
ECU,2024Q3,occup,5,19.021470140364855,0.2831582957207317,-0.7004873201436617,
ECU,2024Q4,occup,5,18.320982820221193,-0.7004873201436617,1.061011822332727,
ECU,2025Q1,occup,5,19.38199464255392,1.061011822332727,-0.49762319081567696,
ECU,2025Q2,occup,5,18.884371451738243,-0.49762319081567696,0.37613440114439456,
ECU,2025Q3,occup,5,19.260505852882638,0.37613440114439456,-1.0465991742640206,
ECU,2025Q4,occup,5,18.213906678618617,-1.0465991742640206,0.1678630747838703,
ECU,2026Q1,occup,5,18.381769753402487,0.1678630747838703,,
ECU,2021Q3,occup,6,19.610013009522525,,0.6467486404101379,
ECU,2021Q4,occup,6,20.256761649932663,0.6467486404101379,0.1801974118051568,
ECU,2022Q1,occup,6,20.43695906173782,0.1801974118051568,-1.0194212960940767,
ECU,2022Q2,occup,6,19.417537765643743,-1.0194212960940767,-0.03778551663097218,
ECU,2022Q3,occup,6,19.37975224901277,-0.03778551663097218,0.45610022067546296,
ECU,2022Q4,occup,6,19.835852469688234,0.45610022067546296,0.5815662645928299,
ECU,2023Q1,occup,6,20.417418734281064,0.5815662645928299,-0.41843713030249674,
ECU,2023Q2,occup,6,19.998981603978567,-0.41843713030249674,-1.185374494577168,
ECU,2023Q3,occup,6,18.8136071094014,-1.185374494577168,1.8681895457480096,
ECU,2023Q4,occup,6,20.68179665514941,1.8681895457480096,0.4246272954923498,
ECU,2024Q1,occup,6,21.10642395064176,0.4246272954923498,-0.7256389528140126,
ECU,2024Q2,occup,6,20.380784997827746,-0.7256389528140126,-0.34662629414923884,
ECU,2024Q3,occup,6,20.034158703678507,-0.34662629414923884,0.755614133205988,
ECU,2024Q4,occup,6,20.789772836884495,0.755614133205988,0.0816143832527132,
ECU,2025Q1,occup,6,20.87138722013721,0.0816143832527132,0.10228848822618275,
ECU,2025Q2,occup,6,20.97367570836339,0.10228848822618275,-0.17919397513495028,
ECU,2025Q3,occup,6,20.79448173322844,-0.17919397513495028,2.2733019074810237,
ECU,2025Q4,occup,6,23.067783640709465,2.2733019074810237,-1.0168252789713037,
ECU,2026Q1,occup,6,22.05095836173816,-1.0168252789713037,,
ECU,2021Q3,occup,7,11.000596744447261,,-0.13806980404128488,
ECU,2021Q4,occup,7,10.862526940405976,-0.13806980404128488,0.03702166532472617,
ECU,2022Q1,occup,7,10.899548605730702,0.03702166532472617,0.27726098206744787,
ECU,2022Q2,occup,7,11.17680958779815,0.27726098206744787,0.4215069307343047,
ECU,2022Q3,occup,7,11.598316518532455,0.4215069307343047,-0.21536404661638286,
ECU,2022Q4,occup,7,11.382952471916072,-0.21536404661638286,-0.6572164947414603,
ECU,2023Q1,occup,7,10.725735977174612,-0.6572164947414603,0.3653470871721538,
ECU,2023Q2,occup,7,11.091083064346765,0.3653470871721538,-0.07409762867344405,
ECU,2023Q3,occup,7,11.016985435673321,-0.07409762867344405,-0.7180681312435855,
ECU,2023Q4,occup,7,10.298917304429736,-0.7180681312435855,0.2787952217452254,
ECU,2024Q1,occup,7,10.577712526174961,0.2787952217452254,0.2568967758376104,
ECU,2024Q2,occup,7,10.834609302012572,0.2568967758376104,0.16342205128433562,
ECU,2024Q3,occup,7,10.998031353296907,0.16342205128433562,0.6624782806151526,
ECU,2024Q4,occup,7,11.66050963391206,0.6624782806151526,-1.6580755279159352,
ECU,2025Q1,occup,7,10.002434105996125,-1.6580755279159352,1.0485028872056503,
ECU,2025Q2,occup,7,11.050936993201775,1.0485028872056503,0.20526187112993988,
ECU,2025Q3,occup,7,11.256198864331715,0.20526187112993988,-0.3542572538269102,
ECU,2025Q4,occup,7,10.901941610504805,-0.3542572538269102,0.1634363113205346,
ECU,2026Q1,occup,7,11.06537792182534,0.1634363113205346,,
ECU,2021Q3,occup,8,6.616983937988812,,0.246662755052526,
ECU,2021Q4,occup,8,6.863646693041338,0.246662755052526,-0.2970610974639625,
ECU,2022Q1,occup,8,6.566585595577376,-0.2970610974639625,-0.2776535354419325,
ECU,2022Q2,occup,8,6.288932060135443,-0.2776535354419325,-0.5005704912758313,
ECU,2022Q3,occup,8,5.788361568859612,-0.5005704912758313,0.5880443384427698,
ECU,2022Q4,occup,8,6.376405907302382,0.5880443384427698,0.02841360411718341,
ECU,2023Q1,occup,8,6.404819511419565,0.02841360411718341,-0.03644966367316993,
ECU,2023Q2,occup,8,6.368369847746395,-0.03644966367316993,-0.18216854036769536,
ECU,2023Q3,occup,8,6.1862013073787,-0.18216854036769536,0.09447576477546704,
ECU,2023Q4,occup,8,6.280677072154167,0.09447576477546704,0.046347615869708036,
ECU,2024Q1,occup,8,6.327024688023875,0.046347615869708036,-0.06163003821583324,
ECU,2024Q2,occup,8,6.265394649808042,-0.06163003821583324,-0.3613501081296002,
ECU,2024Q3,occup,8,5.9040445416784415,-0.3613501081296002,0.053844206758745905,
ECU,2024Q4,occup,8,5.957888748437187,0.053844206758745905,0.5530020190405018,
ECU,2025Q1,occup,8,6.510890767477689,0.5530020190405018,0.4495723379978882,
ECU,2025Q2,occup,8,6.9604631054755774,0.4495723379978882,-0.05659342809603629,
ECU,2025Q3,occup,8,6.903869677379541,-0.05659342809603629,-1.0506491937784945,
ECU,2025Q4,occup,8,5.853220483601047,-1.0506491937784945,0.7428067329430688,
ECU,2026Q1,occup,8,6.596027216544115,0.7428067329430688,,
ECU,2021Q3,occup,9,25.81445183529812,,0.036360462377899694,
ECU,2021Q4,occup,9,25.85081229767602,0.036360462377899694,0.44312444458202904,
ECU,2022Q1,occup,9,26.293936742258047,0.44312444458202904,0.5839208678704964,
ECU,2022Q2,occup,9,26.877857610128544,0.5839208678704964,-0.7396765781806067,
ECU,2022Q3,occup,9,26.138181031947937,-0.7396765781806067,0.20433263760799036,
ECU,2022Q4,occup,9,26.342513669555927,0.20433263760799036,0.6487683842090775,
ECU,2023Q1,occup,9,26.991282053765005,0.6487683842090775,-0.7307829551105449,
ECU,2023Q2,occup,9,26.26049909865446,-0.7307829551105449,1.5882754015822194,
ECU,2023Q3,occup,9,27.84877450023668,1.5882754015822194,-0.4710194551150657,
ECU,2023Q4,occup,9,27.377755045121614,-0.4710194551150657,-0.32137457541213266,
ECU,2024Q1,occup,9,27.05638046970948,-0.32137457541213266,-0.38939146958126614,
ECU,2024Q2,occup,9,26.666989000128215,-0.38939146958126614,0.8911610730579049,
ECU,2024Q3,occup,9,27.55815007318612,0.8911610730579049,-0.26435978606482635,
ECU,2024Q4,occup,9,27.293790287121293,-0.26435978606482635,-0.4229574832650371,
ECU,2025Q1,occup,9,26.870832803856256,-0.4229574832650371,-1.166685183822576,
ECU,2025Q2,occup,9,25.70414762003368,-1.166685183822576,-0.3705392428622325,
ECU,2025Q3,occup,9,25.333608377171448,-0.3705392428622325,0.6991983223399671,
ECU,2025Q4,occup,9,26.032806699511415,0.6991983223399671,-0.6421587059329674,
ECU,2026Q1,occup,9,25.390647993578447,-0.6421587059329674,,
ECU,2024Q3,occup,NA,0.003247303134428328,,,
ECU,2021Q3,socialsec,0,64.73672834722166,,0.28554190837907356,
ECU,2021Q4,socialsec,0,65.02227025560073,0.28554190837907356,0.8118353689577162,
ECU,2022Q1,socialsec,0,65.83410562455845,0.8118353689577162,-1.111513339738579,
ECU,2022Q2,socialsec,0,64.72259228481987,-1.111513339738579,-0.28089027252674725,
ECU,2022Q3,socialsec,0,64.44170201229312,-0.28089027252674725,0.4727597120380267,
ECU,2022Q4,socialsec,0,64.91446172433115,0.4727597120380267,1.2294403086268773,
ECU,2023Q1,socialsec,0,66.14390203295802,1.2294403086268773,-1.4781930756721664,
ECU,2023Q2,socialsec,0,64.66570895728586,-1.4781930756721664,0.5776075405573948,
ECU,2023Q3,socialsec,0,65.24331649784325,0.5776075405573948,0.7577509420473945,
ECU,2023Q4,socialsec,0,66.00106743989065,0.7577509420473945,0.10110340491355885,
ECU,2024Q1,socialsec,0,66.1021708448042,0.10110340491355885,-0.7433056622555227,
ECU,2024Q2,socialsec,0,65.35886518254868,-0.7433056622555227,-0.08034843661556579,
ECU,2024Q3,socialsec,0,65.27851674593312,-0.08034843661556579,1.065171357471911,
ECU,2024Q4,socialsec,0,66.34368810340503,1.065171357471911,-0.289322620087205,
ECU,2025Q1,socialsec,0,66.05436548331782,-0.289322620087205,-0.9083553863048195,
ECU,2025Q2,socialsec,0,65.146010097013,-0.9083553863048195,-0.6182149137298154,
ECU,2025Q3,socialsec,0,64.52779518328319,-0.6182149137298154,0.8220795577313282,
ECU,2025Q4,socialsec,0,65.34987474101452,0.8220795577313282,0.4300326108658936,
ECU,2026Q1,socialsec,0,65.77990735188041,0.4300326108658936,,
ECU,2021Q3,socialsec,1,35.263271652778336,,-0.28554190837905935,
ECU,2021Q4,socialsec,1,34.97772974439928,-0.28554190837905935,-0.8118353689577162,
ECU,2022Q1,socialsec,1,34.16589437544156,-0.8118353689577162,1.1115133397385648,
ECU,2022Q2,socialsec,1,35.277407715180125,1.1115133397385648,0.28089027252676146,
ECU,2022Q3,socialsec,1,35.55829798770689,0.28089027252676146,-0.4727597120380338,
ECU,2022Q4,socialsec,1,35.08553827566885,-0.4727597120380338,-1.2294403086268773,
ECU,2023Q1,socialsec,1,33.856097967041975,-1.2294403086268773,1.4781930756721735,
ECU,2023Q2,socialsec,1,35.33429104271415,1.4781930756721735,-0.5776075405573948,
ECU,2023Q3,socialsec,1,34.756683502156754,-0.5776075405573948,-0.7577509420474016,
ECU,2023Q4,socialsec,1,33.99893256010935,-0.7577509420474016,-0.10110340491355174,
ECU,2024Q1,socialsec,1,33.8978291551958,-0.10110340491355174,0.7433056622555227,
ECU,2024Q2,socialsec,1,34.641134817451324,0.7433056622555227,0.08034843661553737,
ECU,2024Q3,socialsec,1,34.72148325406686,0.08034843661553737,-1.0651713574718968,
ECU,2024Q4,socialsec,1,33.656311896594964,-1.0651713574718968,0.2893226200872121,
ECU,2025Q1,socialsec,1,33.945634516682176,0.2893226200872121,0.9083553863048124,
ECU,2025Q2,socialsec,1,34.85398990298699,0.9083553863048124,0.6182149137298225,
ECU,2025Q3,socialsec,1,35.47220481671681,0.6182149137298225,-0.8220795577313353,
ECU,2025Q4,socialsec,1,34.650125258985476,-0.8220795577313353,-0.4300326108658723,
ECU,2026Q1,socialsec,1,34.2200926481196,-0.4300326108658723,,
ECU,2021Q3,urban,0,31.82651074549746,,-0.0001429231817020593,
ECU,2021Q4,urban,0,31.826367822315756,-0.0001429231817020593,3.357266358250399e-07,
ECU,2022Q1,urban,0,31.826368158042392,3.357266358250399e-07,-0.00024094970000021476,
ECU,2022Q2,urban,0,31.826127208342392,-0.00024094970000021476,0.00026752658362383386,
ECU,2022Q3,urban,0,31.826394734926016,0.00026752658362383386,0.00020408014782091755,
ECU,2022Q4,urban,0,31.826598815073837,0.00020408014782091755,-0.00031108918330602364,
ECU,2023Q1,urban,0,31.82628772589053,-0.00031108918330602364,1.521394478842808e-05,
ECU,2023Q2,urban,0,31.82630293983532,1.521394478842808e-05,-0.00036982477605818076,
ECU,2023Q3,urban,0,31.82593311505926,-0.00036982477605818076,9.801981843082785e-05,
ECU,2023Q4,urban,0,31.82603113487769,9.801981843082785e-05,-0.00016555148104302475,
ECU,2024Q1,urban,0,31.82586558339665,-0.00016555148104302475,0.00024198520076623709,
ECU,2024Q2,urban,0,31.826107568597415,0.00024198520076623709,-1.4464270758907105e-05,
ECU,2024Q3,urban,0,31.826093104326656,-1.4464270758907105e-05,5.513022819414459e-05,
ECU,2024Q4,urban,0,31.82614823455485,5.513022819414459e-05,0.1105387233224846,
ECU,2025Q1,urban,0,31.936686957877335,0.1105387233224846,-0.11057261600828383,
ECU,2025Q2,urban,0,31.82611434186905,-0.11057261600828383,-3.990669203091102e-06,
ECU,2025Q3,urban,0,31.826110351199848,-3.990669203091102e-06,-2.0081308509389828e-05,
ECU,2025Q4,urban,0,31.82609026989134,-2.0081308509389828e-05,5.99165839432203e-06,
ECU,2026Q1,urban,0,31.826096261549733,5.99165839432203e-06,,
ECU,2021Q3,urban,1,68.17348925450254,,0.0001429231816985066,
ECU,2021Q4,urban,1,68.17363217768424,0.0001429231816985066,-3.357266393777536e-07,
ECU,2022Q1,urban,1,68.1736318419576,-3.357266393777536e-07,0.00024094970000021476,
ECU,2022Q2,urban,1,68.1738727916576,0.00024094970000021476,-0.0002675265836131757,
ECU,2022Q3,urban,1,68.17360526507399,-0.0002675265836131757,-0.00020408014782447026,
ECU,2022Q4,urban,1,68.17340118492616,-0.00020408014782447026,0.00031108918331312907,
ECU,2023Q1,urban,1,68.17371227410948,0.00031108918331312907,-1.5213944791980794e-05,
ECU,2023Q2,urban,1,68.17369706016468,-1.5213944791980794e-05,0.0003698247760439699,
ECU,2023Q3,urban,1,68.17406688494073,0.0003698247760439699,-9.801981842372243e-05,
ECU,2023Q4,urban,1,68.1739688651223,-9.801981842372243e-05,0.00016555148104657746,
ECU,2024Q1,urban,1,68.17413441660335,0.00016555148104657746,-0.0002419852007733425,
ECU,2024Q2,urban,1,68.17389243140258,-0.0002419852007733425,1.4464270762459819e-05,
ECU,2024Q3,urban,1,68.17390689567334,1.4464270762459819e-05,-5.5130228176381024e-05,
ECU,2024Q4,urban,1,68.17385176544516,-5.5130228176381024e-05,-0.1105387233224917,
ECU,2025Q1,urban,1,68.06331304212267,-0.1105387233224917,0.11057261600828383,
ECU,2025Q2,urban,1,68.17388565813096,0.11057261600828383,3.990669199538388e-06,
ECU,2025Q3,urban,1,68.17388964880016,3.990669199538388e-06,2.0081308505837114e-05,
ECU,2025Q4,urban,1,68.17390973010866,2.0081308505837114e-05,-5.991658397874744e-06,
ECU,2026Q1,urban,1,68.17390373845026,-5.991658397874744e-06,,
PER,2022Q1,educat7,1,3.4641243745814103,,-0.13047127979366735,
PER,2022Q2,educat7,1,3.333653094787743,-0.13047127979366735,-0.009037546127705465,
PER,2022Q3,educat7,1,3.3246155486600375,-0.009037546127705465,0.13207167657329366,
PER,2022Q4,educat7,1,3.456687225233331,0.13207167657329366,-0.35106206276094554,
PER,2023Q1,educat7,1,3.1056251624723856,-0.35106206276094554,0.028295581202642417,
PER,2023Q2,educat7,1,3.133920743675028,0.028295581202642417,0.02043702700023209,
PER,2023Q3,educat7,1,3.15435777067526,0.02043702700023209,-0.0036263866067827166,
PER,2023Q4,educat7,1,3.1507313840684774,-0.0036263866067827166,-0.10833583051543139,
PER,2024Q1,educat7,1,3.042395553553046,-0.10833583051543139,0.00530396261359023,
PER,2024Q2,educat7,1,3.0476995161666363,0.00530396261359023,0.04493628191529275,
PER,2024Q3,educat7,1,3.092635798081929,0.04493628191529275,-0.11529195732175879,
PER,2024Q4,educat7,1,2.9773438407601702,-0.11529195732175879,0.024241617435231788,
PER,2025Q1,educat7,1,3.001585458195402,0.024241617435231788,0.13065679554029552,
PER,2025Q2,educat7,1,3.1322422537356975,0.13065679554029552,-0.03123753175015498,
PER,2025Q3,educat7,1,3.1010047219855426,-0.03123753175015498,-0.17278896955861,
PER,2025Q4,educat7,1,2.9282157524269325,-0.17278896955861,-0.11345492570696081,
PER,2026Q1,educat7,1,2.8147608267199717,-0.11345492570696081,0.0001580477395459745,
PER,2026Q2,educat7,1,2.8149188744595177,0.0001580477395459745,,
PER,2022Q1,educat7,2,8.34007533820402,,0.06195646255423881,
PER,2022Q2,educat7,2,8.402031800758259,0.06195646255423881,-0.35967429437629406,
PER,2022Q3,educat7,2,8.042357506381965,-0.35967429437629406,-0.14940838349595253,
PER,2022Q4,educat7,2,7.892949122886012,-0.14940838349595253,0.4431748308322021,
PER,2023Q1,educat7,2,8.336123953718214,0.4431748308322021,0.14391830077627077,
PER,2023Q2,educat7,2,8.480042254494485,0.14391830077627077,-0.3022890098631219,
PER,2023Q3,educat7,2,8.177753244631363,-0.3022890098631219,0.007561273908835986,
PER,2023Q4,educat7,2,8.1853145185402,0.007561273908835986,0.15643792517527544,
PER,2024Q1,educat7,2,8.341752443715475,0.15643792517527544,-0.15510610007250136,
PER,2024Q2,educat7,2,8.186646343642973,-0.15510610007250136,-0.11204318310776351,
PER,2024Q3,educat7,2,8.07460316053521,-0.11204318310776351,0.0880576280847194,
PER,2024Q4,educat7,2,8.16266078861993,0.0880576280847194,-0.33451096511979994,
PER,2025Q1,educat7,2,7.828149823500129,-0.33451096511979994,0.06696810298258438,
PER,2025Q2,educat7,2,7.895117926482714,0.06696810298258438,-0.2090599447040713,
PER,2025Q3,educat7,2,7.686057981778642,-0.2090599447040713,0.1535883095793178,
PER,2025Q4,educat7,2,7.83964629135796,0.1535883095793178,0.006728274270895618,
PER,2026Q1,educat7,2,7.846374565628856,0.006728274270895618,-0.03020390878200807,
PER,2026Q2,educat7,2,7.816170656846848,-0.03020390878200807,,
PER,2022Q1,educat7,3,8.827201719171358,,0.01981403061300746,
PER,2022Q2,educat7,3,8.847015749784365,0.01981403061300746,-0.006537640227099573,
PER,2022Q3,educat7,3,8.840478109557266,-0.006537640227099573,-0.20295991031327176,
PER,2022Q4,educat7,3,8.637518199243994,-0.20295991031327176,0.0034701167047703763,
PER,2023Q1,educat7,3,8.640988315948764,0.0034701167047703763,0.0398509274594403,
PER,2023Q2,educat7,3,8.680839243408204,0.0398509274594403,0.136108665492916,
PER,2023Q3,educat7,3,8.81694790890112,0.136108665492916,-0.1332230612753218,
PER,2023Q4,educat7,3,8.683724847625799,-0.1332230612753218,-0.003793194273688627,
PER,2024Q1,educat7,3,8.67993165335211,-0.003793194273688627,0.24586647169654796,
PER,2024Q2,educat7,3,8.925798125048658,0.24586647169654796,-0.06401648976379093,
PER,2024Q3,educat7,3,8.861781635284867,-0.06401648976379093,-0.060512320084107785,
PER,2024Q4,educat7,3,8.80126931520076,-0.060512320084107785,0.33651836599617013,
PER,2025Q1,educat7,3,9.13778768119693,0.33651836599617013,-0.2570580261910198,
PER,2025Q2,educat7,3,8.88072965500591,-0.2570580261910198,-0.027175900873308123,
PER,2025Q3,educat7,3,8.853553754132601,-0.027175900873308123,0.01931958513710441,
PER,2025Q4,educat7,3,8.872873339269706,0.01931958513710441,0.09440775301985482,
PER,2026Q1,educat7,3,8.96728109228956,0.09440775301985482,-0.15799617379368947,
PER,2026Q2,educat7,3,8.809284918495871,-0.15799617379368947,,
PER,2022Q1,educat7,4,16.19235768829593,,0.990240103987837,
PER,2022Q2,educat7,4,17.18259779228377,0.990240103987837,0.21485209043508036,
PER,2022Q3,educat7,4,17.39744988271885,0.21485209043508036,0.44959224078879245,
PER,2022Q4,educat7,4,17.84704212350764,0.44959224078879245,-1.8636968403658098,
PER,2023Q1,educat7,4,15.983345283141832,-1.8636968403658098,0.3294433441899276,
PER,2023Q2,educat7,4,16.31278862733176,0.3294433441899276,0.8413787609276895,
PER,2023Q3,educat7,4,17.15416738825945,0.8413787609276895,0.280641594925207,
PER,2023Q4,educat7,4,17.434808983184656,0.280641594925207,-1.4605442877796797,
PER,2024Q1,educat7,4,15.974264695404976,-1.4605442877796797,0.48751691966694466,
PER,2024Q2,educat7,4,16.46178161507192,0.48751691966694466,0.2808912327246418,
PER,2024Q3,educat7,4,16.742672847796563,0.2808912327246418,0.14114299048535273,
PER,2024Q4,educat7,4,16.883815838281915,0.14114299048535273,-1.0960873262833477,
PER,2025Q1,educat7,4,15.787728511998568,-1.0960873262833477,0.28977874871660525,
PER,2025Q2,educat7,4,16.077507260715173,0.28977874871660525,0.3404595226581506,
PER,2025Q3,educat7,4,16.417966783373323,0.3404595226581506,0.031097053361868632,
PER,2025Q4,educat7,4,16.449063836735192,0.031097053361868632,-1.4167861786527727,
PER,2026Q1,educat7,4,15.03227765808242,-1.4167861786527727,0.6017901802641727,
PER,2026Q2,educat7,4,15.634067838346592,0.6017901802641727,,
PER,2022Q1,educat7,5,31.34751334330318,,-1.0762755897207406,
PER,2022Q2,educat7,5,30.27123775358244,-1.0762755897207406,-1.1456678474872888,
PER,2022Q3,educat7,5,29.12556990609515,-1.1456678474872888,-1.1591977279538455,
PER,2022Q4,educat7,5,27.966372178141306,-1.1591977279538455,1.7123647890606257,
PER,2023Q1,educat7,5,29.67873696720193,1.7123647890606257,-0.6154665358945302,
PER,2023Q2,educat7,5,29.0632704313074,-0.6154665358945302,-1.0940842149203576,
PER,2023Q3,educat7,5,27.969186216387044,-1.0940842149203576,-0.2813388836249935,
PER,2023Q4,educat7,5,27.68784733276205,-0.2813388836249935,1.546855966015496,
PER,2024Q1,educat7,5,29.234703298777546,1.546855966015496,-0.5907191576118827,
PER,2024Q2,educat7,5,28.643984141165664,-0.5907191576118827,-0.5945478942788185,
PER,2024Q3,educat7,5,28.049436246886845,-0.5945478942788185,0.6443730213823429,
PER,2024Q4,educat7,5,28.693809268269188,0.6443730213823429,0.4287059309731589,
PER,2025Q1,educat7,5,29.122515199242347,0.4287059309731589,-0.042533035386210116,
PER,2025Q2,educat7,5,29.079982163856137,-0.042533035386210116,-0.92308370532675,
PER,2025Q3,educat7,5,28.156898458529387,-0.92308370532675,0.46890434726019237,
PER,2025Q4,educat7,5,28.62580280578958,0.46890434726019237,1.1453709850244138,
PER,2026Q1,educat7,5,29.771173790813993,1.1453709850244138,-1.0244937870840651,
PER,2026Q2,educat7,5,28.746680003729928,-1.0244937870840651,,
PER,2022Q1,educat7,6,14.268033204569456,,0.011099110575671034,
PER,2022Q2,educat7,6,14.279132315145127,0.011099110575671034,0.5723019649395766,
PER,2022Q3,educat7,6,14.851434280084703,0.5723019649395766,0.4180426481648727,
PER,2022Q4,educat7,6,15.269476928249576,0.4180426481648727,0.19830144286015638,
PER,2023Q1,educat7,6,15.467778371109732,0.19830144286015638,0.10797826452820303,
PER,2023Q2,educat7,6,15.575756635637935,0.10797826452820303,-0.13367595636983864,
PER,2023Q3,educat7,6,15.442080679268097,-0.13367595636983864,-0.040207186143177864,
PER,2023Q4,educat7,6,15.401873493124919,-0.040207186143177864,-0.2874672881142324,
PER,2024Q1,educat7,6,15.114406205010686,-0.2874672881142324,0.4660737661777308,
PER,2024Q2,educat7,6,15.580479971188417,0.4660737661777308,-0.10584750027828349,
PER,2024Q3,educat7,6,15.474632470910134,-0.10584750027828349,-0.1951644874558216,
PER,2024Q4,educat7,6,15.279467983454312,-0.1951644874558216,0.21917353164245945,
PER,2025Q1,educat7,6,15.498641515096772,0.21917353164245945,-0.3731728142419364,
PER,2025Q2,educat7,6,15.125468700854835,-0.3731728142419364,0.14350049311572377,
PER,2025Q3,educat7,6,15.268969193970559,0.14350049311572377,-0.39830029811555967,
PER,2025Q4,educat7,6,14.870668895855,-0.39830029811555967,0.18201784304997304,
PER,2026Q1,educat7,6,15.052686738904972,0.18201784304997304,0.03801557890602858,
PER,2026Q2,educat7,6,15.090702317811001,0.03801557890602858,,
PER,2022Q1,educat7,7,17.560694331874647,,0.12363716178363404,
PER,2022Q2,educat7,7,17.68433149365828,0.12363716178363404,0.733763272843742,
PER,2022Q3,educat7,7,18.418094766502023,0.733763272843742,0.5118594562361132,
PER,2022Q4,educat7,7,18.929954222738136,0.5118594562361132,-0.1425522763309921,
PER,2023Q1,educat7,7,18.787401946407144,-0.1425522763309921,-0.034019882261951295,
PER,2023Q2,educat7,7,18.753382064145192,-0.034019882261951295,0.532124727732473,
PER,2023Q3,educat7,7,19.285506791877665,0.532124727732473,0.1701926488162364,
PER,2023Q4,educat7,7,19.455699440693902,0.1701926488162364,0.1568467094922461,
PER,2024Q1,educat7,7,19.612546150186148,0.1568467094922461,-0.4589358624704012,
PER,2024Q2,educat7,7,19.153610287715747,-0.4589358624704012,0.550627552788729,
PER,2024Q3,educat7,7,19.704237840504476,0.550627552788729,-0.5026048750907499,
PER,2024Q4,educat7,7,19.201632965413726,-0.5026048750907499,0.4219588453561336,
PER,2025Q1,educat7,7,19.62359181076986,0.4219588453561336,0.18536022857967893,
PER,2025Q2,educat7,7,19.80895203934954,0.18536022857967893,0.7065970668804056,
PER,2025Q3,educat7,7,20.515549106229944,0.7065970668804056,-0.10182002766430642,
PER,2025Q4,educat7,7,20.413729078565638,-0.10182002766430642,0.10171624899458465,
PER,2026Q1,educat7,7,20.515445327560222,0.10171624899458465,0.5727300627500114,
PER,2026Q2,educat7,7,21.088175390310234,0.5727300627500114,,
PER,2022Q1,empstat,1,47.24433527541487,,0.5403939691847341,
PER,2022Q2,empstat,1,47.7847292445996,0.5403939691847341,0.6323671076745114,
PER,2022Q3,empstat,1,48.417096352274115,0.6323671076745114,0.8164175314678204,
PER,2022Q4,empstat,1,49.233513883741935,0.8164175314678204,-1.552818505072615,
PER,2023Q1,empstat,1,47.68069537866932,-1.552818505072615,0.26857681922889753,
PER,2023Q2,empstat,1,47.94927219789822,0.26857681922889753,1.3920041509723262,
PER,2023Q3,empstat,1,49.341276348870544,1.3920041509723262,-0.0016897203342836065,
PER,2023Q4,empstat,1,49.33958662853626,-0.0016897203342836065,-1.0710422960789003,
PER,2024Q1,empstat,1,48.26854433245736,-1.0710422960789003,0.5636249276242893,
PER,2024Q2,empstat,1,48.83216926008165,0.5636249276242893,1.1769602403954167,
PER,2024Q3,empstat,1,50.009129500477066,1.1769602403954167,-0.09405888332213408,
PER,2024Q4,empstat,1,49.91507061715493,-0.09405888332213408,-0.6415907950458006,
PER,2025Q1,empstat,1,49.27347982210913,-0.6415907950458006,0.6958637807555235,
PER,2025Q2,empstat,1,49.969343602864654,0.6958637807555235,1.0201837631204995,
PER,2025Q3,empstat,1,50.989527365985154,1.0201837631204995,-0.3236258155963583,
PER,2025Q4,empstat,1,50.665901550388796,-0.3236258155963583,-0.21822555405766053,
PER,2026Q1,empstat,1,50.447675996331135,-0.21822555405766053,1.6666678022470336,
PER,2026Q2,empstat,1,52.11434379857817,1.6666678022470336,,
PER,2022Q1,empstat,2,11.226285393210102,,-1.0886285323379141,
PER,2022Q2,empstat,2,10.137656860872188,-1.0886285323379141,-0.4852283251016303,
PER,2022Q3,empstat,2,9.652428535770557,-0.4852283251016303,0.3871534881340839,
PER,2022Q4,empstat,2,10.039582023904641,0.3871534881340839,0.7469877242393839,
PER,2023Q1,empstat,2,10.786569748144025,0.7469877242393839,-0.4222268702977896,
PER,2023Q2,empstat,2,10.364342877846235,-0.4222268702977896,-1.257045423552631,
PER,2023Q3,empstat,2,9.107297454293604,-1.257045423552631,-1.0877830395648207,
PER,2023Q4,empstat,2,8.019514414728784,-1.0877830395648207,1.7677472256967715,
PER,2024Q1,empstat,2,9.787261640425555,1.7677472256967715,-0.26932280996375546,
PER,2024Q2,empstat,2,9.5179388304618,-0.26932280996375546,-0.6195424752889558,
PER,2024Q3,empstat,2,8.898396355172844,-0.6195424752889558,0.013298258411657216,
PER,2024Q4,empstat,2,8.911694613584501,0.013298258411657216,1.1311658271340121,
PER,2025Q1,empstat,2,10.042860440718513,1.1311658271340121,-0.6802113049492124,
PER,2025Q2,empstat,2,9.362649135769301,-0.6802113049492124,0.017827201451501296,
PER,2025Q3,empstat,2,9.380476337220802,0.017827201451501296,-0.7402303668784036,
PER,2025Q4,empstat,2,8.640245970342399,-0.7402303668784036,1.2240315767175414,
PER,2026Q1,empstat,2,9.86427754705994,1.2240315767175414,-1.549909170515635,
PER,2026Q2,empstat,2,8.314368376544305,-1.549909170515635,,
PER,2022Q1,empstat,3,2.9995968550062004,,0.21328038652008496,
PER,2022Q2,empstat,3,3.2128772415262854,0.21328038652008496,0.23187246137970074,
PER,2022Q3,empstat,3,3.444749702905986,0.23187246137970074,0.2728688550219833,
PER,2022Q4,empstat,3,3.7176185579279695,0.2728688550219833,0.1053131565372376,
PER,2023Q1,empstat,3,3.822931714465207,0.1053131565372376,0.3607747214147081,
PER,2023Q2,empstat,3,4.183706435879915,0.3607747214147081,0.09139400646888696,
PER,2023Q3,empstat,3,4.275100442348802,0.09139400646888696,-0.18659248972453035,
PER,2023Q4,empstat,3,4.088507952624272,-0.18659248972453035,-0.302220364620712,
PER,2024Q1,empstat,3,3.78628758800356,-0.302220364620712,0.14988335982429257,
PER,2024Q2,empstat,3,3.9361709478278524,0.14988335982429257,-0.05279446370941221,
PER,2024Q3,empstat,3,3.88337648411844,-0.05279446370941221,0.15195427778026582,
PER,2024Q4,empstat,3,4.035330761898706,0.15195427778026582,-0.7044268277102361,
PER,2025Q1,empstat,3,3.33090393418847,-0.7044268277102361,0.45618648032176123,
PER,2025Q2,empstat,3,3.787090414510231,0.45618648032176123,-0.1939494175223473,
PER,2025Q3,empstat,3,3.593140996987884,-0.1939494175223473,0.219986239441738,
PER,2025Q4,empstat,3,3.813127236429622,0.219986239441738,-0.1909518575028093,
PER,2026Q1,empstat,3,3.6221753789268125,-0.1909518575028093,-0.1643190518742812,
PER,2026Q2,empstat,3,3.4578563270525313,-0.1643190518742812,,
PER,2022Q1,empstat,4,38.52978247636882,,0.33495417663311144,
PER,2022Q2,empstat,4,38.864736653001934,0.33495417663311144,-0.3790112439525828,
PER,2022Q3,empstat,4,38.48572540904935,-0.3790112439525828,-1.4764398746238925,
PER,2022Q4,empstat,4,37.00928553442546,-1.4764398746238925,0.7005176242959834,
PER,2023Q1,empstat,4,37.70980315872144,0.7005176242959834,-0.20712467034580584,
PER,2023Q2,empstat,4,37.502678488375636,-0.20712467034580584,-0.22635273388857513,
PER,2023Q3,empstat,4,37.27632575448706,-0.22635273388857513,1.2760652496236418,
PER,2023Q4,empstat,4,38.5523910041107,1.2760652496236418,-0.394484564997164,
PER,2024Q1,empstat,4,38.15790643911354,-0.394484564997164,-0.4441854774848437,
PER,2024Q2,empstat,4,37.713720961628695,-0.4441854774848437,-0.5046233013970394,
PER,2024Q3,empstat,4,37.209097660231656,-0.5046233013970394,-0.07119365286978763,
PER,2024Q4,empstat,4,37.13790400736187,-0.07119365286978763,0.2148517956220246,
PER,2025Q1,empstat,4,37.35275580298389,0.2148517956220246,-0.4718389561280816,
PER,2025Q2,empstat,4,36.88091684685581,-0.4718389561280816,-0.8440615470496411,
PER,2025Q3,empstat,4,36.03685529980617,-0.8440615470496411,0.8438699430330132,
PER,2025Q4,empstat,4,36.88072524283918,0.8438699430330132,-0.8148541651570582,
PER,2026Q1,empstat,4,36.065871077682125,-0.8148541651570582,0.04756042014286521,
PER,2026Q2,empstat,4,36.11343149782499,0.04756042014286521,,
PER,2022Q1,industrycat10,1,25.608450507344216,,-0.36168425341702104,
PER,2022Q2,industrycat10,1,25.246766253927195,-0.36168425341702104,-0.6330576483129668,
PER,2022Q3,industrycat10,1,24.613708605614228,-0.6330576483129668,-0.07093486668509286,
PER,2022Q4,industrycat10,1,24.542773738929135,-0.07093486668509286,-0.09531688585452969,
PER,2023Q1,industrycat10,1,24.447456853074605,-0.09531688585452969,-0.3941176138780662,
PER,2023Q2,industrycat10,1,24.05333923919654,-0.3941176138780662,-1.188812244603902,
PER,2023Q3,industrycat10,1,22.864526994592637,-1.188812244603902,-0.8015499454641848,
PER,2023Q4,industrycat10,1,22.062977049128452,-0.8015499454641848,1.8433607096480138,
PER,2024Q1,industrycat10,1,23.906337758776466,1.8433607096480138,-1.1900118647435036,
PER,2024Q2,industrycat10,1,22.716325894032963,-1.1900118647435036,-0.616656506311223,
PER,2024Q3,industrycat10,1,22.09966938772174,-0.616656506311223,0.26579650447168746,
PER,2024Q4,industrycat10,1,22.365465892193427,0.26579650447168746,1.511599529065947,
PER,2025Q1,industrycat10,1,23.877065421259374,1.511599529065947,-0.8092465621330476,
PER,2025Q2,industrycat10,1,23.067818859126326,-0.8092465621330476,-0.03451483366890784,
PER,2025Q3,industrycat10,1,23.03330402545742,-0.03451483366890784,-1.0325165060348063,
PER,2025Q4,industrycat10,1,22.000787519422612,-1.0325165060348063,1.2111217383895543,
PER,2026Q1,industrycat10,1,23.211909257812167,1.2111217383895543,-1.4941408525696076,
PER,2026Q2,industrycat10,1,21.71776840524256,-1.4941408525696076,,
PER,2022Q1,industrycat10,10,12.044030835249785,,0.9666823216980198,
PER,2022Q2,industrycat10,10,13.010713156947805,0.9666823216980198,-0.34461591750739373,
PER,2022Q3,industrycat10,10,12.666097239440411,-0.34461591750739373,0.5078135513355342,
PER,2022Q4,industrycat10,10,13.173910790775945,0.5078135513355342,-0.6582468968936244,
PER,2023Q1,industrycat10,10,12.515663893882321,-0.6582468968936244,1.6625797363576726,
PER,2023Q2,industrycat10,10,14.178243630239994,1.6625797363576726,0.25334516133853135,
PER,2023Q3,industrycat10,10,14.431588791578525,0.25334516133853135,-0.1993436203649992,
PER,2023Q4,industrycat10,10,14.232245171213526,-0.1993436203649992,-1.284951041737207,
PER,2024Q1,industrycat10,10,12.947294129476319,-1.284951041737207,1.455687959737304,
PER,2024Q2,industrycat10,10,14.402982089213623,1.455687959737304,-0.46131989767156156,
PER,2024Q3,industrycat10,10,13.941662191542061,-0.46131989767156156,0.07210740371227686,
PER,2024Q4,industrycat10,10,14.013769595254338,0.07210740371227686,-1.1590809732561471,
PER,2025Q1,industrycat10,10,12.854688621998191,-1.1590809732561471,1.0271601386015625,
PER,2025Q2,industrycat10,10,13.881848760599754,1.0271601386015625,-0.13368466554146785,
PER,2025Q3,industrycat10,10,13.748164095058286,-0.13368466554146785,0.45378524080241434,
PER,2025Q4,industrycat10,10,14.2019493358607,0.45378524080241434,-1.0115486529684752,
PER,2026Q1,industrycat10,10,13.190400682892225,-1.0115486529684752,0.5889785373389547,
PER,2026Q2,industrycat10,10,13.77937922023118,0.5889785373389547,,
PER,2022Q1,industrycat10,2,0.6854723272965375,,-0.0356040223110613,
PER,2022Q2,industrycat10,2,0.6498683049854762,-0.0356040223110613,0.15994118426014936,
PER,2022Q3,industrycat10,2,0.8098094892456256,0.15994118426014936,0.05365356541957611,
PER,2022Q4,industrycat10,2,0.8634630546652017,0.05365356541957611,0.07277322951161591,
PER,2023Q1,industrycat10,2,0.9362362841768176,0.07277322951161591,-0.06716152302212663,
PER,2023Q2,industrycat10,2,0.869074761154691,-0.06716152302212663,0.05303569252464313,
PER,2023Q3,industrycat10,2,0.9221104536793341,0.05303569252464313,-0.01990637850118071,
PER,2023Q4,industrycat10,2,0.9022040751781534,-0.01990637850118071,-0.012850811081857039,
PER,2024Q1,industrycat10,2,0.8893532640962963,-0.012850811081857039,0.07654546680156094,
PER,2024Q2,industrycat10,2,0.9658987308978573,0.07654546680156094,0.18038685316148495,
PER,2024Q3,industrycat10,2,1.1462855840593422,0.18038685316148495,-0.1301153753310469,
PER,2024Q4,industrycat10,2,1.0161702087282953,-0.1301153753310469,-0.07366846883658773,
PER,2025Q1,industrycat10,2,0.9425017398917076,-0.07366846883658773,0.0584340144023755,
PER,2025Q2,industrycat10,2,1.000935754294083,0.0584340144023755,0.22856164007589652,
PER,2025Q3,industrycat10,2,1.2294973943699796,0.22856164007589652,-0.31872229513460615,
PER,2025Q4,industrycat10,2,0.9107750992353735,-0.31872229513460615,0.16831642549357084,
PER,2026Q1,industrycat10,2,1.0790915247289443,0.16831642549357084,-0.07166957290312448,
PER,2026Q2,industrycat10,2,1.0074219518258198,-0.07166957290312448,,
PER,2022Q1,industrycat10,3,8.160746795842805,,0.059695136422098116,
PER,2022Q2,industrycat10,3,8.220441932264903,0.059695136422098116,0.3564314886919622,
PER,2022Q3,industrycat10,3,8.576873420956865,0.3564314886919622,-0.22518400898805524,
PER,2022Q4,industrycat10,3,8.35168941196881,-0.22518400898805524,0.10050214296759208,
PER,2023Q1,industrycat10,3,8.452191554936402,0.10050214296759208,0.02452461966207231,
PER,2023Q2,industrycat10,3,8.476716174598474,0.02452461966207231,-0.37769799987002983,
PER,2023Q3,industrycat10,3,8.099018174728444,-0.37769799987002983,0.6692069156771936,
PER,2023Q4,industrycat10,3,8.768225090405638,0.6692069156771936,-0.4574730603114805,
PER,2024Q1,industrycat10,3,8.310752030094157,-0.4574730603114805,0.2591686308994543,
PER,2024Q2,industrycat10,3,8.569920660993612,0.2591686308994543,0.43599826724720536,
PER,2024Q3,industrycat10,3,9.005918928240817,0.43599826724720536,-0.08746748782830593,
PER,2024Q4,industrycat10,3,8.918451440412511,-0.08746748782830593,-0.6188543122108374,
PER,2025Q1,industrycat10,3,8.299597128201674,-0.6188543122108374,0.3144546880438188,
PER,2025Q2,industrycat10,3,8.614051816245492,0.3144546880438188,0.257092703276836,
PER,2025Q3,industrycat10,3,8.871144519522328,0.257092703276836,-0.10573211412850725,
PER,2025Q4,industrycat10,3,8.765412405393821,-0.10573211412850725,-0.5171878036344122,
PER,2026Q1,industrycat10,3,8.248224601759409,-0.5171878036344122,0.32746570567284294,
PER,2026Q2,industrycat10,3,8.575690307432252,0.32746570567284294,,
PER,2022Q1,industrycat10,4,0.6595836569292969,,-0.07422937438299293,
PER,2022Q2,industrycat10,4,0.585354282546304,-0.07422937438299293,-0.0014858495882341671,
PER,2022Q3,industrycat10,4,0.5838684329580698,-0.0014858495882341671,0.033343442345022734,
PER,2022Q4,industrycat10,4,0.6172118753030925,0.033343442345022734,0.09916897393995538,
PER,2023Q1,industrycat10,4,0.7163808492430479,0.09916897393995538,-0.03585203112817903,
PER,2023Q2,industrycat10,4,0.6805288181148689,-0.03585203112817903,-0.11715037463432454,
PER,2023Q3,industrycat10,4,0.5633784434805443,-0.11715037463432454,0.07082531744720533,
PER,2023Q4,industrycat10,4,0.6342037609277497,0.07082531744720533,0.0193042275329387,
PER,2024Q1,industrycat10,4,0.6535079884606884,0.0193042275329387,-0.10399398394034753,
PER,2024Q2,industrycat10,4,0.5495140045203408,-0.10399398394034753,0.1039695980796691,
PER,2024Q3,industrycat10,4,0.6534836026000099,0.1039695980796691,-0.022751781321274644,
PER,2024Q4,industrycat10,4,0.6307318212787353,-0.022751781321274644,-0.007186498542382069,
PER,2025Q1,industrycat10,4,0.6235453227363532,-0.007186498542382069,0.016648958237630906,
PER,2025Q2,industrycat10,4,0.6401942809739841,0.016648958237630906,0.033847088461072095,
PER,2025Q3,industrycat10,4,0.6740413694350562,0.033847088461072095,0.015411763356859676,
PER,2025Q4,industrycat10,4,0.6894531327919159,0.015411763356859676,-0.041507238802251045,
PER,2026Q1,industrycat10,4,0.6479458939896648,-0.041507238802251045,-0.03490279147267583,
PER,2026Q2,industrycat10,4,0.613043102516989,-0.03490279147267583,,
PER,2022Q1,industrycat10,5,7.256170881157849,,-0.07706354388464032,
PER,2022Q2,industrycat10,5,7.179107337273209,-0.07706354388464032,0.07631295831071583,
PER,2022Q3,industrycat10,5,7.255420295583924,0.07631295831071583,-0.0813392832569848,
PER,2022Q4,industrycat10,5,7.17408101232694,-0.0813392832569848,-0.48285104302529636,
PER,2023Q1,industrycat10,5,6.691229969301643,-0.48285104302529636,-0.39364357769152214,
PER,2023Q2,industrycat10,5,6.297586391610121,-0.39364357769152214,0.509452155922018,
PER,2023Q3,industrycat10,5,6.807038547532139,0.509452155922018,-0.21745422271584847,
PER,2023Q4,industrycat10,5,6.589584324816291,-0.21745422271584847,-0.011225256270673611,
PER,2024Q1,industrycat10,5,6.578359068545617,-0.011225256270673611,-0.36633179998042653,
PER,2024Q2,industrycat10,5,6.2120272685651905,-0.36633179998042653,0.511903427093535,
PER,2024Q3,industrycat10,5,6.7239306956587255,0.511903427093535,0.4173017752421835,
PER,2024Q4,industrycat10,5,7.141232470900909,0.4173017752421835,-0.4456655590090577,
PER,2025Q1,industrycat10,5,6.695566911891851,-0.4456655590090577,-0.46115670792075925,
PER,2025Q2,industrycat10,5,6.234410203971092,-0.46115670792075925,0.4008154900759946,
PER,2025Q3,industrycat10,5,6.635225694047087,0.4008154900759946,0.4124618247185916,
PER,2025Q4,industrycat10,5,7.047687518765678,0.4124618247185916,0.07099569997488153,
PER,2026Q1,industrycat10,5,7.11868321874056,0.07099569997488153,-0.24550439759997644,
PER,2026Q2,industrycat10,5,6.873178821140583,-0.24550439759997644,,
PER,2022Q1,industrycat10,6,27.394117209536507,,-0.33639827813159684,
PER,2022Q2,industrycat10,6,27.05771893140491,-0.33639827813159684,-0.6977088394472517,
PER,2022Q3,industrycat10,6,26.36001009195766,-0.6977088394472517,-0.45067073291124515,
PER,2022Q4,industrycat10,6,25.909339359046413,-0.45067073291124515,1.3975471665538208,
PER,2023Q1,industrycat10,6,27.306886525600234,1.3975471665538208,-1.1811682763105154,
PER,2023Q2,industrycat10,6,26.12571824928972,-1.1811682763105154,0.5303429305764347,
PER,2023Q3,industrycat10,6,26.656061179866153,0.5303429305764347,-0.04647294960410875,
PER,2023Q4,industrycat10,6,26.609588230262045,-0.04647294960410875,0.5182568838156314,
PER,2024Q1,industrycat10,6,27.127845114077676,0.5182568838156314,-0.3796337375734318,
PER,2024Q2,industrycat10,6,26.748211376504244,-0.3796337375734318,0.11166448213442592,
PER,2024Q3,industrycat10,6,26.85987585863867,0.11166448213442592,-0.549539130818772,
PER,2024Q4,industrycat10,6,26.310336727819898,-0.549539130818772,0.5898781355689522,
PER,2025Q1,industrycat10,6,26.90021486338885,0.5898781355689522,-0.548049077711525,
PER,2025Q2,industrycat10,6,26.352165785677325,-0.548049077711525,-0.24511421751418538,
PER,2025Q3,industrycat10,6,26.10705156816314,-0.24511421751418538,0.2784603443747109,
PER,2025Q4,industrycat10,6,26.38551191253785,0.2784603443747109,0.5274142770825456,
PER,2026Q1,industrycat10,6,26.912926189620396,0.5274142770825456,-0.7158715872596169,
PER,2026Q2,industrycat10,6,26.19705460236078,-0.7158715872596169,,
PER,2022Q1,industrycat10,7,8.510225532858765,,-0.11054525642799717,
PER,2022Q2,industrycat10,7,8.399680276430768,-0.11054525642799717,0.5957237430832105,
PER,2022Q3,industrycat10,7,8.995404019513979,0.5957237430832105,-0.09178168497544625,
PER,2022Q4,industrycat10,7,8.903622334538532,-0.09178168497544625,-0.08356135261711195,
PER,2023Q1,industrycat10,7,8.82006098192142,-0.08356135261711195,0.050281873411764266,
PER,2023Q2,industrycat10,7,8.870342855333185,0.050281873411764266,-0.08660934146289279,
PER,2023Q3,industrycat10,7,8.783733513870292,-0.08660934146289279,0.263309443714844,
PER,2023Q4,industrycat10,7,9.047042957585136,0.263309443714844,-0.34704213177193743,
PER,2024Q1,industrycat10,7,8.700000825813198,-0.34704213177193743,0.19251985608098288,
PER,2024Q2,industrycat10,7,8.892520681894181,0.19251985608098288,-0.19853726370502223,
PER,2024Q3,industrycat10,7,8.693983418189159,-0.19853726370502223,0.24057646696088675,
PER,2024Q4,industrycat10,7,8.934559885150046,0.24057646696088675,-0.03729294724638876,
PER,2025Q1,industrycat10,7,8.897266937903657,-0.03729294724638876,0.10263060034103333,
PER,2025Q2,industrycat10,7,8.99989753824469,0.10263060034103333,-0.6093831262453904,
PER,2025Q3,industrycat10,7,8.3905144119993,-0.6093831262453904,0.1201584566432512,
PER,2025Q4,industrycat10,7,8.510672868642551,0.1201584566432512,-0.002238435603500122,
PER,2026Q1,industrycat10,7,8.508434433039051,-0.002238435603500122,0.7181059072762093,
PER,2026Q2,industrycat10,7,9.22654034031526,0.7181059072762093,,
PER,2022Q1,industrycat10,8,5.86447089466613,,-0.057257728779653405,
PER,2022Q2,industrycat10,8,5.807213165886477,-0.057257728779653405,0.08483515368002958,
PER,2022Q3,industrycat10,8,5.8920483195665065,0.08483515368002958,0.3104090078055437,
PER,2022Q4,industrycat10,8,6.20245732737205,0.3104090078055437,0.09101531281865416,
PER,2023Q1,industrycat10,8,6.293472640190704,0.09101531281865416,0.10902246384231695,
PER,2023Q2,industrycat10,8,6.402495104033021,0.10902246384231695,0.08359923026216709,
PER,2023Q3,industrycat10,8,6.4860943342951884,0.08359923026216709,0.0999974343940675,
PER,2023Q4,industrycat10,8,6.586091768689256,0.0999974343940675,-0.042851049185038015,
PER,2024Q1,industrycat10,8,6.543240719504218,-0.042851049185038015,-0.10878692764264386,
PER,2024Q2,industrycat10,8,6.434453791861574,-0.10878692764264386,0.03486077154601741,
PER,2024Q3,industrycat10,8,6.4693145634075915,0.03486077154601741,-0.09782392564967335,
PER,2024Q4,industrycat10,8,6.371490637757918,-0.09782392564967335,0.05472349987696745,
PER,2025Q1,industrycat10,8,6.426214137634886,0.05472349987696745,0.3025674174224129,
PER,2025Q2,industrycat10,8,6.7287815550572985,0.3025674174224129,0.011613941808092498,
PER,2025Q3,industrycat10,8,6.740395496865391,0.011613941808092498,0.48366199150856826,
PER,2025Q4,industrycat10,8,7.224057488373959,0.48366199150856826,-0.2883145185105995,
PER,2026Q1,industrycat10,8,6.93574296986336,-0.2883145185105995,0.48399369157240546,
PER,2026Q2,industrycat10,8,7.419736661435765,0.48399369157240546,,
PER,2022Q1,industrycat10,9,3.8167313591181204,,0.026404999214821423,
PER,2022Q2,industrycat10,9,3.843136358332942,0.026404999214821423,0.4036237268297813,
PER,2022Q3,industrycat10,9,4.246760085162723,0.4036237268297813,0.014691009911157238,
PER,2022Q4,industrycat10,9,4.26145109507388,0.014691009911157238,-0.4410306474010879,
PER,2023Q1,industrycat10,9,3.8204204476727925,-0.4410306474010879,0.2255343287565834,
PER,2023Q2,industrycat10,9,4.045954776429376,0.2255343287565834,0.3404947899473765,
PER,2023Q3,industrycat10,9,4.386449566376752,0.3404947899473765,0.18138800541700473,
PER,2023Q4,industrycat10,9,4.567837571793757,0.18138800541700473,-0.22452847063840942,
PER,2024Q1,industrycat10,9,4.343309101155348,-0.22452847063840942,0.1648364003610565,
PER,2024Q2,industrycat10,9,4.508145501516404,0.1648364003610565,-0.10226973157452335,
PER,2024Q3,industrycat10,9,4.405875769941881,-0.10226973157452335,-0.10808444943796225,
PER,2024Q4,industrycat10,9,4.297791320503919,-0.10808444943796225,0.18554759458954706,
PER,2025Q1,industrycat10,9,4.483338915093466,0.18554759458954706,-0.003443469283498146,
PER,2025Q2,industrycat10,9,4.479895445809968,-0.003443469283498146,0.09076597927204233,
PER,2025Q3,industrycat10,9,4.57066142508201,0.09076597927204233,-0.30696870610645366,
PER,2025Q4,industrycat10,9,4.263692718975556,-0.30696870610645366,-0.11705149142133564,
PER,2026Q1,industrycat10,9,4.146641227554221,-0.11705149142133564,0.44354535994459,
PER,2026Q2,industrycat10,9,4.590186587498811,0.44354535994459,,
PER,2022Q1,lstatus,1,67.45313404490183,,1.1854575611625222,
PER,2022Q2,lstatus,1,68.63859160606435,1.1854575611625222,-0.6351923851396322,
PER,2022Q3,lstatus,1,68.00339922092472,-0.6351923851396322,-0.004988068357675957,
PER,2022Q4,lstatus,1,67.99841115256704,-0.004988068357675957,-1.8700961001375447,
PER,2023Q1,lstatus,1,66.1283150524295,-1.8700961001375447,0.7410757114942044,
PER,2023Q2,lstatus,1,66.8693907639237,0.7410757114942044,-0.5954911978688386,
PER,2023Q3,lstatus,1,66.27389956605487,-0.5954911978688386,-0.32011047844915197,
PER,2023Q4,lstatus,1,65.95378908760571,-0.32011047844915197,-0.3590253498355196,
PER,2024Q1,lstatus,1,65.5947637377702,-0.3590253498355196,0.45375811735097216,
PER,2024Q2,lstatus,1,66.04852185512117,0.45375811735097216,-0.2892403145571478,
PER,2024Q3,lstatus,1,65.75928154056402,-0.2892403145571478,0.5363330342512853,
PER,2024Q4,lstatus,1,66.2956145748153,0.5363330342512853,-0.6681476216192976,
PER,2025Q1,lstatus,1,65.627466953196,-0.6681476216192976,0.15018611302318163,
PER,2025Q2,lstatus,1,65.77765306621919,0.15018611302318163,0.37938592608558963,
PER,2025Q3,lstatus,1,66.15703899230478,0.37938592608558963,0.5496895508427428,
PER,2025Q4,lstatus,1,66.70672854314752,0.5496895508427428,-1.122771006508117,
PER,2026Q1,lstatus,1,65.5839575366394,-1.122771006508117,0.45782631335364954,
PER,2026Q2,lstatus,1,66.04178384999305,0.45782631335364954,,
PER,2022Q1,lstatus,2,4.455246741699234,,-1.4518008645868896,
PER,2022Q2,lstatus,2,3.0034458771123447,-1.4518008645868896,0.08476442883582713,
PER,2022Q3,lstatus,2,3.088210305948172,0.08476442883582713,-0.31926612708945346,
PER,2022Q4,lstatus,2,2.7689441788587184,-0.31926612708945346,1.3435673853712515,
PER,2023Q1,lstatus,2,4.11251156422997,1.3435673853712515,-0.34103483333895657,
PER,2023Q2,lstatus,2,3.7714767308910133,-0.34103483333895657,-0.1878342359711751,
PER,2023Q3,lstatus,2,3.583642494919838,-0.1878342359711751,0.04134531797999497,
PER,2023Q4,lstatus,2,3.624987812899833,0.04134531797999497,0.8468878152920758,
PER,2024Q1,lstatus,2,4.471875628191909,0.8468878152920758,-0.36113994387341464,
PER,2024Q2,lstatus,2,4.110735684318494,-0.36113994387341464,-0.4046236438403388,
PER,2024Q3,lstatus,2,3.7061120404781556,-0.4046236438403388,-0.44203779968317214,
PER,2024Q4,lstatus,2,3.2640742407949834,-0.44203779968317214,0.5255535034109142,
PER,2025Q1,lstatus,2,3.7896277442058977,0.5255535034109142,0.31604717823428663,
PER,2025Q2,lstatus,2,4.105674922440184,0.31604717823428663,-1.1353080769691961,
PER,2025Q3,lstatus,2,2.970366845470988,-1.1353080769691961,-0.2646696946027305,
PER,2025Q4,lstatus,2,2.7056971508682577,-0.2646696946027305,0.7961290016731621,
PER,2026Q1,lstatus,2,3.50182615254142,0.7961290016731621,-0.631882297820543,
PER,2026Q2,lstatus,2,2.869943854720877,-0.631882297820543,,
PER,2022Q1,lstatus,3,28.091619213398946,,0.26634330342437096,
PER,2022Q2,lstatus,3,28.357962516823317,0.26634330342437096,0.5504279563038033,
PER,2022Q3,lstatus,3,28.90839047312712,0.5504279563038033,0.3242541954471143,
PER,2022Q4,lstatus,3,29.232644668574235,0.3242541954471143,0.5265287147662931,
PER,2023Q1,lstatus,3,29.759173383340528,0.5265287147662931,-0.4000408781552487,
PER,2023Q2,lstatus,3,29.35913250518528,-0.4000408781552487,0.7833254338400195,
PER,2023Q3,lstatus,3,30.1424579390253,0.7833254338400195,0.27876516046914546,
PER,2023Q4,lstatus,3,30.421223099494444,0.27876516046914546,-0.4878624654565584,
PER,2024Q1,lstatus,3,29.933360634037886,-0.4878624654565584,-0.09261817347753976,
PER,2024Q2,lstatus,3,29.840742460560346,-0.09261817347753976,0.6938639583974826,
PER,2024Q3,lstatus,3,30.53460641895783,0.6938639583974826,-0.0942952345681114,
PER,2024Q4,lstatus,3,30.440311184389717,-0.0942952345681114,0.14259411820837897,
PER,2025Q1,lstatus,3,30.582905302598096,0.14259411820837897,-0.46623329125747404,
PER,2025Q2,lstatus,3,30.116672011340622,-0.46623329125747404,0.7559221508836131,
PER,2025Q3,lstatus,3,30.872594162224235,0.7559221508836131,-0.2850198562400088,
PER,2025Q4,lstatus,3,30.587574305984226,-0.2850198562400088,0.3266420048349481,
PER,2026Q1,lstatus,3,30.914216310819175,0.3266420048349481,0.1740559844668894,
PER,2026Q2,lstatus,3,31.088272295286064,0.1740559844668894,,
PER,2022Q1,occup,0,0.5247771427011915,,0.004124673500611076,
PER,2022Q2,occup,0,0.5289018162018025,0.004124673500611076,0.05883629759813236,
PER,2022Q3,occup,0,0.5877381137999349,0.05883629759813236,0.031675296374728545,
PER,2022Q4,occup,0,0.6194134101746634,0.031675296374728545,0.052085838777425675,
PER,2023Q1,occup,0,0.6714992489520891,0.052085838777425675,0.057815556318151606,
PER,2023Q2,occup,0,0.7293148052702407,0.057815556318151606,0.035707296621473206,
PER,2023Q3,occup,0,0.7650221018917139,0.035707296621473206,-0.09171111736142412,
PER,2023Q4,occup,0,0.6733109845302898,-0.09171111736142412,0.08417275063251795,
PER,2024Q1,occup,0,0.7574837351628078,0.08417275063251795,0.02668603876468134,
PER,2024Q2,occup,0,0.7841697739274891,0.02668603876468134,-0.09640357724203485,
PER,2024Q3,occup,0,0.6877661966854542,-0.09640357724203485,-0.022844238042214915,
PER,2024Q4,occup,0,0.6649219586432393,-0.022844238042214915,0.14967397594395027,
PER,2025Q1,occup,0,0.8145959345871896,0.14967397594395027,-0.04590765703913746,
PER,2025Q2,occup,0,0.7686882775480521,-0.04590765703913746,-0.15785059587498118,
PER,2025Q3,occup,0,0.610837681673071,-0.15785059587498118,-0.09821941019079405,
PER,2025Q4,occup,0,0.5126182714822769,-0.09821941019079405,0.1448060101953501,
PER,2026Q1,occup,0,0.657424281677627,0.1448060101953501,0.013432090270350416,
PER,2026Q2,occup,0,0.6708563719479774,0.013432090270350416,,
PER,2022Q1,occup,1,0.47066772037408067,,-0.032552793020608595,
PER,2022Q2,occup,1,0.4381149273534721,-0.032552793020608595,0.1303864580452993,
PER,2022Q3,occup,1,0.5685013853987714,0.1303864580452993,0.04856154064771101,
PER,2022Q4,occup,1,0.6170629260464824,0.04856154064771101,-0.09574973493794026,
PER,2023Q1,occup,1,0.5213131911085421,-0.09574973493794026,0.016439367220980494,
PER,2023Q2,occup,1,0.5377525583295226,0.016439367220980494,0.05407496562270553,
PER,2023Q3,occup,1,0.5918275239522282,0.05407496562270553,0.042342327818919556,
PER,2023Q4,occup,1,0.6341698517711477,0.042342327818919556,-0.050639577787634726,
PER,2024Q1,occup,1,0.583530273983513,-0.050639577787634726,0.09502198625595348,
PER,2024Q2,occup,1,0.6785522602394665,0.09502198625595348,-0.0015554733088234407,
PER,2024Q3,occup,1,0.676996786930643,-0.0015554733088234407,0.03407845734521908,
PER,2024Q4,occup,1,0.7110752442758621,0.03407845734521908,-0.07559283329435917,
PER,2025Q1,occup,1,0.6354824109815029,-0.07559283329435917,0.08848918550563656,
PER,2025Q2,occup,1,0.7239715964871395,0.08848918550563656,-0.04103936121533369,
PER,2025Q3,occup,1,0.6829322352718058,-0.04103936121533369,-0.004465167555205873,
PER,2025Q4,occup,1,0.6784670677165999,-0.004465167555205873,0.11094510970221272,
PER,2026Q1,occup,1,0.7894121774188126,0.11094510970221272,0.04197031410371588,
PER,2026Q2,occup,1,0.8313824915225285,0.04197031410371588,,
PER,2022Q1,occup,2,6.209797771938793,,0.5536524695448408,
PER,2022Q2,occup,2,6.763450241483634,0.5536524695448408,0.5463116648545725,
PER,2022Q3,occup,2,7.309761906338206,0.5463116648545725,0.13545899273601503,
PER,2022Q4,occup,2,7.445220899074221,0.13545899273601503,-0.5113512863539516,
PER,2023Q1,occup,2,6.93386961272027,-0.5113512863539516,1.1329029918463105,
PER,2023Q2,occup,2,8.06677260456658,1.1329029918463105,0.4731000743314073,
PER,2023Q3,occup,2,8.539872678897988,0.4731000743314073,-0.14948306143547363,
PER,2023Q4,occup,2,8.390389617462514,-0.14948306143547363,-0.8297697481906532,
PER,2024Q1,occup,2,7.560619869271861,-0.8297697481906532,0.6844307078115701,
PER,2024Q2,occup,2,8.24505057708343,0.6844307078115701,0.17616347588709402,
PER,2024Q3,occup,2,8.421214052970525,0.17616347588709402,0.21309027587048313,
PER,2024Q4,occup,2,8.634304328841008,0.21309027587048313,-0.5498081582450709,
PER,2025Q1,occup,2,8.084496170595937,-0.5498081582450709,0.609330763101271,
PER,2025Q2,occup,2,8.693826933697208,0.609330763101271,0.22248986878469168,
PER,2025Q3,occup,2,8.9163168024819,0.22248986878469168,0.9516079203534886,
PER,2025Q4,occup,2,9.867924722835388,0.9516079203534886,-1.3606805171237006,
PER,2026Q1,occup,2,8.507244205711688,-1.3606805171237006,0.7676085017072012,
PER,2026Q2,occup,2,9.274852707418889,0.7676085017072012,,
PER,2022Q1,occup,3,7.2453283450472,,-0.2541703565670064,
PER,2022Q2,occup,3,6.991157988480194,-0.2541703565670064,0.01879410262476977,
PER,2022Q3,occup,3,7.009952091104964,0.01879410262476977,0.5445501586958965,
PER,2022Q4,occup,3,7.55450224980086,0.5445501586958965,-0.08011180005314511,
PER,2023Q1,occup,3,7.474390449747715,-0.08011180005314511,-0.09513989075208062,
PER,2023Q2,occup,3,7.3792505589956345,-0.09513989075208062,-0.1613935617845117,
PER,2023Q3,occup,3,7.217856997211123,-0.1613935617845117,0.12429741310849085,
PER,2023Q4,occup,3,7.342154410319614,0.12429741310849085,-0.2546129958808052,
PER,2024Q1,occup,3,7.0875414144388085,-0.2546129958808052,0.0012130889894059749,
PER,2024Q2,occup,3,7.0887545034282144,0.0012130889894059749,0.1166163821301458,
PER,2024Q3,occup,3,7.20537088555836,0.1166163821301458,0.2723064031296767,
PER,2024Q4,occup,3,7.477677288688037,0.2723064031296767,-0.5400499654787705,
PER,2025Q1,occup,3,6.9376273232092665,-0.5400499654787705,0.16874802095117758,
PER,2025Q2,occup,3,7.106375344160444,0.16874802095117758,0.4022704792094869,
PER,2025Q3,occup,3,7.508645823369931,0.4022704792094869,0.14670713448207806,
PER,2025Q4,occup,3,7.655352957852009,0.14670713448207806,0.05565899070666891,
PER,2026Q1,occup,3,7.711011948558678,0.05565899070666891,0.06231944451465132,
PER,2026Q2,occup,3,7.773331393073329,0.06231944451465132,,
PER,2022Q1,occup,4,5.40486334165496,,-0.07119782060698387,
PER,2022Q2,occup,4,5.333665521047976,-0.07119782060698387,-0.17103024525331367,
PER,2022Q3,occup,4,5.1626352757946625,-0.17103024525331367,0.7405621321472919,
PER,2022Q4,occup,4,5.9031974079419545,0.7405621321472919,-0.07295476389311784,
PER,2023Q1,occup,4,5.830242644048837,-0.07295476389311784,-0.052346026585062155,
PER,2023Q2,occup,4,5.7778966174637745,-0.052346026585062155,0.15923792776060974,
PER,2023Q3,occup,4,5.937134545224384,0.15923792776060974,-0.08654486943702366,
PER,2023Q4,occup,4,5.8505896757873606,-0.08654486943702366,-0.11032660336773237,
PER,2024Q1,occup,4,5.740263072419628,-0.11032660336773237,-0.0881564692106851,
PER,2024Q2,occup,4,5.652106603208943,-0.0881564692106851,0.19054831681650697,
PER,2024Q3,occup,4,5.84265492002545,0.19054831681650697,-0.12347638415634954,
PER,2024Q4,occup,4,5.7191785358691005,-0.12347638415634954,0.023559690747037898,
PER,2025Q1,occup,4,5.742738226616138,0.023559690747037898,-0.21300422120085738,
PER,2025Q2,occup,4,5.529734005415281,-0.21300422120085738,0.5403397055445289,
PER,2025Q3,occup,4,6.07007371095981,0.5403397055445289,-0.3849126044400162,
PER,2025Q4,occup,4,5.685161106519794,-0.3849126044400162,-0.13074969785194313,
PER,2026Q1,occup,4,5.554411408667851,-0.13074969785194313,0.782671751016581,
PER,2026Q2,occup,4,6.337083159684432,0.782671751016581,,
PER,2022Q1,occup,5,18.167000915865504,,-0.015960161463596023,
PER,2022Q2,occup,5,18.151040754401908,-0.015960161463596023,-0.205513410869667,
PER,2022Q3,occup,5,17.94552734353224,-0.205513410869667,-0.7490394380972809,
PER,2022Q4,occup,5,17.19648790543496,-0.7490394380972809,1.29965304038517,
PER,2023Q1,occup,5,18.49614094582013,1.29965304038517,-0.8152389775946673,
PER,2023Q2,occup,5,17.680901968225463,-0.8152389775946673,0.044869164204587975,
PER,2023Q3,occup,5,17.72577113243005,0.044869164204587975,0.198594600518053,
PER,2023Q4,occup,5,17.924365732948104,0.198594600518053,0.11078815158429478,
PER,2024Q1,occup,5,18.0351538845324,0.11078815158429478,-0.1554599218935735,
PER,2024Q2,occup,5,17.879693962638825,-0.1554599218935735,-0.43547292603777166,
PER,2024Q3,occup,5,17.444221036601053,-0.43547292603777166,-0.2822612299811347,
PER,2024Q4,occup,5,17.16195980661992,-0.2822612299811347,0.8571668318512167,
PER,2025Q1,occup,5,18.019126638471135,0.8571668318512167,-0.5307964505048481,
PER,2025Q2,occup,5,17.488330187966287,-0.5307964505048481,0.17440773242055485,
PER,2025Q3,occup,5,17.662737920386842,0.17440773242055485,0.18052690665905757,
PER,2025Q4,occup,5,17.8432648270459,0.18052690665905757,0.01617565995475445,
PER,2026Q1,occup,5,17.859440487000654,0.01617565995475445,-0.408318790921939,
PER,2026Q2,occup,5,17.451121696078715,-0.408318790921939,,
PER,2022Q1,occup,6,12.214685426073583,,0.0877680732786601,
PER,2022Q2,occup,6,12.302453499352243,0.0877680732786601,-0.21337383382534725,
PER,2022Q3,occup,6,12.089079665526896,-0.21337383382534725,-0.3550669628849601,
PER,2022Q4,occup,6,11.734012702641936,-0.3550669628849601,0.3606224277896235,
PER,2023Q1,occup,6,12.09463513043156,0.3606224277896235,0.08892489996017439,
PER,2023Q2,occup,6,12.183560030391734,0.08892489996017439,-0.4032556312546074,
PER,2023Q3,occup,6,11.780304399137126,-0.4032556312546074,0.20792626792129987,
PER,2023Q4,occup,6,11.988230667058426,0.20792626792129987,0.4941202825611697,
PER,2024Q1,occup,6,12.482350949619596,0.4941202825611697,-0.9145217198663449,
PER,2024Q2,occup,6,11.56782922975325,-0.9145217198663449,-0.015176090206226789,
PER,2024Q3,occup,6,11.552653139547024,-0.015176090206226789,0.1183798657611792,
PER,2024Q4,occup,6,11.671033005308203,0.1183798657611792,0.7121962657696894,
PER,2025Q1,occup,6,12.383229271077893,0.7121962657696894,-0.6641725706975823,
PER,2025Q2,occup,6,11.71905670038031,-0.6641725706975823,0.2693934550193031,
PER,2025Q3,occup,6,11.988450155399613,0.2693934550193031,-0.767667395058881,
PER,2025Q4,occup,6,11.220782760340732,-0.767667395058881,0.40682067330980765,
PER,2026Q1,occup,6,11.62760343365054,0.40682067330980765,-0.3368599502067813,
PER,2026Q2,occup,6,11.290743483443759,-0.3368599502067813,,
PER,2022Q1,occup,7,9.874983677350317,,0.062271284329249,
PER,2022Q2,occup,7,9.937254961679566,0.062271284329249,-0.21360799378529194,
PER,2022Q3,occup,7,9.723646967894274,-0.21360799378529194,-0.3679766848111061,
PER,2022Q4,occup,7,9.355670283083168,-0.3679766848111061,-0.2864222675783985,
PER,2023Q1,occup,7,9.069248015504769,-0.2864222675783985,0.05672357768093761,
PER,2023Q2,occup,7,9.125971593185707,0.05672357768093761,0.4581173712939197,
PER,2023Q3,occup,7,9.584088964479626,0.4581173712939197,0.011503621595403857,
PER,2023Q4,occup,7,9.59559258607503,0.011503621595403857,-0.3954284265572223,
PER,2024Q1,occup,7,9.200164159517808,-0.3954284265572223,0.4071523165544271,
PER,2024Q2,occup,7,9.607316476072235,0.4071523165544271,0.21929757078223133,
PER,2024Q3,occup,7,9.826614046854466,0.21929757078223133,-0.22754538729523688,
PER,2024Q4,occup,7,9.59906865955923,-0.22754538729523688,-0.5860406293432678,
PER,2025Q1,occup,7,9.013028030215962,-0.5860406293432678,0.5157704669110235,
PER,2025Q2,occup,7,9.528798497126985,0.5157704669110235,-0.22727911407139167,
PER,2025Q3,occup,7,9.301519383055593,-0.22727911407139167,0.3102182222078742,
PER,2025Q4,occup,7,9.611737605263468,0.3102182222078742,-0.612187898202901,
PER,2026Q1,occup,7,8.999549707060567,-0.612187898202901,-0.16663417898519484,
PER,2026Q2,occup,7,8.832915528075372,-0.16663417898519484,,
PER,2022Q1,occup,8,7.949202100900073,,-0.033487334148910364,
PER,2022Q2,occup,8,7.9157147667511625,-0.033487334148910364,0.5328200890250203,
PER,2022Q3,occup,8,8.448534855776183,0.5328200890250203,-0.17417472708066484,
PER,2022Q4,occup,8,8.274360128695518,-0.17417472708066484,-0.4074494604725496,
PER,2023Q1,occup,8,7.866910668222968,-0.4074494604725496,0.3559980846599702,
PER,2023Q2,occup,8,8.222908752882939,0.3559980846599702,-0.10481523632580192,
PER,2023Q3,occup,8,8.118093516557137,-0.10481523632580192,0.39707644986257407,
PER,2023Q4,occup,8,8.51516996641971,0.39707644986257407,-0.39829851046581766,
PER,2024Q1,occup,8,8.116871455953893,-0.39829851046581766,0.5588456924690277,
PER,2024Q2,occup,8,8.67571714842292,0.5588456924690277,0.030589217845744088,
PER,2024Q3,occup,8,8.706306366268665,0.030589217845744088,-0.13731438783451466,
PER,2024Q4,occup,8,8.56899197843415,-0.13731438783451466,-0.21388108508864612,
PER,2025Q1,occup,8,8.355110893345504,-0.21388108508864612,0.09395030942802052,
PER,2025Q2,occup,8,8.449061202773525,0.09395030942802052,-0.07362024667351719,
PER,2025Q3,occup,8,8.375440956100007,-0.07362024667351719,-0.36197875008526914,
PER,2025Q4,occup,8,8.013462206014738,-0.36197875008526914,0.25607140239690196,
PER,2026Q1,occup,8,8.26953360841164,0.25607140239690196,0.5238551782447871,
PER,2026Q2,occup,8,8.793388786656427,0.5238551782447871,,
PER,2022Q1,occup,9,31.938693558094293,,-0.3004480348462657,
PER,2022Q2,occup,9,31.638245523248028,-0.3004480348462657,-0.48362312841414834,
PER,2022Q3,occup,9,31.15462239483388,-0.48362312841414834,0.14544969227234006,
PER,2022Q4,occup,9,31.30007208710622,0.14544969227234006,-0.2583219936631096,
PER,2023Q1,occup,9,31.04175009344311,-0.2583219936631096,-0.7460795827546995,
PER,2023Q2,occup,9,30.29567051068841,-0.7460795827546995,-0.5556423704697977,
PER,2023Q3,occup,9,29.740028140218612,-0.5556423704697977,-0.6540016325908198,
PER,2023Q4,occup,9,29.086026507627793,-0.6540016325908198,1.3499946774718978,
PER,2024Q1,occup,9,30.43602118509969,1.3499946774718978,-0.6152117198744627,
PER,2024Q2,occup,9,29.820809465225228,-0.6152117198744627,-0.18460689666688168,
PER,2024Q3,occup,9,29.636202568558346,-0.18460689666688168,0.1555866252028899,
PER,2024Q4,occup,9,29.791789193761236,0.1555866252028899,0.2227759071382387,
PER,2025Q1,occup,9,30.014565100899475,0.2227759071382387,-0.022407846454715497,
PER,2025Q2,occup,9,29.99215725444476,-0.022407846454715497,-1.1091119231433275,
PER,2025Q3,occup,9,28.88304533130143,-1.1091119231433275,0.02818314362765406,
PER,2025Q4,occup,9,28.911228474929086,0.02818314362765406,1.1131402669128434,
PER,2026Q1,occup,9,30.02436874184193,1.1131402669128434,-1.280044359743357,
PER,2026Q2,occup,9,28.744324382098572,-1.280044359743357,,
PER,2022Q1,socialsec,0,62.83901851249376,,0.30643730836258953,
PER,2022Q2,socialsec,0,63.14545582085635,0.30643730836258953,1.2413597469251059,
PER,2022Q3,socialsec,0,64.38681556778145,1.2413597469251059,-0.8661067823199602,
PER,2022Q4,socialsec,0,63.520708785461494,-0.8661067823199602,-1.3927130741750062,
PER,2023Q1,socialsec,0,62.12799571128649,-1.3927130741750062,-1.4311256155503003,
PER,2023Q2,socialsec,0,60.69687009573619,-1.4311256155503003,-0.5000950090643315,
PER,2023Q3,socialsec,0,60.196775086671856,-0.5000950090643315,-0.9468647110764863,
PER,2023Q4,socialsec,0,59.24991037559537,-0.9468647110764863,1.5671136416458538,
PER,2024Q1,socialsec,0,60.81702401724122,1.5671136416458538,-1.2389448377336265,
PER,2024Q2,socialsec,0,59.5780791795076,-1.2389448377336265,0.5586572511106951,
PER,2024Q3,socialsec,0,60.13673643061829,0.5586572511106951,-1.1564099021238974,
PER,2024Q4,socialsec,0,58.980326528494395,-1.1564099021238974,1.6576348831833982,
PER,2025Q1,socialsec,0,60.63796141167779,1.6576348831833982,-1.8233844943875965,
PER,2025Q2,socialsec,0,58.814576917290196,-1.8233844943875965,-1.7197237601920463,
PER,2025Q3,socialsec,0,57.09485315709815,-1.7197237601920463,-0.7834737042798565,
PER,2025Q4,socialsec,0,56.311379452818294,-0.7834737042798565,1.7786968466184305,
PER,2026Q1,socialsec,0,58.090076299436724,1.7786968466184305,-2.7418604401115374,
PER,2026Q2,socialsec,0,55.34821585932519,-2.7418604401115374,,
PER,2022Q1,socialsec,1,37.16098148750625,,-0.30643730836258953,
PER,2022Q2,socialsec,1,36.85454417914366,-0.30643730836258953,-1.2413597469251059,
PER,2022Q3,socialsec,1,35.61318443221855,-1.2413597469251059,0.8661067823199602,
PER,2022Q4,socialsec,1,36.47929121453851,0.8661067823199602,1.392713074174992,
PER,2023Q1,socialsec,1,37.872004288713505,1.392713074174992,1.4311256155503003,
PER,2023Q2,socialsec,1,39.303129904263805,1.4311256155503003,0.5000950090643386,
PER,2023Q3,socialsec,1,39.803224913328144,0.5000950090643386,0.9468647110764792,
PER,2023Q4,socialsec,1,40.75008962440462,0.9468647110764792,-1.5671136416458396,
PER,2024Q1,socialsec,1,39.182975982758784,-1.5671136416458396,1.2389448377336123,
PER,2024Q2,socialsec,1,40.421920820492396,1.2389448377336123,-0.558657251110688,
PER,2024Q3,socialsec,1,39.86326356938171,-0.558657251110688,1.1564099021238974,
PER,2024Q4,socialsec,1,41.019673471505605,1.1564099021238974,-1.6576348831834053,
PER,2025Q1,socialsec,1,39.3620385883222,-1.6576348831834053,1.8233844943876107,
PER,2025Q2,socialsec,1,41.18542308270981,1.8233844943876107,1.719723760192032,
PER,2025Q3,socialsec,1,42.90514684290184,1.719723760192032,0.7834737042798778,
PER,2025Q4,socialsec,1,43.68862054718172,0.7834737042798778,-1.7786968466184518,
PER,2026Q1,socialsec,1,41.90992370056327,-1.7786968466184518,2.7418604401115374,
PER,2026Q2,socialsec,1,44.651784140674806,2.7418604401115374,,
PER,2022Q1,urban,0,17.06752604581876,,-0.12490132862820857,
PER,2022Q2,urban,0,16.94262471719055,-0.12490132862820857,-0.1271109912711701,
PER,2022Q3,urban,0,16.81551372591938,-0.1271109912711701,-0.126611991728236,
PER,2022Q4,urban,0,16.688901734191145,-0.126611991728236,-0.12417714990042938,
PER,2023Q1,urban,0,16.564724584290715,-0.12417714990042938,-2.6549386603449356,
PER,2023Q2,urban,0,13.90978592394578,-2.6549386603449356,-0.3805320178337315,
PER,2023Q3,urban,0,13.529253906112048,-0.3805320178337315,2.665983981639732,
PER,2023Q4,urban,0,16.19523788775178,2.665983981639732,-0.12085560994944444,
PER,2024Q1,urban,0,16.074382277802336,-0.12085560994944444,-0.12047859937863947,
PER,2024Q2,urban,0,15.953903678423696,-0.12047859937863947,-0.12005030189082078,
PER,2024Q3,urban,0,15.833853376532876,-0.12005030189082078,-0.11950071109390059,
PER,2024Q4,urban,0,15.714352665438975,-0.11950071109390059,-0.11900728318031817,
PER,2025Q1,urban,0,15.595345382258657,-0.11900728318031817,-0.11863153411800553,
PER,2025Q2,urban,0,15.476713848140651,-0.11863153411800553,-0.12080719181935962,
PER,2025Q3,urban,0,15.355906656321292,-0.12080719181935962,-0.12146806649407971,
PER,2025Q4,urban,0,15.234438589827212,-0.12146806649407971,-0.12017179190247163,
PER,2026Q1,urban,0,15.11426679792474,-0.12017179190247163,-0.12010794292174332,
PER,2026Q2,urban,0,14.994158855002997,-0.12010794292174332,,
PER,2022Q1,urban,1,82.93247395418123,,0.12490132862822634,
PER,2022Q2,urban,1,83.05737528280946,0.12490132862822634,0.12711099127115233,
PER,2022Q3,urban,1,83.18448627408061,0.12711099127115233,0.12661199172825377,
PER,2022Q4,urban,1,83.31109826580887,0.12661199172825377,0.12417714990041873,
PER,2023Q1,urban,1,83.43527541570928,0.12417714990041873,2.654938660344939,
PER,2023Q2,urban,1,86.09021407605422,2.654938660344939,0.3805320178337297,
PER,2023Q3,urban,1,86.47074609388795,0.3805320178337297,-2.665983981639741,
PER,2023Q4,urban,1,83.80476211224821,-2.665983981639741,0.12085560994945865,
PER,2024Q1,urban,1,83.92561772219767,0.12085560994945865,0.12047859937862881,
PER,2024Q2,urban,1,84.0460963215763,0.12047859937862881,0.12005030189082788,
PER,2024Q3,urban,1,84.16614662346713,0.12005030189082788,0.11950071109390592,
PER,2024Q4,urban,1,84.28564733456103,0.11950071109390592,0.11900728318029508,
PER,2025Q1,urban,1,84.40465461774133,0.11900728318029508,0.1186315341180233,
PER,2025Q2,urban,1,84.52328615185935,0.1186315341180233,0.12080719181935251,
PER,2025Q3,urban,1,84.6440933436787,0.12080719181935251,0.1214680664941028,
PER,2025Q4,urban,1,84.76556141017281,0.1214680664941028,0.12017179190245031,
PER,2026Q1,urban,1,84.88573320207526,0.12017179190245031,0.12010794292174864,
PER,2026Q2,urban,1,85.005841144997,0.12010794292174864,,
GEO,2021Q1,educat7,1,0.7273401659837476,,-0.22284175970793896,
GEO,2021Q2,educat7,1,0.5044984062758087,-0.22284175970793896,-0.03502065282812811,
GEO,2021Q3,educat7,1,0.46947775344768056,-0.03502065282812811,0.27960198036685097,
GEO,2021Q4,educat7,1,0.7490797338145315,0.27960198036685097,0.07029426189749277,
GEO,2022Q1,educat7,1,0.8193739957120243,0.07029426189749277,-0.25972553898006834,
GEO,2022Q2,educat7,1,0.559648456731956,-0.25972553898006834,-0.042116206239374954,
GEO,2022Q3,educat7,1,0.517532250492581,-0.042116206239374954,0.009765115243671518,
GEO,2022Q4,educat7,1,0.5272973657362525,0.009765115243671518,0.10659429017954303,
GEO,2023Q1,educat7,1,0.6338916559157955,0.10659429017954303,0.03455582497146903,
GEO,2023Q2,educat7,1,0.6684474808872646,0.03455582497146903,-0.2452132579018232,
GEO,2023Q3,educat7,1,0.4232342229854414,-0.2452132579018232,-0.08184684851119894,
GEO,2023Q4,educat7,1,0.34138737447424244,-0.08184684851119894,0.11271451262718879,
GEO,2024Q1,educat7,1,0.45410188710143123,0.11271451262718879,0.007773467855409222,
GEO,2024Q2,educat7,1,0.46187535495684046,0.007773467855409222,-0.0971966567460621,
GEO,2024Q3,educat7,1,0.36467869821077836,-0.0971966567460621,-0.053944340695458504,
GEO,2024Q4,educat7,1,0.31073435751531986,-0.053944340695458504,0.044072709578116376,
GEO,2025Q1,educat7,1,0.35480706709343623,0.044072709578116376,0.02997720602925369,
GEO,2025Q2,educat7,1,0.3847842731226899,0.02997720602925369,-0.0270432390746993,
GEO,2025Q3,educat7,1,0.3577410340479906,-0.0270432390746993,-0.032920464650665615,
GEO,2025Q4,educat7,1,0.324820569397325,-0.032920464650665615,,
GEO,2021Q1,educat7,3,1.356899829827532,,0.16971508879886343,
GEO,2021Q2,educat7,3,1.5266149186263955,0.16971508879886343,-0.5006399826122305,
GEO,2021Q3,educat7,3,1.025974936014165,-0.5006399826122305,0.02931218728028795,
GEO,2021Q4,educat7,3,1.055287123294453,0.02931218728028795,0.03336906095687997,
GEO,2022Q1,educat7,3,1.088656184251333,0.03336906095687997,0.0933981557678456,
GEO,2022Q2,educat7,3,1.1820543400191785,0.0933981557678456,-0.3007284322743692,
GEO,2022Q3,educat7,3,0.8813259077448093,-0.3007284322743692,0.04946245270240679,
GEO,2022Q4,educat7,3,0.9307883604472161,0.04946245270240679,0.37241579128850677,
GEO,2023Q1,educat7,3,1.303204151735723,0.37241579128850677,0.14152916489819733,
GEO,2023Q2,educat7,3,1.4447333166339202,0.14152916489819733,-0.46803274914450543,
GEO,2023Q3,educat7,3,0.9767005674894148,-0.46803274914450543,-0.026125881996906686,
GEO,2023Q4,educat7,3,0.9505746854925081,-0.026125881996906686,0.18384183919588293,
GEO,2024Q1,educat7,3,1.134416524688391,0.18384183919588293,0.30811516675982786,
GEO,2024Q2,educat7,3,1.442531691448219,0.30811516675982786,-0.23005151127577816,
GEO,2024Q3,educat7,3,1.2124801801724407,-0.23005151127577816,-0.2307558517763888,
GEO,2024Q4,educat7,3,0.981724328396052,-0.2307558517763888,-0.03300790716087898,
GEO,2025Q1,educat7,3,0.948716421235173,-0.03300790716087898,0.18316267530841557,
GEO,2025Q2,educat7,3,1.1318790965435885,0.18316267530841557,-0.37974633651549194,
GEO,2025Q3,educat7,3,0.7521327600280966,-0.37974633651549194,0.6941054935421357,
GEO,2025Q4,educat7,3,1.4462382535702323,0.6941054935421357,,
GEO,2021Q1,educat7,4,10.783299060794322,,-0.40132106539547685,
GEO,2021Q2,educat7,4,10.381977995398845,-0.40132106539547685,-0.9056847448087524,
GEO,2021Q3,educat7,4,9.476293250590093,-0.9056847448087524,0.05687773905915705,
GEO,2021Q4,educat7,4,9.53317098964925,0.05687773905915705,0.9121298607975987,
GEO,2022Q1,educat7,4,10.445300850446849,0.9121298607975987,-0.41112284015673417,
GEO,2022Q2,educat7,4,10.034178010290114,-0.41112284015673417,-0.6310275647351933,
GEO,2022Q3,educat7,4,9.403150445554921,-0.6310275647351933,0.058648763567978435,
GEO,2022Q4,educat7,4,9.4617992091229,0.058648763567978435,0.2182090501557763,
GEO,2023Q1,educat7,4,9.680008259278676,0.2182090501557763,-0.1613185233508876,
GEO,2023Q2,educat7,4,9.518689735927788,-0.1613185233508876,-0.4361727681053367,
GEO,2023Q3,educat7,4,9.082516967822452,-0.4361727681053367,0.03686667919681774,
GEO,2023Q4,educat7,4,9.11938364701927,0.03686667919681774,0.34314469975666917,
GEO,2024Q1,educat7,4,9.462528346775938,0.34314469975666917,0.36818111402119236,
GEO,2024Q2,educat7,4,9.83070946079713,0.36818111402119236,0.49797333261992804,
GEO,2024Q3,educat7,4,10.328682793417059,0.49797333261992804,-1.0856639075254773,
GEO,2024Q4,educat7,4,9.243018885891582,-1.0856639075254773,-0.3290134921308496,
GEO,2025Q1,educat7,4,8.914005393760732,-0.3290134921308496,0.2877874717532496,
GEO,2025Q2,educat7,4,9.201792865513982,0.2877874717532496,0.14566250878712772,
GEO,2025Q3,educat7,4,9.34745537430111,0.14566250878712772,-0.9022023049515937,
GEO,2025Q4,educat7,4,8.445253069349516,-0.9022023049515937,,
GEO,2021Q1,educat7,5,40.98523883982401,,1.134621623618436,
GEO,2021Q2,educat7,5,42.11986046344244,1.134621623618436,0.6441073315220649,
GEO,2021Q3,educat7,5,42.76396779496451,0.6441073315220649,0.13827474405328388,
GEO,2021Q4,educat7,5,42.90224253901779,0.13827474405328388,-0.4410015209882445,
GEO,2022Q1,educat7,5,42.46124101802955,-0.4410015209882445,-0.27580457039196205,
GEO,2022Q2,educat7,5,42.185436447637585,-0.27580457039196205,0.30884405348944455,
GEO,2022Q3,educat7,5,42.49428050112703,0.30884405348944455,0.40861266774623317,
GEO,2022Q4,educat7,5,42.90289316887326,0.40861266774623317,-0.30969662982111856,
GEO,2023Q1,educat7,5,42.593196539052144,-0.30969662982111856,-0.6466979004855844,
GEO,2023Q2,educat7,5,41.94649863856656,-0.6466979004855844,0.6255370353582634,
GEO,2023Q3,educat7,5,42.57203567392482,0.6255370353582634,1.4092290312773557,
GEO,2023Q4,educat7,5,43.98126470520218,1.4092290312773557,0.4742148954309471,
GEO,2024Q1,educat7,5,44.455479600633126,0.4742148954309471,-0.817343691968702,
GEO,2024Q2,educat7,5,43.638135908664424,-0.817343691968702,-0.8798885604535158,
GEO,2024Q3,educat7,5,42.75824734821091,-0.8798885604535158,1.004968279907139,
GEO,2024Q4,educat7,5,43.76321562811805,1.004968279907139,2.0863363617301474,
GEO,2025Q1,educat7,5,45.849551989848194,2.0863363617301474,0.19212339052074157,
GEO,2025Q2,educat7,5,46.041675380368936,0.19212339052074157,-0.7341148424576502,
GEO,2025Q3,educat7,5,45.307560537911286,-0.7341148424576502,-0.2157279646211876,
GEO,2025Q4,educat7,5,45.0918325732901,-0.2157279646211876,,
GEO,2021Q1,educat7,6,16.481186687076423,,-0.8022480374181598,
GEO,2021Q2,educat7,6,15.678938649658264,-0.8022480374181598,0.29992249200757826,
GEO,2021Q3,educat7,6,15.978861141665842,0.29992249200757826,-0.764106186330249,
GEO,2021Q4,educat7,6,15.214754955335593,-0.764106186330249,-0.1274157642817464,
GEO,2022Q1,educat7,6,15.087339191053847,-0.1274157642817464,0.3978898014064427,
GEO,2022Q2,educat7,6,15.48522899246029,0.3978898014064427,0.4718348015900258,
GEO,2022Q3,educat7,6,15.957063794050315,0.4718348015900258,-0.5059200343689323,
GEO,2022Q4,educat7,6,15.451143759681383,-0.5059200343689323,-0.558686071207033,
GEO,2023Q1,educat7,6,14.89245768847435,-0.558686071207033,0.22878739670272452,
GEO,2023Q2,educat7,6,15.121245085177074,0.22878739670272452,0.07764605196938312,
GEO,2023Q3,educat7,6,15.198891137146457,0.07764605196938312,-0.3717397320602611,
GEO,2023Q4,educat7,6,14.827151405086196,-0.3717397320602611,-0.13684062322746904,
GEO,2024Q1,educat7,6,14.690310781858727,-0.13684062322746904,-0.10538847339014801,
GEO,2024Q2,educat7,6,14.58492230846858,-0.10538847339014801,0.2727749671364599,
GEO,2024Q3,educat7,6,14.85769727560504,0.2727749671364599,-0.05643182117501233,
GEO,2024Q4,educat7,6,14.801265454430027,-0.05643182117501233,-0.1597874432048041,
GEO,2025Q1,educat7,6,14.641478011225223,-0.1597874432048041,-0.6304085978636778,
GEO,2025Q2,educat7,6,14.011069413361545,-0.6304085978636778,0.18509003814835623,
GEO,2025Q3,educat7,6,14.196159451509901,0.18509003814835623,0.7025068720801357,
GEO,2025Q4,educat7,6,14.898666323590037,0.7025068720801357,,
GEO,2021Q1,educat7,7,29.3380288519645,,0.18258873545445908,
GEO,2021Q2,educat7,7,29.520617587418958,0.18258873545445908,0.48644653149359485,
GEO,2021Q3,educat7,7,30.007064118912552,0.48644653149359485,0.20558493749149775,
GEO,2021Q4,educat7,7,30.21264905640405,0.20558493749149775,-0.46869611743851536,
GEO,2022Q1,educat7,7,29.743952938965535,-0.46869611743851536,0.47900923894384206,
GEO,2022Q2,educat7,7,30.222962177909377,0.47900923894384206,0.1554333549702669,
GEO,2022Q3,educat7,7,30.378395532879644,0.1554333549702669,0.008555870074207661,
GEO,2022Q4,educat7,7,30.38695140295385,0.008555870074207661,0.09643583269845735,
GEO,2023Q1,educat7,7,30.48338723565231,0.09643583269845735,0.4321286536192446,
GEO,2023Q2,educat7,7,30.915515889271553,0.4321286536192446,0.3418130439005118,
GEO,2023Q3,educat7,7,31.257328933172065,0.3418130439005118,-1.0747090520232732,
GEO,2023Q4,educat7,7,30.182619881148792,-1.0747090520232732,-0.8605346779093352,
GEO,2024Q1,educat7,7,29.322085203239457,-0.8605346779093352,0.2735659501261445,
GEO,2024Q2,educat7,7,29.5956511533656,0.2735659501261445,0.48051536337326795,
GEO,2024Q3,educat7,7,30.07616651673887,0.48051536337326795,0.3379286293059103,
GEO,2024Q4,educat7,7,30.41409514604478,0.3379286293059103,-1.4863955495308403,
GEO,2025Q1,educat7,7,28.92769959651394,-1.4863955495308403,-0.0484514765385633,
GEO,2025Q2,educat7,7,28.879248119975376,-0.0484514765385633,0.8234083278211877,
GEO,2025Q3,educat7,7,29.702656447796564,0.8234083278211877,-0.2850662596030702,
GEO,2025Q4,educat7,7,29.417590188193493,-0.2850662596030702,,
GEO,2021Q1,educat7,NA,0.3280065645294662,,-0.06051458535019699,
GEO,2021Q2,educat7,NA,0.2674919791792692,-0.06051458535019699,0.010869025225887508,
GEO,2021Q3,educat7,NA,0.2783610044051567,0.010869025225887508,0.05445459807916653,
GEO,2021Q4,educat7,NA,0.33281560248432324,0.05445459807916653,0.021320219056554013,
GEO,2022Q1,educat7,NA,0.35413582154087725,0.021320219056554013,-0.023644246589376416,
GEO,2022Q2,educat7,NA,0.33049157495150083,-0.023644246589376416,0.03775999319919582,
GEO,2022Q3,educat7,NA,0.36825156815069665,0.03775999319919582,-0.029124834965567947,
GEO,2022Q4,educat7,NA,0.3391267331851287,-0.029124834965567947,0.0747277367058704,
GEO,2023Q1,educat7,NA,0.4138544698909991,0.0747277367058704,-0.028984616355148374,
GEO,2023Q2,educat7,NA,0.38486985353585074,-0.028984616355148374,0.10442264392349326,
GEO,2023Q3,educat7,NA,0.489292497459344,0.10442264392349326,0.10832580411746806,
GEO,2023Q4,educat7,NA,0.5976183015768121,0.10832580411746806,-0.11654064587388663,
GEO,2024Q1,educat7,NA,0.48107765570292543,-0.11654064587388663,-0.03490353340372304,
GEO,2024Q2,educat7,NA,0.4461741222992024,-0.03490353340372304,-0.04412693465428996,
GEO,2024Q3,educat7,NA,0.40204718764491243,-0.04412693465428996,0.08389901195926802,
GEO,2024Q4,educat7,NA,0.48594619960418045,0.08389901195926802,-0.1222046792808954,
GEO,2025Q1,educat7,NA,0.36374152032328505,-0.1222046792808954,-0.014190669209395657,
GEO,2025Q2,educat7,NA,0.3495508511138894,-0.014190669209395657,-0.013256456708834685,
GEO,2025Q3,educat7,NA,0.3362943944050547,-0.013256456708834685,0.03930462820427072,
GEO,2025Q4,educat7,NA,0.37559902260932543,0.03930462820427072,,
GEO,2021Q1,empstat,1,69.29381792347222,,-0.8137356764586912,
GEO,2021Q2,empstat,1,68.48008224701353,-0.8137356764586912,-1.2080286680643724,
GEO,2021Q3,empstat,1,67.27205357894915,-1.2080286680643724,0.3307811016557167,
GEO,2021Q4,empstat,1,67.60283468060487,0.3307811016557167,0.4802700166506071,
GEO,2022Q1,empstat,1,68.08310469725548,0.4802700166506071,0.26261111392462055,
GEO,2022Q2,empstat,1,68.3457158111801,0.26261111392462055,-1.083492923941563,
GEO,2022Q3,empstat,1,67.26222288723854,-1.083492923941563,0.47136124741707874,
GEO,2022Q4,empstat,1,67.73358413465562,0.47136124741707874,0.15630165822936704,
GEO,2023Q1,empstat,1,67.88988579288498,0.15630165822936704,1.1694892226849731,
GEO,2023Q2,empstat,1,69.05937501556996,1.1694892226849731,-0.027430579352511586,
GEO,2023Q3,empstat,1,69.03194443621744,-0.027430579352511586,0.7850261325173022,
GEO,2023Q4,empstat,1,69.81697056873475,0.7850261325173022,-1.8432195187174756,
GEO,2024Q1,empstat,1,67.97375105001727,-1.8432195187174756,-0.5444814771089312,
GEO,2024Q2,empstat,1,67.42926957290834,-0.5444814771089312,1.7915147709591963,
GEO,2024Q3,empstat,1,69.22078434386754,1.7915147709591963,0.05267911037552153,
GEO,2024Q4,empstat,1,69.27346345424306,0.05267911037552153,-0.5435407565014003,
GEO,2025Q1,empstat,1,68.72992269774166,-0.5435407565014003,0.10479760508572156,
GEO,2025Q2,empstat,1,68.83472030282738,0.10479760508572156,1.0328568448554023,
GEO,2025Q3,empstat,1,69.86757714768278,1.0328568448554023,-0.6625899359982839,
GEO,2025Q4,empstat,1,69.2049872116845,-0.6625899359982839,,
GEO,2021Q1,empstat,2,6.871454911027545,,0.7110509955918385,
GEO,2021Q2,empstat,2,7.582505906619383,0.7110509955918385,0.46799732280949335,
GEO,2021Q3,empstat,2,8.050503229428877,0.46799732280949335,-1.18342040307546,
GEO,2021Q4,empstat,2,6.867082826353417,-1.18342040307546,-0.2555103995912722,
GEO,2022Q1,empstat,2,6.6115724267621445,-0.2555103995912722,0.025595572708861702,
GEO,2022Q2,empstat,2,6.637167999471006,0.025595572708861702,-0.04337183816109569,
GEO,2022Q3,empstat,2,6.5937961613099105,-0.04337183816109569,-0.5361724775199166,
GEO,2022Q4,empstat,2,6.057623683789994,-0.5361724775199166,-0.562878584184122,
GEO,2023Q1,empstat,2,5.494745099605872,-0.562878584184122,0.44515223318592323,
GEO,2023Q2,empstat,2,5.939897332791795,0.44515223318592323,-0.21662282276661937,
GEO,2023Q3,empstat,2,5.723274510025176,-0.21662282276661937,-0.2469327847313032,
GEO,2023Q4,empstat,2,5.476341725293873,-0.2469327847313032,0.05115014675908913,
GEO,2024Q1,empstat,2,5.527491872052962,0.05115014675908913,1.1274727974609622,
GEO,2024Q2,empstat,2,6.654964669513924,1.1274727974609622,-0.5784080532562754,
GEO,2024Q3,empstat,2,6.0765566162576485,-0.5784080532562754,-0.1898424008523767,
GEO,2024Q4,empstat,2,5.886714215405272,-0.1898424008523767,-0.5797797010799544,
GEO,2025Q1,empstat,2,5.3069345143253175,-0.5797797010799544,0.6132856479616144,
GEO,2025Q2,empstat,2,5.920220162286932,0.6132856479616144,0.02394521287767315,
GEO,2025Q3,empstat,2,5.944165375164605,0.02394521287767315,0.12089092451910144,
GEO,2025Q4,empstat,2,6.0650562996837065,0.12089092451910144,,
GEO,2021Q1,empstat,4,23.72674446566444,,0.1291822330773833,
GEO,2021Q2,empstat,4,23.855926698741822,0.1291822330773833,0.7631662802436168,
GEO,2021Q3,empstat,4,24.61909297898544,0.7631662802436168,0.8591564657567936,
GEO,2021Q4,empstat,4,25.478249444742232,0.8591564657567936,-0.25967260269579384,
GEO,2022Q1,empstat,4,25.21857684204644,-0.25967260269579384,-0.2620086633670766,
GEO,2022Q2,empstat,4,24.956568178679362,-0.2620086633670766,1.1519810563741721,
GEO,2022Q3,empstat,4,26.108549235053534,1.1519810563741721,0.04410047477533752,
GEO,2022Q4,empstat,4,26.15264970982887,0.04410047477533752,0.4056754189794525,
GEO,2023Q1,empstat,4,26.558325128808324,0.4056754189794525,-1.594752629589216,
GEO,2023Q2,empstat,4,24.963572499219108,-1.594752629589216,0.2577840962642455,
GEO,2023Q3,empstat,4,25.221356595483353,0.2577840962642455,-0.5539115287081096,
GEO,2023Q4,empstat,4,24.667445066775244,-0.5539115287081096,1.7775053502000944,
GEO,2024Q1,empstat,4,26.444950416975338,1.7775053502000944,-0.5675955425085597,
GEO,2024Q2,empstat,4,25.87735487446678,-0.5675955425085597,-1.2121755009551514,
GEO,2024Q3,empstat,4,24.665179373511627,-1.2121755009551514,0.13565988718205801,
GEO,2024Q4,empstat,4,24.800839260693685,0.13565988718205801,1.0725937983820195,
GEO,2025Q1,empstat,4,25.873433059075705,1.0725937983820195,-0.8907027025617111,
GEO,2025Q2,empstat,4,24.982730356513994,-0.8907027025617111,-0.9541066655728088,
GEO,2025Q3,empstat,4,24.028623690941185,-0.9541066655728088,0.5609819138317782,
GEO,2025Q4,empstat,4,24.589605604772963,0.5609819138317782,,
GEO,2021Q1,empstat,5,0.10798269983579997,,-0.02649755221053597,
GEO,2021Q2,empstat,5,0.081485147625264,-0.02649755221053597,-0.023134934988739288,
GEO,2021Q3,empstat,5,0.05835021263652471,-0.023134934988739288,-0.006517164337054661,
GEO,2021Q4,empstat,5,0.05183304829947005,-0.006517164337054661,0.03491298563646622,
GEO,2022Q1,empstat,5,0.08674603393593627,0.03491298563646622,-0.02619802326640406,
GEO,2022Q2,empstat,5,0.060548010669532214,-0.02619802326640406,-0.02511629427150778,
GEO,2022Q3,empstat,5,0.035431716398024435,-0.02511629427150778,0.02071075532748478,
GEO,2022Q4,empstat,5,0.056142471725509215,0.02071075532748478,0.0009015069752917534,
GEO,2023Q1,empstat,5,0.05704397870080097,0.0009015069752917534,-0.01988882628167192,
GEO,2023Q2,empstat,5,0.03715515241912905,-0.01988882628167192,-0.013730694145115727,
GEO,2023Q3,empstat,5,0.02342445827401332,-0.013730694145115727,0.01581818092212811,
GEO,2023Q4,empstat,5,0.03924263919614143,0.01581818092212811,0.01456402175827052,
GEO,2024Q1,empstat,5,0.05380666095441195,0.01456402175827052,-0.015395777843451086,
GEO,2024Q2,empstat,5,0.038410883110960865,-0.015395777843451086,-0.0009312167477693173,
GEO,2024Q3,empstat,5,0.03747966636319155,-0.0009312167477693173,0.0015034032947881804,
GEO,2024Q4,empstat,5,0.03898306965797973,0.0015034032947881804,0.05072665919934372,
GEO,2025Q1,empstat,5,0.08970972885732345,0.05072665919934372,0.17261944951435979,
GEO,2025Q2,empstat,5,0.26232917837168324,0.17261944951435979,-0.10269539216025514,
GEO,2025Q3,empstat,5,0.1596337862114281,-0.10269539216025514,-0.0192829023525945,
GEO,2025Q4,empstat,5,0.1403508838588336,-0.0192829023525945,,
GEO,2021Q1,industrycat10,1,17.877433571057097,,1.429792689847222,
GEO,2021Q2,industrycat10,1,19.30722626090432,1.429792689847222,0.28256887027596633,
GEO,2021Q3,industrycat10,1,19.589795131180285,0.28256887027596633,-0.7934604323196055,
GEO,2021Q4,industrycat10,1,18.79633469886068,-0.7934604323196055,-0.686130220854487,
GEO,2022Q1,industrycat10,1,18.110204478006192,-0.686130220854487,-0.0910454409354493,
GEO,2022Q2,industrycat10,1,18.019159037070743,-0.0910454409354493,0.25152469289054835,
GEO,2022Q3,industrycat10,1,18.27068372996129,0.25152469289054835,-1.2314176306070088,
GEO,2022Q4,industrycat10,1,17.039266099354283,-1.2314176306070088,-0.17402726132848656,
GEO,2023Q1,industrycat10,1,16.865238838025796,-0.17402726132848656,0.5458920846979112,
GEO,2023Q2,industrycat10,1,17.411130922723707,0.5458920846979112,-0.48628519124072866,
GEO,2023Q3,industrycat10,1,16.92484573148298,-0.48628519124072866,-1.921968195483485,
GEO,2023Q4,industrycat10,1,15.002877535999493,-1.921968195483485,0.5688364474861309,
GEO,2024Q1,industrycat10,1,15.571713983485624,0.5688364474861309,2.2620563820934354,
GEO,2024Q2,industrycat10,1,17.83377036557906,2.2620563820934354,-1.9882723058373344,
GEO,2024Q3,industrycat10,1,15.845498059741725,-1.9882723058373344,-0.8875509549199094,
GEO,2024Q4,industrycat10,1,14.957947104821816,-0.8875509549199094,0.39230617627162445,
GEO,2025Q1,industrycat10,1,15.35025328109344,0.39230617627162445,1.5375195215306086,
GEO,2025Q2,industrycat10,1,16.88777280262405,1.5375195215306086,-1.5582059481990385,
GEO,2025Q3,industrycat10,1,15.32956685442501,-1.5582059481990385,-0.03680046147680649,
GEO,2025Q4,industrycat10,1,15.292766392948204,-0.03680046147680649,,
GEO,2021Q1,industrycat10,10,24.600487911761768,,-2.1044689248857367,
GEO,2021Q2,industrycat10,10,22.49601898687603,-2.1044689248857367,-1.3953651303811085,
GEO,2021Q3,industrycat10,10,21.100653856494922,-1.3953651303811085,2.4621488041020605,
GEO,2021Q4,industrycat10,10,23.562802660596983,2.4621488041020605,0.38278156122837004,
GEO,2022Q1,industrycat10,10,23.945584221825353,0.38278156122837004,-1.0453510625795879,
GEO,2022Q2,industrycat10,10,22.900233159245765,-1.0453510625795879,-1.1230344193656876,
GEO,2022Q3,industrycat10,10,21.777198739880077,-1.1230344193656876,0.7258943928973167,
GEO,2022Q4,industrycat10,10,22.503093132777394,0.7258943928973167,0.8909864882875702,
GEO,2023Q1,industrycat10,10,23.394079621064964,0.8909864882875702,-0.7857399626812551,
GEO,2023Q2,industrycat10,10,22.60833965838371,-0.7857399626812551,-0.7832263347959803,
GEO,2023Q3,industrycat10,10,21.82511332358773,-0.7832263347959803,-0.8530150644766294,
GEO,2023Q4,industrycat10,10,20.9720982591111,-0.8530150644766294,0.7055589425581097,
GEO,2024Q1,industrycat10,10,21.67765720166921,0.7055589425581097,-0.2720827609048868,
GEO,2024Q2,industrycat10,10,21.405574440764322,-0.2720827609048868,0.48390594408050447,
GEO,2024Q3,industrycat10,10,21.889480384844827,0.48390594408050447,0.41194273846966567,
GEO,2024Q4,industrycat10,10,22.301423123314493,0.41194273846966567,-0.29572375914885995,
GEO,2025Q1,industrycat10,10,22.005699364165633,-0.29572375914885995,0.34125554860298024,
GEO,2025Q2,industrycat10,10,22.346954912768613,0.34125554860298024,0.45731744507781613,
GEO,2025Q3,industrycat10,10,22.80427235784643,0.45731744507781613,-0.2737175224401227,
GEO,2025Q4,industrycat10,10,22.530554835406306,-0.2737175224401227,,
GEO,2021Q1,industrycat10,2,1.1107450593654162,,-0.15541597130397822,
GEO,2021Q2,industrycat10,2,0.955329088061438,-0.15541597130397822,-0.3058467217083878,
GEO,2021Q3,industrycat10,2,0.6494823663530502,-0.3058467217083878,-0.135401876314043,
GEO,2021Q4,industrycat10,2,0.5140804900390072,-0.135401876314043,0.08775801618740442,
GEO,2022Q1,industrycat10,2,0.6018385062264117,0.08775801618740442,0.19405349180102127,
GEO,2022Q2,industrycat10,2,0.7958919980274329,0.19405349180102127,0.12468732697344242,
GEO,2022Q3,industrycat10,2,0.9205793250008754,0.12468732697344242,-0.027646198567038094,
GEO,2022Q4,industrycat10,2,0.8929331264338373,-0.027646198567038094,-0.20677165068129422,
GEO,2023Q1,industrycat10,2,0.686161475752543,-0.20677165068129422,0.08691309764070054,
GEO,2023Q2,industrycat10,2,0.7730745733932436,0.08691309764070054,0.18259551524404594,
GEO,2023Q3,industrycat10,2,0.9556700886372895,0.18259551524404594,0.0020955483747964188,
GEO,2023Q4,industrycat10,2,0.957765637012086,0.0020955483747964188,-0.38790397204917404,
GEO,2024Q1,industrycat10,2,0.5698616649629119,-0.38790397204917404,0.16064428169238243,
GEO,2024Q2,industrycat10,2,0.7305059466552943,0.16064428169238243,0.19333101408013675,
GEO,2024Q3,industrycat10,2,0.9238369607354311,0.19333101408013675,-0.19477089817951354,
GEO,2024Q4,industrycat10,2,0.7290660625559175,-0.19477089817951354,-0.1365373780712369,
GEO,2025Q1,industrycat10,2,0.5925286844846807,-0.1365373780712369,0.0874207572098813,
GEO,2025Q2,industrycat10,2,0.679949441694562,0.0874207572098813,0.125835640321723,
GEO,2025Q3,industrycat10,2,0.805785082016285,0.125835640321723,-0.0878568276272974,
GEO,2025Q4,industrycat10,2,0.7179282543889876,-0.0878568276272974,,
GEO,2021Q1,industrycat10,3,6.97211903112874,,0.8453591224474337,
GEO,2021Q2,industrycat10,3,7.8174781535761735,0.8453591224474337,0.9310202605351456,
GEO,2021Q3,industrycat10,3,8.74849841411132,0.9310202605351456,-0.3328456508133826,
GEO,2021Q4,industrycat10,3,8.415652763297937,-0.3328456508133826,-0.7838283660353822,
GEO,2022Q1,industrycat10,3,7.631824397262554,-0.7838283660353822,0.01195687418181457,
GEO,2022Q2,industrycat10,3,7.643781271444369,0.01195687418181457,0.48313916298905735,
GEO,2022Q3,industrycat10,3,8.126920434433426,0.48313916298905735,0.31356399615057917,
GEO,2022Q4,industrycat10,3,8.440484430584005,0.31356399615057917,-0.7976633386690413,
GEO,2023Q1,industrycat10,3,7.642821091914964,-0.7976633386690413,-0.5121961593128477,
GEO,2023Q2,industrycat10,3,7.1306249326021165,-0.5121961593128477,0.1633966943403733,
GEO,2023Q3,industrycat10,3,7.29402162694249,0.1633966943403733,-0.37724322831775847,
GEO,2023Q4,industrycat10,3,6.916778398624731,-0.37724322831775847,1.0075235737475206,
GEO,2024Q1,industrycat10,3,7.924301972372252,1.0075235737475206,0.08767363535175043,
GEO,2024Q2,industrycat10,3,8.011975607724002,0.08767363535175043,-0.23125997181962443,
GEO,2024Q3,industrycat10,3,7.780715635904378,-0.23125997181962443,0.27170902785448003,
GEO,2024Q4,industrycat10,3,8.052424663758858,0.27170902785448003,0.33691946713062926,
GEO,2025Q1,industrycat10,3,8.389344130889487,0.33691946713062926,0.039247308416316073,
GEO,2025Q2,industrycat10,3,8.428591439305803,0.039247308416316073,-0.18501430450359813,
GEO,2025Q3,industrycat10,3,8.243577134802205,-0.18501430450359813,-0.38314926480966616,
GEO,2025Q4,industrycat10,3,7.860427869992539,-0.38314926480966616,,
GEO,2021Q1,industrycat10,4,2.473447342361029,,0.19055744889420811,
GEO,2021Q2,industrycat10,4,2.664004791255237,0.19055744889420811,-0.1486546473830983,
GEO,2021Q3,industrycat10,4,2.515350143872139,-0.1486546473830983,-0.36491546301722666,
GEO,2021Q4,industrycat10,4,2.150434680854912,-0.36491546301722666,0.4687707505563945,
GEO,2022Q1,industrycat10,4,2.6192054314113067,0.4687707505563945,0.501476034062331,
GEO,2022Q2,industrycat10,4,3.1206814654736377,0.501476034062331,0.11633508288897998,
GEO,2022Q3,industrycat10,4,3.2370165483626177,0.11633508288897998,0.12368045811786654,
GEO,2022Q4,industrycat10,4,3.360697006480484,0.12368045811786654,0.5661624967090848,
GEO,2023Q1,industrycat10,4,3.926859503189569,0.5661624967090848,0.04147471920648016,
GEO,2023Q2,industrycat10,4,3.968334222396049,0.04147471920648016,-0.21384261587512787,
GEO,2023Q3,industrycat10,4,3.7544916065209213,-0.21384261587512787,1.1234563351251659,
GEO,2023Q4,industrycat10,4,4.877947941646087,1.1234563351251659,0.02014936498303843,
GEO,2024Q1,industrycat10,4,4.898097306629126,0.02014936498303843,-1.0653282359324248,
GEO,2024Q2,industrycat10,4,3.832769070696701,-1.0653282359324248,-0.009072698330736095,
GEO,2024Q3,industrycat10,4,3.8236963723659647,-0.009072698330736095,0.33037353070545006,
GEO,2024Q4,industrycat10,4,4.154069903071415,0.33037353070545006,-0.03416252910030071,
GEO,2025Q1,industrycat10,4,4.119907373971114,-0.03416252910030071,0.24816612931067983,
GEO,2025Q2,industrycat10,4,4.368073503281794,0.24816612931067983,-0.10654660810397942,
GEO,2025Q3,industrycat10,4,4.2615268951778145,-0.10654660810397942,0.216915896946408,
GEO,2025Q4,industrycat10,4,4.4784427921242225,0.216915896946408,,
GEO,2021Q1,industrycat10,5,7.3398615919666295,,0.1403630156211788,
GEO,2021Q2,industrycat10,5,7.480224607587808,0.1403630156211788,0.4120395659588052,
GEO,2021Q3,industrycat10,5,7.8922641735466135,0.4120395659588052,0.3587087772964397,
GEO,2021Q4,industrycat10,5,8.250972950843053,0.3587087772964397,0.05333362985054535,
GEO,2022Q1,industrycat10,5,8.304306580693599,0.05333362985054535,-0.05014045021254354,
GEO,2022Q2,industrycat10,5,8.254166130481055,-0.05014045021254354,0.4175112285403646,
GEO,2022Q3,industrycat10,5,8.67167735902142,0.4175112285403646,-0.09093360478308732,
GEO,2022Q4,industrycat10,5,8.580743754238332,-0.09093360478308732,-0.29700591658884257,
GEO,2023Q1,industrycat10,5,8.28373783764949,-0.29700591658884257,0.14700055974289583,
GEO,2023Q2,industrycat10,5,8.430738397392386,0.14700055974289583,0.5257127486172255,
GEO,2023Q3,industrycat10,5,8.956451146009611,0.5257127486172255,0.6434204170953688,
GEO,2023Q4,industrycat10,5,9.59987156310498,0.6434204170953688,-0.6459507863376022,
GEO,2024Q1,industrycat10,5,8.953920776767378,-0.6459507863376022,-0.443842104352397,
GEO,2024Q2,industrycat10,5,8.51007867241498,-0.443842104352397,0.551465745969459,
GEO,2024Q3,industrycat10,5,9.06154441838444,0.551465745969459,-0.13918144093558382,
GEO,2024Q4,industrycat10,5,8.922362977448856,-0.13918144093558382,-0.12232404401726171,
GEO,2025Q1,industrycat10,5,8.800038933431594,-0.12232404401726171,-0.3337663836754654,
GEO,2025Q2,industrycat10,5,8.466272549756129,-0.3337663836754654,0.7413435158142594,
GEO,2025Q3,industrycat10,5,9.207616065570388,0.7413435158142594,-0.40802892965909265,
GEO,2025Q4,industrycat10,5,8.799587135911295,-0.40802892965909265,,
GEO,2021Q1,industrycat10,6,17.292069331262933,,0.4338862390104694,
GEO,2021Q2,industrycat10,6,17.725955570273403,0.4338862390104694,0.5380129749179581,
GEO,2021Q3,industrycat10,6,18.26396854519136,0.5380129749179581,-1.227502250341562,
GEO,2021Q4,industrycat10,6,17.0364662948498,-1.227502250341562,1.208273478916933,
GEO,2022Q1,industrycat10,6,18.24473977376673,1.208273478916933,-0.23454279276452894,
GEO,2022Q2,industrycat10,6,18.010196981002203,-0.23454279276452894,0.4769904993015537,
GEO,2022Q3,industrycat10,6,18.487187480303756,0.4769904993015537,0.07039139190444033,
GEO,2022Q4,industrycat10,6,18.557578872208197,0.07039139190444033,0.06596937008437109,
GEO,2023Q1,industrycat10,6,18.623548242292568,0.06596937008437109,0.23607269491438032,
GEO,2023Q2,industrycat10,6,18.859620937206948,0.23607269491438032,0.30002833855204614,
GEO,2023Q3,industrycat10,6,19.159649275758994,0.30002833855204614,1.1408812114140972,
GEO,2023Q4,industrycat10,6,20.30053048717309,1.1408812114140972,0.5853231915614252,
GEO,2024Q1,industrycat10,6,20.885853678734517,0.5853231915614252,-1.100240094979263,
GEO,2024Q2,industrycat10,6,19.785613583755254,-1.100240094979263,1.1746975118240428,
GEO,2024Q3,industrycat10,6,20.960311095579296,1.1746975118240428,-0.7217737283694738,
GEO,2024Q4,industrycat10,6,20.238537367209823,-0.7217737283694738,-0.5355930559147524,
GEO,2025Q1,industrycat10,6,19.70294431129507,-0.5355930559147524,-1.2109446408888047,
GEO,2025Q2,industrycat10,6,18.491999670406265,-1.2109446408888047,1.2130051136219357,
GEO,2025Q3,industrycat10,6,19.7050047840282,1.2130051136219357,0.7264635329614926,
GEO,2025Q4,industrycat10,6,20.431468316989694,0.7264635329614926,,
GEO,2021Q1,industrycat10,7,8.631796271024838,,-1.4954078448072812,
GEO,2021Q2,industrycat10,7,7.1363884262175565,-1.4954078448072812,0.023472884594110788,
GEO,2021Q3,industrycat10,7,7.159861310811667,0.023472884594110788,1.0384839262385448,
GEO,2021Q4,industrycat10,7,8.198345237050212,1.0384839262385448,-0.5178814533972913,
GEO,2022Q1,industrycat10,7,7.680463783652921,-0.5178814533972913,-0.314002822340929,
GEO,2022Q2,industrycat10,7,7.366460961311992,-0.314002822340929,-0.02269570349634531,
GEO,2022Q3,industrycat10,7,7.3437652578156465,-0.02269570349634531,0.1456693011325072,
GEO,2022Q4,industrycat10,7,7.489434558948154,0.1456693011325072,0.7593838894995608,
GEO,2023Q1,industrycat10,7,8.248818448447715,0.7593838894995608,-0.219358668331882,
GEO,2023Q2,industrycat10,7,8.029459780115833,-0.219358668331882,-0.4068072297479528,
GEO,2023Q3,industrycat10,7,7.62265255036788,-0.4068072297479528,0.453501654947825,
GEO,2023Q4,industrycat10,7,8.076154205315705,0.453501654947825,-0.81777485950429,
GEO,2024Q1,industrycat10,7,7.258379345811415,-0.81777485950429,-0.03722229684970646,
GEO,2024Q2,industrycat10,7,7.221157048961708,-0.03722229684970646,-0.3405332030530639,
GEO,2024Q3,industrycat10,7,6.880623845908644,-0.3405332030530639,0.6583294180911006,
GEO,2024Q4,industrycat10,7,7.538953263999745,0.6583294180911006,0.553480807703461,
GEO,2025Q1,industrycat10,7,8.092434071703206,0.553480807703461,-0.9287698976973768,
GEO,2025Q2,industrycat10,7,7.163664174005829,-0.9287698976973768,0.2156617558559102,
GEO,2025Q3,industrycat10,7,7.379325929861739,0.2156617558559102,0.14225945034621112,
GEO,2025Q4,industrycat10,7,7.52158538020795,0.14225945034621112,,
GEO,2021Q1,industrycat10,8,6.216978583842037,,0.43316512431966636,
GEO,2021Q2,industrycat10,8,6.650143708161703,0.43316512431966636,-0.24622400706880576,
GEO,2021Q3,industrycat10,8,6.403919701092898,-0.24622400706880576,-0.8438597026384871,
GEO,2021Q4,industrycat10,8,5.560059998454411,-0.8438597026384871,0.3047391858062527,
GEO,2022Q1,industrycat10,8,5.864799184260663,0.3047391858062527,0.603618245119236,
GEO,2022Q2,industrycat10,8,6.468417429379899,0.603618245119236,-0.6701711312295391,
GEO,2022Q3,industrycat10,8,5.79824629815036,-0.6701711312295391,0.4960408161121759,
GEO,2022Q4,industrycat10,8,6.294287114262536,0.4960408161121759,-0.35411577935653327,
GEO,2023Q1,industrycat10,8,5.940171334906003,-0.35411577935653327,0.31233768387320726,
GEO,2023Q2,industrycat10,8,6.25250901877921,0.31233768387320726,0.08157593950586328,
GEO,2023Q3,industrycat10,8,6.334084958285073,0.08157593950586328,-0.5165789535567429,
GEO,2023Q4,industrycat10,8,5.8175060047283305,-0.5165789535567429,-0.05483400569000274,
GEO,2024Q1,industrycat10,8,5.762671999038328,-0.05483400569000274,0.8889403465839631,
GEO,2024Q2,industrycat10,8,6.651612345622291,0.8889403465839631,0.49336554200197025,
GEO,2024Q3,industrycat10,8,7.144977887624261,0.49336554200197025,-0.7604049576124954,
GEO,2024Q4,industrycat10,8,6.384572930011766,-0.7604049576124954,-0.18991390954509502,
GEO,2025Q1,industrycat10,8,6.194659020466671,-0.18991390954509502,0.43817572796289905,
GEO,2025Q2,industrycat10,8,6.63283474842957,0.43817572796289905,-0.16094616288986785,
GEO,2025Q3,industrycat10,8,6.471888585539702,-0.16094616288986785,-0.0896391974393822,
GEO,2025Q4,industrycat10,8,6.38224938810032,-0.0896391974393822,,
GEO,2021Q1,industrycat10,9,7.422253702685348,,0.3045786758286635,
GEO,2021Q2,industrycat10,9,7.726832378514011,0.3045786758286635,-0.050626021168270974,
GEO,2021Q3,industrycat10,9,7.67620635734574,-0.050626021168270974,-0.1613561321927417,
GEO,2021Q4,industrycat10,9,7.5148502251529985,-0.1613561321927417,-0.5568517117542173,
GEO,2022Q1,industrycat10,9,6.957998513398781,-0.5568517117542173,0.42056292630438463,
GEO,2022Q2,industrycat10,9,7.378561439703166,0.42056292630438463,-0.02156212893657017,
GEO,2022Q3,industrycat10,9,7.356999310766596,-0.02156212893657017,-0.515517406053843,
GEO,2022Q4,industrycat10,9,6.841481904712753,-0.515517406053843,-0.4529182979563604,
GEO,2023Q1,industrycat10,9,6.388563606756392,-0.4529182979563604,0.14760395025041273,
GEO,2023Q2,industrycat10,9,6.536167557006805,0.14760395025041273,0.6368521354002219,
GEO,2023Q3,industrycat10,9,7.173019692407027,0.6368521354002219,0.3054502748773693,
GEO,2023Q4,industrycat10,9,7.478469967284396,0.3054502748773693,-0.9856550637433159,
GEO,2024Q1,industrycat10,9,6.49281490354108,-0.9856550637433159,-0.4758719857146847,
GEO,2024Q2,industrycat10,9,6.016942917826396,-0.4758719857146847,-0.32762757891536864,
GEO,2024Q3,industrycat10,9,5.689315338911027,-0.32762757891536864,1.0313272648962863,
GEO,2024Q4,industrycat10,9,6.720642603807313,1.0313272648962863,0.03154822469177443,
GEO,2025Q1,industrycat10,9,6.752190828499088,0.03154822469177443,-0.2183040707716879,
GEO,2025Q2,industrycat10,9,6.5338867577274,-0.2183040707716879,-0.7542301835908098,
GEO,2025Q3,industrycat10,9,5.77965657413659,-0.7542301835908098,0.20533305979389027,
GEO,2025Q4,industrycat10,9,5.98498963393048,0.20533305979389027,,
GEO,2021Q1,industrycat10,NA,0.06280760354415679,,-0.022409574971834316,
GEO,2021Q2,industrycat10,NA,0.04039802857232248,-0.022409574971834316,-0.001362899076842554,
GEO,2022Q1,industrycat10,NA,0.03903512949547992,-0.001362899076842554,0.0034149973642809833,
GEO,2022Q2,industrycat10,NA,0.042450126859760906,0.0034149973642809833,-0.03272461055582897,
GEO,2022Q3,industrycat10,NA,0.009725516303931937,-0.03272461055582897,-0.004998349315760482,
GEO,2024Q1,industrycat10,NA,0.004727166988171455,-0.004998349315760482,0.007052569607484962,
GEO,2025Q3,industrycat10,NA,0.011779736595656417,0.007052569607484962,,
GEO,2021Q1,lstatus,1,37.72338248099928,,2.3342192219913755,
GEO,2021Q2,lstatus,1,40.05760170299065,2.3342192219913755,2.463290058399018,
GEO,2021Q3,lstatus,1,42.52089176138967,2.463290058399018,-1.0640033949589878,
GEO,2021Q4,lstatus,1,41.45688836643068,-1.0640033949589878,-1.246697075636412,
GEO,2022Q1,lstatus,1,40.21019129079427,-1.246697075636412,1.9742004832114262,
GEO,2022Q2,lstatus,1,42.1843917740057,1.9742004832114262,3.0100513761531715,
GEO,2022Q3,lstatus,1,45.19444315015887,3.0100513761531715,-0.9822257971408774,level_shift
GEO,2022Q4,lstatus,1,44.21221735301799,-0.9822257971408774,-1.6067597429533151,
GEO,2023Q1,lstatus,1,42.605457610064676,-1.6067597429533151,1.645702085435488,
GEO,2023Q2,lstatus,1,44.251159695500164,1.645702085435488,1.0063656868197768,
GEO,2023Q3,lstatus,1,45.25752538231994,1.0063656868197768,0.7359033501048629,
GEO,2023Q4,lstatus,1,45.9934287324248,0.7359033501048629,1.306578503992121,
GEO,2024Q1,lstatus,1,47.300007236416924,1.306578503992121,-0.27619006987056594,
GEO,2024Q2,lstatus,1,47.02381716654636,-0.27619006987056594,0.07482660384744833,
GEO,2024Q3,lstatus,1,47.09864377039381,0.07482660384744833,0.029173159794744663,
GEO,2024Q4,lstatus,1,47.12781693018855,0.029173159794744663,-0.361907992802621,
GEO,2025Q1,lstatus,1,46.76590893738593,-0.361907992802621,-0.35110518399208956,
GEO,2025Q2,lstatus,1,46.41480375339384,-0.35110518399208956,0.8875583082119078,
GEO,2025Q3,lstatus,1,47.30236206160575,0.8875583082119078,-0.18851097952472173,
GEO,2025Q4,lstatus,1,47.11385108208103,-0.18851097952472173,,
GEO,2021Q1,lstatus,2,10.60144658267634,,0.7636925129997874,
GEO,2021Q2,lstatus,2,11.365139095676128,0.7636925129997874,-1.0494583706331468,
GEO,2021Q3,lstatus,2,10.31568072504298,-1.0494583706331468,-0.5901682552936816,
GEO,2021Q4,lstatus,2,9.7255124697493,-0.5901682552936816,-0.029286472795249097,
GEO,2022Q1,lstatus,2,9.69622599695405,-0.029286472795249097,-0.3432343540273699,
GEO,2022Q2,lstatus,2,9.35299164292668,-0.3432343540273699,-1.0123893021776098,
GEO,2022Q3,lstatus,2,8.34060234074907,-1.0123893021776098,0.11245808578457606,
GEO,2022Q4,lstatus,2,8.453060426533646,0.11245808578457606,0.8997041573875233,
GEO,2023Q1,lstatus,2,9.35276458392117,0.8997041573875233,-0.4535039161472678,
GEO,2023Q2,lstatus,2,8.899260667773902,-0.4535039161472678,-0.5462778899792422,
GEO,2023Q3,lstatus,2,8.35298277779466,-0.5462778899792422,-0.021904035873381744,
GEO,2023Q4,lstatus,2,8.331078741921278,-0.021904035873381744,-0.6175151223822581,
GEO,2024Q1,lstatus,2,7.71356361953902,-0.6175151223822581,-0.2682233004988941,
GEO,2024Q2,lstatus,2,7.445340319040126,-0.2682233004988941,0.10747998219396226,
GEO,2024Q3,lstatus,2,7.552820301234088,0.10747998219396226,0.25240357012009085,
GEO,2024Q4,lstatus,2,7.805223871354179,0.25240357012009085,0.22396984505935702,
GEO,2025Q1,lstatus,2,8.029193716413536,0.22396984505935702,-0.29768901571100237,
GEO,2025Q2,lstatus,2,7.7315047007025335,-0.29768901571100237,-0.49178330238579004,
GEO,2025Q3,lstatus,2,7.239721398316743,-0.49178330238579004,-0.002725146284559443,
GEO,2025Q4,lstatus,2,7.236996252032184,-0.002725146284559443,,
GEO,2021Q1,lstatus,3,51.67517093632437,,-3.0979117349911505,
GEO,2021Q2,lstatus,3,48.57725920133322,-3.0979117349911505,-1.413831687765878,level_shift
GEO,2021Q3,lstatus,3,47.16342751356734,-1.413831687765878,1.6541716502526853,
GEO,2021Q4,lstatus,3,48.81759916382003,1.6541716502526853,1.2759835484316469,
GEO,2022Q1,lstatus,3,50.093582712251674,1.2759835484316469,-1.6309661291840456,
GEO,2022Q2,lstatus,3,48.46261658306763,-1.6309661291840456,-1.9976620739755688,
GEO,2022Q3,lstatus,3,46.46495450909206,-1.9976620739755688,0.8697677113563032,
GEO,2022Q4,lstatus,3,47.33472222044836,0.8697677113563032,0.7070555855657972,
GEO,2023Q1,lstatus,3,48.04177780601416,0.7070555855657972,-1.1921981692882326,
GEO,2023Q2,lstatus,3,46.84957963672593,-1.1921981692882326,-0.4600877968405257,
GEO,2023Q3,lstatus,3,46.3894918398854,-0.4600877968405257,-0.7139993142314722,
GEO,2023Q4,lstatus,3,45.67549252565393,-0.7139993142314722,-0.689063381609877,
GEO,2024Q1,lstatus,3,44.98642914404405,-0.689063381609877,0.5444133703694689,
GEO,2024Q2,lstatus,3,45.53084251441352,0.5444133703694689,-0.18230658604142036,
GEO,2024Q3,lstatus,3,45.3485359283721,-0.18230658604142036,-0.28157672991483196,
GEO,2024Q4,lstatus,3,45.06695919845727,-0.28157672991483196,0.13793814774326307,
GEO,2025Q1,lstatus,3,45.20489734620053,0.13793814774326307,0.6487941997030973,
GEO,2025Q2,lstatus,3,45.85369154590363,0.6487941997030973,-0.3957750058261311,
GEO,2025Q3,lstatus,3,45.4579165400775,-0.3957750058261311,0.19123612580928295,
GEO,2025Q4,lstatus,3,45.64915266588678,0.19123612580928295,,
GEO,2021Q1,occup,0,0.7979082982445209,,-0.020254420017620234,
GEO,2021Q2,occup,0,0.7776538782269007,-0.020254420017620234,-0.0935560179992393,
GEO,2021Q3,occup,0,0.6840978602276614,-0.0935560179992393,0.166594717172175,
GEO,2021Q4,occup,0,0.8506925773998364,0.166594717172175,-0.09952375125169255,
GEO,2022Q1,occup,0,0.7511688261481438,-0.09952375125169255,0.10624385207735942,
GEO,2022Q2,occup,0,0.8574126782255033,0.10624385207735942,0.06329071139208908,
GEO,2022Q3,occup,0,0.9207033896175923,0.06329071139208908,-0.1223636990276048,
GEO,2022Q4,occup,0,0.7983396905899875,-0.1223636990276048,-0.04980848226306456,
GEO,2023Q1,occup,0,0.748531208326923,-0.04980848226306456,-0.07127254715372167,
GEO,2023Q2,occup,0,0.6772586611732013,-0.07127254715372167,0.15252241753600104,
GEO,2023Q3,occup,0,0.8297810787092024,0.15252241753600104,0.09867010461252645,
GEO,2023Q4,occup,0,0.9284511833217288,0.09867010461252645,-0.07431488827409638,
GEO,2024Q1,occup,0,0.8541362950476324,-0.07431488827409638,-0.17975547854507723,
GEO,2024Q2,occup,0,0.6743808165025552,-0.17975547854507723,-0.024567342734329922,
GEO,2024Q3,occup,0,0.6498134737682253,-0.024567342734329922,0.13543258951802595,
GEO,2024Q4,occup,0,0.7852460632862512,0.13543258951802595,-0.04506846782398455,
GEO,2025Q1,occup,0,0.7401775954622667,-0.04506846782398455,0.04397169608786988,
GEO,2025Q2,occup,0,0.7841492915501366,0.04397169608786988,-0.15176374972109574,
GEO,2025Q3,occup,0,0.6323855418290408,-0.15176374972109574,0.11456886198643945,
GEO,2025Q4,occup,0,0.7469544038154803,0.11456886198643945,,
GEO,2021Q1,occup,1,5.987321291107997,,0.4944226114189485,
GEO,2021Q2,occup,1,6.481743902526945,0.4944226114189485,0.03532060249103797,
GEO,2021Q3,occup,1,6.517064505017983,0.03532060249103797,-0.4040002444610309,
GEO,2021Q4,occup,1,6.1130642605569525,-0.4040002444610309,-0.4986094124029252,
GEO,2022Q1,occup,1,5.614454848154027,-0.4986094124029252,0.06095964619596295,
GEO,2022Q2,occup,1,5.67541449434999,0.06095964619596295,0.48257064231960456,
GEO,2022Q3,occup,1,6.157985136669595,0.48257064231960456,0.14737709596278759,
GEO,2022Q4,occup,1,6.305362232632382,0.14737709596278759,-0.011440548164332043,
GEO,2023Q1,occup,1,6.29392168446805,-0.011440548164332043,0.15252052212466616,
GEO,2023Q2,occup,1,6.4464422065927165,0.15252052212466616,-0.1666061618223713,
GEO,2023Q3,occup,1,6.279836044770345,-0.1666061618223713,0.7203008706361986,
GEO,2023Q4,occup,1,7.000136915406544,0.7203008706361986,-0.9895467624849488,
GEO,2024Q1,occup,1,6.010590152921595,-0.9895467624849488,0.5277731556483074,
GEO,2024Q2,occup,1,6.538363308569902,0.5277731556483074,-0.06311255346905664,
GEO,2024Q3,occup,1,6.475250755100846,-0.06311255346905664,0.4411322959323085,
GEO,2024Q4,occup,1,6.916383051033154,0.4411322959323085,-0.381469898285304,
GEO,2025Q1,occup,1,6.53491315274785,-0.381469898285304,-0.719454015071026,
GEO,2025Q2,occup,1,5.815459137676824,-0.719454015071026,-0.2932860619702806,
GEO,2025Q3,occup,1,5.522173075706544,-0.2932860619702806,0.29353144624880567,
GEO,2025Q4,occup,1,5.815704521955349,0.29353144624880567,,
GEO,2021Q1,occup,2,19.449027398334383,,-0.7966653530329886,
GEO,2021Q2,occup,2,18.652362045301395,-0.7966653530329886,-1.25176302728093,
GEO,2021Q3,occup,2,17.400599018020465,-1.25176302728093,1.5426648114037178,
GEO,2021Q4,occup,2,18.943263829424183,1.5426648114037178,0.07913725132967642,
GEO,2022Q1,occup,2,19.02240108075386,0.07913725132967642,-0.8333612596888074,
GEO,2022Q2,occup,2,18.18903982106505,-0.8333612596888074,-2.121856130826913,
GEO,2022Q3,occup,2,16.06718369023814,-2.121856130826913,1.004771844451188,
GEO,2022Q4,occup,2,17.071955534689327,1.004771844451188,0.615901752573663,
GEO,2023Q1,occup,2,17.68785728726299,0.615901752573663,0.45616049404227965,
GEO,2023Q2,occup,2,18.14401778130527,0.45616049404227965,-1.3772261752560233,
GEO,2023Q3,occup,2,16.766791606049246,-1.3772261752560233,0.7518548900937319,
GEO,2023Q4,occup,2,17.518646496142978,0.7518548900937319,-0.9451103765017272,
GEO,2024Q1,occup,2,16.57353611964125,-0.9451103765017272,0.41569810831483167,
GEO,2024Q2,occup,2,16.989234227956082,0.41569810831483167,-0.49942688009363323,
GEO,2024Q3,occup,2,16.48980734786245,-0.49942688009363323,1.4041216284555844,
GEO,2024Q4,occup,2,17.893928976318033,1.4041216284555844,-1.331279123555646,
GEO,2025Q1,occup,2,16.562649852762387,-1.331279123555646,0.298712461840978,
GEO,2025Q2,occup,2,16.861362314603365,0.298712461840978,0.8463033614820965,
GEO,2025Q3,occup,2,17.707665676085462,0.8463033614820965,-0.2823333789929805,
GEO,2025Q4,occup,2,17.42533229709248,-0.2823333789929805,,
GEO,2021Q1,occup,3,10.526755703611697,,-0.6366875655123714,
GEO,2021Q2,occup,3,9.890068138099325,-0.6366875655123714,-0.8430859353474389,
GEO,2021Q3,occup,3,9.046982202751886,-0.8430859353474389,0.007507775937435568,
GEO,2021Q4,occup,3,9.054489978689322,0.007507775937435568,1.7012206068735996,
GEO,2022Q1,occup,3,10.755710585562921,1.7012206068735996,-0.23824906320333739,
GEO,2022Q2,occup,3,10.517461522359584,-0.23824906320333739,-1.0849782110711566,
GEO,2022Q3,occup,3,9.432483311288427,-1.0849782110711566,0.23486416392827358,
GEO,2022Q4,occup,3,9.667347475216701,0.23486416392827358,-0.38457974888258484,
GEO,2023Q1,occup,3,9.282767726334116,-0.38457974888258484,-0.35097037683373067,
GEO,2023Q2,occup,3,8.931797349500386,-0.35097037683373067,1.1948545828922974,
GEO,2023Q3,occup,3,10.126651932392683,1.1948545828922974,-0.673672163360747,
GEO,2023Q4,occup,3,9.452979769031936,-0.673672163360747,-0.24391447035210767,
GEO,2024Q1,occup,3,9.209065298679828,-0.24391447035210767,-0.004150154061328237,
GEO,2024Q2,occup,3,9.2049151446185,-0.004150154061328237,1.092221473154403,
GEO,2024Q3,occup,3,10.297136617772903,1.092221473154403,-0.8928850778954924,
GEO,2024Q4,occup,3,9.40425153987741,-0.8928850778954924,0.8834575389620714,
GEO,2025Q1,occup,3,10.287709078839482,0.8834575389620714,-0.33237960123112487,
GEO,2025Q2,occup,3,9.955329477608357,-0.33237960123112487,0.48427483053729325,
GEO,2025Q3,occup,3,10.43960430814565,0.48427483053729325,0.06007676326604283,
GEO,2025Q4,occup,3,10.499681071411693,0.06007676326604283,,
GEO,2021Q1,occup,4,5.103481942943397,,-0.650821206732183,
GEO,2021Q2,occup,4,4.452660736211214,-0.650821206732183,0.05672183052795354,
GEO,2021Q3,occup,4,4.509382566739167,0.05672183052795354,0.9745714514913715,
GEO,2021Q4,occup,4,5.483954018230539,0.9745714514913715,-0.3317156332431095,
GEO,2022Q1,occup,4,5.152238384987429,-0.3317156332431095,-0.56179985369325,
GEO,2022Q2,occup,4,4.590438531294179,-0.56179985369325,-0.3103591715228351,
GEO,2022Q3,occup,4,4.280079359771344,-0.3103591715228351,0.0209625717818005,
GEO,2022Q4,occup,4,4.3010419315531445,0.0209625717818005,0.3297996972334616,
GEO,2023Q1,occup,4,4.630841628786606,0.3297996972334616,0.09956057784404226,
GEO,2023Q2,occup,4,4.730402206630648,0.09956057784404226,0.009543301193199127,
GEO,2023Q3,occup,4,4.7399455078238475,0.009543301193199127,-0.2692113952308235,
GEO,2023Q4,occup,4,4.470734112593024,-0.2692113952308235,0.03040029968094249,
GEO,2024Q1,occup,4,4.5011344122739665,0.03040029968094249,-0.21995345305012304,
GEO,2024Q2,occup,4,4.2811809592238435,-0.21995345305012304,0.2558053832719258,
GEO,2024Q3,occup,4,4.536986342495769,0.2558053832719258,0.3987737434432317,
GEO,2024Q4,occup,4,4.935760085939001,0.3987737434432317,-0.47071265557378794,
GEO,2025Q1,occup,4,4.465047430365213,-0.47071265557378794,0.2645368868137705,
GEO,2025Q2,occup,4,4.7295843171789835,0.2645368868137705,-0.0899920871088229,
GEO,2025Q3,occup,4,4.639592230070161,-0.0899920871088229,0.059542496022168656,
GEO,2025Q4,occup,4,4.699134726092329,0.059542496022168656,,
GEO,2021Q1,occup,5,16.106543545153013,,0.9945738954779664,
GEO,2021Q2,occup,5,17.10111744063098,0.9945738954779664,0.5177474987060577,
GEO,2021Q3,occup,5,17.618864939337037,0.5177474987060577,-1.4128970510816217,
GEO,2021Q4,occup,5,16.205967888255415,-1.4128970510816217,0.4186184438507681,
GEO,2022Q1,occup,5,16.624586332106183,0.4186184438507681,0.6807201915321102,
GEO,2022Q2,occup,5,17.305306523638293,0.6807201915321102,0.471410728926994,
GEO,2022Q3,occup,5,17.776717252565287,0.471410728926994,0.217090159339282,
GEO,2022Q4,occup,5,17.99380741190457,0.217090159339282,0.41067811475013016,
GEO,2023Q1,occup,5,18.4044855266547,0.41067811475013016,-1.2464032943406806,
GEO,2023Q2,occup,5,17.15808223231402,-1.2464032943406806,-0.04748184501482555,
GEO,2023Q3,occup,5,17.110600387299193,-0.04748184501482555,-0.19956630280987753,
GEO,2023Q4,occup,5,16.911034084489316,-0.19956630280987753,2.133372543375078,
GEO,2024Q1,occup,5,19.044406627864394,2.133372543375078,-1.7361564612279246,
GEO,2024Q2,occup,5,17.30825016663647,-1.7361564612279246,0.06992510718522027,
GEO,2024Q3,occup,5,17.37817527382169,0.06992510718522027,-0.5589683428074927,
GEO,2024Q4,occup,5,16.819206931014197,-0.5589683428074927,0.7290783074725624,
GEO,2025Q1,occup,5,17.54828523848676,0.7290783074725624,-1.2263609592392726,
GEO,2025Q2,occup,5,16.321924279247487,-1.2263609592392726,0.5411057246919988,
GEO,2025Q3,occup,5,16.863030003939485,0.5411057246919988,1.145409768270369,
GEO,2025Q4,occup,5,18.008439772209854,1.145409768270369,,
GEO,2021Q1,occup,6,16.293691955239787,,1.0426279286064108,
GEO,2021Q2,occup,6,17.336319883846198,1.0426279286064108,-0.10299103678610066,
GEO,2021Q3,occup,6,17.233328847060097,-0.10299103678610066,-0.21016344648787566,
GEO,2021Q4,occup,6,17.02316540057222,-0.21016344648787566,-0.20122778744752168,
GEO,2022Q1,occup,6,16.8219376131247,-0.20122778744752168,-0.6994475087188121,
GEO,2022Q2,occup,6,16.122490104405887,-0.6994475087188121,-0.4243875781277797,
GEO,2022Q3,occup,6,15.698102526278108,-0.4243875781277797,-0.7066676883055454,
GEO,2022Q4,occup,6,14.991434837972562,-0.7066676883055454,0.3136429261586944,
GEO,2023Q1,occup,6,15.305077764131257,0.3136429261586944,-0.06362631081681336,
GEO,2023Q2,occup,6,15.241451453314443,-0.06362631081681336,-0.726689776708108,
GEO,2023Q3,occup,6,14.514761676606335,-0.726689776708108,-1.3416277218939552,
GEO,2023Q4,occup,6,13.17313395471238,-1.3416277218939552,0.27805604666679784,
GEO,2024Q1,occup,6,13.451190001379178,0.27805604666679784,1.697662675791518,
GEO,2024Q2,occup,6,15.148852677170696,1.697662675791518,-1.8595215995347925,
GEO,2024Q3,occup,6,13.289331077635904,-1.8595215995347925,0.039764678763184236,
GEO,2024Q4,occup,6,13.329095756399088,0.039764678763184236,-0.11226568601944109,
GEO,2025Q1,occup,6,13.216830070379647,-0.11226568601944109,1.114330929695118,
GEO,2025Q2,occup,6,14.331161000074765,1.114330929695118,-1.1682011176444629,
GEO,2025Q3,occup,6,13.162959882430302,-1.1682011176444629,0.03140857288754262,
GEO,2025Q4,occup,6,13.194368455317845,0.03140857288754262,,
GEO,2021Q1,occup,7,10.273332103975518,,0.5184015860019162,
GEO,2021Q2,occup,7,10.791733689977434,0.5184015860019162,0.40582155223389016,
GEO,2021Q3,occup,7,11.197555242211324,0.40582155223389016,-0.12629246494350177,
GEO,2021Q4,occup,7,11.071262777267822,-0.12629246494350177,-0.12486413954865583,
GEO,2022Q1,occup,7,10.946398637719167,-0.12486413954865583,-0.4602459896075253,
GEO,2022Q2,occup,7,10.486152648111641,-0.4602459896075253,0.6499351736584522,
GEO,2022Q3,occup,7,11.136087821770094,0.6499351736584522,0.047408167542116075,
GEO,2022Q4,occup,7,11.18349598931221,0.047408167542116075,-0.5526962174392125,
GEO,2023Q1,occup,7,10.630799771872997,-0.5526962174392125,-0.47013321236904737,
GEO,2023Q2,occup,7,10.16066655950395,-0.47013321236904737,0.3962931042971771,
GEO,2023Q3,occup,7,10.556959663801127,0.3962931042971771,1.1933099196526769,
GEO,2023Q4,occup,7,11.750269583453804,1.1933099196526769,-0.8525944364301381,
GEO,2024Q1,occup,7,10.897675147023666,-0.8525944364301381,-0.5726321776443069,
GEO,2024Q2,occup,7,10.325042969379359,-0.5726321776443069,0.6241726812998039,
GEO,2024Q3,occup,7,10.949215650679163,0.6241726812998039,0.5123572996076309,
GEO,2024Q4,occup,7,11.461572950286794,0.5123572996076309,0.6401414609229619,
GEO,2025Q1,occup,7,12.101714411209755,0.6401414609229619,0.18607733779151658,
GEO,2025Q2,occup,7,12.287791749001272,0.18607733779151658,-0.12967200427909553,
GEO,2025Q3,occup,7,12.158119744722176,-0.12967200427909553,-0.6894726579597688,
GEO,2025Q4,occup,7,11.468647086762408,-0.6894726579597688,,
GEO,2021Q1,occup,8,8.195002980986775,,-1.1916828725747601,
GEO,2021Q2,occup,8,7.003320108412015,-1.1916828725747601,0.02078522092847024,
GEO,2021Q3,occup,8,7.024105329340485,0.02078522092847024,0.8423917927595106,
GEO,2021Q4,occup,8,7.866497122099996,0.8423917927595106,-0.5503538093492741,
GEO,2022Q1,occup,8,7.316143312750722,-0.5503538093492741,-0.1093819517155108,
GEO,2022Q2,occup,8,7.206761361035211,-0.1093819517155108,0.7297791044332769,
GEO,2022Q3,occup,8,7.936540465468488,0.7297791044332769,0.023017794929748092,
GEO,2022Q4,occup,8,7.959558260398236,0.023017794929748092,-0.25801976363455736,
GEO,2023Q1,occup,8,7.701538496763678,-0.25801976363455736,-0.527909270440829,
GEO,2023Q2,occup,8,7.173629226322849,-0.527909270440829,0.8562261400425628,
GEO,2023Q3,occup,8,8.029855366365412,0.8562261400425628,0.31512365170272894,
GEO,2023Q4,occup,8,8.344979018068141,0.31512365170272894,-0.9859328044144355,
GEO,2024Q1,occup,8,7.359046213653706,-0.9859328044144355,0.6736443093254838,
GEO,2024Q2,occup,8,8.03269052297919,0.6736443093254838,-0.030560465742919263,
GEO,2024Q3,occup,8,8.00213005723627,-0.030560465742919263,-0.13275861401484512,
GEO,2024Q4,occup,8,7.869371443221425,-0.13275861401484512,-0.04707859496637923,
GEO,2025Q1,occup,8,7.822292848255046,-0.04707859496637923,-0.8172033110347776,
GEO,2025Q2,occup,8,7.005089537220268,-0.8172033110347776,0.3955394044533902,
GEO,2025Q3,occup,8,7.400628941673658,0.3955394044533902,0.09023368024544975,
GEO,2025Q4,occup,8,7.490862621919108,0.09023368024544975,,
GEO,2021Q1,occup,9,7.139347574059473,,0.2727179875190462,
GEO,2021Q2,occup,9,7.412065561578519,0.2727179875190462,1.3559539277153796,
GEO,2021Q3,occup,9,8.768019489293899,1.3559539277153796,-1.4550230218718143,
GEO,2021Q4,occup,9,7.312996467422084,-1.4550230218718143,-0.3570712182247169,
GEO,2022Q1,occup,9,6.955925249197367,-0.3570712182247169,2.0511469394575315,
GEO,2022Q2,occup,9,9.007072188654899,2.0511469394575315,1.577319341374091,
GEO,2022Q3,occup,9,10.58439153002899,1.577319341374091,-0.8567348942980946,
GEO,2022Q4,occup,9,9.727656635730895,-0.8567348942980946,-0.413477730332211,
GEO,2023Q1,occup,9,9.314178905398684,-0.413477730332211,2.022073417943842,
GEO,2023Q2,occup,9,11.336252323342526,2.022073417943842,-0.2914355871599028,
GEO,2023Q3,occup,9,11.044816736182623,-0.2914355871599028,-0.6575403076417707,
GEO,2023Q4,occup,9,10.387276428540853,-0.6575403076417707,1.7119433029739213,
GEO,2024Q1,occup,9,12.099219731514774,1.7119433029739213,-0.6021305245513755,
GEO,2024Q2,occup,9,11.497089206963398,-0.6021305245513755,0.43506419666339013,
GEO,2024Q3,occup,9,11.932153403626788,0.43506419666339013,-1.346970201002124,
GEO,2024Q4,occup,9,10.585183202624664,-1.346970201002124,0.07353267908490047,
GEO,2025Q1,occup,9,10.658715881709565,0.07353267908490047,1.0935387788831594,
GEO,2025Q2,occup,9,11.752254660592724,1.0935387788831594,-0.33850552121373667,
GEO,2025Q3,occup,9,11.413749139378988,-0.33850552121373667,-0.8001826774572987,
GEO,2025Q4,occup,9,10.613566461921689,-0.8001826774572987,,
GEO,2021Q1,occup,NA,0.12758720634344137,,-0.026632591154361618,
GEO,2021Q2,occup,NA,0.10095461518907975,-0.026632591154361618,-0.026308935107456757,
GEO,2021Q4,occup,NA,0.07464568008162299,-0.026308935107456757,-0.03561055058614309,
GEO,2022Q1,occup,NA,0.0390351294954799,-0.03561055058614309,0.0034149973642809903,
GEO,2022Q2,occup,NA,0.04245012685976089,0.0034149973642809903,-0.032724610555828954,
GEO,2022Q3,occup,NA,0.009725516303931935,-0.032724610555828954,0.052632937935350094,
GEO,2023Q4,occup,NA,0.062358454239282025,0.052632937935350094,-0.0006940144572610413,
GEO,2025Q1,occup,NA,0.061664439782020984,-0.0006940144572610413,0.09422979546379906,
GEO,2025Q2,occup,NA,0.15589423524582005,0.09422979546379906,-0.09580277922728223,
GEO,2025Q3,occup,NA,0.060091456018537825,-0.09580277922728223,-0.022782874516773466,
GEO,2025Q4,occup,NA,0.03730858150176436,-0.022782874516773466,,
GEO,2021Q1,socialsec,0,23.547447236616954,,-1.672145910048691,
GEO,2021Q2,socialsec,0,21.875301326568263,-1.672145910048691,2.297068031998844,
GEO,2021Q3,socialsec,0,24.172369358567106,2.297068031998844,-0.44259775075969543,
GEO,2021Q4,socialsec,0,23.72977160780741,-0.44259775075969543,-1.7359577765054865,
GEO,2022Q1,socialsec,0,21.993813831301924,-1.7359577765054865,-0.017534013172188168,
GEO,2022Q2,socialsec,0,21.976279818129736,-0.017534013172188168,2.4968179698693653,
GEO,2022Q3,socialsec,0,24.4730977879991,2.4968179698693653,0.07742941192271502,
GEO,2022Q4,socialsec,0,24.550527199921817,0.07742941192271502,-0.7385642191436794,
GEO,2023Q1,socialsec,0,23.811962980778137,-0.7385642191436794,-1.3358775772028615,
GEO,2023Q2,socialsec,0,22.476085403575276,-1.3358775772028615,-0.317469396090587,
GEO,2023Q3,socialsec,0,22.15861600748469,-0.317469396090587,1.495671494188798,
GEO,2023Q4,socialsec,0,23.654287501673487,1.495671494188798,2.293432434603954,
GEO,2024Q1,socialsec,0,25.94771993627744,2.293432434603954,-2.082005426712538,
GEO,2024Q2,socialsec,0,23.865714509564903,-2.082005426712538,0.38774393056412393,
GEO,2024Q3,socialsec,0,24.253458440129027,0.38774393056412393,-0.5862174493262771,
GEO,2024Q4,socialsec,0,23.66724099080275,-0.5862174493262771,0.4531652452436923,
GEO,2025Q1,socialsec,0,24.120406236046442,0.4531652452436923,-1.1952168220136876,
GEO,2025Q2,socialsec,0,22.925189414032754,-1.1952168220136876,1.9497927944549929,
GEO,2025Q3,socialsec,0,24.874982208487747,1.9497927944549929,-1.3938870885597723,
GEO,2025Q4,socialsec,0,23.481095119927975,-1.3938870885597723,,
GEO,2021Q1,socialsec,1,58.575119192325964,,0.24235322020150107,
GEO,2021Q2,socialsec,1,58.817472412527465,0.24235322020150107,-2.579636902274835,
GEO,2021Q3,socialsec,1,56.23783551025263,-2.579636902274835,1.236058183079244,
GEO,2021Q4,socialsec,1,57.473893693331874,1.236058183079244,2.4220879973600304,
GEO,2022Q1,socialsec,1,59.895981690691904,2.4220879973600304,0.1085794541076126,
GEO,2022Q2,socialsec,1,60.00456114479952,0.1085794541076126,-2.74834266275991,
GEO,2022Q3,socialsec,1,57.25621848203961,-2.74834266275991,1.15398821868434,
GEO,2022Q4,socialsec,1,58.41020670072395,1.15398821868434,0.9125914804721162,
GEO,2023Q1,socialsec,1,59.32279818119606,0.9125914804721162,0.7899854925050036,
GEO,2023Q2,socialsec,1,60.11278367370107,0.7899854925050036,0.8037545873312624,
GEO,2023Q3,socialsec,1,60.91653826103233,0.8037545873312624,0.42629670129465325,
GEO,2023Q4,socialsec,1,61.34283496232698,0.42629670129465325,-2.862268882090028,
GEO,2024Q1,socialsec,1,58.480566080236954,-2.862268882090028,-0.180050955380878,
GEO,2024Q2,socialsec,1,58.30051512485608,-0.180050955380878,1.6005283752731785,
GEO,2024Q3,socialsec,1,59.901043500129255,1.6005283752731785,1.4737684042461794,
GEO,2024Q4,socialsec,1,61.374811904375434,1.4737684042461794,-0.8454714215153345,
GEO,2025Q1,socialsec,1,60.5293404828601,-0.8454714215153345,-0.3423026995168641,
GEO,2025Q2,socialsec,1,60.187037783343236,-0.3423026995168641,-0.39158684625600415,
GEO,2025Q3,socialsec,1,59.79545093708723,-0.39158684625600415,1.4306875500365948,
GEO,2025Q4,socialsec,1,61.226138487123826,1.4306875500365948,,
GEO,2021Q1,socialsec,NA,17.87743357105708,,1.4297926898471935,
GEO,2021Q2,socialsec,NA,19.307226260904272,1.4297926898471935,0.28256887027600186,
GEO,2021Q3,socialsec,NA,19.589795131180274,0.28256887027600186,-0.7934604323195558,
GEO,2021Q4,socialsec,NA,18.79633469886072,-0.7934604323195558,-0.6861302208545439,
GEO,2022Q1,socialsec,NA,18.110204478006175,-0.6861302208545439,-0.09104544093542444,
GEO,2022Q2,socialsec,NA,18.01915903707075,-0.09104544093542444,0.2515246928905448,
GEO,2022Q3,socialsec,NA,18.270683729961295,0.2515246928905448,-1.231417630607055,
GEO,2022Q4,socialsec,NA,17.03926609935424,-1.231417630607055,-0.17402726132843682,
GEO,2023Q1,socialsec,NA,16.865238838025803,-0.17402726132843682,0.5458920846978614,
GEO,2023Q2,socialsec,NA,17.411130922723665,0.5458920846978614,-0.4862851912406754,
GEO,2023Q3,socialsec,NA,16.92484573148299,-0.4862851912406754,-1.9219681954834638,
GEO,2023Q4,socialsec,NA,15.002877535999525,-1.9219681954834638,0.5688364474860794,
GEO,2024Q1,socialsec,NA,15.571713983485605,0.5688364474860794,2.2620563820934123,
GEO,2024Q2,socialsec,NA,17.833770365579017,2.2620563820934123,-1.988272305837306,
GEO,2024Q3,socialsec,NA,15.845498059741711,-1.988272305837306,-0.887550954919897,
GEO,2024Q4,socialsec,NA,14.957947104821814,-0.887550954919897,0.3923061762716351,
GEO,2025Q1,socialsec,NA,15.35025328109345,0.3923061762716351,1.537519521530557,
GEO,2025Q2,socialsec,NA,16.887772802624006,1.537519521530557,-1.558205948198978,
GEO,2025Q3,socialsec,NA,15.329566854425028,-1.558205948198978,-0.03680046147682958,
GEO,2025Q4,socialsec,NA,15.292766392948199,-0.03680046147682958,,
GEO,2021Q1,urban,0,43.546818114616826,,-0.08191223324698882,
GEO,2021Q2,urban,0,43.46490588136984,-0.08191223324698882,-0.28540781266472237,
GEO,2021Q3,urban,0,43.179498068705115,-0.28540781266472237,0.11325240215867183,
GEO,2021Q4,urban,0,43.29275047086379,0.11325240215867183,0.5369136581462683,
GEO,2022Q1,urban,0,43.829664129010055,0.5369136581462683,-1.2599715519534413,
GEO,2022Q2,urban,0,42.569692577056614,-1.2599715519534413,-0.23840415096645273,
GEO,2022Q3,urban,0,42.33128842609016,-0.23840415096645273,0.5818740116275762,
GEO,2022Q4,urban,0,42.91316243771774,0.5818740116275762,-0.6120989603123945,
GEO,2023Q1,urban,0,42.30106347740534,-0.6120989603123945,-0.6235582095520655,
GEO,2023Q2,urban,0,41.67750526785328,-0.6235582095520655,-0.3595181301307946,
GEO,2023Q3,urban,0,41.31798713772248,-0.3595181301307946,0.09389663889347588,
GEO,2023Q4,urban,0,41.41188377661596,0.09389663889347588,0.25581996110133787,
GEO,2024Q1,urban,0,41.6677037377173,0.25581996110133787,-0.1281948660627421,
GEO,2024Q2,urban,0,41.539508871654554,-0.1281948660627421,0.05297196433609486,
GEO,2024Q3,urban,0,41.59248083599065,0.05297196433609486,0.09418968823106155,
GEO,2024Q4,urban,0,41.68667052422171,0.09418968823106155,0.04957282293525367,
GEO,2025Q1,urban,0,41.736243347156964,0.04957282293525367,0.35512315763513413,
GEO,2025Q2,urban,0,42.0913665047921,0.35512315763513413,0.10214160507896963,
GEO,2025Q3,urban,0,42.19350810987107,0.10214160507896963,0.10734839734066526,
GEO,2025Q4,urban,0,42.30085650721173,0.10734839734066526,,
GEO,2021Q1,urban,1,56.45318188538318,,0.08191223324698171,
GEO,2021Q2,urban,1,56.53509411863016,0.08191223324698171,0.28540781266471527,
GEO,2021Q3,urban,1,56.82050193129488,0.28540781266471527,-0.11325240215866472,
GEO,2021Q4,urban,1,56.70724952913621,-0.11325240215866472,-0.5369136581462683,
GEO,2022Q1,urban,1,56.170335870989945,-0.5369136581462683,1.2599715519534271,
GEO,2022Q2,urban,1,57.43030742294337,1.2599715519534271,0.23840415096645984,
GEO,2022Q3,urban,1,57.66871157390983,0.23840415096645984,-0.5818740116275691,
GEO,2022Q4,urban,1,57.08683756228226,-0.5818740116275691,0.6120989603124016,
GEO,2023Q1,urban,1,57.698936522594664,0.6120989603124016,0.6235582095520584,
GEO,2023Q2,urban,1,58.32249473214672,0.6235582095520584,0.3595181301307946,
GEO,2023Q3,urban,1,58.68201286227752,0.3595181301307946,-0.09389663889347588,
GEO,2023Q4,urban,1,58.58811622338404,-0.09389663889347588,-0.25581996110133787,
GEO,2024Q1,urban,1,58.3322962622827,-0.25581996110133787,0.128194866062735,
GEO,2024Q2,urban,1,58.46049112834544,0.128194866062735,-0.05297196433608775,
GEO,2024Q3,urban,1,58.40751916400935,-0.05297196433608775,-0.09418968823106866,
GEO,2024Q4,urban,1,58.31332947577828,-0.09418968823106866,-0.04957282293524656,
GEO,2025Q1,urban,1,58.263756652843036,-0.04957282293524656,-0.35512315763513413,
GEO,2025Q2,urban,1,57.9086334952079,-0.35512315763513413,-0.10214160507896253,
GEO,2025Q3,urban,1,57.80649189012894,-0.10214160507896253,-0.10734839734066526,
GEO,2025Q4,urban,1,57.699143492788274,-0.10734839734066526,,
PHL,2021Q1,educat7,1,5.886753050453509,,0.4552206251442348,
PHL,2021Q2,educat7,1,6.341973675597743,0.4552206251442348,-1.080924279029797,
PHL,2021Q3,educat7,1,5.261049396567946,-1.080924279029797,0.22131033072629247,
PHL,2021Q4,educat7,1,5.482359727294239,0.22131033072629247,0.1711477030484101,
PHL,2022Q1,educat7,1,5.653507430342649,0.1711477030484101,0.5800867853807539,
PHL,2022Q2,educat7,1,6.233594215723403,0.5800867853807539,-1.0641002220885278,
PHL,2022Q3,educat7,1,5.169493993634875,-1.0641002220885278,-0.08034535701124934,
PHL,2022Q4,educat7,1,5.089148636623626,-0.08034535701124934,0.5586893736248131,
PHL,2023Q1,educat7,1,5.647838010248439,0.5586893736248131,0.23681572045180488,
PHL,2023Q2,educat7,1,5.884653730700244,0.23681572045180488,-1.0023220889717424,
PHL,2023Q3,educat7,1,4.882331641728501,-1.0023220889717424,0.0842294246922437,
PHL,2023Q4,educat7,1,4.966561066420745,0.0842294246922437,0.386133576389482,
PHL,2024Q1,educat7,1,5.352694642810227,0.386133576389482,0.4490983758311451,
PHL,2024Q2,educat7,1,5.801793018641372,0.4490983758311451,-0.7517247005811445,
PHL,2024Q3,educat7,1,5.0500683180602275,-0.7517247005811445,0.017844868477426168,
PHL,2024Q4,educat7,1,5.067913186537654,0.017844868477426168,0.5093837265034766,
PHL,2025Q1,educat7,1,5.57729691304113,0.5093837265034766,-0.9675481674751678,
PHL,2025Q2,educat7,1,4.6097487455659625,-0.9675481674751678,,
PHL,2021Q1,educat7,2,19.301587450196383,,-0.35584966478890934,
PHL,2021Q2,educat7,2,18.945737785407474,-0.35584966478890934,-0.05691562970167041,
PHL,2021Q3,educat7,2,18.888822155705803,-0.05691562970167041,-0.12071364025882048,
PHL,2021Q4,educat7,2,18.768108515446983,-0.12071364025882048,0.08562285231126054,
PHL,2022Q1,educat7,2,18.853731367758243,0.08562285231126054,-0.18842754932022387,
PHL,2022Q2,educat7,2,18.66530381843802,-0.18842754932022387,-0.32711051979007877,
PHL,2022Q3,educat7,2,18.33819329864794,-0.32711051979007877,0.20564241852677867,
PHL,2022Q4,educat7,2,18.54383571717472,0.20564241852677867,-0.1451667363547422,
PHL,2023Q1,educat7,2,18.398668980819977,-0.1451667363547422,0.032854139237645796,
PHL,2023Q2,educat7,2,18.431523120057623,0.032854139237645796,0.35304312814608707,
PHL,2023Q3,educat7,2,18.78456624820371,0.35304312814608707,-0.46341304807153705,
PHL,2023Q4,educat7,2,18.321153200132173,-0.46341304807153705,0.5187729186778114,
PHL,2024Q1,educat7,2,18.839926118809984,0.5187729186778114,-0.7292289884010934,
PHL,2024Q2,educat7,2,18.11069713040889,-0.7292289884010934,-0.1031119547301067,
PHL,2024Q3,educat7,2,18.007585175678784,-0.1031119547301067,-0.1713839960070409,
PHL,2024Q4,educat7,2,17.836201179671743,-0.1713839960070409,-0.19004273930132598,
PHL,2025Q1,educat7,2,17.646158440370417,-0.19004273930132598,-0.07416990917125332,
PHL,2025Q2,educat7,2,17.571988531199164,-0.07416990917125332,,
PHL,2021Q1,educat7,3,9.856502070719683,,-0.21911542778530269,
PHL,2021Q2,educat7,3,9.63738664293438,-0.21911542778530269,-0.1680976454538765,
PHL,2021Q3,educat7,3,9.469288997480504,-0.1680976454538765,0.24782461716272586,
PHL,2021Q4,educat7,3,9.71711361464323,0.24782461716272586,-0.34962443225388284,
PHL,2022Q1,educat7,3,9.367489182389347,-0.34962443225388284,-0.0054137568815999515,
PHL,2022Q2,educat7,3,9.362075425507747,-0.0054137568815999515,0.3637564110465341,
PHL,2022Q3,educat7,3,9.725831836554281,0.3637564110465341,-0.31922448936423287,
PHL,2022Q4,educat7,3,9.406607347190048,-0.31922448936423287,-0.22716842148742522,
PHL,2023Q1,educat7,3,9.179438925702623,-0.22716842148742522,0.18148971085184762,
PHL,2023Q2,educat7,3,9.36092863655447,0.18148971085184762,-0.4665543278851967,
PHL,2023Q3,educat7,3,8.894374308669274,-0.4665543278851967,0.14780899657274027,
PHL,2023Q4,educat7,3,9.042183305242014,0.14780899657274027,-0.1605532465515953,
PHL,2024Q1,educat7,3,8.881630058690419,-0.1605532465515953,0.3079040363849703,
PHL,2024Q2,educat7,3,9.18953409507539,0.3079040363849703,0.3841955003923836,
PHL,2024Q3,educat7,3,9.573729595467773,0.3841955003923836,-0.17023271454336175,
PHL,2024Q4,educat7,3,9.403496880924411,-0.17023271454336175,-0.14570776401577845,
PHL,2025Q1,educat7,3,9.257789116908633,-0.14570776401577845,0.07472266676048456,
PHL,2025Q2,educat7,3,9.332511783669117,0.07472266676048456,,
PHL,2021Q1,educat7,4,16.239855754053792,,-0.5892024390938477,
PHL,2021Q2,educat7,4,15.650653314959944,-0.5892024390938477,0.9522572733558388,
PHL,2021Q3,educat7,4,16.602910588315783,0.9522572733558388,-0.4684740846083031,
PHL,2021Q4,educat7,4,16.13443650370748,-0.4684740846083031,0.26585276180156114,
PHL,2022Q1,educat7,4,16.40028926550904,0.26585276180156114,-0.8591997835543221,
PHL,2022Q2,educat7,4,15.54108948195472,-0.8591997835543221,0.1926195415861276,
PHL,2022Q3,educat7,4,15.733709023540847,0.1926195415861276,0.30027187442225767,
PHL,2022Q4,educat7,4,16.033980897963104,0.30027187442225767,-0.631350566880629,
PHL,2023Q1,educat7,4,15.402630331082475,-0.631350566880629,-0.1633713259861871,
PHL,2023Q2,educat7,4,15.239259005096288,-0.1633713259861871,0.6899033968838033,
PHL,2023Q3,educat7,4,15.929162401980092,0.6899033968838033,-1.2815329552085206,
PHL,2023Q4,educat7,4,14.647629446771571,-1.2815329552085206,0.9691326751620046,
PHL,2024Q1,educat7,4,15.616762121933576,0.9691326751620046,-0.762760369083086,
PHL,2024Q2,educat7,4,14.85400175285049,-0.762760369083086,-0.17645636584017765,
PHL,2024Q3,educat7,4,14.677545387010312,-0.17645636584017765,-0.7893774510915694,
PHL,2024Q4,educat7,4,13.888167935918743,-0.7893774510915694,-0.18639141402263348,
PHL,2025Q1,educat7,4,13.70177652189611,-0.18639141402263348,0.3987295524692467,
PHL,2025Q2,educat7,4,14.100506074365356,0.3987295524692467,,
PHL,2021Q1,educat7,5,20.43322421012006,,-0.258054711850491,
PHL,2021Q2,educat7,5,20.175169498269568,-0.258054711850491,0.3519711400087715,
PHL,2021Q3,educat7,5,20.52714063827834,0.3519711400087715,0.336278054917873,
PHL,2021Q4,educat7,5,20.863418693196213,0.336278054917873,-0.036294732991922984,
PHL,2022Q1,educat7,5,20.82712396020429,-0.036294732991922984,0.729217846166275,
PHL,2022Q2,educat7,5,21.556341806370565,0.729217846166275,0.22373392329951258,
PHL,2022Q3,educat7,5,21.780075729670077,0.22373392329951258,0.3843852887546966,
PHL,2022Q4,educat7,5,22.164461018424774,0.3843852887546966,-0.20629780198841274,
PHL,2023Q1,educat7,5,21.95816321643636,-0.20629780198841274,-0.46937024738565825,
PHL,2023Q2,educat7,5,21.488792969050703,-0.46937024738565825,0.310539128723601,
PHL,2023Q3,educat7,5,21.799332097774304,0.310539128723601,0.6689490659647426,
PHL,2023Q4,educat7,5,22.468281163739046,0.6689490659647426,-0.5763809939053388,
PHL,2024Q1,educat7,5,21.891900169833708,-0.5763809939053388,0.7991294184081674,
PHL,2024Q2,educat7,5,22.691029588241875,0.7991294184081674,0.2046691405011778,
PHL,2024Q3,educat7,5,22.895698728743053,0.2046691405011778,0.49495805901719336,
PHL,2024Q4,educat7,5,23.390656787760246,0.49495805901719336,-0.00677044038125274,
PHL,2025Q1,educat7,5,23.383886347378994,-0.00677044038125274,0.3975717812727737,
PHL,2025Q2,educat7,5,23.781458128651767,0.3975717812727737,,
PHL,2021Q1,educat7,6,2.6566151014980672,,0.12844064385981113,
PHL,2021Q2,educat7,6,2.7850557453578784,0.12844064385981113,0.4193724068934781,
PHL,2021Q3,educat7,6,3.2044281522513565,0.4193724068934781,-0.6676146062279362,
PHL,2021Q4,educat7,6,2.5368135460234202,-0.6676146062279362,-0.17382457360458758,
PHL,2022Q1,educat7,6,2.3629889724188327,-0.17382457360458758,0.024870713653978083,
PHL,2022Q2,educat7,6,2.3878596860728107,0.024870713653978083,-0.14323801091680854,
PHL,2022Q3,educat7,6,2.244621675156002,-0.14323801091680854,-0.014577804594493315,
PHL,2022Q4,educat7,6,2.230043870561509,-0.014577804594493315,0.08863903774484116,
PHL,2023Q1,educat7,6,2.31868290830635,0.08863903774484116,-0.09759053676708129,
PHL,2023Q2,educat7,6,2.2210923715392688,-0.09759053676708129,-0.3580646170524082,
PHL,2023Q3,educat7,6,1.8630277544868605,-0.3580646170524082,0.06155841747345536,
PHL,2023Q4,educat7,6,1.924586171960316,0.06155841747345536,-0.12978945380177676,
PHL,2024Q1,educat7,6,1.7947967181585391,-0.12978945380177676,0.14381845683715433,
PHL,2024Q2,educat7,6,1.9386151749956935,0.14381845683715433,0.0007077719783938896,
PHL,2024Q3,educat7,6,1.9393229469740874,0.0007077719783938896,-0.14568628031076236,
PHL,2024Q4,educat7,6,1.793636666663325,-0.14568628031076236,0.17027563505824417,
PHL,2025Q1,educat7,6,1.9639123017215692,0.17027563505824417,0.03951483305199188,
PHL,2025Q2,educat7,6,2.003427134773561,0.03951483305199188,,
PHL,2021Q1,educat7,7,17.850721119371304,,0.7807902231924011,
PHL,2021Q2,educat7,7,18.631511342563705,0.7807902231924011,-0.2320353980510781,
PHL,2021Q3,educat7,7,18.399475944512627,-0.2320353980510781,0.6147374677621755,
PHL,2021Q4,educat7,7,19.014213412274803,0.6147374677621755,0.10702133615633258,
PHL,2022Q1,educat7,7,19.121234748431135,0.10702133615633258,-0.29663911333967974,
PHL,2022Q2,educat7,7,18.824595635091455,-0.29663911333967974,0.7578418710651498,
PHL,2022Q3,educat7,7,19.582437506156605,0.7578418710651498,-0.4009824923334193,
PHL,2022Q4,educat7,7,19.181455013823186,-0.4009824923334193,0.6132395631965686,
PHL,2023Q1,educat7,7,19.794694577019754,0.6132395631965686,0.09998610686461262,
PHL,2023Q2,educat7,7,19.894680683884367,0.09998610686461262,0.029646733884614918,
PHL,2023Q3,educat7,7,19.924327417768982,0.029646733884614918,0.9822143187715966,
PHL,2023Q4,educat7,7,20.90654173654058,0.9822143187715966,-0.9470003999119854,
PHL,2024Q1,educat7,7,19.959541336628593,-0.9470003999119854,-0.43671682137140166,
PHL,2024Q2,educat7,7,19.52282451525719,-0.43671682137140166,1.1341122701175692,
PHL,2024Q3,educat7,7,20.65693678537476,1.1341122701175692,0.6190449529782498,
PHL,2024Q4,educat7,7,21.27598173835301,0.6190449529782498,-0.30226108530349904,
PHL,2025Q1,educat7,7,20.97372065304951,-0.30226108530349904,0.2559380518920449,
PHL,2025Q2,educat7,7,21.229658704941556,0.2559380518920449,,
PHL,2021Q1,educat7,NA,7.774741243587212,,0.05777075132209131,
PHL,2021Q2,educat7,NA,7.832511994909304,0.05777075132209131,-0.18562786802166986,
PHL,2021Q3,educat7,NA,7.646884126887634,-0.18562786802166986,-0.16334813947400129,
PHL,2021Q4,educat7,NA,7.4835359874136325,-0.16334813947400129,-0.06990091446715851,
PHL,2022Q1,educat7,NA,7.413635072946474,-0.06990091446715851,0.015504857894796054,
PHL,2022Q2,educat7,NA,7.42913993084127,0.015504857894796054,-0.003502994201891596,
PHL,2022Q3,educat7,NA,7.425636936639378,-0.003502994201891596,-0.07516943840034163,
PHL,2022Q4,educat7,NA,7.350467498239037,-0.07516943840034163,-0.05058444785503813,
PHL,2023Q1,educat7,NA,7.299883050383999,-0.05058444785503813,0.17918643273303392,
PHL,2023Q2,educat7,NA,7.479069483117033,0.17918643273303392,0.44380864627125227,
PHL,2023Q3,educat7,NA,7.922878129388285,0.44380864627125227,-0.19981422019473793,
PHL,2023Q4,educat7,NA,7.723063909193547,-0.19981422019473793,-0.06031507605859421,
PHL,2024Q1,educat7,NA,7.662748833134953,-0.06031507605859421,0.22875589139412256,
PHL,2024Q2,educat7,NA,7.891504724529075,0.22875589139412256,-0.6923916618380748,
PHL,2024Q3,educat7,NA,7.1991130626910005,-0.6923916618380748,0.14483256147987067,
PHL,2024Q4,educat7,NA,7.343945624170871,0.14483256147987067,0.15151408146277134,
PHL,2025Q1,educat7,NA,7.4954597056336425,0.15151408146277134,-0.12475880880011925,
PHL,2025Q2,educat7,NA,7.370700896833523,-0.12475880880011925,,
PHL,2021Q1,empstat,1,62.79730232031188,,-1.7844908674509412,
PHL,2021Q2,empstat,1,61.01281145286094,-1.7844908674509412,6.0773091364738505,
PHL,2021Q3,empstat,1,67.09012058933479,6.0773091364738505,-4.595367890639501,spike
PHL,2021Q4,empstat,1,62.49475269869529,-4.595367890639501,3.177961178968438,spike
PHL,2022Q1,empstat,1,65.67271387766372,3.177961178968438,-2.831469005205058,level_shift
PHL,2022Q2,empstat,1,62.84124487245867,-2.831469005205058,-0.7418827553165954,
PHL,2022Q3,empstat,1,62.09936211714207,-0.7418827553165954,0.5268333977354445,
PHL,2022Q4,empstat,1,62.626195514877516,0.5268333977354445,-0.3141996938847811,
PHL,2023Q1,empstat,1,62.311995820992735,-0.3141996938847811,-0.7643178745899988,
PHL,2023Q2,empstat,1,61.547677946402736,-0.7643178745899988,6.2016940875909725,
PHL,2023Q3,empstat,1,67.74937203399371,6.2016940875909725,-4.6753564327848025,spike
PHL,2023Q4,empstat,1,63.074015601208906,-4.6753564327848025,4.554991257587723,spike
PHL,2024Q1,empstat,1,67.62900685879663,4.554991257587723,-4.009115949161206,spike
PHL,2024Q2,empstat,1,63.61989090963542,-4.009115949161206,0.1228739340641738,level_shift
PHL,2024Q3,empstat,1,63.7427648436996,0.1228739340641738,0.10124682025983844,
PHL,2024Q4,empstat,1,63.844011663959435,0.10124682025983844,-0.827012860068109,
PHL,2025Q1,empstat,1,63.016998803891326,-0.827012860068109,0.17250880429652682,
PHL,2025Q2,empstat,1,63.18950760818785,0.17250880429652682,,
PHL,2021Q1,empstat,2,5.892866887948571,,2.0204889628519975,
PHL,2021Q2,empstat,2,7.913355850800569,2.0204889628519975,-4.174398056200531,
PHL,2021Q3,empstat,2,3.7389577946000374,-4.174398056200531,3.5385276626170805,spike
PHL,2021Q4,empstat,2,7.277485457217118,3.5385276626170805,-2.3366723651528023,level_shift
PHL,2022Q1,empstat,2,4.940813092064316,-2.3366723651528023,2.130109177538057,
PHL,2022Q2,empstat,2,7.070922269602373,2.130109177538057,0.7734230486023383,
PHL,2022Q3,empstat,2,7.844345318204711,0.7734230486023383,-0.5696246612976239,
PHL,2022Q4,empstat,2,7.274720656907087,-0.5696246612976239,0.8632186687402541,
PHL,2023Q1,empstat,2,8.137939325647341,0.8632186687402541,0.3159265567324603,
PHL,2023Q2,empstat,2,8.453865882379802,0.3159265567324603,-4.201881173136348,
PHL,2023Q3,empstat,2,4.2519847092434535,-4.201881173136348,2.2350414575192854,level_shift
PHL,2023Q4,empstat,2,6.487026166762739,2.2350414575192854,-2.0354889482047858,
PHL,2024Q1,empstat,2,4.451537218557953,-2.0354889482047858,2.021617272814459,
PHL,2024Q2,empstat,2,6.473154491372412,2.021617272814459,-0.7961424637870591,
PHL,2024Q3,empstat,2,5.677012027585353,-0.7961424637870591,0.2035628248200423,
PHL,2024Q4,empstat,2,5.880574852405395,0.2035628248200423,0.6765539768986795,
PHL,2025Q1,empstat,2,6.557128829304075,0.6765539768986795,0.2721123110902486,
PHL,2025Q2,empstat,2,6.829241140394323,0.2721123110902486,,
PHL,2021Q1,empstat,3,2.712902245193583,,-0.09364887430861879,
PHL,2021Q2,empstat,3,2.619253370884964,-0.09364887430861879,0.37047407504134267,
PHL,2021Q3,empstat,3,2.989727445926307,0.37047407504134267,0.09593636863324351,
PHL,2021Q4,empstat,3,3.0856638145595503,0.09593636863324351,-0.2368940270061266,
PHL,2022Q1,empstat,3,2.8487697875534237,-0.2368940270061266,-0.3193442731692975,
PHL,2022Q2,empstat,3,2.529425514384126,-0.3193442731692975,0.08049841302092897,
PHL,2022Q3,empstat,3,2.609923927405055,0.08049841302092897,-0.2845786263240466,
PHL,2022Q4,empstat,3,2.3253453010810086,-0.2845786263240466,0.20096122202307543,
PHL,2023Q1,empstat,3,2.526306523104084,0.20096122202307543,-0.046480921925451835,
PHL,2023Q2,empstat,3,2.479825601178632,-0.046480921925451835,0.5954300154897259,
PHL,2023Q3,empstat,3,3.075255616668358,0.5954300154897259,-0.493071857050817,
PHL,2023Q4,empstat,3,2.582183759617541,-0.493071857050817,0.05045384585914414,
PHL,2024Q1,empstat,3,2.632637605476685,0.05045384585914414,-0.585702360235735,
PHL,2024Q2,empstat,3,2.04693524524095,-0.585702360235735,0.3144433517058993,
PHL,2024Q3,empstat,3,2.3613785969468495,0.3144433517058993,0.18861887949335143,
PHL,2024Q4,empstat,3,2.549997476440201,0.18861887949335143,-0.3195088309588683,
PHL,2025Q1,empstat,3,2.2304886454813326,-0.3195088309588683,-0.2398258386767811,
PHL,2025Q2,empstat,3,1.9906628068045515,-0.2398258386767811,,
PHL,2021Q1,empstat,4,28.596928546545968,,-0.14234922109244863,
PHL,2021Q2,empstat,4,28.45457932545352,-0.14234922109244863,-2.2733851553146565,
PHL,2021Q3,empstat,4,26.181194170138863,-2.2733851553146565,0.9609038593891874,
PHL,2021Q4,empstat,4,27.14209802952805,0.9609038593891874,-0.604394786809511,
PHL,2022Q1,empstat,4,26.53770324271854,-0.604394786809511,1.0207041008362943,
PHL,2022Q2,empstat,4,27.558407343554833,1.0207041008362943,-0.11203870630666302,
PHL,2022Q3,empstat,4,27.44636863724817,-0.11203870630666302,0.3273698898862314,
PHL,2022Q4,empstat,4,27.7737385271344,0.3273698898862314,-0.7499801968785569,
PHL,2023Q1,empstat,4,27.023758330255845,-0.7499801968785569,0.494872239782989,
PHL,2023Q2,empstat,4,27.518630570038834,0.494872239782989,-2.5952429299443516,
PHL,2023Q3,empstat,4,24.923387640094482,-2.5952429299443516,2.9333868323163266,
PHL,2023Q4,empstat,4,27.85677447241081,2.9333868323163266,-2.5699561552420818,
PHL,2024Q1,empstat,4,25.286818317168727,-2.5699561552420818,2.573201036582482,
PHL,2024Q2,empstat,4,27.86001935375121,2.573201036582482,0.3588251780169962,
PHL,2024Q3,empstat,4,28.218844531768205,0.3588251780169962,-0.4934285245732255,
PHL,2024Q4,empstat,4,27.72541600719498,-0.4934285245732255,0.4699677141282983,
PHL,2025Q1,empstat,4,28.195383721323278,0.4699677141282983,-0.20479527671001563,
PHL,2025Q2,empstat,4,27.990588444613262,-0.20479527671001563,,
PHL,2021Q1,industrycat10,1,24.349628229308678,,0.05596807382419655,
PHL,2021Q2,industrycat10,1,24.405596303132874,0.05596807382419655,-2.362078478324406,
PHL,2021Q3,industrycat10,1,22.043517824808468,-2.362078478324406,2.528351594478135,
PHL,2021Q4,industrycat10,1,24.571869419286603,2.528351594478135,-2.8572893153728955,
PHL,2022Q1,industrycat10,1,21.714580103913708,-2.8572893153728955,1.8483166852595332,
PHL,2022Q2,industrycat10,1,23.56289678917324,1.8483166852595332,-0.0773345683103237,
PHL,2022Q3,industrycat10,1,23.485562220862917,-0.0773345683103237,-0.9761338230501728,
PHL,2022Q4,industrycat10,1,22.509428397812744,-0.9761338230501728,-0.30273321763778327,
PHL,2023Q1,industrycat10,1,22.20669518017496,-0.30273321763778327,-0.26393637205366716,
PHL,2023Q2,industrycat10,1,21.942758808121294,-0.26393637205366716,-1.3873034787167597,
PHL,2023Q3,industrycat10,1,20.555455329404534,-1.3873034787167597,1.588399612506855,
PHL,2023Q4,industrycat10,1,22.14385494191139,1.588399612506855,-1.734438679769692,
PHL,2024Q1,industrycat10,1,20.409416262141697,-1.734438679769692,-0.14623019700897544,
PHL,2024Q2,industrycat10,1,20.26318606513272,-0.14623019700897544,0.8777506706058062,
PHL,2024Q3,industrycat10,1,21.140936735738528,0.8777506706058062,0.012274266279188595,
PHL,2024Q4,industrycat10,1,21.153211002017716,0.012274266279188595,-0.02939754589862531,
PHL,2025Q1,industrycat10,1,21.12381345611909,-0.02939754589862531,-0.5391881390508573,
PHL,2025Q2,industrycat10,1,20.584625317068234,-0.5391881390508573,,
PHL,2021Q1,industrycat10,10,11.660010422903017,,-0.2021187577559882,
PHL,2021Q2,industrycat10,10,11.457891665147029,-0.2021187577559882,0.14793016726456898,
PHL,2021Q3,industrycat10,10,11.605821832411598,0.14793016726456898,-0.2035041605144361,
PHL,2021Q4,industrycat10,10,11.402317671897162,-0.2035041605144361,0.4580894661166841,
PHL,2022Q1,industrycat10,10,11.860407138013846,0.4580894661166841,-0.1893432922034357,
PHL,2022Q2,industrycat10,10,11.67106384581041,-0.1893432922034357,-0.32035397492546025,
PHL,2022Q3,industrycat10,10,11.35070987088495,-0.32035397492546025,0.2610543345286995,
PHL,2022Q4,industrycat10,10,11.61176420541365,0.2610543345286995,-0.10746912445441303,
PHL,2023Q1,industrycat10,10,11.504295080959237,-0.10746912445441303,0.7493624122306919,
PHL,2023Q2,industrycat10,10,12.253657493189928,0.7493624122306919,-0.01803303294487968,
PHL,2023Q3,industrycat10,10,12.235624460245049,-0.01803303294487968,-0.4380653752412904,
PHL,2023Q4,industrycat10,10,11.797559085003758,-0.4380653752412904,0.5733888799821525,
PHL,2024Q1,industrycat10,10,12.37094796498591,0.5733888799821525,-0.08155076148622697,
PHL,2024Q2,industrycat10,10,12.289397203499684,-0.08155076148622697,-0.518859773603241,
PHL,2024Q3,industrycat10,10,11.770537429896443,-0.518859773603241,0.0772289820789478,
PHL,2024Q4,industrycat10,10,11.84776641197539,0.0772289820789478,0.2689529827065513,
PHL,2025Q1,industrycat10,10,12.116719394681942,0.2689529827065513,-0.15259848107968566,
PHL,2025Q2,industrycat10,10,11.964120913602256,-0.15259848107968566,,
PHL,2021Q1,industrycat10,2,0.43028433634543956,,0.014343182577741698,
PHL,2021Q2,industrycat10,2,0.44462751892318125,0.014343182577741698,0.04115678983857973,
PHL,2021Q3,industrycat10,2,0.485784308761761,0.04115678983857973,-0.09746233688344957,
PHL,2021Q4,industrycat10,2,0.3883219718783114,-0.09746233688344957,0.08022401568989307,
PHL,2022Q1,industrycat10,2,0.4685459875682045,0.08022401568989307,-0.025005993916185798,
PHL,2022Q2,industrycat10,2,0.4435399936520187,-0.025005993916185798,-0.03690374285173831,
PHL,2022Q3,industrycat10,2,0.4066362508002804,-0.03690374285173831,0.0970674917490853,
PHL,2022Q4,industrycat10,2,0.5037037425493657,0.0970674917490853,-0.04444069356426017,
PHL,2023Q1,industrycat10,2,0.4592630489851055,-0.04444069356426017,0.04058313495082483,
PHL,2023Q2,industrycat10,2,0.49984618393593033,0.04058313495082483,-0.004128195491299724,
PHL,2023Q3,industrycat10,2,0.4957179884446306,-0.004128195491299724,-0.15643165596662173,
PHL,2023Q4,industrycat10,2,0.3392863324780089,-0.15643165596662173,0.13031455811716536,
PHL,2024Q1,industrycat10,2,0.46960089059517424,0.13031455811716536,0.03451099138011965,
PHL,2024Q2,industrycat10,2,0.5041118819752939,0.03451099138011965,-0.11587810304206697,
PHL,2024Q3,industrycat10,2,0.3882337789332269,-0.11587810304206697,0.1554904617704696,
PHL,2024Q4,industrycat10,2,0.5437242407036965,0.1554904617704696,-0.08918307111825935,
PHL,2025Q1,industrycat10,2,0.45454116958543717,-0.08918307111825935,-0.068329006022389,
PHL,2025Q2,industrycat10,2,0.38621216356304816,-0.068329006022389,,
PHL,2021Q1,industrycat10,3,7.613625676733485,,0.2903988107119764,
PHL,2021Q2,industrycat10,3,7.9040244874454615,0.2903988107119764,0.5612136371779304,
PHL,2021Q3,industrycat10,3,8.465238124623392,0.5612136371779304,-0.8858851067533848,
PHL,2021Q4,industrycat10,3,7.579353017870007,-0.8858851067533848,0.8355244151560601,
PHL,2022Q1,industrycat10,3,8.414877433026067,0.8355244151560601,-0.40244794728250355,
PHL,2022Q2,industrycat10,3,8.012429485743564,-0.40244794728250355,-0.6436330369133199,
PHL,2022Q3,industrycat10,3,7.368796448830244,-0.6436330369133199,0.44415474863905846,
PHL,2022Q4,industrycat10,3,7.812951197469302,0.44415474863905846,-0.05933355957390951,
PHL,2023Q1,industrycat10,3,7.753617637895393,-0.05933355957390951,-0.5668065597916723,
PHL,2023Q2,industrycat10,3,7.18681107810372,-0.5668065597916723,0.9223581290435137,
PHL,2023Q3,industrycat10,3,8.109169207147234,0.9223581290435137,-0.5714399778257011,
PHL,2023Q4,industrycat10,3,7.537729229321533,-0.5714399778257011,0.23874314507360062,
PHL,2024Q1,industrycat10,3,7.776472374395134,0.23874314507360062,-0.04481454937719587,
PHL,2024Q2,industrycat10,3,7.731657825017938,-0.04481454937719587,-0.4895579644981316,
PHL,2024Q3,industrycat10,3,7.242099860519806,-0.4895579644981316,-0.009726915477481946,
PHL,2024Q4,industrycat10,3,7.232372945042324,-0.009726915477481946,-0.28669905399745055,
PHL,2025Q1,industrycat10,3,6.945673891044874,-0.28669905399745055,-0.10885518373172687,
PHL,2025Q2,industrycat10,3,6.836818707313147,-0.10885518373172687,,
PHL,2021Q1,industrycat10,4,0.32370392855278285,,-0.012237667870072189,
PHL,2021Q2,industrycat10,4,0.31146626068271066,-0.012237667870072189,0.10998476198417179,
PHL,2021Q3,industrycat10,4,0.42145102266688245,0.10998476198417179,-0.03388519330636869,
PHL,2021Q4,industrycat10,4,0.38756582936051376,-0.03388519330636869,0.01621720897663448,
PHL,2022Q1,industrycat10,4,0.40378303833714824,0.01621720897663448,-0.026764113117932475,
PHL,2022Q2,industrycat10,4,0.37701892521921576,-0.026764113117932475,-0.00021406029229598111,
PHL,2022Q3,industrycat10,4,0.3768048649269198,-0.00021406029229598111,-0.0518244753472466,
PHL,2022Q4,industrycat10,4,0.3249803895796732,-0.0518244753472466,0.014908731475236803,
PHL,2023Q1,industrycat10,4,0.33988912105491,0.014908731475236803,-0.006243317062003928,
PHL,2023Q2,industrycat10,4,0.33364580399290605,-0.006243317062003928,0.07496276453721834,
PHL,2023Q3,industrycat10,4,0.4086085685301244,0.07496276453721834,-0.07081245772201678,
PHL,2023Q4,industrycat10,4,0.3377961108081076,-0.07081245772201678,0.07476461101533927,
PHL,2024Q1,industrycat10,4,0.4125607218234469,0.07476461101533927,-0.07377651122643941,
PHL,2024Q2,industrycat10,4,0.3387842105970075,-0.07377651122643941,0.04940938723610305,
PHL,2024Q3,industrycat10,4,0.3881935978331105,0.04940938723610305,-0.02094885352913356,
PHL,2024Q4,industrycat10,4,0.36724474430397697,-0.02094885352913356,0.0023638864813180227,
PHL,2025Q1,industrycat10,4,0.369608630785295,0.0023638864813180227,0.017383562456967927,
PHL,2025Q2,industrycat10,4,0.3869921932422629,0.017383562456967927,,
PHL,2021Q1,industrycat10,5,10.062865755848891,,-0.5008059140391588,
PHL,2021Q2,industrycat10,5,9.562059841809733,-0.5008059140391588,0.9633131680308953,
PHL,2021Q3,industrycat10,5,10.525373009840628,0.9633131680308953,-1.0529870571048843,
PHL,2021Q4,industrycat10,5,9.472385952735744,-1.0529870571048843,0.5873045300734994,
PHL,2022Q1,industrycat10,5,10.059690482809243,0.5873045300734994,-0.4481305585545492,
PHL,2022Q2,industrycat10,5,9.611559924254694,-0.4481305585545492,-0.06815435299893124,
PHL,2022Q3,industrycat10,5,9.543405571255763,-0.06815435299893124,0.1827868261786456,
PHL,2022Q4,industrycat10,5,9.726192397434408,0.1827868261786456,-1.2417398403793882,
PHL,2023Q1,industrycat10,5,8.48445255705502,-1.2417398403793882,0.5040581237742199,
PHL,2023Q2,industrycat10,5,8.98851068082924,0.5040581237742199,1.2809289103057235,
PHL,2023Q3,industrycat10,5,10.269439591134963,1.2809289103057235,-0.7101959315007189,
PHL,2023Q4,industrycat10,5,9.559243659634244,-0.7101959315007189,0.47841782573425107,
PHL,2024Q1,industrycat10,5,10.037661485368496,0.47841782573425107,-0.337904500621919,
PHL,2024Q2,industrycat10,5,9.699756984746577,-0.337904500621919,0.26475779222138307,
PHL,2024Q3,industrycat10,5,9.96451477696796,0.26475779222138307,-0.2378332116553974,
PHL,2024Q4,industrycat10,5,9.726681565312562,-0.2378332116553974,-0.24609288462619894,
PHL,2025Q1,industrycat10,5,9.480588680686363,-0.24609288462619894,0.4036404762863981,
PHL,2025Q2,industrycat10,5,9.884229156972761,0.4036404762863981,,
PHL,2021Q1,industrycat10,6,24.354356505597146,,1.6186109251443064,
PHL,2021Q2,industrycat10,6,25.972967430741452,1.6186109251443064,-2.146164327390867,
PHL,2021Q3,industrycat10,6,23.826803103350585,-2.146164327390867,1.6781631008281508,
PHL,2021Q4,industrycat10,6,25.504966204178736,1.6781631008281508,-1.0820670424639864,
PHL,2022Q1,industrycat10,6,24.42289916171475,-1.0820670424639864,0.9050837450757783,
PHL,2022Q2,industrycat10,6,25.327982906790528,0.9050837450757783,1.1906702487706866,
PHL,2022Q3,industrycat10,6,26.518653155561214,1.1906702487706866,-0.5395761384853728,
PHL,2022Q4,industrycat10,6,25.97907701707584,-0.5395761384853728,0.7276216092898835,
PHL,2023Q1,industrycat10,6,26.706698626365725,0.7276216092898835,0.025042893969590807,
PHL,2023Q2,industrycat10,6,26.731741520335316,0.025042893969590807,-2.585044361034175,
PHL,2023Q3,industrycat10,6,24.14669715930114,-2.585044361034175,1.6546848833872154,
PHL,2023Q4,industrycat10,6,25.801382042688356,1.6546848833872154,-1.1678012589205835,
PHL,2024Q1,industrycat10,6,24.633580783767773,-1.1678012589205835,2.0367618827973075,
PHL,2024Q2,industrycat10,6,26.67034266656508,2.0367618827973075,-0.8204773194698731,
PHL,2024Q3,industrycat10,6,25.849865347095207,-0.8204773194698731,-0.2634470521875727,
PHL,2024Q4,industrycat10,6,25.586418294907634,-0.2634470521875727,0.5740869347793343,
PHL,2025Q1,industrycat10,6,26.16050522968697,0.5740869347793343,-0.0689098870181084,
PHL,2025Q2,industrycat10,6,26.09159534266886,-0.0689098870181084,,
PHL,2021Q1,industrycat10,7,8.25095717114141,,-0.7846245811281047,
PHL,2021Q2,industrycat10,7,7.466332590013305,-0.7846245811281047,0.7992731832473279,
PHL,2021Q3,industrycat10,7,8.265605773260633,0.7992731832473279,-0.7657428122341994,
PHL,2021Q4,industrycat10,7,7.499862961026434,-0.7657428122341994,0.9963267642071063,
PHL,2022Q1,industrycat10,7,8.49618972523354,0.9963267642071063,-0.6531574973225975,
PHL,2022Q2,industrycat10,7,7.843032227910943,-0.6531574973225975,-0.298093676304366,
PHL,2022Q3,industrycat10,7,7.544938551606577,-0.298093676304366,0.6588178274473888,
PHL,2022Q4,industrycat10,7,8.203756379053965,0.6588178274473888,0.32483954256150405,
PHL,2023Q1,industrycat10,7,8.52859592161547,0.32483954256150405,-0.2982238663444168,
PHL,2023Q2,industrycat10,7,8.230372055271053,-0.2982238663444168,0.9472905588316287,
PHL,2023Q3,industrycat10,7,9.177662614102681,0.9472905588316287,-0.6565707752533871,
PHL,2023Q4,industrycat10,7,8.521091838849294,-0.6565707752533871,0.6886215633920187,
PHL,2024Q1,industrycat10,7,9.209713402241313,0.6886215633920187,-0.5365441230252159,
PHL,2024Q2,industrycat10,7,8.673169279216097,-0.5365441230252159,-0.09904839023196388,
PHL,2024Q3,industrycat10,7,8.574120888984133,-0.09904839023196388,0.30874132900912166,
PHL,2024Q4,industrycat10,7,8.882862217993255,0.30874132900912166,0.10859467485483343,
PHL,2025Q1,industrycat10,7,8.991456892848088,0.10859467485483343,-0.3209438145480412,
PHL,2025Q2,industrycat10,7,8.670513078300047,-0.3209438145480412,,
PHL,2021Q1,industrycat10,8,6.93520735058105,,-0.4913084961734677,
PHL,2021Q2,industrycat10,8,6.443898854407582,-0.4913084961734677,1.4864230447260374,
PHL,2021Q3,industrycat10,8,7.930321899133619,1.4864230447260374,-0.9310881254266787,
PHL,2021Q4,industrycat10,8,6.9992337737069406,-0.9310881254266787,0.8431788142000061,
PHL,2022Q1,industrycat10,8,7.842412587906947,0.8431788142000061,-0.7368108001749754,
PHL,2022Q2,industrycat10,8,7.105601787731971,-0.7368108001749754,0.17107620761592912,
PHL,2022Q3,industrycat10,8,7.2766779953479,0.17107620761592912,0.21536177845042648,
PHL,2022Q4,industrycat10,8,7.492039773798327,0.21536177845042648,0.27601231675374205,
PHL,2023Q1,industrycat10,8,7.768052090552069,0.27601231675374205,0.03858274532445627,
PHL,2023Q2,industrycat10,8,7.806634835876525,0.03858274532445627,0.9310981553378008,
PHL,2023Q3,industrycat10,8,8.737732991214326,0.9310981553378008,-0.7081221235096589,
PHL,2023Q4,industrycat10,8,8.029610867704667,-0.7081221235096589,0.5782154000719473,
PHL,2024Q1,industrycat10,8,8.607826267776614,0.5782154000719473,-0.5728701982559787,
PHL,2024Q2,industrycat10,8,8.034956069520636,-0.5728701982559787,0.3616761327132405,
PHL,2024Q3,industrycat10,8,8.396632202233876,0.3616761327132405,0.30614362622751656,
PHL,2024Q4,industrycat10,8,8.702775828461393,0.30614362622751656,-0.159807973440234,
PHL,2025Q1,industrycat10,8,8.542967855021159,-0.159807973440234,0.3539256123940717,
PHL,2025Q2,industrycat10,8,8.89689346741523,0.3539256123940717,,
PHL,2021Q1,industrycat10,9,6.019360622988103,,0.011774424708557163,
PHL,2021Q2,industrycat10,9,6.03113504769666,0.011774424708557163,0.39894805344578455,
PHL,2021Q3,industrycat10,9,6.430083101142444,0.39894805344578455,-0.23595990308289227,
PHL,2021Q4,industrycat10,9,6.194123198059552,-0.23595990308289227,0.1224911434170064,
PHL,2022Q1,industrycat10,9,6.3166143414765585,0.1224911434170064,-0.27174022776315176,
PHL,2022Q2,industrycat10,9,6.044874113713407,-0.27174022776315176,0.08294095620981778,
PHL,2022Q3,industrycat10,9,6.1278150699232246,0.08294095620981778,-0.29170857011049733,
PHL,2022Q4,industrycat10,9,5.836106499812727,-0.29170857011049733,0.41233423552939197,
PHL,2023Q1,industrycat10,9,6.248440735342119,0.41233423552939197,-0.22241919499803764,
PHL,2023Q2,industrycat10,9,6.0260215403440816,-0.22241919499803764,-0.16212944986875755,
PHL,2023Q3,industrycat10,9,5.863892090475324,-0.16212944986875755,0.0685538011253124,
PHL,2023Q4,industrycat10,9,5.932445891600636,0.0685538011253124,0.13977395530379688,
PHL,2024Q1,industrycat10,9,6.072219846904433,0.13977395530379688,-0.2775820331754577,
PHL,2024Q2,industrycat10,9,5.794637813728976,-0.2775820331754577,0.49022756806872003,
PHL,2024Q3,industrycat10,9,6.284865381797696,0.49022756806872003,-0.32792263251564435,
PHL,2024Q4,industrycat10,9,5.956942749282051,-0.32792263251564435,-0.14281794974126694,
PHL,2025Q1,industrycat10,9,5.814124799540784,-0.14281794974126694,0.4838748603133638,
PHL,2025Q2,industrycat10,9,6.297999659854148,0.4838748603133638,,
PHL,2021Q1,lstatus,1,38.286775646909604,,1.7795960684109815,
PHL,2021Q2,lstatus,1,40.066371715320585,1.7795960684109815,-1.701416009083104,
PHL,2021Q3,lstatus,1,38.36495570623748,-1.701416009083104,1.9756084190127439,
PHL,2021Q4,lstatus,1,40.340564125250225,1.9756084190127439,-0.8032224286179783,
PHL,2022Q1,lstatus,1,39.53734169663225,-0.8032224286179783,2.145901971769142,
PHL,2022Q2,lstatus,1,41.68324366840139,2.145901971769142,1.4985577252591114,
PHL,2022Q3,lstatus,1,43.1818013936605,1.4985577252591114,-0.39326823344077866,
PHL,2022Q4,lstatus,1,42.78853316021972,-0.39326823344077866,0.16537702577475955,
PHL,2023Q1,lstatus,1,42.95391018599448,0.16537702577475955,0.5755364909722758,
PHL,2023Q2,lstatus,1,43.52944667696676,0.5755364909722758,-3.454564143081683,
PHL,2023Q3,lstatus,1,40.074882533885074,-3.454564143081683,2.916262275084641,level_shift
PHL,2023Q4,lstatus,1,42.991144808969715,2.916262275084641,-1.9325984293770944,
PHL,2024Q1,lstatus,1,41.05854637959262,-1.9325984293770944,2.1976110930822728,
PHL,2024Q2,lstatus,1,43.25615747267489,2.1976110930822728,-0.706075994025376,
PHL,2024Q3,lstatus,1,42.55008147864952,-0.706075994025376,0.29711658161042465,
PHL,2024Q4,lstatus,1,42.84719806025994,0.29711658161042465,0.25667880417756805,
PHL,2025Q1,lstatus,1,43.10387686443751,0.25667880417756805,0.059450585333529204,
PHL,2025Q2,lstatus,1,43.16332744977104,0.059450585333529204,,
PHL,2021Q1,lstatus,2,3.679359046725053,,0.15222913756436895,
PHL,2021Q2,lstatus,2,3.831588184289422,0.15222913756436895,-0.8584130063151747,
PHL,2021Q3,lstatus,2,2.9731751779742472,-0.8584130063151747,0.2524253364720601,
PHL,2021Q4,lstatus,2,3.2256005144463074,0.2524253364720601,-0.5274808017415467,
PHL,2022Q1,lstatus,2,2.6981197127047607,-0.5274808017415467,-0.17383087473988512,
PHL,2022Q2,lstatus,2,2.5242888379648756,-0.17383087473988512,-0.15331276185707665,
PHL,2022Q3,lstatus,2,2.370976076107799,-0.15331276185707665,-0.3344777998882229,
PHL,2022Q4,lstatus,2,2.036498276219576,-0.3344777998882229,0.12077314534672556,
PHL,2023Q1,lstatus,2,2.1572714215663016,0.12077314534672556,-0.11373455368963237,
PHL,2023Q2,lstatus,2,2.043536867876669,-0.11373455368963237,0.015304460390573649,
PHL,2023Q3,lstatus,2,2.058841328267243,0.015304460390573649,-0.17930490267218047,
PHL,2023Q4,lstatus,2,1.8795364255950624,-0.17930490267218047,0.0502335495663111,
PHL,2024Q1,lstatus,2,1.9297699751613735,0.0502335495663111,-0.10399500133387285,
PHL,2024Q2,lstatus,2,1.8257749738275006,-0.10399500133387285,0.2937580632565806,
PHL,2024Q3,lstatus,2,2.1195330370840813,0.2937580632565806,-0.37053038115393666,
PHL,2024Q4,lstatus,2,1.7490026559301446,-0.37053038115393666,0.1758818076696136,
PHL,2025Q1,lstatus,2,1.9248844635997582,0.1758818076696136,-0.09478836157797699,
PHL,2025Q2,lstatus,2,1.8300961020217812,-0.09478836157797699,,
PHL,2021Q1,lstatus,3,27.40179135629483,,-1.8782561524899712,
PHL,2021Q2,lstatus,3,25.523535203804858,-1.8782561524899712,2.716742156293396,
PHL,2021Q3,lstatus,3,28.240277360098254,2.716742156293396,-2.242286159608735,
PHL,2021Q4,lstatus,3,25.99799120048952,-2.242286159608735,1.536549220185524,
PHL,2022Q1,lstatus,3,27.534540420675043,1.536549220185524,-1.9745916995443018,
PHL,2022Q2,lstatus,3,25.55994872113074,-1.9745916995443018,-1.281277558755896,
PHL,2022Q3,lstatus,3,24.278671162374845,-1.281277558755896,0.7826492424269489,
PHL,2022Q4,lstatus,3,25.061320404801794,0.7826492424269489,-0.22911362101315902,
PHL,2023Q1,lstatus,3,24.832206783788635,-0.22911362101315902,-0.42566067377566696,
PHL,2023Q2,lstatus,3,24.406546110012968,-0.42566067377566696,3.641870066538562,
PHL,2023Q3,lstatus,3,28.04841617655153,3.641870066538562,-2.749490160673492,level_shift
PHL,2023Q4,lstatus,3,25.29892601587804,-2.749490160673492,2.047839987206583,
PHL,2024Q1,lstatus,3,27.34676600308462,2.047839987206583,-2.10000782896433,
PHL,2024Q2,lstatus,3,25.24675817412029,-2.10000782896433,0.4840236638949449,
PHL,2024Q3,lstatus,3,25.730781838015236,0.4840236638949449,0.15856089418689834,
PHL,2024Q4,lstatus,3,25.889342732202135,0.15856089418689834,-0.407097424997378,
PHL,2025Q1,lstatus,3,25.482245307204757,-0.407097424997378,0.10849165844258835,
PHL,2025Q2,lstatus,3,25.590736965647345,0.10849165844258835,,
PHL,2021Q1,lstatus,NA,30.632073950070524,,-0.05356905348538632,
PHL,2021Q2,lstatus,NA,30.578504896585137,-0.05356905348538632,-0.15691314089511366,
PHL,2021Q3,lstatus,NA,30.421591755690024,-0.15691314089511366,0.014252404123926254,
PHL,2021Q4,lstatus,NA,30.43584415981395,0.014252404123926254,-0.20584598982599545,
PHL,2022Q1,lstatus,NA,30.229998169987955,-0.20584598982599545,0.0025206025150410483,
PHL,2022Q2,lstatus,NA,30.232518772502996,0.0025206025150410483,-0.0639674046461387,
PHL,2022Q3,lstatus,NA,30.168551367856857,-0.0639674046461387,-0.05490320909792956,
PHL,2022Q4,lstatus,NA,30.113648158758927,-0.05490320909792956,-0.05703655010835362,
PHL,2023Q1,lstatus,NA,30.056611608650574,-0.05703655010835362,-0.036141263506976884,
PHL,2023Q2,lstatus,NA,30.020470345143597,-0.036141263506976884,-0.20261038384744623,
PHL,2023Q3,lstatus,NA,29.81785996129615,-0.20261038384744623,0.01253278826104065,
PHL,2023Q4,lstatus,NA,29.83039274955719,0.01253278826104065,-0.16547510739579963,
PHL,2024Q1,lstatus,NA,29.66491764216139,-0.16547510739579963,0.00639173721593167,
PHL,2024Q2,lstatus,NA,29.671309379377323,0.00639173721593167,-0.07170573312615147,
PHL,2024Q3,lstatus,NA,29.599603646251172,-0.07170573312615147,-0.08514709464339631,
PHL,2024Q4,lstatus,NA,29.514456551607775,-0.08514709464339631,-0.025463186849801644,
PHL,2025Q1,lstatus,NA,29.488993364757974,-0.025463186849801644,-0.07315388219813812,
PHL,2025Q2,lstatus,NA,29.415839482559836,-0.07315388219813812,,
PHL,2021Q1,occup,0,0.21500124223301445,,0.015240764986850813,
PHL,2021Q2,occup,0,0.23024200721986526,0.015240764986850813,-0.02725024810811752,
PHL,2021Q3,occup,0,0.20299175911174774,-0.02725024810811752,-0.0029562531507262013,
PHL,2021Q4,occup,0,0.20003550596102154,-0.0029562531507262013,-0.001077816313726554,
PHL,2022Q1,occup,0,0.198957689647295,-0.001077816313726554,-0.028046584193694074,
PHL,2022Q2,occup,0,0.17091110545360091,-0.028046584193694074,0.05927160041563981,
PHL,2022Q3,occup,0,0.23018270586924072,0.05927160041563981,-0.05615558182292121,
PHL,2022Q4,occup,0,0.1740271240463195,-0.05615558182292121,0.012889043646900716,
PHL,2023Q1,occup,0,0.18691616769322023,0.012889043646900716,-0.01571977548432263,
PHL,2023Q2,occup,0,0.1711963922088976,-0.01571977548432263,0.0609865393197834,
PHL,2023Q3,occup,0,0.232182931528681,0.0609865393197834,-0.033124954890302954,
PHL,2023Q4,occup,0,0.19905797663837804,-0.033124954890302954,0.008314979678598039,
PHL,2024Q1,occup,0,0.20737295631697608,0.008314979678598039,-0.01751594639698173,
PHL,2024Q2,occup,0,0.18985700991999435,-0.01751594639698173,0.024542389940464565,
PHL,2024Q3,occup,0,0.21439939986045892,0.024542389940464565,-0.048894068461960205,
PHL,2024Q4,occup,0,0.1655053313984987,-0.048894068461960205,0.057977521224616274,
PHL,2025Q1,occup,0,0.22348285262311499,0.057977521224616274,0.05269860257651279,
PHL,2025Q2,occup,0,0.2761814551996278,0.05269860257651279,,
PHL,2021Q1,occup,1,8.284352529293145,,-0.07626353278462616,
PHL,2021Q2,occup,1,8.208088996508518,-0.07626353278462616,0.15967247073147384,
PHL,2021Q3,occup,1,8.367761467239992,0.15967247073147384,-0.03977201503427352,
PHL,2021Q4,occup,1,8.327989452205719,-0.03977201503427352,-3.7502341715306944,
PHL,2022Q1,occup,1,4.577755280675024,-3.7502341715306944,2.03834616951524,level_shift
PHL,2022Q2,occup,1,6.616101450190264,2.03834616951524,-1.7712844579021265,
PHL,2022Q3,occup,1,4.844816992288138,-1.7712844579021265,-1.5025870013427887,
PHL,2022Q4,occup,1,3.342229990945349,-1.5025870013427887,0.3848947507416929,
PHL,2023Q1,occup,1,3.727124741687042,0.3848947507416929,0.6044625818749636,
PHL,2023Q2,occup,1,4.3315873235620055,0.6044625818749636,-0.0028433819678035377,
PHL,2023Q3,occup,1,4.328743941594202,-0.0028433819678035377,-0.6694752130467743,
PHL,2023Q4,occup,1,3.6592687285474277,-0.6694752130467743,-0.0628867909428017,
PHL,2024Q1,occup,1,3.596381937604626,-0.0628867909428017,-0.1406686523499041,
PHL,2024Q2,occup,1,3.455713285254722,-0.1406686523499041,0.22777983618817732,
PHL,2024Q3,occup,1,3.683493121442899,0.22777983618817732,-0.11962224725219794,
PHL,2024Q4,occup,1,3.5638708741907013,-0.11962224725219794,0.13449058961597649,
PHL,2025Q1,occup,1,3.6983614638066777,0.13449058961597649,-0.38235196050831544,
PHL,2025Q2,occup,1,3.3160095032983623,-0.38235196050831544,,
PHL,2021Q1,occup,2,5.719596391937459,,0.09657731406310699,
PHL,2021Q2,occup,2,5.816173706000566,0.09657731406310699,-0.3315922312383224,
PHL,2021Q3,occup,2,5.484581474762243,-0.3315922312383224,0.04214286782148147,
PHL,2021Q4,occup,2,5.526724342583725,0.04214286782148147,-0.14304173256771513,
PHL,2022Q1,occup,2,5.38368261001601,-0.14304173256771513,0.23544428908458137,
PHL,2022Q2,occup,2,5.619126899100591,0.23544428908458137,-0.4355438844337698,
PHL,2022Q3,occup,2,5.183583014666821,-0.4355438844337698,0.018473746004721292,
PHL,2022Q4,occup,2,5.202056760671542,0.018473746004721292,0.2488334505013885,
PHL,2023Q1,occup,2,5.450890211172931,0.2488334505013885,0.2634883918651152,
PHL,2023Q2,occup,2,5.714378603038046,0.2634883918651152,0.011402606960164263,
PHL,2023Q3,occup,2,5.72578120999821,0.011402606960164263,0.23887265576546035,
PHL,2023Q4,occup,2,5.964653865763671,0.23887265576546035,-0.05605610257573357,
PHL,2024Q1,occup,2,5.908597763187937,-0.05605610257573357,-0.3308625096932838,
PHL,2024Q2,occup,2,5.577735253494653,-0.3308625096932838,-0.08700550381650185,
PHL,2024Q3,occup,2,5.4907297496781515,-0.08700550381650185,0.5289558609690195,
PHL,2024Q4,occup,2,6.019685610647171,0.5289558609690195,-0.3015413150510291,
PHL,2025Q1,occup,2,5.718144295596142,-0.3015413150510291,0.05799078379146749,
PHL,2025Q2,occup,2,5.776135079387609,0.05799078379146749,,
PHL,2021Q1,occup,3,3.737458444691978,,-0.013113739047487805,
PHL,2021Q2,occup,3,3.7243447056444903,-0.013113739047487805,0.8565792590571317,
PHL,2021Q3,occup,3,4.580923964701622,0.8565792590571317,-0.46575469972511474,
PHL,2021Q4,occup,3,4.115169264976507,-0.46575469972511474,0.06348117204360815,
PHL,2022Q1,occup,3,4.178650437020115,0.06348117204360815,-0.534637948473641,
PHL,2022Q2,occup,3,3.6440124885464744,-0.534637948473641,0.7157788955729476,
PHL,2022Q3,occup,3,4.359791384119422,0.7157788955729476,-0.5785015154828272,
PHL,2022Q4,occup,3,3.7812898686365948,-0.5785015154828272,0.16865827692106627,
PHL,2023Q1,occup,3,3.949948145557661,0.16865827692106627,0.07961433227672288,
PHL,2023Q2,occup,3,4.029562477834384,0.07961433227672288,0.6632453508453979,
PHL,2023Q3,occup,3,4.692807828679782,0.6632453508453979,-0.39098325133492295,
PHL,2023Q4,occup,3,4.301824577344859,-0.39098325133492295,0.22762683907070524,
PHL,2024Q1,occup,3,4.529451416415564,0.22762683907070524,-0.1499968556981921,
PHL,2024Q2,occup,3,4.379454560717372,-0.1499968556981921,-0.16549852867733073,
PHL,2024Q3,occup,3,4.213956032040041,-0.16549852867733073,0.1337850531357745,
PHL,2024Q4,occup,3,4.347741085175816,0.1337850531357745,-0.2509794578948945,
PHL,2025Q1,occup,3,4.096761627280921,-0.2509794578948945,0.03201137901804163,
PHL,2025Q2,occup,3,4.128773006298963,0.03201137901804163,,
PHL,2021Q1,occup,4,6.384414750995719,,-0.14606920104270404,
PHL,2021Q2,occup,4,6.238345549953015,-0.14606920104270404,0.5098840175835893,
PHL,2021Q3,occup,4,6.748229567536605,0.5098840175835893,0.06873285125060313,
PHL,2021Q4,occup,4,6.816962418787208,0.06873285125060313,0.5152573967653957,
PHL,2022Q1,occup,4,7.3322198155526035,0.5152573967653957,-0.38509859310867256,
PHL,2022Q2,occup,4,6.947121222443931,-0.38509859310867256,0.15087406501649525,
PHL,2022Q3,occup,4,7.097995287460426,0.15087406501649525,0.4564718148822555,
PHL,2022Q4,occup,4,7.554467102342682,0.4564718148822555,0.002932450990630997,
PHL,2023Q1,occup,4,7.557399553333313,0.002932450990630997,0.07252932426635894,
PHL,2023Q2,occup,4,7.629928877599672,0.07252932426635894,-0.33640823764630845,
PHL,2023Q3,occup,4,7.293520639953363,-0.33640823764630845,0.238716305860029,
PHL,2023Q4,occup,4,7.532236945813392,0.238716305860029,0.10337547482605913,
PHL,2024Q1,occup,4,7.635612420639451,0.10337547482605913,-0.22865591823594045,
PHL,2024Q2,occup,4,7.406956502403511,-0.22865591823594045,0.6391657768410672,
PHL,2024Q3,occup,4,8.046122279244578,0.6391657768410672,-0.14125120791027257,
PHL,2024Q4,occup,4,7.9048710713343056,-0.14125120791027257,-0.19279407861560482,
PHL,2025Q1,occup,4,7.712076992718701,-0.19279407861560482,0.232496525492226,
PHL,2025Q2,occup,4,7.944573518210927,0.232496525492226,,
PHL,2021Q1,occup,5,19.864609799409468,,0.9199555356731643,
PHL,2021Q2,occup,5,20.784565335082632,0.9199555356731643,-0.8579005749968687,
PHL,2021Q3,occup,5,19.926664760085764,-0.8579005749968687,0.008421207950508602,
PHL,2021Q4,occup,5,19.935085968036272,0.008421207950508602,3.5625743316774887,
PHL,2022Q1,occup,5,23.49766029971376,3.5625743316774887,-2.4344760481237273,level_shift
PHL,2022Q2,occup,5,21.063184251590034,-2.4344760481237273,1.7215619101823805,
PHL,2022Q3,occup,5,22.784746161772414,1.7215619101823805,0.7165994418854673,
PHL,2022Q4,occup,5,23.50134560365788,0.7165994418854673,0.29573280206315644,
PHL,2023Q1,occup,5,23.797078405721038,0.29573280206315644,-0.4852002157984643,
PHL,2023Q2,occup,5,23.311878189922574,-0.4852002157984643,-0.2674664608589552,
PHL,2023Q3,occup,5,23.04441172906362,-0.2674664608589552,0.8534795491456428,
PHL,2023Q4,occup,5,23.89789127820926,0.8534795491456428,-0.2242537111776528,
PHL,2024Q1,occup,5,23.67363756703161,-0.2242537111776528,1.241217495942081,
PHL,2024Q2,occup,5,24.91485506297369,1.241217495942081,-0.770614192326665,
PHL,2024Q3,occup,5,24.144240870647025,-0.770614192326665,-0.08109619815145308,
PHL,2024Q4,occup,5,24.06314467249557,-0.08109619815145308,0.1646500952528065,
PHL,2025Q1,occup,5,24.227794767748378,0.1646500952528065,-0.02286454606841204,
PHL,2025Q2,occup,5,24.204930221679966,-0.02286454606841204,,
PHL,2021Q1,occup,6,13.241548295782414,,-0.8935786154688614,
PHL,2021Q2,occup,6,12.347969680313552,-0.8935786154688614,-1.0464677284641724,
PHL,2021Q3,occup,6,11.30150195184938,-1.0464677284641724,1.1244311371864626,
PHL,2021Q4,occup,6,12.425933089035842,1.1244311371864626,-1.1935906482651095,
PHL,2022Q1,occup,6,11.232342440770733,-1.1935906482651095,0.6829708435488673,
PHL,2022Q2,occup,6,11.9153132843196,0.6829708435488673,-0.22599071750537014,
PHL,2022Q3,occup,6,11.68932256681423,-0.22599071750537014,0.17973763590180525,
PHL,2022Q4,occup,6,11.869060202716035,0.17973763590180525,-0.8421055283720289,
PHL,2023Q1,occup,6,11.026954674344006,-0.8421055283720289,0.05932799602591743,
PHL,2023Q2,occup,6,11.086282670369924,0.05932799602591743,-0.5157190272639465,
PHL,2023Q3,occup,6,10.570563643105977,-0.5157190272639465,1.3151814004705695,
PHL,2023Q4,occup,6,11.885745043576547,1.3151814004705695,-1.4144665326553216,
PHL,2024Q1,occup,6,10.471278510921225,-1.4144665326553216,0.4142973280224034,
PHL,2024Q2,occup,6,10.885575838943629,0.4142973280224034,0.8850961467510032,
PHL,2024Q3,occup,6,11.770671985694632,0.8850961467510032,-0.013401735406763038,
PHL,2024Q4,occup,6,11.757270250287869,-0.013401735406763038,-0.2150817387952788,
PHL,2025Q1,occup,6,11.54218851149259,-0.2150817387952788,-0.6154200063903055,
PHL,2025Q2,occup,6,10.926768505102284,-0.6154200063903055,,
PHL,2021Q1,occup,7,7.206275710789975,,-0.3803419680268538,
PHL,2021Q2,occup,7,6.825933742763121,-0.3803419680268538,0.9241737270294506,
PHL,2021Q3,occup,7,7.750107469792572,0.9241737270294506,-0.7028496853182684,
PHL,2021Q4,occup,7,7.047257784474303,-0.7028496853182684,0.7303233417236017,
PHL,2022Q1,occup,7,7.777581126197905,0.7303233417236017,-0.14672035897426206,
PHL,2022Q2,occup,7,7.630860767223643,-0.14672035897426206,-0.5770496696253291,
PHL,2022Q3,occup,7,7.053811097598314,-0.5770496696253291,0.6625693997260607,
PHL,2022Q4,occup,7,7.716380497324375,0.6625693997260607,-0.5922691385192946,
PHL,2023Q1,occup,7,7.12411135880508,-0.5922691385192946,-0.39453644867891935,
PHL,2023Q2,occup,7,6.729574910126161,-0.39453644867891935,1.1680946349455255,
PHL,2023Q3,occup,7,7.897669545071686,1.1680946349455255,-1.0123121847181595,
PHL,2023Q4,occup,7,6.8853573603535265,-1.0123121847181595,0.7058882554613657,
PHL,2024Q1,occup,7,7.591245615814892,0.7058882554613657,-0.22325185933821512,
PHL,2024Q2,occup,7,7.367993756476677,-0.22325185933821512,0.1389923436944862,
PHL,2024Q3,occup,7,7.506986100171163,0.1389923436944862,-0.6906486537352201,
PHL,2024Q4,occup,7,6.816337446435943,-0.6906486537352201,0.3623910813400961,
PHL,2025Q1,occup,7,7.178728527776039,0.3623910813400961,-0.07721970185516991,
PHL,2025Q2,occup,7,7.101508825920869,-0.07721970185516991,,
PHL,2021Q1,occup,8,7.992042665449325,,-0.6873715816326413,
PHL,2021Q2,occup,8,7.304671083816683,-0.6873715816326413,0.631362732058439,
PHL,2021Q3,occup,8,7.936033815875122,0.631362732058439,-0.917944936884318,
PHL,2021Q4,occup,8,7.018088878990804,-0.917944936884318,0.9893376883982228,
PHL,2022Q1,occup,8,8.007426567389027,0.9893376883982228,0.1470206610616671,
PHL,2022Q2,occup,8,8.154447228450694,0.1470206610616671,-0.7310469605167516,
PHL,2022Q3,occup,8,7.423400267933943,-0.7310469605167516,0.8824718441578145,
PHL,2022Q4,occup,8,8.305872112091757,0.8824718441578145,0.16011590298740686,
PHL,2023Q1,occup,8,8.465988015079164,0.16011590298740686,-0.20110816506587703,
PHL,2023Q2,occup,8,8.264879850013287,-0.20110816506587703,0.5473494943391124,
PHL,2023Q3,occup,8,8.8122293443524,0.5473494943391124,-0.5664600841937766,
PHL,2023Q4,occup,8,8.245769260158623,-0.5664600841937766,0.5692445909623718,
PHL,2024Q1,occup,8,8.815013851120995,0.5692445909623718,0.0055272150283762755,
PHL,2024Q2,occup,8,8.82054106614937,0.0055272150283762755,-0.39534111108897285,
PHL,2024Q3,occup,8,8.425199955060398,-0.39534111108897285,0.2184155167595918,
PHL,2024Q4,occup,8,8.64361547181999,0.2184155167595918,0.11762868480998634,
PHL,2025Q1,occup,8,8.761244156629976,0.11762868480998634,-0.0879848555204017,
PHL,2025Q2,occup,8,8.673259301109574,-0.0879848555204017,,
PHL,2021Q1,occup,9,27.354700169417516,,1.1649650232800433,
PHL,2021Q2,occup,9,28.51966519269756,1.1649650232800433,-0.8184614236526322,
PHL,2021Q3,occup,9,27.701203769044927,-0.8184614236526322,0.8855495259036665,
PHL,2021Q4,occup,9,28.586753294948593,0.8855495259036665,-0.7730295619310787,
PHL,2022Q1,occup,9,27.813723733017515,-0.7730295619310787,0.4251975696636592,
PHL,2022Q2,occup,9,28.238921302681174,0.4251975696636592,1.0934292187958832,
PHL,2022Q3,occup,9,29.332350521477057,1.0934292187958832,-0.7790797839095767,
PHL,2022Q4,occup,9,28.55327073756748,-0.7790797839095767,0.16031798903907202,
PHL,2023Q1,occup,9,28.713588726606552,0.16031798903907202,0.017141978718502315,
PHL,2023Q2,occup,9,28.730730705325055,0.017141978718502315,-1.3286415186729812,
PHL,2023Q3,occup,9,27.402089186652073,-1.3286415186729812,0.026105776942248582,
PHL,2023Q4,occup,9,27.428194963594322,0.026105776942248582,0.14321299735239634,
PHL,2024Q1,occup,9,27.57140796094672,0.14321299735239634,-0.5700902972803199,
PHL,2024Q2,occup,9,27.0013176636664,-0.5700902972803199,-0.49711715750575536,
PHL,2024Q3,occup,9,26.504200506160643,-0.49711715750575536,0.21375768005350437,
PHL,2024Q4,occup,9,26.717958186214148,0.21375768005350437,0.12325861811331862,
PHL,2025Q1,occup,9,26.841216804327466,0.12325861811331862,0.8106437794643497,
PHL,2025Q2,occup,9,27.651860583791816,0.8106437794643497,,
PHL,2021Q1,socialsec,NA,100.0,,-1.4210854715202004e-14,
PHL,2021Q2,socialsec,NA,99.99999999999999,-1.4210854715202004e-14,1.4210854715202004e-14,
PHL,2021Q3,socialsec,NA,100.0,1.4210854715202004e-14,-1.4210854715202004e-14,
PHL,2021Q4,socialsec,NA,99.99999999999999,-1.4210854715202004e-14,1.4210854715202004e-14,
PHL,2022Q1,socialsec,NA,100.0,1.4210854715202004e-14,-1.4210854715202004e-14,
PHL,2022Q2,socialsec,NA,99.99999999999999,-1.4210854715202004e-14,1.4210854715202004e-14,
PHL,2022Q3,socialsec,NA,100.0,1.4210854715202004e-14,1.4210854715202004e-14,
PHL,2022Q4,socialsec,NA,100.00000000000001,1.4210854715202004e-14,-1.4210854715202004e-14,
PHL,2023Q1,socialsec,NA,100.0,-1.4210854715202004e-14,0.0,
PHL,2023Q2,socialsec,NA,100.0,0.0,0.0,
PHL,2023Q3,socialsec,NA,100.0,0.0,0.0,
PHL,2023Q4,socialsec,NA,100.0,0.0,0.0,
PHL,2024Q1,socialsec,NA,100.0,0.0,0.0,
PHL,2024Q2,socialsec,NA,100.0,0.0,0.0,
PHL,2024Q3,socialsec,NA,100.0,0.0,0.0,
PHL,2024Q4,socialsec,NA,100.0,0.0,0.0,
PHL,2025Q1,socialsec,NA,100.0,0.0,0.0,
PHL,2025Q2,socialsec,NA,100.0,0.0,,
PHL,2021Q1,urban,0,48.510130788153205,,-1.2721563228832622,
PHL,2021Q2,urban,0,47.23797446526994,-1.2721563228832622,1.8702430278633102,
PHL,2021Q3,urban,0,49.10821749313325,1.8702430278633102,-0.7728550957802582,
PHL,2021Q4,urban,0,48.335362397352995,-0.7728550957802582,-0.15855917596036306,
PHL,2022Q1,urban,0,48.17680322139263,-0.15855917596036306,-0.9220656449425846,
PHL,2022Q2,urban,0,47.25473757645005,-0.9220656449425846,0.559208306811712,
PHL,2022Q3,urban,0,47.81394588326176,0.559208306811712,-0.3907763392950301,
PHL,2022Q4,urban,0,47.42316954396673,-0.3907763392950301,-1.0645728655065554,
PHL,2023Q1,urban,0,46.358596678460174,-1.0645728655065554,1.356917668462522,
PHL,2023Q2,urban,0,47.715514346922696,1.356917668462522,-0.7469241671294569,
PHL,2023Q3,urban,0,46.96859017979324,-0.7469241671294569,0.010205604106744204,
PHL,2025Q1,urban,0,46.97879578389998,0.010205604106744204,-2.1984467164194044,
PHL,2025Q2,urban,0,44.78034906748058,-2.1984467164194044,,
PHL,2021Q1,urban,1,51.489869211846795,,1.2721563228832622,
PHL,2021Q2,urban,1,52.76202553473006,1.2721563228832622,-1.8702430278633173,
PHL,2021Q3,urban,1,50.89178250686674,-1.8702430278633173,0.7728550957802653,
PHL,2021Q4,urban,1,51.664637602647005,0.7728550957802653,0.15855917596036306,
PHL,2022Q1,urban,1,51.82319677860737,0.15855917596036306,0.9220656449425846,
PHL,2022Q2,urban,1,52.74526242354995,0.9220656449425846,-0.5592083068117049,
PHL,2022Q3,urban,1,52.18605411673825,-0.5592083068117049,0.390776339295023,
PHL,2022Q4,urban,1,52.57683045603327,0.390776339295023,1.0645728655065554,
PHL,2023Q1,urban,1,53.641403321539826,1.0645728655065554,-1.356917668462522,
PHL,2023Q2,urban,1,52.284485653077304,-1.356917668462522,0.7469241671294569,
PHL,2023Q3,urban,1,53.03140982020676,0.7469241671294569,-0.010205604106744204,
PHL,2025Q1,urban,1,53.02120421610002,-0.010205604106744204,2.1984467164194115,
PHL,2025Q2,urban,1,55.21965093251943,2.1984467164194115,,
PHL,2023Q4,urban,NA,100.0,,0.0,
PHL,2024Q1,urban,NA,100.0,0.0,0.0,
PHL,2024Q2,urban,NA,100.0,0.0,0.0,
PHL,2024Q3,urban,NA,100.0,0.0,0.0,
PHL,2024Q4,urban,NA,100.0,0.0,,
ZAF,2022Q1,educat7,1,14.284292410938646,,0.4456250786697833,
ZAF,2022Q2,educat7,1,14.729917489608429,0.4456250786697833,0.14763867139127207,
ZAF,2022Q3,educat7,1,14.877556160999701,0.14763867139127207,0.23021821580113055,
ZAF,2022Q4,educat7,1,15.107774376800831,0.23021821580113055,-0.9066955711439988,
ZAF,2023Q1,educat7,1,14.201078805656833,-0.9066955711439988,0.2845025910037222,
ZAF,2023Q2,educat7,1,14.485581396660555,0.2845025910037222,0.22503456714736814,
ZAF,2023Q3,educat7,1,14.710615963807923,0.22503456714736814,0.29071432275944176,
ZAF,2023Q4,educat7,1,15.001330286567365,0.29071432275944176,-0.9898569562312041,
ZAF,2024Q1,educat7,1,14.01147333033616,-0.9898569562312041,0.4086178616911873,
ZAF,2024Q2,educat7,1,14.420091192027348,0.4086178616911873,0.3165182281331784,
ZAF,2024Q3,educat7,1,14.736609420160526,0.3165182281331784,0.10441207431100352,
ZAF,2024Q4,educat7,1,14.84102149447153,0.10441207431100352,-0.8588358660258564,
ZAF,2025Q1,educat7,1,13.982185628445674,-0.8588358660258564,0.3147994644243326,
ZAF,2025Q2,educat7,1,14.296985092870006,0.3147994644243326,0.2302418149300589,
ZAF,2025Q3,educat7,1,14.527226907800065,0.2302418149300589,0.17191496058117828,
ZAF,2025Q4,educat7,1,14.699141868381243,0.17191496058117828,-1.014651329372688,
ZAF,2026Q1,educat7,1,13.684490539008555,-1.014651329372688,0.45944273321158846,
ZAF,2026Q2,educat7,1,14.143933272220144,0.45944273321158846,,
ZAF,2022Q1,educat7,2,16.439988284997774,,-0.3066608408946685,
ZAF,2022Q2,educat7,2,16.133327444103106,-0.3066608408946685,0.03432667318119442,
ZAF,2022Q3,educat7,2,16.1676541172843,0.03432667318119442,-0.224258708596361,
ZAF,2022Q4,educat7,2,15.94339540868794,-0.224258708596361,-0.15655383091344888,
ZAF,2023Q1,educat7,2,15.78684157777449,-0.15655383091344888,0.06710504864262745,
ZAF,2023Q2,educat7,2,15.853946626417118,0.06710504864262745,0.12071306587907138,
ZAF,2023Q3,educat7,2,15.97465969229619,0.12071306587907138,-0.15376889122003412,
ZAF,2023Q4,educat7,2,15.820890801076155,-0.15376889122003412,-0.21094769921708867,
ZAF,2024Q1,educat7,2,15.609943101859066,-0.21094769921708867,-0.03200798176925446,
ZAF,2024Q2,educat7,2,15.577935120089812,-0.03200798176925446,-0.1032304908294801,
ZAF,2024Q3,educat7,2,15.474704629260332,-0.1032304908294801,-0.10058746299874599,
ZAF,2024Q4,educat7,2,15.374117166261586,-0.10058746299874599,-0.25209992670540515,
ZAF,2025Q1,educat7,2,15.12201723955618,-0.25209992670540515,-0.09172808940955512,
ZAF,2025Q2,educat7,2,15.030289150146626,-0.09172808940955512,0.1670482017254198,
ZAF,2025Q3,educat7,2,15.197337351872045,0.1670482017254198,-0.4101521221926028,
ZAF,2025Q4,educat7,2,14.787185229679443,-0.4101521221926028,0.14487030608179907,
ZAF,2026Q1,educat7,2,14.932055535761242,0.14487030608179907,-0.21080279987690353,
ZAF,2026Q2,educat7,2,14.721252735884338,-0.21080279987690353,,
ZAF,2022Q1,educat7,3,4.705546813899513,,0.03602412449041825,
ZAF,2022Q2,educat7,3,4.741570938389931,0.03602412449041825,-0.09188058133104171,
ZAF,2022Q3,educat7,3,4.64969035705889,-0.09188058133104171,0.08079722569110626,
ZAF,2022Q4,educat7,3,4.730487582749996,0.08079722569110626,-0.02299548176752708,
ZAF,2023Q1,educat7,3,4.707492100982469,-0.02299548176752708,0.06130550651114941,
ZAF,2023Q2,educat7,3,4.768797607493618,0.06130550651114941,-0.09912938814472039,
ZAF,2023Q3,educat7,3,4.669668219348898,-0.09912938814472039,0.030725157688852534,
ZAF,2023Q4,educat7,3,4.70039337703775,0.030725157688852534,-0.17200706915295516,
ZAF,2024Q1,educat7,3,4.528386307884795,-0.17200706915295516,-0.04656325433088426,
ZAF,2024Q2,educat7,3,4.481823053553911,-0.04656325433088426,0.10065583344928619,
ZAF,2024Q3,educat7,3,4.582478887003197,0.10065583344928619,0.024394645046774244,
ZAF,2024Q4,educat7,3,4.606873532049971,0.024394645046774244,-0.08216210845114702,
ZAF,2025Q1,educat7,3,4.524711423598824,-0.08216210845114702,-0.027395530762900577,
ZAF,2025Q2,educat7,3,4.497315892835924,-0.027395530762900577,0.06545036479370658,
ZAF,2025Q3,educat7,3,4.56276625762963,0.06545036479370658,-0.021164795657831803,
ZAF,2025Q4,educat7,3,4.541601461971799,-0.021164795657831803,-0.08904820937355229,
ZAF,2026Q1,educat7,3,4.452553252598246,-0.08904820937355229,-0.05518009104088595,
ZAF,2026Q2,educat7,3,4.39737316155736,-0.05518009104088595,,
ZAF,2022Q1,educat7,4,31.613673209480282,,-0.41215409869897,
ZAF,2022Q2,educat7,4,31.201519110781312,-0.41215409869897,-0.25754538831365537,
ZAF,2022Q3,educat7,4,30.943973722467657,-0.25754538831365537,-0.050718906331017166,
ZAF,2022Q4,educat7,4,30.89325481613664,-0.050718906331017166,0.3158748765321171,
ZAF,2023Q1,educat7,4,31.209129692668757,0.3158748765321171,-0.21033799342431792,
ZAF,2023Q2,educat7,4,30.99879169924444,-0.21033799342431792,-0.13943947109040167,
ZAF,2023Q3,educat7,4,30.859352228154037,-0.13943947109040167,-0.250133144602529,
ZAF,2023Q4,educat7,4,30.60921908355151,-0.250133144602529,0.1626983852302395,
ZAF,2024Q1,educat7,4,30.771917468781748,0.1626983852302395,-0.030895655272846767,
ZAF,2024Q2,educat7,4,30.7410218135089,-0.030895655272846767,0.1478265766847464,
ZAF,2024Q3,educat7,4,30.888848390193647,0.1478265766847464,-0.20678271482710642,
ZAF,2024Q4,educat7,4,30.68206567536654,-0.20678271482710642,0.03427723027723317,
ZAF,2025Q1,educat7,4,30.716342905643774,0.03427723027723317,0.00039940802168558776,
ZAF,2025Q2,educat7,4,30.71674231366546,0.00039940802168558776,-0.24135409467704605,
ZAF,2025Q3,educat7,4,30.475388218988414,-0.24135409467704605,-0.13083565633786165,
ZAF,2025Q4,educat7,4,30.344552562650552,-0.13083565633786165,0.2659950231389345,
ZAF,2026Q1,educat7,4,30.610547585789487,0.2659950231389345,-0.13798109261979263,
ZAF,2026Q2,educat7,4,30.472566493169694,-0.13798109261979263,,
ZAF,2022Q1,educat7,5,23.200553793098155,,-0.09009066301350543,
ZAF,2022Q2,educat7,5,23.11046313008465,-0.09009066301350543,-0.10539982000353376,
ZAF,2022Q3,educat7,5,23.005063310081116,-0.10539982000353376,-0.042044279982114574,
ZAF,2022Q4,educat7,5,22.963019030099,-0.042044279982114574,0.42103747203846,
ZAF,2023Q1,educat7,5,23.38405650213746,0.42103747203846,-0.1785464613798311,
ZAF,2023Q2,educat7,5,23.20551004075763,-0.1785464613798311,-0.314617541299814,
ZAF,2023Q3,educat7,5,22.890892499457816,-0.314617541299814,-0.10926344349833528,
ZAF,2023Q4,educat7,5,22.78162905595948,-0.10926344349833528,1.0331543686403855,
ZAF,2024Q1,educat7,5,23.814783424599867,1.0331543686403855,-0.12189404112607605,
ZAF,2024Q2,educat7,5,23.69288938347379,-0.12189404112607605,-0.3916995454537471,
ZAF,2024Q3,educat7,5,23.301189838020044,-0.3916995454537471,0.12059847393944167,
ZAF,2024Q4,educat7,5,23.421788311959485,0.12059847393944167,0.7260311994520272,
ZAF,2025Q1,educat7,5,24.147819511411512,0.7260311994520272,-0.00741488540775137,
ZAF,2025Q2,educat7,5,24.14040462600376,-0.00741488540775137,-0.14750904856990488,
ZAF,2025Q3,educat7,5,23.992895577433856,-0.14750904856990488,0.16826268951893653,
ZAF,2025Q4,educat7,5,24.161158266952793,0.16826268951893653,0.8946441985416271,
ZAF,2026Q1,educat7,5,25.05580246549442,0.8946441985416271,-0.22810401871184283,
ZAF,2026Q2,educat7,5,24.827698446782577,-0.22810401871184283,,
ZAF,2022Q1,educat7,6,5.367158091005578,,-0.1185061684680635,
ZAF,2022Q2,educat7,6,5.248651922537515,-0.1185061684680635,0.04145784494351279,
ZAF,2022Q3,educat7,6,5.290109767481027,0.04145784494351279,0.06248557611830208,
ZAF,2022Q4,educat7,6,5.352595343599329,0.06248557611830208,0.1916693149134172,
ZAF,2023Q1,educat7,6,5.544264658512747,0.1916693149134172,0.12405196405382846,
ZAF,2023Q2,educat7,6,5.668316622566575,0.12405196405382846,0.05293967232905761,
ZAF,2023Q3,educat7,6,5.721256294895633,0.05293967232905761,-0.039648876118165255,
ZAF,2023Q4,educat7,6,5.6816074187774674,-0.039648876118165255,0.16844808603006012,
ZAF,2024Q1,educat7,6,5.850055504807528,0.16844808603006012,-0.10785289632996875,
ZAF,2024Q2,educat7,6,5.742202608477559,-0.10785289632996875,-0.011089609721167015,
ZAF,2024Q3,educat7,6,5.731112998756392,-0.011089609721167015,0.00024662722888812993,
ZAF,2024Q4,educat7,6,5.73135962598528,0.00024662722888812993,0.09400934756805235,
ZAF,2025Q1,educat7,6,5.825368973553332,0.09400934756805235,-0.12190928135872081,
ZAF,2025Q2,educat7,6,5.7034596921946115,-0.12190928135872081,-0.06741348873988873,
ZAF,2025Q3,educat7,6,5.636046203454723,-0.06741348873988873,0.054145162303691485,
ZAF,2025Q4,educat7,6,5.690191365758414,0.054145162303691485,0.01573948011715398,
ZAF,2026Q1,educat7,6,5.705930845875568,0.01573948011715398,0.007284124796470337,
ZAF,2026Q2,educat7,6,5.7132149706720385,0.007284124796470337,,
ZAF,2022Q1,educat7,7,3.691646061573051,,0.2734496689482029,
ZAF,2022Q2,educat7,7,3.965095730521254,0.2734496689482029,0.1699601639855297,
ZAF,2022Q3,educat7,7,4.135055894506784,0.1699601639855297,-0.03313647821419785,
ZAF,2022Q4,educat7,7,4.101919416292586,-0.03313647821419785,0.12309353482941177,
ZAF,2023Q1,educat7,7,4.225012951121998,0.12309353482941177,-0.11976843128944648,
ZAF,2023Q2,educat7,7,4.105244519832551,-0.11976843128944648,0.14880455275732452,
ZAF,2023Q3,educat7,7,4.254049072589876,0.14880455275732452,0.05563520810573319,
ZAF,2023Q4,educat7,7,4.309684280695609,0.05563520810573319,0.03631757484059417,
ZAF,2024Q1,educat7,7,4.346001855536203,0.03631757484059417,-0.04651168442811393,
ZAF,2024Q2,educat7,7,4.299490171108089,-0.04651168442811393,-0.09618751534715475,
ZAF,2024Q3,educat7,7,4.203302655760934,-0.09618751534715475,0.02435855909730744,
ZAF,2024Q4,educat7,7,4.227661214858242,0.02435855909730744,0.24841376966808326,
ZAF,2025Q1,educat7,7,4.476074984526325,0.24841376966808326,-0.008112994063498746,
ZAF,2025Q2,educat7,7,4.467961990462826,-0.008112994063498746,-0.0015881830939257213,
ZAF,2025Q3,educat7,7,4.4663738073689006,-0.0015881830939257213,0.18647449626512813,
ZAF,2025Q4,educat7,7,4.652848303634029,0.18647449626512813,-0.1549453820256339,
ZAF,2026Q1,educat7,7,4.497902921608395,-0.1549453820256339,0.08316529349641488,
ZAF,2026Q2,educat7,7,4.58106821510481,0.08316529349641488,,
ZAF,2022Q1,educat7,NA,0.6971413350070023,,0.1723128989667998,
ZAF,2022Q2,educat7,NA,0.8694542339738021,0.1723128989667998,0.06144243614672251,
ZAF,2022Q3,educat7,NA,0.9308966701205246,0.06144243614672251,-0.02334264448684198,
ZAF,2022Q4,educat7,NA,0.9075540256336826,-0.02334264448684198,0.03456968551157091,
ZAF,2023Q1,educat7,NA,0.9421237111452535,0.03456968551157091,-0.028312224117738483,
ZAF,2023Q2,educat7,NA,0.913811487027515,-0.028312224117738483,0.005694542422129412,
ZAF,2023Q3,educat7,NA,0.9195060294496444,0.005694542422129412,0.17573966688500242,
ZAF,2023Q4,educat7,NA,1.0952456963346469,0.17573966688500242,-0.02780669013999626,
ZAF,2024Q1,educat7,NA,1.0674390061946506,-0.02780669013999626,-0.022892348434074172,
ZAF,2024Q2,educat7,NA,1.0445466577605764,-0.022892348434074172,0.037206523084376775,
ZAF,2024Q3,educat7,NA,1.0817531808449532,0.037206523084376775,0.033359798202431845,
ZAF,2024Q4,educat7,NA,1.115112979047385,0.033359798202431845,0.09036635421698835,
ZAF,2025Q1,educat7,NA,1.2054793332643734,0.09036635421698835,-0.05863809144359888,
ZAF,2025Q2,educat7,NA,1.1468412418207745,-0.05863809144359888,-0.004875566368406137,
ZAF,2025Q3,educat7,NA,1.1419656754523684,-0.004875566368406137,-0.01864473448064552,
ZAF,2025Q4,educat7,NA,1.1233209409717229,-0.01864473448064552,-0.06260408710764609,
ZAF,2026Q1,educat7,NA,1.0607168538640768,-0.06260408710764609,0.08217585074496547,
ZAF,2026Q2,educat7,NA,1.1428927046090422,0.08217585074496547,,
ZAF,2022Q1,empstat,1,82.94709335478943,,0.41701102775637366,
ZAF,2022Q2,empstat,1,83.3641043825458,0.41701102775637366,-0.8735245505297229,
ZAF,2022Q3,empstat,1,82.49057983201608,-0.8735245505297229,0.9437115451060549,
ZAF,2022Q4,empstat,1,83.43429137712214,0.9437115451060549,-0.6432563819960535,
ZAF,2023Q1,empstat,1,82.79103499512608,-0.6432563819960535,0.37184197214355663,
ZAF,2023Q2,empstat,1,83.16287696726964,0.37184197214355663,1.8326563245906158,
ZAF,2023Q3,empstat,1,84.99553329186026,1.8326563245906158,-1.2416007072341273,
ZAF,2023Q4,empstat,1,83.75393258462613,-1.2416007072341273,-0.06177875365332852,
ZAF,2024Q1,empstat,1,83.6921538309728,-0.06177875365332852,-0.6609802712170421,
ZAF,2024Q2,empstat,1,83.03117355975576,-0.6609802712170421,-0.8632375963290002,
ZAF,2024Q3,empstat,1,82.16793596342676,-0.8632375963290002,-0.19507337347387477,
ZAF,2024Q4,empstat,1,81.97286258995288,-0.19507337347387477,-0.3562680902156927,
ZAF,2025Q1,empstat,1,81.61659449973719,-0.3562680902156927,0.24599570265912973,
ZAF,2025Q2,empstat,1,81.86259020239632,0.24599570265912973,0.3022998286161993,
ZAF,2025Q3,empstat,1,82.16489003101252,0.3022998286161993,0.8290415352579998,
ZAF,2025Q4,empstat,1,82.99393156627052,0.8290415352579998,-0.8579192277091323,
ZAF,2026Q1,empstat,1,82.13601233856139,-0.8579192277091323,0.015291574652479767,
ZAF,2026Q2,empstat,1,82.15130391321387,0.015291574652479767,,
ZAF,2022Q1,empstat,2,0.7399904297206279,,-0.1658245436499155,
ZAF,2022Q2,empstat,2,0.5741658860707124,-0.1658245436499155,0.11081830858537711,
ZAF,2022Q3,empstat,2,0.6849841946560895,0.11081830858537711,-0.04922724875049567,
ZAF,2022Q4,empstat,2,0.6357569459055938,-0.04922724875049567,0.08087469424522187,
ZAF,2023Q1,empstat,2,0.7166316401508157,0.08087469424522187,-0.1120044119785476,
ZAF,2023Q2,empstat,2,0.6046272281722681,-0.1120044119785476,-0.11868193088270135,
ZAF,2023Q3,empstat,2,0.48594529728956676,-0.11868193088270135,0.07765709789254754,
ZAF,2023Q4,empstat,2,0.5636023951821143,0.07765709789254754,0.03779965600690949,
ZAF,2024Q1,empstat,2,0.6014020511890238,0.03779965600690949,0.008841955034668336,
ZAF,2024Q2,empstat,2,0.6102440062236921,0.008841955034668336,0.01967192939511475,
ZAF,2024Q3,empstat,2,0.6299159356188069,0.01967192939511475,-0.0672195323515542,
ZAF,2024Q4,empstat,2,0.5626964032672527,-0.0672195323515542,0.11982600124813259,
ZAF,2025Q1,empstat,2,0.6825224045153853,0.11982600124813259,-0.08032571384950771,
ZAF,2025Q2,empstat,2,0.6021966906658776,-0.08032571384950771,0.10376162682884416,
ZAF,2025Q3,empstat,2,0.7059583174947217,0.10376162682884416,-0.12548148855234575,
ZAF,2025Q4,empstat,2,0.580476828942376,-0.12548148855234575,0.07080590952611854,
ZAF,2026Q1,empstat,2,0.6512827384684945,0.07080590952611854,-0.16269836482363986,
ZAF,2026Q2,empstat,2,0.48858437364485463,-0.16269836482363986,,
ZAF,2022Q1,empstat,3,5.50343058955331,,-0.09353012709527952,
ZAF,2022Q2,empstat,3,5.4099004624580305,-0.09353012709527952,0.5988221489803385,
ZAF,2022Q3,empstat,3,6.008722611438369,0.5988221489803385,-0.23062414496323758,
ZAF,2022Q4,empstat,3,5.778098466475131,-0.23062414496323758,0.24784412540103595,
ZAF,2023Q1,empstat,3,6.025942591876167,0.24784412540103595,-0.1783614562736373,
ZAF,2023Q2,empstat,3,5.84758113560253,-0.1783614562736373,-1.4156031569483023,
ZAF,2023Q3,empstat,3,4.431977978654228,-1.4156031569483023,0.9132056943446676,
ZAF,2023Q4,empstat,3,5.345183672998895,0.9132056943446676,-0.09918978072146345,
ZAF,2024Q1,empstat,3,5.245993892277432,-0.09918978072146345,0.2576441247358172,
ZAF,2024Q2,empstat,3,5.503638017013249,0.2576441247358172,0.17813059555876443,
ZAF,2024Q3,empstat,3,5.6817686125720135,0.17813059555876443,0.2526595588924341,
ZAF,2024Q4,empstat,3,5.934428171464448,0.2526595588924341,0.062440475519105476,
ZAF,2025Q1,empstat,3,5.996868646983553,0.062440475519105476,-0.1765382781418019,
ZAF,2025Q2,empstat,3,5.820330368841751,-0.1765382781418019,-1.1005048414474112,
ZAF,2025Q3,empstat,3,4.71982552739434,-1.1005048414474112,0.16740672759652764,
ZAF,2025Q4,empstat,3,4.8872322549908676,0.16740672759652764,0.1951667543899358,
ZAF,2026Q1,empstat,3,5.082399009380803,0.1951667543899358,-0.17677286726425656,
ZAF,2026Q2,empstat,3,4.905626142116547,-0.17677286726425656,,
ZAF,2022Q1,empstat,4,10.80948562593663,,-0.15765635701116487,
ZAF,2022Q2,empstat,4,10.651829268925464,-0.15765635701116487,0.16388409296398443,
ZAF,2022Q3,empstat,4,10.815713361889449,0.16388409296398443,-0.6638601513923152,
ZAF,2022Q4,empstat,4,10.151853210497134,-0.6638601513923152,0.3145375623498037,
ZAF,2023Q1,empstat,4,10.466390772846937,0.3145375623498037,-0.08147610389137405,
ZAF,2023Q2,empstat,4,10.384914668955563,-0.08147610389137405,-0.29837123675960875,
ZAF,2023Q3,empstat,4,10.086543432195954,-0.29837123675960875,0.25073791499691467,
ZAF,2023Q4,empstat,4,10.337281347192869,0.25073791499691467,0.12316887836787416,
ZAF,2024Q1,empstat,4,10.460450225560743,0.12316887836787416,0.39449419144655984,
ZAF,2024Q2,empstat,4,10.854944417007303,0.39449419144655984,0.6654350713751249,
ZAF,2024Q3,empstat,4,11.520379488382428,0.6654350713751249,0.009633346932984566,
ZAF,2024Q4,empstat,4,11.530012835315413,0.009633346932984566,0.1740016134484712,
ZAF,2025Q1,empstat,4,11.704014448763884,0.1740016134484712,0.010868289332162107,
ZAF,2025Q2,empstat,4,11.714882738096046,0.010868289332162107,0.6944433860023658,
ZAF,2025Q3,empstat,4,12.409326124098412,0.6944433860023658,-0.8709667743021878,
ZAF,2025Q4,empstat,4,11.538359349796224,-0.8709667743021878,0.5919465637930887,
ZAF,2026Q1,empstat,4,12.130305913589313,0.5919465637930887,0.3241796574354314,
ZAF,2026Q2,empstat,4,12.454485571024744,0.3241796574354314,,
ZAF,2022Q1,industrycat10,1,5.6564537809253785,,-0.018665559093011375,
ZAF,2022Q2,industrycat10,1,5.637788221832367,-0.018665559093011375,-0.07219103256315673,
ZAF,2022Q3,industrycat10,1,5.56559718926921,-0.07219103256315673,-0.0806482564982991,
ZAF,2022Q4,industrycat10,1,5.484948932770911,-0.0806482564982991,0.03222699217678038,
ZAF,2023Q1,industrycat10,1,5.517175924947692,0.03222699217678038,-0.00016017000723689279,
ZAF,2023Q2,industrycat10,1,5.517015754940455,-0.00016017000723689279,0.20969811516120718,
ZAF,2023Q3,industrycat10,1,5.726713870101662,0.20969811516120718,-0.15939716495440326,
ZAF,2023Q4,industrycat10,1,5.567316705147259,-0.15939716495440326,0.09468966939223833,
ZAF,2024Q1,industrycat10,1,5.662006374539497,0.09468966939223833,-0.26809116050533266,
ZAF,2024Q2,industrycat10,1,5.393915214034164,-0.26809116050533266,0.12825700183796407,
ZAF,2024Q3,industrycat10,1,5.5221722158721285,0.12825700183796407,-0.1059101915632068,
ZAF,2024Q4,industrycat10,1,5.416262024308922,-0.1059101915632068,0.1303339767445184,
ZAF,2025Q1,industrycat10,1,5.54659600105344,0.1303339767445184,-0.16174514858926692,
ZAF,2025Q2,industrycat10,1,5.384850852464173,-0.16174514858926692,0.023446817301707057,
ZAF,2025Q3,industrycat10,1,5.40829766976588,0.023446817301707057,0.19402875803173192,
ZAF,2025Q4,industrycat10,1,5.602326427797612,0.19402875803173192,0.1533467939555626,
ZAF,2026Q1,industrycat10,1,5.755673221753175,0.1533467939555626,-0.0366231851797858,
ZAF,2026Q2,industrycat10,1,5.719050036573389,-0.0366231851797858,,
ZAF,2022Q1,industrycat10,10,24.141107204902077,,0.7996735163865054,
ZAF,2022Q2,industrycat10,10,24.940780721288583,0.7996735163865054,-0.40272044531010565,
ZAF,2022Q3,industrycat10,10,24.538060275978477,-0.40272044531010565,-1.0802253169751062,
ZAF,2022Q4,industrycat10,10,23.45783495900337,-1.0802253169751062,-0.15161659749098888,
ZAF,2023Q1,industrycat10,10,23.306218361512382,-0.15161659749098888,0.40250165906233804,
ZAF,2023Q2,industrycat10,10,23.70872002057472,0.40250165906233804,0.4947694239616922,
ZAF,2023Q3,industrycat10,10,24.203489444536412,0.4947694239616922,-0.8787369657054995,
ZAF,2023Q4,industrycat10,10,23.324752478830913,-0.8787369657054995,-0.3826715657120161,
ZAF,2024Q1,industrycat10,10,22.942080913118897,-0.3826715657120161,-0.04712745151847031,
ZAF,2024Q2,industrycat10,10,22.894953461600426,-0.04712745151847031,0.7329499464726084,
ZAF,2024Q3,industrycat10,10,23.627903408073035,0.7329499464726084,-0.9699235249769202,
ZAF,2024Q4,industrycat10,10,22.657979883096115,-0.9699235249769202,-0.26780066681401493,
ZAF,2025Q1,industrycat10,10,22.3901792162821,-0.26780066681401493,0.2872191229338341,
ZAF,2025Q2,industrycat10,10,22.677398339215934,0.2872191229338341,0.3371983178437077,
ZAF,2025Q3,industrycat10,10,23.01459665705964,0.3371983178437077,0.4449687590505782,
ZAF,2025Q4,industrycat10,10,23.45956541611022,0.4449687590505782,-0.7408436751356717,
ZAF,2026Q1,industrycat10,10,22.718721740974548,-0.7408436751356717,-0.29251275522504017,
ZAF,2026Q2,industrycat10,10,22.426208985749508,-0.29251275522504017,,
ZAF,2022Q1,industrycat10,2,2.6993037425016664,,-0.10938746829463897,
ZAF,2022Q2,industrycat10,2,2.5899162742070274,-0.10938746829463897,-0.040066615826553686,
ZAF,2022Q3,industrycat10,2,2.5498496583804737,-0.040066615826553686,0.1564161922228875,
ZAF,2022Q4,industrycat10,2,2.7062658506033612,0.1564161922228875,-0.19217529238487874,
ZAF,2023Q1,industrycat10,2,2.5140905582184825,-0.19217529238487874,0.16286133171920225,
ZAF,2023Q2,industrycat10,2,2.6769518899376847,0.16286133171920225,-0.26659271033815557,
ZAF,2023Q3,industrycat10,2,2.410359179599529,-0.26659271033815557,0.21327606998155746,
ZAF,2023Q4,industrycat10,2,2.6236352495810866,0.21327606998155746,0.04814403315563487,
ZAF,2024Q1,industrycat10,2,2.6717792827367215,0.04814403315563487,0.036239489942083924,
ZAF,2024Q2,industrycat10,2,2.7080187726788054,0.036239489942083924,0.11402304994081724,
ZAF,2024Q3,industrycat10,2,2.8220418226196227,0.11402304994081724,-0.12445498366397745,
ZAF,2024Q4,industrycat10,2,2.697586838955645,-0.12445498366397745,-0.16797277453260007,
ZAF,2025Q1,industrycat10,2,2.529614064423045,-0.16797277453260007,0.011988017428697262,
ZAF,2025Q2,industrycat10,2,2.5416020818517424,0.011988017428697262,0.05657993736131273,
ZAF,2025Q3,industrycat10,2,2.598182019213055,0.05657993736131273,-0.03136984556842126,
ZAF,2025Q4,industrycat10,2,2.566812173644634,-0.03136984556842126,0.23987461490976214,
ZAF,2026Q1,industrycat10,2,2.806686788554396,0.23987461490976214,-0.14947267531188135,
ZAF,2026Q2,industrycat10,2,2.6572141132425147,-0.14947267531188135,,
ZAF,2022Q1,industrycat10,3,10.395076551212188,,-0.8468890018620119,
ZAF,2022Q2,industrycat10,3,9.548187549350176,-0.8468890018620119,0.6433611664406058,
ZAF,2022Q3,industrycat10,3,10.191548715790782,0.6433611664406058,-0.04746382765680757,
ZAF,2022Q4,industrycat10,3,10.144084888133975,-0.04746382765680757,-0.19437848192583296,
ZAF,2023Q1,industrycat10,3,9.949706406208142,-0.19437848192583296,-0.5953405763690736,
ZAF,2023Q2,industrycat10,3,9.354365829839068,-0.5953405763690736,-0.5293180570709932,
ZAF,2023Q3,industrycat10,3,8.825047772768075,-0.5293180570709932,-0.030269562733407085,
ZAF,2023Q4,industrycat10,3,8.794778210034668,-0.030269562733407085,0.6718720350997849,
ZAF,2024Q1,industrycat10,3,9.466650245134453,0.6718720350997849,0.3467165295838175,
ZAF,2024Q2,industrycat10,3,9.81336677471827,0.3467165295838175,-0.2668526500835071,
ZAF,2024Q3,industrycat10,3,9.546514124634763,-0.2668526500835071,0.13037903867191147,
ZAF,2024Q4,industrycat10,3,9.676893163306675,0.13037903867191147,-0.10153074790464878,
ZAF,2025Q1,industrycat10,3,9.575362415402026,-0.10153074790464878,0.17675985488574675,
ZAF,2025Q2,industrycat10,3,9.752122270287773,0.17675985488574675,-0.47150687741612884,
ZAF,2025Q3,industrycat10,3,9.280615392871644,-0.47150687741612884,-0.3564616516618351,
ZAF,2025Q4,industrycat10,3,8.924153741209809,-0.3564616516618351,0.42546923096467815,
ZAF,2026Q1,industrycat10,3,9.349622972174487,0.42546923096467815,-0.11645931253626074,
ZAF,2026Q2,industrycat10,3,9.233163659638226,-0.11645931253626074,,
ZAF,2022Q1,industrycat10,4,2.758751199646606,,-0.23510679744908503,
ZAF,2022Q2,industrycat10,4,2.523644402197521,-0.23510679744908503,0.31813921290005487,
ZAF,2022Q3,industrycat10,4,2.841783615097576,0.31813921290005487,0.27723453128776354,
ZAF,2022Q4,industrycat10,4,3.1190181463853395,0.27723453128776354,-0.06153130015524777,
ZAF,2023Q1,industrycat10,4,3.0574868462300917,-0.06153130015524777,0.0030683631465744376,
ZAF,2023Q2,industrycat10,4,3.060555209376666,0.0030683631465744376,-0.21589692459280796,
ZAF,2023Q3,industrycat10,4,2.844658284783858,-0.21589692459280796,0.47836340206277583,
ZAF,2023Q4,industrycat10,4,3.323021686846634,0.47836340206277583,-0.2856192041356076,
ZAF,2024Q1,industrycat10,4,3.0374024827110264,-0.2856192041356076,0.22066730039505655,
ZAF,2024Q2,industrycat10,4,3.258069783106083,0.22066730039505655,-0.017055807973522352,
ZAF,2024Q3,industrycat10,4,3.2410139751325606,-0.017055807973522352,-0.004307204880166449,
ZAF,2024Q4,industrycat10,4,3.236706770252394,-0.004307204880166449,0.4464370795751291,
ZAF,2025Q1,industrycat10,4,3.6831438498275233,0.4464370795751291,-0.24127688477762232,
ZAF,2025Q2,industrycat10,4,3.441866965049901,-0.24127688477762232,-0.5136947062805923,
ZAF,2025Q3,industrycat10,4,2.9281722587693086,-0.5136947062805923,0.029720226663123572,
ZAF,2025Q4,industrycat10,4,2.957892485432432,0.029720226663123572,-0.053579667187912516,
ZAF,2026Q1,industrycat10,4,2.9043128182445197,-0.053579667187912516,-0.22791561895709656,
ZAF,2026Q2,industrycat10,4,2.676397199287423,-0.22791561895709656,,
ZAF,2022Q1,industrycat10,5,7.193886876157535,,0.3568347135358163,
ZAF,2022Q2,industrycat10,5,7.550721589693351,0.3568347135358163,0.20665459634320538,
ZAF,2022Q3,industrycat10,5,7.757376186036557,0.20665459634320538,-0.18437801550201627,
ZAF,2022Q4,industrycat10,5,7.57299817053454,-0.18437801550201627,-0.18779447440234254,
ZAF,2023Q1,industrycat10,5,7.385203696132198,-0.18779447440234254,0.5806084172832939,
ZAF,2023Q2,industrycat10,5,7.965812113415492,0.5806084172832939,0.10156440282789347,
ZAF,2023Q3,industrycat10,5,8.067376516243385,0.10156440282789347,-0.15996370982411356,
ZAF,2023Q4,industrycat10,5,7.907412806419272,-0.15996370982411356,-0.692892094488462,
ZAF,2024Q1,industrycat10,5,7.21452071193081,-0.692892094488462,-0.016476872544475718,
ZAF,2024Q2,industrycat10,5,7.198043839386334,-0.016476872544475718,0.9093524390956818,
ZAF,2024Q3,industrycat10,5,8.107396278482016,0.9093524390956818,-0.17948650838545266,
ZAF,2024Q4,industrycat10,5,7.927909770096563,-0.17948650838545266,-0.5665863685646748,
ZAF,2025Q1,industrycat10,5,7.361323401531888,-0.5665863685646748,0.10469154093807287,
ZAF,2025Q2,industrycat10,5,7.466014942469961,0.10469154093807287,0.658537548629706,
ZAF,2025Q3,industrycat10,5,8.124552491099667,0.658537548629706,0.17522911662034524,
ZAF,2025Q4,industrycat10,5,8.299781607720012,0.17522911662034524,-0.5026672670043775,
ZAF,2026Q1,industrycat10,5,7.797114340715635,-0.5026672670043775,0.27178772707746024,
ZAF,2026Q2,industrycat10,5,8.068902067793095,0.27178772707746024,,
ZAF,2022Q1,industrycat10,6,20.026163070926724,,0.2384856413933143,
ZAF,2022Q2,industrycat10,6,20.26464871232004,0.2384856413933143,0.34500466171191135,
ZAF,2022Q3,industrycat10,6,20.60965337403195,0.34500466171191135,0.10950318599859443,
ZAF,2022Q4,industrycat10,6,20.719156560030545,0.10950318599859443,-0.5346685245222247,
ZAF,2023Q1,industrycat10,6,20.18448803550832,-0.5346685245222247,0.3787632965863921,
ZAF,2023Q2,industrycat10,6,20.563251332094712,0.3787632965863921,-0.24555895415533513,
ZAF,2023Q3,industrycat10,6,20.317692377939377,-0.24555895415533513,-0.18881896710065504,
ZAF,2023Q4,industrycat10,6,20.12887341083872,-0.18881896710065504,0.6372711876496489,
ZAF,2024Q1,industrycat10,6,20.76614459848837,0.6372711876496489,-0.5403757878215281,
ZAF,2024Q2,industrycat10,6,20.225768810666843,-0.5403757878215281,0.2869367024031888,
ZAF,2024Q3,industrycat10,6,20.51270551307003,0.2869367024031888,-0.4567669631125071,
ZAF,2024Q4,industrycat10,6,20.055938549957524,-0.4567669631125071,-0.7340115652594079,
ZAF,2025Q1,industrycat10,6,19.321926984698116,-0.7340115652594079,0.44717001046825544,
ZAF,2025Q2,industrycat10,6,19.76909699516637,0.44717001046825544,0.36981614352229286,
ZAF,2025Q3,industrycat10,6,20.138913138688665,0.36981614352229286,-0.7286656579736608,
ZAF,2025Q4,industrycat10,6,19.410247480715004,-0.7286656579736608,0.42440544441256733,
ZAF,2026Q1,industrycat10,6,19.83465292512757,0.42440544441256733,0.39794751075674384,
ZAF,2026Q2,industrycat10,6,20.232600435884315,0.39794751075674384,,
ZAF,2022Q1,industrycat10,7,7.9032553880837195,,-0.31809669810212693,
ZAF,2022Q2,industrycat10,7,7.585158689981593,-0.31809669810212693,-0.06229435733629085,
ZAF,2022Q3,industrycat10,7,7.522864332645302,-0.06229435733629085,0.17336200289173131,
ZAF,2022Q4,industrycat10,7,7.696226335537033,0.17336200289173131,0.20512363210642182,
ZAF,2023Q1,industrycat10,7,7.901349967643455,0.20512363210642182,-0.3123422482192719,
ZAF,2023Q2,industrycat10,7,7.589007719424183,-0.3123422482192719,-0.15535493647333265,
ZAF,2023Q3,industrycat10,7,7.43365278295085,-0.15535493647333265,0.5220423308394189,
ZAF,2023Q4,industrycat10,7,7.955695113790269,0.5220423308394189,0.1997790269275237,
ZAF,2024Q1,industrycat10,7,8.155474140717793,0.1997790269275237,0.06287274041622304,
ZAF,2024Q2,industrycat10,7,8.218346881134016,0.06287274041622304,-0.522672492763034,
ZAF,2024Q3,industrycat10,7,7.695674388370982,-0.522672492763034,0.050342794230555654,
ZAF,2024Q4,industrycat10,7,7.746017182601538,0.050342794230555654,0.7099171504401482,
ZAF,2025Q1,industrycat10,7,8.455934333041686,0.7099171504401482,-0.12004549654395724,
ZAF,2025Q2,industrycat10,7,8.335888836497729,-0.12004549654395724,-0.10997826727201598,
ZAF,2025Q3,industrycat10,7,8.225910569225713,-0.10997826727201598,0.34265427552290895,
ZAF,2025Q4,industrycat10,7,8.568564844748622,0.34265427552290895,0.013303116583053054,
ZAF,2026Q1,industrycat10,7,8.581867961331675,0.013303116583053054,-0.15497556695004455,
ZAF,2026Q2,industrycat10,7,8.42689239438163,-0.15497556695004455,,
ZAF,2022Q1,industrycat10,8,14.291994599863862,,-0.17523798792055167,
ZAF,2022Q2,industrycat10,8,14.11675661194331,-0.17523798792055167,-0.5421860895471777,
ZAF,2022Q3,industrycat10,8,13.574570522396133,-0.5421860895471777,0.4915184986698815,
ZAF,2022Q4,industrycat10,8,14.066089021066015,0.4915184986698815,0.7580277307660417,
ZAF,2023Q1,industrycat10,8,14.824116751832056,0.7580277307660417,-0.36066600639906987,
ZAF,2023Q2,industrycat10,8,14.463450745432986,-0.36066600639906987,0.84112188634181,
ZAF,2023Q3,industrycat10,8,15.304572631774796,0.84112188634181,0.5561059375369872,
ZAF,2023Q4,industrycat10,8,15.860678569311784,0.5561059375369872,-0.2706402424915719,
ZAF,2024Q1,industrycat10,8,15.590038326820212,-0.2706402424915719,0.0038263827707272213,
ZAF,2024Q2,industrycat10,8,15.593864709590939,0.0038263827707272213,-1.0965453319295246,
ZAF,2024Q3,industrycat10,8,14.497319377661414,-1.0965453319295246,1.2517253201549696,
ZAF,2024Q4,industrycat10,8,15.749044697816384,1.2517253201549696,0.44540859941090716,
ZAF,2025Q1,industrycat10,8,16.19445329722729,0.44540859941090716,-0.17854719066426128,
ZAF,2025Q2,industrycat10,8,16.01590610656303,-0.17854719066426128,-0.5508790518080193,
ZAF,2025Q3,industrycat10,8,15.46502705475501,-0.5508790518080193,-0.08892791821600632,
ZAF,2025Q4,industrycat10,8,15.376099136539004,-0.08892791821600632,0.18367552548878407,
ZAF,2026Q1,industrycat10,8,15.559774662027788,0.18367552548878407,0.25278949233436876,
ZAF,2026Q2,industrycat10,8,15.812564154362157,0.25278949233436876,,
ZAF,2022Q1,industrycat10,9,4.913290310705147,,0.3291069164808915,
ZAF,2022Q2,industrycat10,9,5.242397227186038,0.3291069164808915,-0.4121207515750891,
ZAF,2022Q3,industrycat10,9,4.830276475610949,-0.4121207515750891,0.16167131865111894,
ZAF,2022Q4,industrycat10,9,4.991947794262068,0.16167131865111894,0.35567431275956896,
ZAF,2023Q1,industrycat10,9,5.347622107021637,0.35567431275956896,-0.27987277039301706,
ZAF,2023Q2,industrycat10,9,5.06774933662862,-0.27987277039301706,-0.23013070461389873,
ZAF,2023Q3,industrycat10,9,4.837618632014721,-0.23013070461389873,-0.34588058112230247,
ZAF,2023Q4,industrycat10,9,4.491738050892419,-0.34588058112230247,-0.021017990407097287,
ZAF,2024Q1,industrycat10,9,4.470720060485322,-0.021017990407097287,0.1765376510262895,
ZAF,2024Q2,industrycat10,9,4.647257711511611,0.1765376510262895,-0.2199988154281769,
ZAF,2024Q3,industrycat10,9,4.427258896083434,-0.2199988154281769,0.40840222352479394,
ZAF,2024Q4,industrycat10,9,4.835661119608228,0.40840222352479394,0.10580531690464401,
ZAF,2025Q1,industrycat10,9,4.941466436512872,0.10580531690464401,-0.3262138260794831,
ZAF,2025Q2,industrycat10,9,4.615252610433389,-0.3262138260794831,0.13585526785975155,
ZAF,2025Q3,industrycat10,9,4.751107878293141,0.13585526785975155,0.04259748414370268,
ZAF,2025Q4,industrycat10,9,4.793705362436843,0.04259748414370268,-0.13923157252817298,
ZAF,2026Q1,industrycat10,9,4.65447378990867,-0.13923157252817298,0.06487771975691192,
ZAF,2026Q2,industrycat10,9,4.719351509665582,0.06487771975691192,,
ZAF,2022Q1,industrycat10,NA,0.02071727507508281,,-0.002297620312508422,
ZAF,2022Q3,industrycat10,NA,0.018419654762574386,-0.002297620312508422,0.023009686910262832,
ZAF,2022Q4,industrycat10,NA,0.04142934167283722,0.023009686910262832,-0.028887996927305294,
ZAF,2023Q1,industrycat10,NA,0.012541344745531922,-0.028887996927305294,0.020578703589883014,
ZAF,2023Q2,industrycat10,NA,0.03312004833541494,0.020578703589883014,-0.0043015410480901455,
ZAF,2023Q3,industrycat10,NA,0.028818507287324793,-0.0043015410480901455,-0.006720788980352766,
ZAF,2023Q4,industrycat10,NA,0.022097718306972026,-0.006720788980352766,0.0010851450099169657,
ZAF,2024Q1,industrycat10,NA,0.023182863316888992,0.0010851450099169657,0.02521117825561514,
ZAF,2024Q2,industrycat10,NA,0.04839404157250413,0.02521117825561514,0.016230828685773212,
ZAF,2025Q3,industrycat10,NA,0.06462487025827734,0.016230828685773212,-0.023773546612476944,
ZAF,2025Q4,industrycat10,NA,0.0408513236458004,-0.023773546612476944,-0.003752544458266442,
ZAF,2026Q1,industrycat10,NA,0.03709877918753396,-0.003752544458266442,-0.009443335765383646,
ZAF,2026Q2,industrycat10,NA,0.027655443422150313,-0.009443335765383646,,
ZAF,2022Q1,lstatus,1,25.46049358933222,,1.1001175775175334,
ZAF,2022Q2,lstatus,1,26.560611166849753,1.1001175775175334,0.1979215796678382,
ZAF,2022Q3,lstatus,1,26.75853274651759,0.1979215796678382,0.21131419551113595,
ZAF,2022Q4,lstatus,1,26.969846942028727,0.21131419551113595,0.39838767965015265,
ZAF,2023Q1,lstatus,1,27.36823462167888,0.39838767965015265,0.17905361961965127,
ZAF,2023Q2,lstatus,1,27.54728824129853,0.17905361961965127,0.6088468303694476,
ZAF,2023Q3,lstatus,1,28.15613507166798,0.6088468303694476,-0.07666415683715755,
ZAF,2023Q4,lstatus,1,28.07947091483082,-0.07666415683715755,-0.05229534676690051,
ZAF,2024Q1,lstatus,1,28.02717556806392,-0.05229534676690051,-0.2378117820129404,
ZAF,2024Q2,lstatus,1,27.78936378605098,-0.2378117820129404,0.44903815970394945,
ZAF,2024Q3,lstatus,1,28.23840194575493,0.44903815970394945,0.15818256370601347,
ZAF,2024Q4,lstatus,1,28.396584509460943,0.15818256370601347,-0.590628785659721,
ZAF,2025Q1,lstatus,1,27.805955723801222,-0.590628785659721,-0.07489931724286691,
ZAF,2025Q2,lstatus,1,27.731056406558356,-0.07489931724286691,0.2991671905416702,
ZAF,2025Q3,lstatus,1,28.030223597100026,0.2991671905416702,-0.019486770402437514,
ZAF,2025Q4,lstatus,1,28.01073682669759,-0.019486770402437514,-0.6499627123476728,
ZAF,2026Q1,lstatus,1,27.360774114349915,-0.6499627123476728,-0.11141895408960778,
ZAF,2026Q2,lstatus,1,27.249355160260308,-0.11141895408960778,,
ZAF,2022Q1,lstatus,2,13.287346405270082,,0.17928480465157115,
ZAF,2022Q2,lstatus,2,13.466631209921653,0.17928480465157115,-0.49322214524839225,
ZAF,2022Q3,lstatus,2,12.97340906467326,-0.49322214524839225,0.012474111953238776,
ZAF,2022Q4,lstatus,2,12.9858831766265,0.012474111953238776,0.2607146772232021,
ZAF,2023Q1,lstatus,2,13.246597853849702,0.2607146772232021,-0.056833813377355824,
ZAF,2023Q2,lstatus,2,13.189764040472346,-0.056833813377355824,-0.16875468575035768,
ZAF,2023Q3,lstatus,2,13.021009354721988,-0.16875468575035768,0.042574208488860066,
ZAF,2023Q4,lstatus,2,13.063583563210848,0.042574208488860066,0.5082946233591947,
ZAF,2024Q1,lstatus,2,13.571878186570043,0.5082946233591947,0.23134747145260803,
ZAF,2024Q2,lstatus,2,13.803225658022651,0.23134747145260803,-0.6576061311972907,
ZAF,2024Q3,lstatus,2,13.14561952682536,-0.6576061311972907,-0.07660883731551138,
ZAF,2024Q4,lstatus,2,13.069010689509849,-0.07660883731551138,0.3713504819496496,
ZAF,2025Q1,lstatus,2,13.440361171459498,0.3713504819496496,0.19474039290473755,
ZAF,2025Q2,lstatus,2,13.635101564364236,0.19474039290473755,-0.6053197264251029,
ZAF,2025Q3,lstatus,2,13.029781837939133,-0.6053197264251029,-0.33408417668028356,
ZAF,2025Q4,lstatus,2,12.69569766125885,-0.33408417668028356,0.45844568400851493,
ZAF,2026Q1,lstatus,2,13.154143345267364,0.45844568400851493,0.5265214734292805,
ZAF,2026Q2,lstatus,2,13.680664818696645,0.5265214734292805,,
ZAF,2022Q1,lstatus,3,35.18960056100259,,-1.199647450562054,
ZAF,2022Q2,lstatus,3,33.98995311044054,-1.199647450562054,0.3766162237816175,
ZAF,2022Q3,lstatus,3,34.366569334222156,0.3766162237816175,-0.1426428079430977,
ZAF,2022Q4,lstatus,3,34.22392652627906,-0.1426428079430977,-0.5780938725812419,
ZAF,2023Q1,lstatus,3,33.645832653697816,-0.5780938725812419,-0.04135429885994313,
ZAF,2023Q2,lstatus,3,33.60447835483787,-0.04135429885994313,-0.35848862814320626,
ZAF,2023Q3,lstatus,3,33.24598972669467,-0.35848862814320626,0.1146239166741907,
ZAF,2023Q4,lstatus,3,33.36061364336886,0.1146239166741907,-0.3752232181763375,
ZAF,2024Q1,lstatus,3,32.98539042519252,-0.3752232181763375,0.08703761989161052,
ZAF,2024Q2,lstatus,3,33.07242804508413,0.08703761989161052,0.28927233905735505,
ZAF,2024Q3,lstatus,3,33.361700384141486,0.28927233905735505,-0.0020982470134924824,
ZAF,2024Q4,lstatus,3,33.35960213712799,-0.0020982470134924824,0.29847425293187513,
ZAF,2025Q1,lstatus,3,33.65807639005987,0.29847425293187513,-0.04092860370704443,
ZAF,2025Q2,lstatus,3,33.617147786352824,-0.04092860370704443,0.38228216103198065,
ZAF,2025Q3,lstatus,3,33.999429947384805,0.38228216103198065,0.42531865714637007,
ZAF,2025Q4,lstatus,3,34.424748604531175,0.42531865714637007,0.26303600195386423,
ZAF,2026Q1,lstatus,3,34.68778460648504,0.26303600195386423,-0.3438153953078995,
ZAF,2026Q2,lstatus,3,34.34396921117714,-0.3438153953078995,,
ZAF,2022Q1,lstatus,NA,26.062559444395106,,-0.07975493160704517,
ZAF,2022Q2,lstatus,NA,25.98280451278806,-0.07975493160704517,-0.08131565820107767,
ZAF,2022Q3,lstatus,NA,25.901488854586983,-0.08131565820107767,-0.08114549952126282,
ZAF,2022Q4,lstatus,NA,25.82034335506572,-0.08114549952126282,-0.08100848429211638,
ZAF,2023Q1,lstatus,NA,25.739334870773604,-0.08100848429211638,-0.08086550738235232,
ZAF,2023Q2,lstatus,NA,25.65846936339125,-0.08086550738235232,-0.08160351647588016,
ZAF,2023Q3,lstatus,NA,25.57686584691537,-0.08160351647588016,-0.08053396832588788,
ZAF,2023Q4,lstatus,NA,25.496331878589483,-0.08053396832588788,-0.0807760584159638,
ZAF,2024Q1,lstatus,NA,25.41555582017352,-0.0807760584159638,-0.08057330933128526,
ZAF,2024Q2,lstatus,NA,25.334982510842234,-0.08057330933128526,-0.08070436756401733,
ZAF,2024Q3,lstatus,NA,25.254278143278217,-0.08070436756401733,-0.07947547937699895,
ZAF,2024Q4,lstatus,NA,25.174802663901218,-0.07947547937699895,-0.07919594922181261,
ZAF,2025Q1,lstatus,NA,25.095606714679406,-0.07919594922181261,-0.07891247195482265,
ZAF,2025Q2,lstatus,NA,25.016694242724583,-0.07891247195482265,-0.07612962514853905,
ZAF,2025Q3,lstatus,NA,24.940564617576044,-0.07612962514853905,-0.07174771006364722,
ZAF,2025Q4,lstatus,NA,24.868816907512397,-0.07174771006364722,-0.07151897361470816,
ZAF,2026Q1,lstatus,NA,24.79729793389769,-0.07151897361470816,-0.07128712403178383,
ZAF,2026Q2,lstatus,NA,24.726010809865905,-0.07128712403178383,,
ZAF,2022Q1,occup,1,8.067138474887233,,-0.38712066458938654,
ZAF,2022Q2,occup,1,7.680017810297847,-0.38712066458938654,1.05051294088375,
ZAF,2022Q3,occup,1,8.730530751181597,1.05051294088375,0.4460626496139213,
ZAF,2022Q4,occup,1,9.176593400795518,0.4460626496139213,-1.2275296822038904,
ZAF,2023Q1,occup,1,7.949063718591628,-1.2275296822038904,-1.2090724020023265,
ZAF,2023Q2,occup,1,6.739991316589301,-1.2090724020023265,-0.484618779691127,
ZAF,2023Q3,occup,1,6.255372536898174,-0.484618779691127,2.2106545393315598,
ZAF,2023Q4,occup,1,8.466027076229734,2.2106545393315598,-0.9076460646206073,
ZAF,2024Q1,occup,1,7.558381011609127,-0.9076460646206073,0.676919208181566,
ZAF,2024Q2,occup,1,8.235300219790693,0.676919208181566,0.037140449965583855,
ZAF,2024Q3,occup,1,8.272440669756277,0.037140449965583855,0.1444699486941179,
ZAF,2024Q4,occup,1,8.416910618450395,0.1444699486941179,-0.035803643205468916,
ZAF,2025Q1,occup,1,8.381106975244926,-0.035803643205468916,0.09668966186229433,
ZAF,2025Q2,occup,1,8.47779663710722,0.09668966186229433,-0.29457483172349797,
ZAF,2025Q3,occup,1,8.183221805383722,-0.29457483172349797,-0.10104384379638098,
ZAF,2025Q4,occup,1,8.082177961587341,-0.10104384379638098,0.49481914577424213,
ZAF,2026Q1,occup,1,8.576997107361583,0.49481914577424213,-0.04869566722594065,
ZAF,2026Q2,occup,1,8.528301440135643,-0.04869566722594065,,
ZAF,2022Q1,occup,2,8.60346220532088,,0.7055907594234334,
ZAF,2022Q2,occup,2,9.309052964744314,0.7055907594234334,-0.6500659947124259,
ZAF,2022Q3,occup,2,8.658986970031888,-0.6500659947124259,-0.02415718352278695,
ZAF,2022Q4,occup,2,8.634829786509101,-0.02415718352278695,0.8358401993851441,
ZAF,2023Q1,occup,2,9.470669985894245,0.8358401993851441,0.02355316681156694,
ZAF,2023Q2,occup,2,9.494223152705812,0.02355316681156694,-0.14557420539750865,
ZAF,2023Q3,occup,2,9.348648947308304,-0.14557420539750865,-0.4355957962983652,
ZAF,2023Q4,occup,2,8.913053151009938,-0.4355957962983652,0.23109926995808827,
ZAF,2024Q1,occup,2,9.144152420968027,0.23109926995808827,0.2886113614866197,
ZAF,2024Q2,occup,2,9.432763782454646,0.2886113614866197,-2.965385602424938,
ZAF,2024Q3,occup,2,6.4673781800297085,-2.965385602424938,-0.26670472199746786,
ZAF,2024Q4,occup,2,6.200673458032241,-0.26670472199746786,0.7279120989403571,
ZAF,2025Q1,occup,2,6.928585556972598,0.7279120989403571,0.0009684595154331177,
ZAF,2025Q2,occup,2,6.929554016488031,0.0009684595154331177,-0.6506815145990545,
ZAF,2025Q3,occup,2,6.278872501888976,-0.6506815145990545,0.4280722327072013,
ZAF,2025Q4,occup,2,6.706944734596178,0.4280722327072013,0.05031253764223731,
ZAF,2026Q1,occup,2,6.757257272238415,0.05031253764223731,-0.2932132732161632,
ZAF,2026Q2,occup,2,6.464043999022252,-0.2932132732161632,,
ZAF,2022Q1,occup,3,7.0909548909977405,,0.004876084791269442,
ZAF,2022Q2,occup,3,7.09583097578901,0.004876084791269442,0.34001819710086423,
ZAF,2022Q3,occup,3,7.435849172889874,0.34001819710086423,-0.17742832683371113,
ZAF,2022Q4,occup,3,7.258420846056163,-0.17742832683371113,-0.35917014964118543,
ZAF,2023Q1,occup,3,6.899250696414978,-0.35917014964118543,-0.34702163898048877,
ZAF,2023Q2,occup,3,6.552229057434489,-0.34702163898048877,0.014510470281837051,
ZAF,2023Q3,occup,3,6.566739527716326,0.014510470281837051,0.6897645752171506,
ZAF,2023Q4,occup,3,7.2565041029334765,0.6897645752171506,-0.664628079985703,
ZAF,2024Q1,occup,3,6.5918760229477735,-0.664628079985703,0.03166015989785276,
ZAF,2024Q2,occup,3,6.623536182845626,0.03166015989785276,0.1272472531728832,
ZAF,2024Q3,occup,3,6.7507834360185095,0.1272472531728832,-0.4217826665536277,
ZAF,2024Q4,occup,3,6.329000769464882,-0.4217826665536277,0.9527654433264905,
ZAF,2025Q1,occup,3,7.281766212791372,0.9527654433264905,0.5496379576626165,
ZAF,2025Q2,occup,3,7.831404170453989,0.5496379576626165,-0.7298480995075103,
ZAF,2025Q3,occup,3,7.1015560709464784,-0.7298480995075103,0.06692431511868957,
ZAF,2025Q4,occup,3,7.168480386065168,0.06692431511868957,0.26347635221129995,
ZAF,2026Q1,occup,3,7.431956738276468,0.26347635221129995,-0.13221240433065073,
ZAF,2026Q2,occup,3,7.299744333945817,-0.13221240433065073,,
ZAF,2022Q1,occup,4,7.676873026177111,,0.41747925614005155,
ZAF,2022Q2,occup,4,8.094352282317162,0.41747925614005155,-0.4104719848117435,
ZAF,2022Q3,occup,4,7.683880297505419,-0.4104719848117435,0.09757696844957309,
ZAF,2022Q4,occup,4,7.781457265954992,0.09757696844957309,0.5048872955496586,
ZAF,2023Q1,occup,4,8.28634456150465,0.5048872955496586,0.2803455170375777,
ZAF,2023Q2,occup,4,8.566690078542228,0.2803455170375777,0.12088032276827931,
ZAF,2023Q3,occup,4,8.687570401310508,0.12088032276827931,-0.7651167894827333,
ZAF,2023Q4,occup,4,7.922453611827774,-0.7651167894827333,0.27760778831427313,
ZAF,2024Q1,occup,4,8.200061400142047,0.27760778831427313,-0.1337029108995278,
ZAF,2024Q2,occup,4,8.06635848924252,-0.1337029108995278,0.6785946440102215,
ZAF,2024Q3,occup,4,8.744953133252741,0.6785946440102215,0.21445576374642705,
ZAF,2024Q4,occup,4,8.959408896999168,0.21445576374642705,-0.05739153489576054,
ZAF,2025Q1,occup,4,8.902017362103408,-0.05739153489576054,-0.18092809927585662,
ZAF,2025Q2,occup,4,8.721089262827551,-0.18092809927585662,0.04297142350699623,
ZAF,2025Q3,occup,4,8.764060686334547,0.04297142350699623,-0.27789325254756037,
ZAF,2025Q4,occup,4,8.486167433786987,-0.27789325254756037,0.010686867971067215,
ZAF,2026Q1,occup,4,8.496854301758054,0.010686867971067215,-0.2407254637816525,
ZAF,2026Q2,occup,4,8.256128837976402,-0.2407254637816525,,
ZAF,2022Q1,occup,5,21.22094352618369,,0.12306279329393988,
ZAF,2022Q2,occup,5,21.34400631947763,0.12306279329393988,0.23072500526809492,
ZAF,2022Q3,occup,5,21.574731324745724,0.23072500526809492,-0.5425742744381132,
ZAF,2022Q4,occup,5,21.03215705030761,-0.5425742744381132,0.6597911676980814,
ZAF,2023Q1,occup,5,21.69194821800569,0.6597911676980814,0.8267858565375334,
ZAF,2023Q2,occup,5,22.518734074543225,0.8267858565375334,0.3105879447831015,
ZAF,2023Q3,occup,5,22.829322019326327,0.3105879447831015,-0.9510980165152354,
ZAF,2023Q4,occup,5,21.87822400281109,-0.9510980165152354,-0.39365942471116,
ZAF,2024Q1,occup,5,21.48456457809993,-0.39365942471116,-0.958979415025528,
ZAF,2024Q2,occup,5,20.525585163074403,-0.958979415025528,1.8707753237765203,
ZAF,2024Q3,occup,5,22.396360486850924,1.8707753237765203,-0.5353713414823851,
ZAF,2024Q4,occup,5,21.86098914536854,-0.5353713414823851,-0.5269999944049601,
ZAF,2025Q1,occup,5,21.33398915096358,-0.5269999944049601,-0.029476109660880212,
ZAF,2025Q2,occup,5,21.304513041302698,-0.029476109660880212,1.037405551527435,
ZAF,2025Q3,occup,5,22.341918592830133,1.037405551527435,-0.20646411400074172,
ZAF,2025Q4,occup,5,22.13545447882939,-0.20646411400074172,-0.32981019604503814,
ZAF,2026Q1,occup,5,21.805644282784353,-0.32981019604503814,0.8804867775816589,
ZAF,2026Q2,occup,5,22.686131060366012,0.8804867775816589,,
ZAF,2022Q1,occup,6,0.539542312525814,,0.032839578598478636,
ZAF,2022Q2,occup,6,0.5723818911242926,0.032839578598478636,0.03988682500046581,
ZAF,2022Q3,occup,6,0.6122687161247584,0.03988682500046581,0.0775516981140294,
ZAF,2022Q4,occup,6,0.6898204142387878,0.0775516981140294,-0.19858298880412312,
ZAF,2023Q1,occup,6,0.4912374254346647,-0.19858298880412312,-0.0337663393297708,
ZAF,2023Q2,occup,6,0.4574710861048939,-0.0337663393297708,0.03901480050770478,
ZAF,2023Q3,occup,6,0.4964858866125987,0.03901480050770478,-0.022223935731132072,
ZAF,2023Q4,occup,6,0.4742619508814666,-0.022223935731132072,0.1363426074916868,
ZAF,2024Q1,occup,6,0.6106045583731534,0.1363426074916868,0.05990737273669289,
ZAF,2024Q2,occup,6,0.6705119311098463,0.05990737273669289,-0.21995780833278944,
ZAF,2024Q3,occup,6,0.45055412277705686,-0.21995780833278944,0.11218917694786124,
ZAF,2024Q4,occup,6,0.5627432997249181,0.11218917694786124,-0.10352839215696596,
ZAF,2025Q1,occup,6,0.45921490756795214,-0.10352839215696596,0.00613906742460868,
ZAF,2025Q2,occup,6,0.4653539749925608,0.00613906742460868,0.21846256156017008,
ZAF,2025Q3,occup,6,0.6838165365527309,0.21846256156017008,-0.22731148147504554,
ZAF,2025Q4,occup,6,0.45650505507768535,-0.22731148147504554,0.27110155275273207,
ZAF,2026Q1,occup,6,0.7276066078304174,0.27110155275273207,-0.16663305427298458,
ZAF,2026Q2,occup,6,0.5609735535574328,-0.16663305427298458,,
ZAF,2022Q1,occup,7,11.163201619593714,,-0.30766708562993017,
ZAF,2022Q2,occup,7,10.855534533963784,-0.30766708562993017,-0.0453484250180729,
ZAF,2022Q3,occup,7,10.810186108945711,-0.0453484250180729,-0.4258975313697615,
ZAF,2022Q4,occup,7,10.38428857757595,-0.4258975313697615,0.3806414030177052,
ZAF,2023Q1,occup,7,10.764929980593655,0.3806414030177052,-0.35008296276578754,
ZAF,2023Q2,occup,7,10.414847017827867,-0.35008296276578754,0.1737451236032026,
ZAF,2023Q3,occup,7,10.58859214143107,0.1737451236032026,-0.17732371481883824,
ZAF,2023Q4,occup,7,10.411268426612232,-0.17732371481883824,0.3863929356148663,
ZAF,2024Q1,occup,7,10.797661362227098,0.3863929356148663,-0.3063358467399784,
ZAF,2024Q2,occup,7,10.49132551548712,-0.3063358467399784,0.7772537435449429,
ZAF,2024Q3,occup,7,11.268579259032062,0.7772537435449429,0.39641776633033565,
ZAF,2024Q4,occup,7,11.664997025362398,0.39641776633033565,-0.21965153700171314,
ZAF,2025Q1,occup,7,11.445345488360685,-0.21965153700171314,-0.11344119843650446,
ZAF,2025Q2,occup,7,11.33190428992418,-0.11344119843650446,0.8110738741472758,
ZAF,2025Q3,occup,7,12.142978164071456,0.8110738741472758,-0.25470097149243465,
ZAF,2025Q4,occup,7,11.888277192579022,-0.25470097149243465,-0.562182266922072,
ZAF,2026Q1,occup,7,11.32609492565695,-0.562182266922072,0.2972307242822225,
ZAF,2026Q2,occup,7,11.623325649939172,0.2972307242822225,,
ZAF,2022Q1,occup,8,8.020221833673695,,-0.48750357999018945,
ZAF,2022Q2,occup,8,7.532718253683505,-0.48750357999018945,-0.5037945806250708,
ZAF,2022Q3,occup,8,7.028923673058435,-0.5037945806250708,0.1473814164060645,
ZAF,2022Q4,occup,8,7.176305089464499,0.1473814164060645,-0.08879890511676436,
ZAF,2023Q1,occup,8,7.087506184347735,-0.08879890511676436,-0.23098776376103203,
ZAF,2023Q2,occup,8,6.856518420586703,-0.23098776376103203,0.4643811066510546,
ZAF,2023Q3,occup,8,7.320899527237757,0.4643811066510546,-0.3758893024065362,
ZAF,2023Q4,occup,8,6.945010224831221,-0.3758893024065362,1.3166436996711193,
ZAF,2024Q1,occup,8,8.26165392450234,1.3166436996711193,-1.1477900906505312,
ZAF,2024Q2,occup,8,7.113863833851809,-1.1477900906505312,0.25443229654348,
ZAF,2024Q3,occup,8,7.368296130395289,0.25443229654348,-0.031052325732440877,
ZAF,2024Q4,occup,8,7.337243804662848,-0.031052325732440877,-0.003016697001890556,
ZAF,2025Q1,occup,8,7.334227107660958,-0.003016697001890556,0.06692987600339784,
ZAF,2025Q2,occup,8,7.401156983664356,0.06692987600339784,0.011173790394947147,
ZAF,2025Q3,occup,8,7.412330774059303,0.011173790394947147,-0.018113168702367233,
ZAF,2025Q4,occup,8,7.3942176053569355,-0.018113168702367233,0.3495287307147379,
ZAF,2026Q1,occup,8,7.743746336071673,0.3495287307147379,-0.255063664540657,
ZAF,2026Q2,occup,8,7.488682671531016,-0.255063664540657,,
ZAF,2022Q1,occup,9,26.220654992932143,,0.08514428271526597,
ZAF,2022Q2,occup,9,26.30579927564741,0.08514428271526597,-0.267336420021838,
ZAF,2022Q3,occup,9,26.03846285562557,-0.267336420021838,0.31837429900944514,
ZAF,2022Q4,occup,9,26.356837154635016,0.31837429900944514,-0.37393380326215464,
ZAF,2023Q1,occup,9,25.982903351372862,-0.37393380326215464,0.8288743162429739,
ZAF,2023Q2,occup,9,26.811777667615836,0.8288743162429739,-0.968414445073865,
ZAF,2023Q3,occup,9,25.84336322254197,-0.968414445073865,0.16772285917312146,
ZAF,2023Q4,occup,9,26.011086081715092,0.16772285917312146,-0.46797058477990205,
ZAF,2024Q1,occup,9,25.54311549693519,-0.46797058477990205,1.216934687334426,
ZAF,2024Q2,occup,9,26.760050184269616,1.216934687334426,-0.16244388723561798,
ZAF,2024Q3,occup,9,26.597606297033998,-0.16244388723561798,0.3217273702898744,
ZAF,2024Q4,occup,9,26.919333667323873,0.3217273702898744,-0.6454441381887897,
ZAF,2025Q1,occup,9,26.273889529135083,-0.6454441381887897,-0.34692300450376834,
ZAF,2025Q2,occup,9,25.926966524631315,-0.34692300450376834,-0.5486006521202036,
ZAF,2025Q3,occup,9,25.37836587251111,-0.5486006521202036,0.27533893013093547,
ZAF,2025Q4,occup,9,25.653704802642046,0.27533893013093547,-0.1093467247575326,
ZAF,2026Q1,occup,9,25.544358077884514,-0.1093467247575326,-0.07214306188584274,
ZAF,2026Q2,occup,9,25.47221501599867,-0.07214306188584274,,
ZAF,2022Q1,occup,NA,1.3970071177079892,,-0.18670142475293794,
ZAF,2022Q2,occup,NA,1.2103056929550513,-0.18670142475293794,0.21587443693597685,
ZAF,2022Q3,occup,NA,1.4261801298910282,0.21587443693597685,0.08311028457133607,
ZAF,2022Q4,occup,NA,1.5092904144623642,0.08311028457133607,-0.13314453662247616,
ZAF,2023Q1,occup,NA,1.376145877839888,-0.13314453662247616,0.21137225020975614,
ZAF,2023Q2,occup,NA,1.5875181280496442,0.21137225020975614,0.4754876615673218,
ZAF,2023Q3,occup,NA,2.063005789616966,0.4754876615673218,-0.34089441846898394,
ZAF,2023Q4,occup,NA,1.722111371147982,-0.34089441846898394,0.08581785304732747,
ZAF,2024Q1,occup,NA,1.8079292241953095,0.08581785304732747,0.27277547367840693,
ZAF,2024Q2,occup,NA,2.0807046978737165,0.27277547367840693,-0.3976564130202642,
ZAF,2024Q3,occup,NA,1.6830482848534523,-0.3976564130202642,0.06565102975729031,
ZAF,2024Q4,occup,NA,1.7486993146107426,0.06565102975729031,-0.08884160541131703,
ZAF,2025Q1,occup,NA,1.6598577091994255,-0.08884160541131703,-0.049596610591319035,
ZAF,2025Q2,occup,NA,1.6102610986081065,-0.049596610591319035,0.10261789681342215,
ZAF,2025Q3,occup,NA,1.7128789954215287,0.10261789681342215,0.3151913540577187,
ZAF,2025Q4,occup,NA,2.0280703494792474,0.3151913540577187,-0.43858599934166453,
ZAF,2026Q1,occup,NA,1.5894843501375828,-0.43858599934166453,0.03096908738998594,
ZAF,2026Q2,occup,NA,1.6204534375275688,0.03096908738998594,,
ZAF,2022Q1,socialsec,0,42.009023015174826,,1.5603232763369306,
ZAF,2022Q2,socialsec,0,43.569346291511756,1.5603232763369306,-1.9281649399825938,
ZAF,2022Q3,socialsec,0,41.64118135152916,-1.9281649399825938,0.4930724707579017,
ZAF,2022Q4,socialsec,0,42.134253822287064,0.4930724707579017,0.14694124823671473,
ZAF,2023Q1,socialsec,0,42.28119507052378,0.14694124823671473,1.6231374915136882,
ZAF,2023Q2,socialsec,0,43.90433256203747,1.6231374915136882,1.5523047792892513,
ZAF,2023Q3,socialsec,0,45.45663734132672,1.5523047792892513,-1.4205050044225374,
ZAF,2023Q4,socialsec,0,44.03613233690418,-1.4205050044225374,0.07970838125734048,
ZAF,2024Q1,socialsec,0,44.11584071816152,0.07970838125734048,-0.5116976380642058,
ZAF,2024Q2,socialsec,0,43.604143080097316,-0.5116976380642058,0.05364091942740856,
ZAF,2024Q3,socialsec,0,43.657783999524725,0.05364091942740856,-0.4757182958127828,
ZAF,2024Q4,socialsec,0,43.18206570371194,-0.4757182958127828,-0.9937785691027088,
ZAF,2025Q1,socialsec,0,42.18828713460923,-0.9937785691027088,0.7845022445121046,
ZAF,2025Q2,socialsec,0,42.97278937912134,0.7845022445121046,0.5372736283532689,
ZAF,2025Q3,socialsec,0,43.510063007474606,0.5372736283532689,0.15703590761754782,
ZAF,2025Q4,socialsec,0,43.667098915092154,0.15703590761754782,-1.9452419124297506,
ZAF,2026Q1,socialsec,0,41.721857002662404,-1.9452419124297506,0.13498199969509272,
ZAF,2026Q2,socialsec,0,41.856839002357496,0.13498199969509272,,
ZAF,2022Q1,socialsec,1,38.65761710047759,,-1.3437584659244592,
ZAF,2022Q2,socialsec,1,37.31385863455313,-1.3437584659244592,1.031364965264963,
ZAF,2022Q3,socialsec,1,38.34522359981809,1.031364965264963,0.39447195798145884,
ZAF,2022Q4,socialsec,1,38.73969555779955,0.39447195798145884,-0.6674022777682183,
ZAF,2023Q1,socialsec,1,38.07229328003133,-0.6674022777682183,-1.4223341580622488,
ZAF,2023Q2,socialsec,1,36.64995912196908,-1.4223341580622488,0.6403656848783896,
ZAF,2023Q3,socialsec,1,37.29032480684747,0.6403656848783896,-0.3483060862203615,
ZAF,2023Q4,socialsec,1,36.94201872062711,-0.3483060862203615,0.21440680457106964,
ZAF,2024Q1,socialsec,1,37.15642552519818,0.21440680457106964,0.14408335886940193,
ZAF,2024Q2,socialsec,1,37.30050888406758,0.14408335886940193,-0.6267931625122642,
ZAF,2024Q3,socialsec,1,36.67371572155532,-0.6267931625122642,-0.10300102986236226,
ZAF,2024Q4,socialsec,1,36.570714691692956,-0.10300102986236226,0.5030360427623464,
ZAF,2025Q1,socialsec,1,37.0737507344553,0.5030360427623464,-0.5691535681947215,
ZAF,2025Q2,socialsec,1,36.50459716626058,-0.5691535681947215,-0.5860753710883273,
ZAF,2025Q3,socialsec,1,35.91852179517225,-0.5860753710883273,0.8543147621458616,
ZAF,2025Q4,socialsec,1,36.772836557318115,0.8543147621458616,1.2770291645850733,
ZAF,2026Q1,socialsec,1,38.04986572190319,1.2770291645850733,-0.3076034010206996,
ZAF,2026Q2,socialsec,1,37.74226232088249,-0.3076034010206996,,
ZAF,2022Q1,socialsec,NA,19.33335988434759,,-0.21656481041247133,
ZAF,2022Q2,socialsec,NA,19.11679507393512,-0.21656481041247133,0.8967999747176307,
ZAF,2022Q3,socialsec,NA,20.01359504865275,0.8967999747176307,-0.8875444287393606,
ZAF,2022Q4,socialsec,NA,19.12605061991339,-0.8875444287393606,0.5204610295314964,
ZAF,2023Q1,socialsec,NA,19.646511649444886,0.5204610295314964,-0.2008033334514323,
ZAF,2023Q2,socialsec,NA,19.445708315993453,-0.2008033334514323,-2.192670464167648,
ZAF,2023Q3,socialsec,NA,17.253037851825805,-2.192670464167648,1.7688110906429024,
ZAF,2023Q4,socialsec,NA,19.021848942468708,1.7688110906429024,-0.2941151858283959,
ZAF,2024Q1,socialsec,NA,18.727733756640312,-0.2941151858283959,0.36761427919478606,
ZAF,2024Q2,socialsec,NA,19.095348035835098,0.36761427919478606,0.5731522430848699,
ZAF,2024Q3,socialsec,NA,19.668500278919968,0.5731522430848699,0.5787193256751344,
ZAF,2024Q4,socialsec,NA,20.247219604595102,0.5787193256751344,0.49074252634034465,
ZAF,2025Q1,socialsec,NA,20.737962130935447,0.49074252634034465,-0.21534867631736887,
ZAF,2025Q2,socialsec,NA,20.522613454618078,-0.21534867631736887,0.04880174273505844,
ZAF,2025Q3,socialsec,NA,20.571415197353137,0.04880174273505844,-1.0113506697634058,
ZAF,2025Q4,socialsec,NA,19.56006452758973,-1.0113506697634058,0.6682127478446702,
ZAF,2026Q1,socialsec,NA,20.2282772754344,0.6682127478446702,0.17262140132561754,
ZAF,2026Q2,socialsec,NA,20.40089867676002,0.17262140132561754,,
ZAF,2022Q1,urban,0,34.35720476114545,,0.2810824323136032,
ZAF,2022Q2,urban,0,34.63828719345905,0.2810824323136032,0.046252471749028246,
ZAF,2022Q3,urban,0,34.68453966520808,0.046252471749028246,0.12405587982095767,
ZAF,2022Q4,urban,0,34.808595545029036,0.12405587982095767,-0.1727747682658105,
ZAF,2023Q1,urban,0,34.635820776763225,-0.1727747682658105,0.07165229143092233,
ZAF,2023Q2,urban,0,34.70747306819415,0.07165229143092233,-0.6402195288728194,
ZAF,2023Q3,urban,0,34.06725353932133,-0.6402195288728194,0.12850506197310096,
ZAF,2023Q4,urban,0,34.19575860129443,0.12850506197310096,0.05227314178563347,
ZAF,2024Q1,urban,0,34.24803174308006,0.05227314178563347,0.04733801409620497,
ZAF,2024Q2,urban,0,34.29536975717627,0.04733801409620497,0.07401155833343154,
ZAF,2024Q3,urban,0,34.3693813155097,0.07401155833343154,-0.026705437426272738,
ZAF,2024Q4,urban,0,34.342675878083426,-0.026705437426272738,0.23024043232631897,
ZAF,2025Q1,urban,0,34.572916310409745,0.23024043232631897,0.2299727415834667,
ZAF,2025Q2,urban,0,34.80288905199321,0.2299727415834667,0.049821274130664506,
ZAF,2025Q3,urban,0,34.852710326123876,0.049821274130664506,-0.05702411062099344,
ZAF,2025Q4,urban,0,34.79568621550288,-0.05702411062099344,0.5465557296535337,
ZAF,2026Q1,urban,0,35.34224194515642,0.5465557296535337,-0.33848816691486405,
ZAF,2026Q2,urban,0,35.00375377824155,-0.33848816691486405,,
ZAF,2022Q1,urban,1,65.64279523885455,,-0.2810824323135961,
ZAF,2022Q2,urban,1,65.36171280654095,-0.2810824323135961,-0.046252471749014035,
ZAF,2022Q3,urban,1,65.31546033479194,-0.046252471749014035,-0.12405587982097188,
ZAF,2022Q4,urban,1,65.19140445497096,-0.12405587982097188,0.1727747682658105,
ZAF,2023Q1,urban,1,65.36417922323677,0.1727747682658105,-0.07165229143092233,
ZAF,2023Q2,urban,1,65.29252693180585,-0.07165229143092233,0.6402195288728194,
ZAF,2023Q3,urban,1,65.93274646067867,0.6402195288728194,-0.12850506197310096,
ZAF,2023Q4,urban,1,65.80424139870557,-0.12850506197310096,-0.05227314178563347,
ZAF,2024Q1,urban,1,65.75196825691994,-0.05227314178563347,-0.04733801409619787,
ZAF,2024Q2,urban,1,65.70463024282374,-0.04733801409619787,-0.07401155833343864,
ZAF,2024Q3,urban,1,65.6306186844903,-0.07401155833343864,0.026705437426272738,
ZAF,2024Q4,urban,1,65.65732412191657,0.026705437426272738,-0.23024043232631186,
ZAF,2025Q1,urban,1,65.42708368959026,-0.23024043232631186,-0.2299727415834809,
ZAF,2025Q2,urban,1,65.19711094800678,-0.2299727415834809,-0.049821274130664506,
ZAF,2025Q3,urban,1,65.14728967387612,-0.049821274130664506,0.057024110621000546,
ZAF,2025Q4,urban,1,65.20431378449712,0.057024110621000546,-0.5465557296535337,
ZAF,2026Q1,urban,1,64.65775805484358,-0.5465557296535337,0.33848816691485695,
ZAF,2026Q2,urban,1,64.99624622175844,0.33848816691485695,,
